ReviewID,DestinationID_x,UserID,Rating,Name_x,State,Type,Popularity,BestTimeToVisit,DestinationID_y,ExperienceRating,Preferences,NumberOfAdults,NumberOfChildren,EstimatedBudget,No_of_Days,Age_Range,Health_Issue,Purpose,Interest,Seasonality,Difficulties,Cuisine_Type,Distance_km,Image_URL,TotalTravelers,BudgetPerDay,BudgetPerPerson,BudgetPerPersonDay,HasKids,Solo,Couple,Family,Group,LargeFamily,AvgRating,RatingGap,HighRating,VeryHighRating,PopRating,PopExpRating,QualityScore,ValuePerRupee,PopPerRupee,RatingPerDay,PopPerDay,DistPerDay,DistPerPerson,NearDest,FarDest,DestRatingMean,DestRatingStd,DestRatingMin,DestRatingMax,DestReviewCount,DestExpMean,DestExpStd,DestPopMean,DestPopStd,DestBudgetMean,DestBudgetStd,DestDaysMean,DestDaysStd,DestDistMean,DestAdultsMean,DestChildrenMean,DestReliability,DestConsistency,DestPopular,DestPremium,DestFamilyFriendly,UserRatingMean,UserRatingStd,UserRatingMin,UserRatingMax,UserReviewCount,UserExpMean,UserExpStd,UserBudgetMean,UserBudgetStd,UserDaysMean,UserDaysStd,UserDistMean,UserPopMean,UserExperience,UserGenerous,UserCritical,UserBigSpender,UserLongTrips,BudgetDiff,BudgetMatch,WithinBudget,DaysDiff,DaysMatch,AboveUserAvg,BelowUserAvg,RatingVsUser,PopVsUserPref,DistVsUserPref,UserTypeRating,UserTypeCount,TypeFamiliar,TypeExpert,TypeNovice,DistCat,BudgetCat,DurationCat,PopCat,RatingCat,Type_Enc,BestTimeToVisit_Enc,Preferences_Enc,Age_Range_Enc,Health_Issue_Enc,Purpose_Enc,Interest_Enc,Seasonality_Enc,Difficulties_Enc,Cuisine_Type_Enc,State_Enc,Name_x_Enc,DistCat_Enc,BudgetCat_Enc,DurationCat_Enc,PopCat_Enc,RatingCat_Enc,Target,RatingScore
4,358,959,3,Delhi,Delhi,City,7.738761293,Oct-Mar,660,4,"Nature, Adventure",1,1,31500,1,46-60,High Blood Pressure,Business,"Shopping, Food & Local Cuisine",All seasons,"Traffic congestion, pollution",Street Food,1410,https://encrypted-tbn0.gstatic.com/images?q=tbn:ANd9GcTFxblF-zkMM4NsiVuRyJ1Yx76TMcpdDWzU6zEf57y1aQ&s=10,2,31500.0,15750.0,15750.0,1,0,0,1,0,0,3.5,1,0,0,23.216283879,30.955045172,0.92865135516,0.1076923076923077,0.23811573209230769,3.5,7.738761293,1410.0,705.0,0,0,2.5,0.7071067811865476,2,3,2,4.5,0.7071067811865476,7.738761293,0.0,54250.0,32173.358543987913,2.0,1.4142135623730951,1060.0,1.5,1.5,2.7465307216702737,1.238993430992954,1,1,1,4.0,1.4142135623730951,3,5,2,4.0,0.0,41500.0,14142.13562373095,3.5,3.5355339059327378,1275.0,7.657647903,1.0986122886681096,1,0,0,0,10000.0,0.7590419507963664,1,2.5,0.4444444444444444,0,1,-1.0,0.08111338999999962,135.0,4.0,2,1,0,0,Medium,Economy,Weekend,High,Fair,2,3,2,3,1,1,3,0,4,16,2,9,1,1,1,0,1,0,3.5
5,989,353,2,Munnar,Kerala,Nature,8.208087955,Sep-Mar,894,5,"Nature, Adventure",2,0,52500,4,26-35,Asthma,Family Vacation,"Nature & Relaxation, Photography",Post-Monsoon,"Curvy roads, limited medical facilities",Kerala Cuisine,1480,https://images.unsplash.com/photo-1491497895121-1334fc14d8c9,2,13125.0,26250.0,6562.5,0,0,1,0,0,0,3.5,3,0,0,16.41617591,41.040439774999996,0.8208087955,0.24778761061946902,0.5811035720353982,0.875,2.05202198875,370.0,740.0,0,0,2.0,0.0,2,2,1,5.0,0.0,8.208087955,0.0,52500.0,0.0,4.0,0.0,1480.0,2.0,0.0,1.3862943611198906,10.0,0,1,0,2.0,0.0,2,2,1,5.0,0.0,52500.0,0.0,4.0,0.0,1480.0,8.208087955,0.6931471805599453,0,1,0,0,0.0,1.0,1,0.0,1.0,0,0,0.0,0.0,0.0,2.0,1,0,0,0,Medium,Moderate,Week,High,Poor,4,4,2,1,0,2,1,1,1,5,7,26,1,3,0,0,3,0,3.5
7,977,735,3,Baga Beach,Goa,Beach,8.499576396,Nov-Mar,7,3,"City, Historical",1,0,17000,4,46-60,Knee Pain,Honeymoon,"Relaxation, Nightlife, Water Sports",Winter,"Crowds, sun exposure",Seafood,590,https://encrypted-tbn0.gstatic.com/images?q=tbn:ANd9GcQeseYB8OMIYAnzRmlYP6matYpojVkK9lRx0Wgn7x8BYcxvxjfwm4QrUxM&s=10,1,4250.0,17000.0,4250.0,0,1,0,0,0,0,3.0,0,0,0,25.498729188,25.498729188,0.76496187564,0.5714285714285714,1.6189669325714287,0.75,2.124894099,147.5,590.0,0,0,3.3333333333333335,0.5773502691896257,3,4,3,4.333333333333333,1.1547005383792517,8.499576396,0.0,18666.666666666668,4725.815626252609,4.0,2.0,908.3333333333334,1.3333333333333333,0.0,4.620981203732969,1.4763410387308014,1,0,0,2.0,1.4142135623730951,1,3,2,3.0,0.0,16250.0,1060.6601717798212,2.5,2.1213203435596424,1395.0,8.616820496999999,1.0986122886681096,0,1,0,0,750.0,0.9538489939080672,1,1.5,0.5714285714285714,1,0,1.0,-0.11724410099999893,-805.0,3.0,1,0,0,0,Near,Budget,Week,High,Fair,1,2,1,3,2,3,2,3,0,14,3,3,2,0,0,0,1,0,3.0
9,698,330,2,Jaipur,Rajasthan,City,8.305889899,Oct-Mar,208,3,"City, Historical",2,1,52500,2,46-60,High Blood Pressure,Business,"Shopping, Food & Local Cuisine",All seasons,"Traffic congestion, pollution",Rajasthani Cuisine,1140,https://t4.ftcdn.net/jpg/05/84/76/73/360_F_584767353_EXYOkE8NcX37UwV4WfBw7AjBaEtU6mMy.jpg,3,26250.0,17500.0,8750.0,1,0,0,1,0,0,2.5,1,0,0,16.611779798,24.917669697,0.49835339394,0.09174311926605505,0.30480329904587156,1.25,4.1529449495,570.0,380.0,0,0,2.0,0.0,2,2,1,3.0,0.0,8.305889899,0.0,52500.0,0.0,2.0,0.0,1140.0,2.0,1.0,1.3862943611198906,10.0,0,1,1,1.6666666666666667,0.5773502691896258,1,2,3,3.3333333333333335,0.5773502691896258,58666.666666666664,5795.112883571237,4.0,1.7320508075688772,1240.0,8.598847223666667,1.3862943611198906,0,1,1,0,6166.666666666664,0.8948881553155345,1,2.0,0.6,1,0,0.33333333333333326,-0.29295732466666635,-100.0,2.0,1,0,0,0,Medium,Moderate,Weekend,High,Poor,2,3,1,3,1,1,3,0,4,13,13,15,1,3,1,0,3,0,2.5
12,305,813,2,Ooty,Tamil Nadu,Nature,8.111872494,Apr-Jun,441,2,"City, Historical",1,2,56000,3,18-25,Knee Pain,Adventure,"Trekking, Adventure Sports",Summer,"High altitude, physical exertion",South Indian Cuisine,1180,https://t3.ftcdn.net/jpg/05/09/58/00/360_F_509580096_YjyHXMHyTm9OOkjUQS4kOxDXkxbOMWYi.jpg,3,18666.666666666668,18666.666666666668,6222.222222222223,1,0,0,1,0,0,2.0,0,0,0,16.223744988,16.223744988,0.32447489976,0.10169491525423728,0.4124680929152542,0.6666666666666666,2.703957498,393.3333333333333,393.3333333333333,0,0,2.5,0.7071067811865476,2,3,2,2.0,0.0,8.111872494,0.0,40500.0,21920.310216782975,3.0,0.0,1440.0,1.0,1.0,2.7465307216702737,1.238993430992954,1,0,1,3.0,1.4142135623730951,2,4,2,2.0,0.0,63000.0,9899.494936611665,4.0,1.4142135623730951,607.5,7.856677791,1.0986122886681096,0,0,1,0,7000.0,0.888890652529325,1,1.0,0.8,0,1,-1.0,0.2551947029999999,572.5,2.0,1,0,0,0,Medium,Moderate,Weekend,High,Poor,4,0,1,0,2,0,4,2,2,15,14,27,1,3,1,0,3,0,2.0
14,300,626,1,Manali,Himachal Pradesh,Adventure,7.799198882,Apr-Jun,952,4,"Nature, Adventure",2,0,48500,5,18-25,Knee Pain,Adventure,"Trekking, Adventure Sports",Summer,"High altitude, physical exertion",Himachali Cuisine,1850,https://dynamic-media-cdn.tripadvisor.com/media/photo-o/0c/b2/79/37/solang-valley-manali.jpg,2,9700.0,24250.0,4850.0,0,0,1,0,0,0,2.5,3,0,0,7.799198882,31.196795528,0.31196795528,0.23364485981308414,0.728897091775701,0.5,1.5598397764,370.0,925.0,0,0,1.0,0.0,1,1,1,4.0,0.0,7.799198882,0.0,48500.0,0.0,5.0,0.0,1850.0,2.0,0.0,0.6931471805599453,10.0,0,0,0,1.5,0.7071067811865476,1,2,2,4.5,0.7071067811865476,44250.0,6010.407640085654,5.5,0.7071067811865476,1280.0,8.0009124305,1.0986122886681096,0,1,0,1,4250.0,0.9039569727237803,1,0.5,0.9230769230769231,0,1,-0.5,-0.2017135484999999,570.0,1.0,1,0,0,0,Far,Economy,Week,High,Poor,0,0,2,0,2,0,4,2,2,3,5,23,0,1,0,0,3,0,2.5
35,382,637,1,Radhanagar Beach,Andaman,Beach,8.487140997,Nov-Mar,637,5,"Beaches, Historical",1,0,21000,6,26-35,Knee Pain,Honeymoon,"Relaxation, Nightlife, Water Sports",Winter,"Crowds, sun exposure",Seafood,2500,https://dynamic-media-cdn.tripadvisor.com/media/photo-o/05/76/7a/1d/radhanagar-beach.jpg,1,3500.0,21000.0,3500.0,0,1,0,0,0,0,3.0,4,0,0,8.487140997,42.435704984999994,0.42435704984999995,0.6666666666666666,1.8860313326666664,0.5,1.4145234994999998,416.6666666666667,2500.0,0,1,1.0,0.0,1,1,1,5.0,0.0,8.487140997,0.0,21000.0,0.0,6.0,0.0,2500.0,1.0,0.0,0.6931471805599453,10.0,0,0,0,1.0,0.0,1,1,1,5.0,0.0,21000.0,0.0,6.0,0.0,2500.0,8.487140997,0.6931471805599453,0,1,0,1,0.0,1.0,1,0.0,1.0,0,0,0.0,0.0,0.0,1.0,1,0,0,0,Far,Budget,Week,High,Poor,1,2,0,1,2,3,2,3,0,14,0,28,0,0,0,0,3,0,3.0
36,24,872,3,Kodaikanal,Tamil Nadu,Nature,9.182423104,Sep-Mar,782,1,"Nature, Adventure",1,1,65500,7,18-25,Asthma,Family Vacation,"Nature & Relaxation, Photography",Post-Monsoon,"Curvy roads, limited medical facilities",South Indian Cuisine,1300,https://encrypted-tbn0.gstatic.com/images?q=tbn:ANd9GcRR1MrvitA-PthZ_UMPeUYOYvzHFu6Olty-pnoL9EqaCl31ZwvMHSvu9OQ&s=10,2,9357.142857142857,32750.0,4678.571428571428,1,0,0,1,0,0,2.0,2,0,0,27.547269311999997,9.182423104,0.27547269312,0.19310344827586207,0.8865787824551723,0.2857142857142857,1.3117747291428572,185.71428571428572,650.0,0,0,3.0,0.0,3,3,2,1.0,0.0,9.182423104,0.0,67750.0,3181.9805153394636,5.0,2.8284271247461903,1350.0,1.5,1.0,3.2958368660043287,10.0,1,1,1,3.6666666666666665,1.1547005383792515,3,5,3,1.0,0.0,55166.666666666664,9169.696468985945,5.333333333333333,1.5275252316519465,1866.6666666666667,8.896883131666668,1.3862943611198906,1,0,1,1,10333.333333333336,0.8126922170595094,1,1.666666666666667,0.7368421052631579,0,1,-0.6666666666666665,0.28553997233333206,-566.6666666666667,3.6666666666666665,3,1,0,0,Medium,Moderate,Week,VeryHigh,Fair,4,4,2,0,0,2,1,1,1,15,14,18,1,3,0,1,1,0,2.0
43,399,501,5,Tawang,Arunachal Pradesh,Nature,8.376325562,Sep-Mar,200,1,"City, Historical",2,0,52500,4,26-35,Asthma,Family Vacation,"Nature & Relaxation, Photography",Post-Monsoon,"Curvy roads, limited medical facilities",North East Cuisine,3000,https://s7ap1.scene7.com/is/image/incredibleindia/sela-pass-tawang-arunachal-pradesh-blog-ntr-hero,2,13125.0,26250.0,6562.5,0,0,1,0,0,0,3.0,4,1,1,41.88162781,8.376325562,0.4188162781,0.21238938053097345,0.593014199079646,0.75,2.0940813905,750.0,1500.0,0,1,5.0,0.0,5,5,1,1.0,0.0,8.376325562,0.0,52500.0,0.0,4.0,0.0,3000.0,2.0,0.0,3.4657359027997265,10.0,0,1,0,5.0,0.0,5,5,1,1.0,0.0,52500.0,0.0,4.0,0.0,3000.0,8.376325562,0.6931471805599453,1,0,0,0,0.0,1.0,1,0.0,1.0,0,0,0.0,0.0,0.0,5.0,1,0,0,0,Far,Moderate,Week,High,Excellent,4,4,1,1,0,2,1,1,1,9,1,36,0,3,0,0,0,0,3.0
47,841,655,1,Ajanta Caves,Maharashtra,Historical,8.641198251,Nov-Feb,795,5,"Beaches, Historical",1,1,40000,2,36-45,Knee Pain,Leisure,"Cultural Exploration, Photography",Winter,"Long walking distances, crowd congestion",Maharashtrian Cuisine,430,https://plus.unsplash.com/premium_photo-1697729588019-20a1f5a325d1,2,20000.0,20000.0,10000.0,1,0,0,1,0,0,3.0,4,0,0,8.641198251,43.205991255,0.43205991255,0.14285714285714285,0.411485631,1.5,4.3205991255,215.0,215.0,1,0,1.0,0.0,1,1,1,5.0,0.0,8.641198251,0.0,40000.0,0.0,2.0,0.0,430.0,1.0,1.0,0.6931471805599453,10.0,0,0,1,2.0,1.4142135623730951,1,3,2,5.0,0.0,50750.0,15202.795795510772,4.5,3.5355339059327378,950.0,8.075524246,1.0986122886681096,0,1,0,1,10750.0,0.7881815136647554,1,2.5,0.5454545454545454,0,1,-1.0,0.565674005,-520.0,2.0,2,1,0,0,Near,Economy,Weekend,VeryHigh,Poor,3,1,0,2,2,4,0,3,3,6,10,1,2,1,1,1,3,0,3.0
53,956,875,4,Khajuraho Temples,Madhya Pradesh,Historical,9.240773308,Nov-Feb,330,2,"Nature, Adventure",2,0,49000,4,18-25,Knee Pain,Leisure,"Cultural Exploration, Photography",Winter,"Long walking distances, crowd congestion",North Indian Cuisine,1100,https://st2.depositphotos.com/1000434/7761/i/450/depositphotos_77615282-stock-photo-lakshmana-temple-in-khajuraho-madhya.jpg,2,12250.0,24500.0,6125.0,0,0,1,0,0,0,3.0,2,1,0,36.963093232,18.481546616,0.73926186464,0.22641509433962265,0.6974168534339622,0.75,2.310193327,275.0,550.0,0,0,4.0,0.0,4,4,1,2.0,0.0,9.240773308,0.0,49000.0,0.0,4.0,0.0,1100.0,2.0,0.0,2.772588722239781,10.0,0,0,0,4.0,0.0,4,4,1,2.0,0.0,49000.0,0.0,4.0,0.0,1100.0,9.240773308,0.6931471805599453,1,0,0,0,0.0,1.0,1,0.0,1.0,0,0,0.0,0.0,0.0,4.0,1,0,0,0,Medium,Economy,Week,VeryHigh,Good,3,1,2,0,2,4,0,3,3,10,9,17,1,1,0,1,2,0,3.0
57,33,554,2,Bangalore,Karnataka,City,7.684440449,Oct-Mar,529,4,"Nature, Adventure",1,2,46000,1,46-60,High Blood Pressure,Business,"Shopping, Food & Local Cuisine",All seasons,"Traffic congestion, pollution",Multi Cuisine,980,https://media.istockphoto.com/id/1382384282/photo/bangalore-or-bengaluru.jpg,3,46000.0,15333.333333333334,15333.333333333334,1,0,0,1,0,0,3.0,2,0,0,15.368880898,30.737761796,0.61475523592,0.06382978723404255,0.16349873295744682,3.0,7.684440449,980.0,326.6666666666667,0,0,2.0,0.0,2,2,1,4.0,0.0,7.684440449,0.0,46000.0,0.0,1.0,0.0,980.0,1.0,2.0,1.3862943611198906,10.0,0,0,1,3.75,1.2583057392117916,2,5,4,4.25,0.4999999999999999,64000.0,15577.76192739723,2.75,1.5,1347.5,8.53397289675,1.6094379124341003,1,0,1,0,18000.0,0.7187543944625865,1,1.75,0.5333333333333333,0,1,-1.75,-0.8495324477500006,-367.5,3.0,2,1,0,0,Medium,Economy,Weekend,High,Poor,2,3,2,3,1,1,3,0,4,8,6,4,1,1,1,0,3,0,3.0
64,931,668,1,Fatehpur Sikri,Uttar Pradesh,Historical,9.309322897,Nov-Feb,322,4,"Nature, Adventure",2,0,40500,2,46-60,Knee Pain,Leisure,"Cultural Exploration, Photography",Winter,"Long walking distances, crowd congestion",Mughlai Cuisine,1450,https://images.unsplash.com/photo-1717761558642-32cbeccbee7e,2,20250.0,20250.0,10125.0,0,0,1,0,0,0,2.5,3,0,0,9.309322897,37.237291588,0.37237291588,0.11764705882352941,0.4380857833882353,1.25,4.6546614485,725.0,725.0,0,0,1.0,0.0,1,1,1,4.0,0.0,9.309322897,0.0,40500.0,0.0,2.0,0.0,1450.0,2.0,0.0,0.6931471805599453,10.0,0,0,0,2.0,1.7320508075688772,1,4,3,3.6666666666666665,0.5773502691896257,50000.0,13937.359864766355,5.0,2.6457513110645907,1443.3333333333333,8.911391720666666,1.3862943611198906,0,1,0,1,9500.0,0.8100037999240015,1,3.0,0.5,0,1,-1.0,0.3979311763333335,6.6666666666667425,1.0,1,0,0,0,Medium,Economy,Weekend,VeryHigh,Poor,3,1,2,3,2,4,0,3,3,7,16,11,1,1,1,1,3,0,2.5
65,351,569,1,Taj Mahal,Uttar Pradesh,Historical,8.488999182,Nov-Feb,451,2,"Nature, Adventure",2,2,87000,3,46-60,Knee Pain,Leisure,"Cultural Exploration, Photography",Winter,"Long walking distances, crowd congestion",Mughlai Cuisine,1470,https://upload.wikimedia.org/wikipedia/commons/1/1d/Taj_Mahal_%28Edited%29.jpeg,4,29000.0,21750.0,7250.0,1,0,0,1,1,0,1.5,1,0,0,8.488999182,16.977998364,0.16977998364000002,0.05,0.2829666394,0.5,2.829666394,490.0,367.5,0,0,2.0,1.0,1,3,3,3.3333333333333335,1.5275252316519465,8.488999182,0.0,69833.33333333333,17002.450803732187,4.666666666666667,1.5275252316519465,1526.6666666666667,1.6666666666666667,1.6666666666666667,2.772588722239781,0.9090909090909091,1,1,1,1.5,0.7071067811865476,1,2,2,1.5,0.7071067811865476,95500.0,12020.815280171308,3.0,0.0,950.0,8.4370531435,1.0986122886681096,0,1,1,0,8500.0,0.9109956963801427,1,0.0,1.0,0,1,-0.5,0.05194603850000057,520.0,1.5,2,1,0,0,Medium,Premium,Weekend,High,Poor,3,1,2,3,2,4,0,3,3,7,16,34,1,4,1,0,3,0,1.5
69,181,740,1,Hampi Ruins,Karnataka,Historical,9.236840653,Nov-Feb,692,3,"Nature, Adventure",1,1,44500,3,36-45,Knee Pain,Leisure,"Cultural Exploration, Photography",Winter,"Long walking distances, crowd congestion",South Indian Cuisine,740,https://wegobond.com/wp-content/uploads/2018/01/hampi-banner.jpg,2,14833.333333333334,22250.0,7416.666666666667,1,0,0,1,0,0,2.0,2,0,0,9.236840653,27.710521958999998,0.27710521958999995,0.12631578947368421,0.5833794096631578,0.6666666666666666,3.0789468843333334,246.66666666666666,370.0,0,0,1.0,0.0,1,1,1,3.0,0.0,9.236840653,0.0,44500.0,0.0,3.0,0.0,740.0,1.0,1.0,0.6931471805599453,10.0,0,0,1,2.5,2.1213203435596424,1,4,2,2.5,0.7071067811865476,51250.0,9545.941546018392,4.0,1.4142135623730951,1320.0,8.387175632,1.0986122886681096,0,1,0,0,6750.0,0.8682952527755556,1,1.0,0.8,0,1,-1.5,0.8496650209999999,-580.0,1.0,1,0,0,0,Near,Economy,Weekend,VeryHigh,Poor,3,1,2,2,2,4,0,3,3,15,6,13,2,1,1,1,3,0,2.0
72,373,112,4,Jaipur,Rajasthan,City,9.276956976,Oct-Mar,691,5,"Beaches, Historical",1,2,52000,2,36-45,High Blood Pressure,Business,"Shopping, Food & Local Cuisine",All seasons,"Traffic congestion, pollution",Rajasthani Cuisine,1140,https://t4.ftcdn.net/jpg/05/84/76/73/360_F_584767353_EXYOkE8NcX37UwV4WfBw7AjBaEtU6mMy.jpg,3,26000.0,17333.333333333332,8666.666666666666,1,0,0,1,0,0,4.5,1,1,0,37.107827904,46.38478488,1.8553913951999998,0.16666666666666666,0.3435909991111111,2.25,4.638478488,570.0,380.0,0,0,4.5,0.7071067811865476,4,5,2,4.0,1.4142135623730951,9.276956976,0.0,51750.0,353.5533905932738,2.5,0.7071067811865476,1275.0,1.0,1.5,4.943755299006493,1.238993430992954,1,0,1,4.0,0.0,4,4,1,5.0,0.0,52000.0,0.0,2.0,0.0,1140.0,9.276956976,0.6931471805599453,1,0,0,0,0.0,1.0,1,0.0,1.0,0,0,0.0,0.0,0.0,4.0,1,0,0,0,Medium,Moderate,Weekend,VeryHigh,Good,2,3,0,2,1,1,3,0,4,13,13,15,1,3,1,1,2,1,4.5
79,146,575,5,Ellora Caves,Maharashtra,Historical,8.37384412,Nov-Feb,957,5,"Nature, Adventure",1,2,65500,3,46-60,Knee Pain,Leisure,"Cultural Exploration, Photography",Winter,"Long walking distances, crowd congestion",Maharashtrian Cuisine,340,https://indiaholidaymall.com/images/blog/Ellora-Caves-Unesco-World-Heritage-Site.jpg,3,21833.333333333332,21833.333333333332,7277.777777777777,1,0,0,1,0,0,5.0,0,1,1,41.8692206,41.8692206,2.09346103,0.21897810218978103,0.3667376986861314,1.6666666666666667,2.7912813733333333,113.33333333333333,113.33333333333333,1,0,4.0,1.4142135623730951,3,5,2,3.0,2.8284271247461903,8.37384412,0.0,78250.0,18031.22292025696,5.0,2.8284271247461903,540.0,1.0,2.0,4.394449154672438,0.660408825313113,1,1,1,5.0,0.0,5,5,1,5.0,0.0,65500.0,0.0,3.0,0.0,340.0,8.37384412,0.6931471805599453,1,0,1,0,0.0,1.0,1,0.0,1.0,0,0,0.0,0.0,0.0,5.0,1,0,0,0,Near,Moderate,Weekend,High,Excellent,3,1,2,3,2,4,0,3,3,6,10,10,2,3,1,0,0,1,5.0
80,939,182,3,Kerala Backwaters,Kerala,Nature,8.408724187,Sep-Mar,7,5,"Nature, Adventure",1,1,52000,4,46-60,Asthma,Family Vacation,"Nature & Relaxation, Photography",Post-Monsoon,"Curvy roads, limited medical facilities",Kerala Cuisine,1400,https://www.backpackadventures.org/wp-content/uploads/2020/08/india0898.jpg,2,13000.0,26000.0,6500.0,1,0,0,1,0,0,4.0,2,0,0,25.226172561000002,42.04362093500001,1.26130862805,0.2857142857142857,0.6006231562142857,1.0,2.10218104675,350.0,700.0,0,0,3.0,0.0,3,3,1,5.0,0.0,8.408724187,0.0,52000.0,0.0,4.0,0.0,1400.0,1.0,1.0,2.0794415416798357,10.0,0,0,1,4.0,1.4142135623730951,3,5,2,4.5,0.7071067811865476,52500.0,707.1067811865476,4.5,0.7071067811865476,1650.0,8.647352124000001,1.0986122886681096,1,0,0,1,500.0,0.9904763718786309,1,0.5,0.9090909090909091,0,1,-1.0,-0.2386279370000004,-250.0,4.0,2,1,0,0,Medium,Moderate,Week,High,Fair,4,4,2,3,0,2,1,1,1,5,7,16,1,3,0,0,1,0,4.0
83,743,862,4,Mumbai,Maharashtra,City,7.727596682,Oct-Mar,103,2,"Beaches, Historical",1,1,47500,5,18-25,High Blood Pressure,Business,"Shopping, Food & Local Cuisine",All seasons,"Traffic congestion, pollution",Street Food,35,https://t4.ftcdn.net/jpg/01/46/43/87/360_F_146438747_3XYwVkfnYZuukBZYmDM8xeoqENzyhAqa.jpg,2,9500.0,23750.0,4750.0,1,0,0,1,0,0,3.0,2,1,0,30.910386728,15.455193364,0.61820773456,0.2857142857142857,0.7359615887619048,0.6,1.5455193364,7.0,17.5,1,0,4.0,0.0,4,4,1,2.0,0.0,7.727596682,0.0,47500.0,0.0,5.0,0.0,35.0,1.0,1.0,2.772588722239781,10.0,0,0,1,3.5,1.2909944487358056,2,5,4,2.5,1.0,41875.0,10061.270628835438,4.25,1.5,766.25,8.191379936,1.6094379124341003,1,0,0,1,5625.0,0.8656748495558315,1,0.75,0.8571428571428572,1,0,0.5,-0.46378325400000087,-731.25,3.0,2,1,0,0,VeryNear,Economy,Week,High,Good,2,3,0,0,1,1,3,0,4,16,10,25,3,1,0,0,2,0,3.0
95,14,590,3,Tawang,Arunachal Pradesh,Nature,8.551426231,Sep-Mar,171,4,"Nature, Adventure",1,2,76500,4,26-35,Asthma,Family Vacation,"Nature & Relaxation, Photography",Post-Monsoon,"Curvy roads, limited medical facilities",North East Cuisine,3000,https://s7ap1.scene7.com/is/image/incredibleindia/sela-pass-tawang-arunachal-pradesh-blog-ntr-hero,3,19125.0,25500.0,6375.0,1,0,0,1,0,0,3.5,1,0,0,25.654278693000002,34.205704924,1.0261711477200002,0.17391304347826086,0.42491558911801247,0.875,2.13785655775,750.0,1000.0,0,1,3.0,1.0,2,4,3,3.0,1.7320508075688772,8.551426231,0.0,53333.333333333336,24901.472513354172,4.333333333333333,1.5275252316519465,2160.0,1.0,1.0,4.1588830833596715,0.9090909090909091,1,1,1,2.5,0.7071067811865476,2,3,2,4.0,0.0,67750.0,12374.368670764581,3.0,1.4142135623730951,2350.0,8.950469915500001,1.0986122886681096,0,1,1,0,8750.0,0.8708506147510737,1,1.0,0.75,1,0,0.5,-0.3990436845000005,650.0,3.0,1,0,0,0,Far,Moderate,Week,VeryHigh,Fair,4,4,2,1,0,2,1,1,1,9,1,36,0,3,0,1,1,0,3.5
97,961,563,3,Fatehpur Sikri,Uttar Pradesh,Historical,8.385107105,Nov-Feb,403,3,"Nature, Adventure",2,2,104000,5,18-25,Knee Pain,Leisure,"Cultural Exploration, Photography",Winter,"Long walking distances, crowd congestion",Mughlai Cuisine,1450,https://images.unsplash.com/photo-1717761558642-32cbeccbee7e,4,20800.0,26000.0,5200.0,1,0,0,1,1,0,3.0,0,0,0,25.155321315,25.155321315,0.75465963945,0.13761467889908258,0.3846379405963302,0.6,1.6770214209999998,290.0,362.5,0,0,3.3333333333333335,1.5275252316519468,2,5,3,3.0,2.0,8.385107105,0.0,81500.0,38971.143170299736,3.0,2.0,1193.3333333333333,2.0,1.3333333333333333,4.620981203732969,0.614429798415472,1,1,1,2.5,0.7071067811865476,2,3,2,3.0,0.0,74500.0,41719.300090006305,4.5,0.7071067811865476,1500.0,8.637047361,1.0986122886681096,0,1,1,1,29500.0,0.604032160642139,0,0.5,0.9090909090909091,1,0,0.5,-0.25194025600000103,-50.0,3.0,1,0,0,0,Medium,Premium,Week,High,Fair,3,1,2,0,2,4,0,3,3,7,16,11,1,4,0,0,1,0,3.0
104,960,568,4,Sandakphu,West Bengal,Adventure,8.925500312,Apr-Jun,805,5,"Beaches, Historical",2,0,29000,1,26-35,Knee Pain,Adventure,"Trekking, Adventure Sports",Summer,"High altitude, physical exertion",North East Cuisine,2200,https://aquaterra.in/wp-content/uploads/2020/01/Sandakphu-Trek-03.jpg,2,29000.0,14500.0,14500.0,0,0,1,0,0,0,4.5,1,1,0,35.702001248,44.62750156,1.7851000624,0.15,0.2975166770666667,4.5,8.925500312,2200.0,1100.0,0,1,3.25,0.9574271077563382,2,4,4,4.25,0.9574271077563381,8.925500312,0.0,42375.0,10811.837648306291,2.75,1.707825127659933,2200.0,1.75,0.5,5.2306732154108255,0.9456916629665493,1,0,0,4.5,0.7071067811865476,4,5,2,5.0,0.0,30500.0,2121.3203435596424,2.5,2.1213203435596424,2350.0,8.809901782499999,1.0986122886681096,1,0,0,0,1500.0,0.9508212845480476,1,1.5,0.5714285714285714,0,1,-0.5,0.11559852950000149,-150.0,4.0,1,0,0,0,Far,Economy,Weekend,VeryHigh,Good,0,0,0,1,2,0,4,2,2,9,18,31,0,1,1,1,2,1,4.5
107,555,212,5,Manali,Himachal Pradesh,Adventure,9.042176517,Apr-Jun,42,1,"Nature, Adventure",2,0,53500,6,18-25,Knee Pain,Adventure,"Trekking, Adventure Sports",Summer,"High altitude, physical exertion",Himachali Cuisine,1850,https://dynamic-media-cdn.tripadvisor.com/media/photo-o/0c/b2/79/37/solang-valley-manali.jpg,2,8916.666666666666,26750.0,4458.333333333333,0,0,1,0,0,0,3.0,4,1,1,45.210882585,9.042176517,0.45210882585,0.3025210084033614,0.9118161193613445,0.5,1.5070294195,308.3333333333333,925.0,0,0,4.666666666666667,0.5773502691896258,4,5,3,2.0,1.0,9.042176517,0.0,37500.0,19697.71560359221,4.333333333333333,2.886751345948129,2016.6666666666667,1.6666666666666667,0.0,6.469373685226157,1.4763410387308011,1,0,0,5.0,0.0,5,5,2,1.0,0.0,55250.0,2474.8737341529163,5.5,0.7071067811865476,1575.0,9.146813014500001,1.0986122886681096,1,0,1,1,1750.0,0.9683263651336628,1,0.5,0.9230769230769231,0,0,0.0,-0.10463649750000137,275.0,5.0,1,0,0,0,Far,Moderate,Week,VeryHigh,Excellent,0,0,2,0,2,0,4,2,2,3,5,23,0,3,0,1,0,0,3.0
113,295,242,3,Kerala Backwaters,Kerala,Nature,9.301807912,Apr-Jun,459,5,"Nature, Adventure",2,1,49000,2,18-25,Knee Pain,Adventure,"Trekking, Adventure Sports",Summer,"High altitude, physical exertion",Kerala Cuisine,1400,https://www.backpackadventures.org/wp-content/uploads/2020/08/india0898.jpg,3,24500.0,16333.333333333334,8166.666666666667,1,0,0,1,0,0,4.0,2,0,0,27.905423735999996,46.50903956,1.3952711868,0.1568627450980392,0.36477678086274506,2.0,4.650903956,700.0,466.6666666666667,0,0,3.0,0.0,3,3,2,4.5,0.7071067811865476,9.301807912,0.0,41250.0,10960.155108391487,4.0,2.8284271247461903,1650.0,1.5,1.0,3.2958368660043287,10.0,1,0,1,3.6666666666666665,1.1547005383792515,3,5,3,5.0,0.0,54000.0,16575.584454250777,3.0,1.0,1500.0,8.687084512666667,1.3862943611198906,1,0,1,0,5000.0,0.9074091220532953,1,1.0,0.75,0,1,-0.6666666666666665,0.6147233993333323,-100.0,3.0,1,0,0,0,Medium,Economy,Weekend,VeryHigh,Fair,4,0,2,0,2,0,4,2,2,5,7,16,1,1,1,1,1,0,4.0
116,160,43,4,Munnar,Kerala,Nature,8.03668464,Apr-Jun,200,1,"Beaches, Historical",1,2,78000,6,36-45,Knee Pain,Adventure,"Trekking, Adventure Sports",Summer,"High altitude, physical exertion",Kerala Cuisine,1480,https://images.unsplash.com/photo-1491497895121-1334fc14d8c9,3,13000.0,26000.0,4333.333333333333,1,0,0,1,0,0,2.5,3,1,0,32.14673856,8.03668464,0.32146738560000004,0.17857142857142858,0.5740489028571429,0.4166666666666667,1.33944744,246.66666666666666,493.3333333333333,0,0,2.6666666666666665,1.1547005383792515,2,4,3,1.3333333333333333,0.5773502691896258,8.03668464,0.0,54333.333333333336,24821.026033049748,3.6666666666666665,2.0816659994661326,1230.0,1.3333333333333333,1.3333333333333333,3.6967849629863747,0.7970029257273941,1,1,1,4.0,0.0,4,4,1,1.0,0.0,78000.0,0.0,6.0,0.0,1480.0,8.03668464,0.6931471805599453,1,0,1,1,0.0,1.0,1,0.0,1.0,0,0,0.0,0.0,0.0,4.0,1,0,0,0,Medium,Moderate,Week,High,Good,4,0,0,2,2,0,4,2,2,5,7,26,1,3,0,0,2,0,2.5
120,346,899,5,Taj Mahal,Uttar Pradesh,Historical,8.969950616,Nov-Feb,9,1,"Nature, Adventure",1,1,40000,2,36-45,Knee Pain,Leisure,"Cultural Exploration, Photography",Winter,"Long walking distances, crowd congestion",Mughlai Cuisine,1470,https://upload.wikimedia.org/wikipedia/commons/1/1d/Taj_Mahal_%28Edited%29.jpeg,2,20000.0,20000.0,10000.0,1,0,0,1,0,0,3.0,4,1,1,44.84975308,8.969950616,0.4484975308,0.14285714285714285,0.42714050552380955,1.5,4.484975308,735.0,735.0,0,0,3.3333333333333335,1.5275252316519468,2,5,3,1.3333333333333333,0.5773502691896257,8.969950616,0.0,47333.333333333336,6825.198409814423,3.3333333333333335,1.1547005383792515,1526.6666666666667,1.3333333333333333,0.6666666666666666,4.620981203732969,0.614429798415472,1,0,1,5.0,0.0,5,5,1,1.0,0.0,40000.0,0.0,2.0,0.0,1470.0,8.969950616,0.6931471805599453,1,0,0,0,0.0,1.0,1,0.0,1.0,0,0,0.0,0.0,0.0,5.0,1,0,0,0,Medium,Economy,Weekend,VeryHigh,Excellent,3,1,2,2,2,4,0,3,3,7,16,34,1,1,1,1,0,0,3.0
127,93,805,1,Kolkata,West Bengal,City,9.116298425,Oct-Mar,428,3,"Beaches, Historical",1,2,58000,3,18-25,High Blood Pressure,Business,"Shopping, Food & Local Cuisine",All seasons,"Traffic congestion, pollution",Bengali Cuisine,2050,https://encrypted-tbn0.gstatic.com/images?q=tbn:ANd9GcR7RyEWQTvFgkgjKGGCyk4MsFgdUZhpvExLEydL8FmtvfqAtgLceIK1K2mg&s=10,3,19333.333333333332,19333.333333333332,6444.444444444444,1,0,0,1,0,0,2.0,2,0,0,9.116298425,27.348895275,0.27348895275,0.09836065573770493,0.4483425454918033,0.6666666666666666,3.0387661416666667,683.3333333333334,683.3333333333334,0,1,1.0,0.0,1,1,2,2.5,0.7071067811865476,9.116298425,0.0,63500.0,7778.174593052023,4.5,2.1213203435596424,1285.0,1.5,2.0,1.0986122886681096,10.0,1,1,1,3.0,2.0,1,5,3,3.0,0.0,58000.0,6000.0,3.3333333333333335,1.5275252316519468,1373.3333333333333,8.682017132666667,1.3862943611198906,0,0,1,0,0.0,1.0,1,0.3333333333333335,0.923076923076923,0,1,-2.0,0.434281292333333,676.6666666666667,2.0,2,1,0,0,Far,Moderate,Weekend,VeryHigh,Poor,2,3,0,0,1,1,3,0,4,0,18,19,0,3,1,1,3,0,2.0
139,47,703,2,Tarkarli Beach,Maharashtra,Beach,7.726020725,Nov-Mar,82,2,"Beaches, Historical",2,1,64500,7,46-60,Knee Pain,Honeymoon,"Relaxation, Nightlife, Water Sports",Winter,"Crowds, sun exposure",Seafood,520,https://encrypted-tbn0.gstatic.com/images?q=tbn:ANd9GcRmtn0Vsfvni1NmF01OGM9ahIFZcrRqMoNKSjV1xzIEbR5CCG-tr4PumVg&s=10,3,9214.285714285714,21500.0,3071.428571428571,1,0,0,1,0,0,2.0,0,0,0,15.45204145,15.45204145,0.30904082899999996,0.1958041958041958,0.7563936374125875,0.2857142857142857,1.1037172464285714,74.28571428571429,173.33333333333334,0,0,3.5,2.1213203435596424,2,5,2,3.0,1.4142135623730951,7.726020725,0.0,50250.0,20152.543263816606,5.5,2.1213203435596424,930.0,2.0,0.5,3.8451430103383837,0.450182704578985,1,0,0,2.5,0.7071067811865476,2,3,2,2.0,0.0,62000.0,3535.5339059327375,4.5,3.5355339059327378,630.0,8.5430815205,1.0986122886681096,0,1,1,1,2500.0,0.9596780697085531,1,2.5,0.5454545454545454,0,1,-0.5,-0.8170607954999998,-110.0,2.0,1,0,0,0,Near,Moderate,Week,High,Poor,1,2,0,3,2,3,2,3,0,14,10,35,2,3,0,0,3,0,2.0
143,531,582,2,Ellora Caves,Maharashtra,Historical,7.819012403,Nov-Feb,518,4,"City, Historical",2,2,95500,4,46-60,Knee Pain,Leisure,"Cultural Exploration, Photography",Winter,"Long walking distances, crowd congestion",Maharashtrian Cuisine,340,https://indiaholidaymall.com/images/blog/Ellora-Caves-Unesco-World-Heritage-Site.jpg,4,23875.0,23875.0,5968.75,1,0,0,1,1,0,3.0,2,0,0,15.638024806,31.276049612,0.62552099224,0.12060301507537688,0.31433215690452265,0.75,1.95475310075,85.0,85.0,1,0,2.0,0.0,2,2,1,4.0,0.0,7.819012403,0.0,95500.0,0.0,4.0,0.0,340.0,2.0,2.0,1.3862943611198906,10.0,0,1,1,2.0,0.0,2,2,1,4.0,0.0,95500.0,0.0,4.0,0.0,340.0,7.819012403,0.6931471805599453,0,1,1,0,0.0,1.0,1,0.0,1.0,0,0,0.0,0.0,0.0,2.0,1,0,0,0,Near,Premium,Week,High,Poor,3,1,1,3,2,4,0,3,3,6,10,10,2,4,0,0,3,0,3.0
145,864,397,4,Coorg,Karnataka,Nature,9.147968243,Sep-Mar,85,3,"Beaches, Historical",2,0,66000,7,26-35,Asthma,Family Vacation,"Nature & Relaxation, Photography",Post-Monsoon,"Curvy roads, limited medical facilities",Coorgi Cuisine,1030,https://images.unsplash.com/photo-1710612198146-77512950a4b7,2,9428.57142857143,33000.0,4714.285714285715,0,0,1,0,0,0,3.5,1,1,0,36.591872972,27.443904728999996,1.0977561891599998,0.3356164383561644,0.8772024342602739,0.5,1.3068526061428571,147.14285714285714,515.0,0,0,4.0,0.0,4,4,1,3.0,0.0,9.147968243,0.0,66000.0,0.0,7.0,0.0,1030.0,2.0,0.0,2.772588722239781,10.0,0,1,0,4.333333333333333,0.5773502691896258,4,5,3,3.3333333333333335,0.5773502691896257,47333.333333333336,21385.353243127254,4.666666666666667,2.516611478423583,1186.6666666666667,8.488019635,1.3862943611198906,1,0,0,1,18666.666666666664,0.605642134321106,0,2.333333333333333,0.5882352941176472,0,1,-0.33333333333333304,0.6599486079999988,-156.66666666666674,4.0,1,0,0,0,Medium,Moderate,Week,VeryHigh,Good,4,4,0,1,0,2,1,1,1,1,6,8,1,3,0,1,2,0,3.5
161,796,585,1,Konark Sun Temple,Odisha,Historical,9.243698789,Nov-Feb,801,4,"City, Historical",2,1,66000,3,46-60,Knee Pain,Leisure,"Cultural Exploration, Photography",Winter,"Long walking distances, crowd congestion",Odia Cuisine,1700,https://cdn.britannica.com/19/251919-050-D3E64798/konark-sun-temple-orissa-india-unesco-heritage-site.jpg,3,22000.0,22000.0,7333.333333333333,1,0,0,1,0,0,2.5,3,0,0,9.243698789,36.974795156,0.36974795156,0.10869565217391304,0.4018999473478261,0.8333333333333334,3.0812329296666667,566.6666666666666,566.6666666666666,0,0,1.5,0.7071067811865476,1,2,2,3.5,0.7071067811865476,9.243698789,0.0,78750.0,18031.22292025696,2.5,0.7071067811865476,1575.0,2.0,1.0,1.6479184330021643,1.238993430992954,1,1,1,1.0,0.0,1,1,1,4.0,0.0,66000.0,0.0,3.0,0.0,1700.0,9.243698789,0.6931471805599453,0,1,1,0,0.0,1.0,1,0.0,1.0,0,0,0.0,0.0,0.0,1.0,1,0,0,0,Far,Moderate,Weekend,VeryHigh,Poor,3,1,1,3,2,4,0,3,3,11,11,20,0,3,1,1,3,0,2.5
173,291,109,5,Ellora Caves,Maharashtra,Historical,8.571800372,Nov-Feb,405,5,"Beaches, Historical",2,0,62000,7,46-60,Knee Pain,Leisure,"Cultural Exploration, Photography",Winter,"Long walking distances, crowd congestion",Maharashtrian Cuisine,340,https://indiaholidaymall.com/images/blog/Ellora-Caves-Unesco-World-Heritage-Site.jpg,2,8857.142857142857,31000.0,4428.571428571428,0,0,1,0,0,0,5.0,0,1,1,42.85900186,42.85900186,2.142950093,0.5072463768115941,0.8696029362898551,0.7142857142857143,1.2245429102857144,48.57142857142857,170.0,1,0,5.0,0.0,5,5,1,5.0,0.0,8.571800372,0.0,62000.0,0.0,7.0,0.0,340.0,2.0,0.0,3.4657359027997265,10.0,0,1,0,4.0,1.0,3,5,3,4.666666666666667,0.5773502691896258,46166.666666666664,19775.826994928262,3.6666666666666665,2.8867513459481287,973.3333333333334,8.774504462000001,1.3862943611198906,1,0,0,0,15833.333333333336,0.6570471397731457,0,3.3333333333333335,0.2857142857142856,1,0,1.0,-0.202704090000001,-633.3333333333334,5.0,1,0,0,0,Near,Moderate,Week,VeryHigh,Excellent,3,1,0,3,2,4,0,3,3,6,10,10,2,3,0,1,0,1,5.0
191,277,466,1,Varkala Beach,Kerala,Beach,8.694303253,Nov-Mar,39,4,"Beaches, Historical",1,2,46000,4,36-45,Knee Pain,Honeymoon,"Relaxation, Nightlife, Water Sports",Winter,"Crowds, sun exposure",Seafood,1550,https://encrypted-tbn0.gstatic.com/images?q=tbn:ANd9GcQhhfqvS3M6-Q5xL-XOgqAbXut9hnDO4dA-_VCx1YCE79I6gDY3_C1Zv3dOXwu2pL_OmQVlumXjSSQ8I6p748JioJniT2Wxf2InPIObpQ&s=10,3,11500.0,15333.333333333334,3833.3333333333335,1,0,0,1,0,0,2.5,3,0,0,8.694303253,34.777213012,0.34777213011999997,0.2,0.6955442602399999,0.625,2.17357581325,387.5,516.6666666666666,0,0,3.0,2.8284271247461903,1,5,2,4.5,0.7071067811865476,8.694303253,0.0,39000.0,9899.494936611665,4.0,0.0,2025.0,1.5,1.0,3.2958368660043287,0.3414802408943917,1,0,1,1.0,0.0,1,1,1,4.0,0.0,46000.0,0.0,4.0,0.0,1550.0,8.694303253,0.6931471805599453,0,1,0,0,0.0,1.0,1,0.0,1.0,0,0,0.0,0.0,0.0,1.0,1,0,0,0,Far,Economy,Week,VeryHigh,Poor,1,2,0,2,2,3,2,3,0,14,7,38,0,1,0,1,3,0,2.5
194,302,274,4,Kovalam Beach,Kerala,Beach,7.649281077,Nov-Mar,772,4,"Beaches, Historical",1,2,28000,1,36-45,Knee Pain,Honeymoon,"Relaxation, Nightlife, Water Sports",Winter,"Crowds, sun exposure",Seafood,1650,https://eastindiantraveller.com/wp-content/uploads/2021/01/kovalambeach.jpg,3,28000.0,9333.333333333334,9333.333333333334,1,0,0,1,0,0,4.0,0,1,0,30.597124308,30.597124308,1.22388497232,0.13793103448275862,0.26376831300000003,4.0,7.649281077,1650.0,550.0,0,0,3.5,0.7071067811865476,3,4,2,3.0,1.4142135623730951,7.649281077,0.0,44500.0,23334.52377915607,3.5,3.5355339059327378,1165.0,1.5,2.0,3.8451430103383837,1.238993430992954,1,0,1,2.5,2.1213203435596424,1,4,2,4.0,0.0,31000.0,4242.640687119285,1.5,0.7071067811865476,1650.0,8.323556664,1.0986122886681096,0,1,0,0,3000.0,0.9032289280990936,1,0.5,0.8,1,0,1.5,-0.6742755869999995,0.0,2.5,2,1,0,0,Far,Economy,Weekend,High,Good,1,2,0,2,2,3,2,3,0,14,7,21,0,1,1,0,2,1,4.0
205,664,674,1,Ooty,Tamil Nadu,Nature,7.975932403,Sep-Mar,295,1,"Nature, Adventure",1,1,61000,6,46-60,Asthma,Family Vacation,"Nature & Relaxation, Photography",Post-Monsoon,"Curvy roads, limited medical facilities",South Indian Cuisine,1180,https://t3.ftcdn.net/jpg/05/09/58/00/360_F_509580096_YjyHXMHyTm9OOkjUQS4kOxDXkxbOMWYi.jpg,2,10166.666666666666,30500.0,5083.333333333333,1,0,0,1,0,0,1.0,0,0,0,7.975932403,7.975932403,0.07975932403,0.08955223880597016,0.7142626032537314,0.16666666666666666,1.3293220671666666,196.66666666666666,590.0,0,0,1.0,0.0,1,1,1,1.0,0.0,7.975932403,0.0,61000.0,0.0,6.0,0.0,1180.0,1.0,1.0,0.6931471805599453,10.0,0,1,1,2.5,2.1213203435596424,1,4,2,1.5,0.7071067811865476,49500.0,16263.455967290593,4.5,2.1213203435596424,1540.0,7.9496601835,1.0986122886681096,0,1,0,1,11500.0,0.7676814609805862,1,1.5,0.7272727272727273,0,1,-1.5,0.026272219500000027,-360.0,2.5,2,1,0,0,Medium,Moderate,Week,High,Poor,4,4,2,3,0,2,1,1,1,15,14,27,1,3,0,0,3,0,1.0
210,952,786,5,Tarkarli Beach,Maharashtra,Beach,8.123015873,Nov-Mar,42,5,"City, Historical",2,1,46500,4,36-45,Knee Pain,Honeymoon,"Relaxation, Nightlife, Water Sports",Winter,"Crowds, sun exposure",Seafood,520,https://encrypted-tbn0.gstatic.com/images?q=tbn:ANd9GcRmtn0Vsfvni1NmF01OGM9ahIFZcrRqMoNKSjV1xzIEbR5CCG-tr4PumVg&s=10,3,11625.0,15500.0,3875.0,1,0,0,1,0,0,5.0,0,1,1,40.615079365,40.615079365,2.03075396825,0.39603960396039606,0.6434071978613861,1.25,2.03075396825,130.0,173.33333333333334,0,0,5.0,0.0,5,5,1,5.0,0.0,8.123015873,0.0,46500.0,0.0,4.0,0.0,520.0,2.0,1.0,3.4657359027997265,10.0,0,0,1,4.5,0.7071067811865476,4,5,2,5.0,0.0,43500.0,4242.640687119285,3.5,0.7071067811865476,600.0,8.0172241985,1.0986122886681096,1,0,0,0,3000.0,0.9310360681363646,1,0.5,0.8888888888888888,1,0,0.5,0.10579167450000071,-80.0,4.5,2,1,0,0,Near,Economy,Week,High,Excellent,1,2,1,2,2,3,2,3,0,14,10,35,2,1,0,0,0,1,5.0
212,598,419,4,Chandigarh,Punjab,City,7.754720779,Oct-Mar,578,1,"Nature, Adventure",2,1,70500,5,26-35,High Blood Pressure,Business,"Shopping, Food & Local Cuisine",All seasons,"Traffic congestion, pollution",Punjabi Cuisine,1650,https://s7ap1.scene7.com/is/image/incredibleindia/chandigarh-union-territory-1-city-ff,3,14100.0,23500.0,4700.0,1,0,0,1,0,0,2.5,3,1,0,31.018883116,7.754720779,0.31018883116,0.16556291390728478,0.5135576674834438,0.5,1.5509441558000001,330.0,550.0,0,0,3.25,1.707825127659933,1,5,4,2.0,1.4142135623730951,7.754720779,0.0,84750.0,16894.27911059441,3.75,0.9574271077563381,1200.0,2.0,1.5,5.2306732154108255,0.5531508466719953,1,1,1,4.0,0.0,4,4,1,1.0,0.0,70500.0,0.0,5.0,0.0,1650.0,7.754720779,0.6931471805599453,1,0,1,1,0.0,1.0,1,0.0,1.0,0,0,0.0,0.0,0.0,4.0,1,0,0,0,Far,Moderate,Week,High,Good,2,3,2,1,1,1,3,0,4,12,12,7,0,3,0,0,2,0,2.5
219,121,544,5,Taj Mahal,Uttar Pradesh,Historical,8.624112218,Nov-Feb,763,5,"Beaches, Historical",1,1,57500,6,36-45,Knee Pain,Leisure,"Cultural Exploration, Photography",Winter,"Long walking distances, crowd congestion",Mughlai Cuisine,1470,https://upload.wikimedia.org/wikipedia/commons/1/1d/Taj_Mahal_%28Edited%29.jpeg,2,9583.333333333334,28750.0,4791.666666666667,1,0,0,1,0,0,5.0,0,1,1,43.12056109,43.12056109,2.1560280545,0.47244094488188976,0.814876745007874,0.8333333333333334,1.4373520363333334,245.0,735.0,0,0,5.0,0.0,5,5,1,5.0,0.0,8.624112218,0.0,57500.0,0.0,6.0,0.0,1470.0,1.0,1.0,3.4657359027997265,10.0,0,1,1,5.0,0.0,5,5,2,4.5,0.7071067811865476,43000.0,20506.096654409877,5.5,0.7071067811865476,1735.0,8.357737676,1.0986122886681096,1,0,0,1,14500.0,0.6627985395688472,0,0.5,0.9230769230769231,0,0,0.0,0.2663745420000012,-265.0,5.0,1,0,0,0,Medium,Moderate,Week,VeryHigh,Excellent,3,1,0,2,2,4,0,3,3,7,16,34,1,3,0,1,0,1,5.0
221,500,448,4,Bir Billing,Himachal Pradesh,Adventure,8.940107798,Apr-Jun,287,2,"Beaches, Historical",1,0,30000,7,46-60,Knee Pain,Adventure,"Trekking, Adventure Sports",Summer,"High altitude, physical exertion",Himachali Cuisine,1800,https://media-cdn.tripadvisor.com/media/attractions-splice-spp-674x446/0a/c6/99/67.jpg,1,4285.714285714285,30000.0,4285.714285714285,0,1,0,0,0,0,3.0,2,1,0,35.760431192,17.880215596,0.71520862384,0.5675675675675675,1.6913717455675676,0.42857142857142855,1.277158256857143,257.14285714285717,1800.0,0,0,4.0,0.0,4,4,2,2.0,0.0,8.940107798,0.0,67000.0,52325.90180780452,5.5,2.1213203435596424,1490.0,1.5,1.0,4.394449154672438,10.0,1,1,1,4.0,0.0,4,4,1,2.0,0.0,30000.0,0.0,7.0,0.0,1800.0,8.940107798,0.6931471805599453,1,0,0,1,0.0,1.0,1,0.0,1.0,0,0,0.0,0.0,0.0,4.0,1,0,0,0,Far,Economy,Week,VeryHigh,Good,0,0,0,3,2,0,4,2,2,3,5,5,0,1,0,1,2,0,3.0
227,650,502,3,Auli,Uttarakhand,Adventure,8.204607884,Apr-Jun,978,1,"Beaches, Historical",2,0,29000,1,36-45,Knee Pain,Adventure,"Trekking, Adventure Sports",Summer,"High altitude, physical exertion",North Indian Cuisine,1700,https://encrypted-tbn0.gstatic.com/images?q=tbn:ANd9GcQF-TkMBCYdtCTzI4rau2709Tbi2zVPKRaXu7qTOHjiZS7J37ZNbGLQxYMv&s=10,2,29000.0,14500.0,14500.0,0,0,1,0,0,0,2.0,2,0,0,24.613823652,8.204607884,0.24613823652,0.06666666666666667,0.27348692946666664,2.0,8.204607884,1700.0,850.0,0,0,3.0,0.0,3,3,1,1.0,0.0,8.204607884,0.0,29000.0,0.0,1.0,0.0,1700.0,2.0,0.0,2.0794415416798357,10.0,0,0,0,3.0,0.0,3,3,1,1.0,0.0,29000.0,0.0,1.0,0.0,1700.0,8.204607884,0.6931471805599453,0,0,0,0,0.0,1.0,1,0.0,1.0,0,0,0.0,0.0,0.0,3.0,1,0,0,0,Far,Economy,Weekend,High,Fair,0,0,0,2,2,0,4,2,2,10,17,2,0,1,1,0,1,0,2.0
241,960,421,4,Tawang,Arunachal Pradesh,Nature,8.925500312,Apr-Jun,410,3,"Beaches, Historical",2,1,49000,2,36-45,Knee Pain,Adventure,"Trekking, Adventure Sports",Summer,"High altitude, physical exertion",North East Cuisine,3000,https://s7ap1.scene7.com/is/image/incredibleindia/sela-pass-tawang-arunachal-pradesh-blog-ntr-hero,3,24500.0,16333.333333333334,8166.666666666667,1,0,0,1,0,0,3.5,1,1,0,35.702001248,26.776500936,1.0710600374400001,0.13725490196078433,0.3500196200784314,1.75,4.462750156,1500.0,1000.0,0,1,3.25,0.9574271077563382,2,4,4,4.25,0.9574271077563381,8.925500312,0.0,42375.0,10811.837648306291,2.75,1.707825127659933,2200.0,1.75,0.5,5.2306732154108255,0.9456916629665493,1,0,0,4.0,0.0,4,4,1,3.0,0.0,49000.0,0.0,2.0,0.0,3000.0,8.925500312,0.6931471805599453,1,0,0,0,0.0,1.0,1,0.0,1.0,0,0,0.0,0.0,0.0,4.0,1,0,0,0,Far,Economy,Weekend,VeryHigh,Good,4,0,0,2,2,0,4,2,2,9,1,36,0,1,1,1,2,0,3.5
254,599,239,1,Munnar,Kerala,Nature,9.463041122,Sep-Mar,690,5,"Nature, Adventure",2,0,57000,5,26-35,Asthma,Family Vacation,"Nature & Relaxation, Photography",Post-Monsoon,"Curvy roads, limited medical facilities",Kerala Cuisine,1480,https://images.unsplash.com/photo-1491497895121-1334fc14d8c9,2,11400.0,28500.0,5700.0,0,0,1,0,0,0,3.0,4,0,0,9.463041122,47.31520561,0.4731520561,0.24193548387096772,0.7631484775806451,0.6,1.8926082244,296.0,740.0,0,0,1.0,0.0,1,1,1,5.0,0.0,9.463041122,0.0,57000.0,0.0,5.0,0.0,1480.0,2.0,0.0,0.6931471805599453,10.0,0,1,0,1.0,0.0,1,1,1,5.0,0.0,57000.0,0.0,5.0,0.0,1480.0,9.463041122,0.6931471805599453,0,1,1,1,0.0,1.0,1,0.0,1.0,0,0,0.0,0.0,0.0,1.0,1,0,0,0,Medium,Moderate,Week,VeryHigh,Poor,4,4,2,1,0,2,1,1,1,5,7,26,1,3,0,1,3,0,3.0
263,584,76,2,Munnar,Kerala,Nature,7.877125609,Sep-Mar,29,5,"Beaches, Historical",2,0,57000,5,36-45,Asthma,Family Vacation,"Nature & Relaxation, Photography",Post-Monsoon,"Curvy roads, limited medical facilities",Kerala Cuisine,1480,https://images.unsplash.com/photo-1491497895121-1334fc14d8c9,2,11400.0,28500.0,5700.0,0,0,1,0,0,0,3.5,3,0,0,15.754251218,39.385628045000004,0.7877125609000001,0.282258064516129,0.6352520652419354,0.7,1.5754251218,296.0,740.0,0,0,2.0,0.0,2,2,1,5.0,0.0,7.877125609,0.0,57000.0,0.0,5.0,0.0,1480.0,2.0,0.0,1.3862943611198906,10.0,0,1,0,3.6666666666666665,1.5275252316519468,2,5,3,3.6666666666666665,1.5275252316519465,54666.666666666664,8736.894948054105,4.0,1.0,1203.3333333333333,8.012650463666667,1.3862943611198906,1,0,1,0,2333.3333333333358,0.9573178539416961,1,1.0,0.8,0,1,-1.6666666666666665,-0.13552485466666653,276.66666666666674,2.0,1,0,0,0,Medium,Moderate,Week,High,Poor,4,4,0,2,0,2,1,1,1,5,7,26,1,3,0,0,3,0,3.5
269,268,20,2,Delhi,Delhi,City,8.015626863,Oct-Mar,674,4,"Nature, Adventure",2,0,48000,5,46-60,High Blood Pressure,Business,"Shopping, Food & Local Cuisine",All seasons,"Traffic congestion, pollution",Street Food,1410,https://encrypted-tbn0.gstatic.com/images?q=tbn:ANd9GcTFxblF-zkMM4NsiVuRyJ1Yx76TMcpdDWzU6zEf57y1aQ&s=10,2,9600.0,24000.0,4800.0,0,0,1,0,0,0,3.0,2,0,0,16.031253726,32.062507452,0.64125014904,0.2830188679245283,0.7561912134905661,0.6,1.6031253725999999,282.0,705.0,0,0,2.0,0.0,2,2,1,4.0,0.0,8.015626863,0.0,48000.0,0.0,5.0,0.0,1410.0,2.0,0.0,1.3862943611198906,10.0,0,0,0,3.6,1.1401754250991378,2,5,5,4.4,0.5477225575051661,53100.0,12759.310326189265,5.2,0.44721359549995787,1722.0,8.377871876,1.791759469228055,1,0,1,1,5100.0,0.9039566109866104,1,0.20000000000000018,0.967741935483871,0,1,-1.6,-0.3622450130000008,-312.0,2.0,1,0,0,0,Medium,Economy,Week,High,Poor,2,3,2,3,1,1,3,0,4,16,2,9,1,1,0,0,3,0,3.0
275,462,591,4,Baga Beach,Goa,Beach,7.625998221,Nov-Mar,679,4,"City, Historical",1,1,35500,5,26-35,Knee Pain,Honeymoon,"Relaxation, Nightlife, Water Sports",Winter,"Crowds, sun exposure",Seafood,590,https://encrypted-tbn0.gstatic.com/images?q=tbn:ANd9GcQeseYB8OMIYAnzRmlYP6matYpojVkK9lRx0Wgn7x8BYcxvxjfwm4QrUxM&s=10,2,7100.0,17750.0,3550.0,1,0,0,1,0,0,4.0,0,1,0,30.503992884,30.503992884,1.22015971536,0.4938271604938272,0.9414812618518519,0.8,1.5251996442,118.0,295.0,0,0,4.0,0.0,4,4,1,4.0,0.0,7.625998221,0.0,35500.0,0.0,5.0,0.0,590.0,1.0,1.0,2.772588722239781,10.0,0,0,1,4.5,0.7071067811865476,4,5,2,2.5,2.1213203435596424,48500.0,18384.776310850237,5.0,0.0,465.0,8.383262672499999,1.0986122886681096,1,0,0,1,13000.0,0.7319642893960949,1,0.0,1.0,0,1,-0.5,-0.7572644514999993,125.0,4.0,1,0,0,0,Near,Economy,Week,High,Good,1,2,1,1,2,3,2,3,0,14,3,3,2,1,0,0,2,1,4.0
277,666,200,4,Red Fort,Delhi,Historical,8.535347955,Nov-Feb,826,3,"Nature, Adventure",1,1,57500,6,26-35,Knee Pain,Leisure,"Cultural Exploration, Photography",Winter,"Long walking distances, crowd congestion",Mughlai Cuisine,1410,https://upload.wikimedia.org/wikipedia/commons/d/d6/Delhi%2C_India%2C_Red_Fort_Facade.jpg,2,9583.333333333334,28750.0,4791.666666666667,1,0,0,1,0,0,3.5,1,1,0,34.14139182,25.606043865000004,1.0242417546000002,0.3307086614173228,0.8064895705511811,0.5833333333333334,1.4225579925,235.0,705.0,0,0,4.0,0.0,4,4,1,3.0,0.0,8.535347955,0.0,57500.0,0.0,6.0,0.0,1410.0,1.0,1.0,2.772588722239781,10.0,0,1,1,4.0,0.0,4,4,1,3.0,0.0,57500.0,0.0,6.0,0.0,1410.0,8.535347955,0.6931471805599453,1,0,1,1,0.0,1.0,1,0.0,1.0,0,0,0.0,0.0,0.0,4.0,1,0,0,0,Medium,Moderate,Week,VeryHigh,Good,3,1,2,1,2,4,0,3,3,7,2,29,1,3,0,1,2,0,3.5
282,282,181,4,Calangute Beach,Goa,Beach,8.888987617,Nov-Mar,869,1,"Beaches, Historical",2,1,34500,2,46-60,Knee Pain,Honeymoon,"Relaxation, Nightlife, Water Sports",Winter,"Crowds, sun exposure",Seafood,585,https://encrypted-tbn0.gstatic.com/images?q=tbn:ANd9GcQawETYRiYBsH6-h7nyRef7D05VLNnIS00HBpFyaZdOJDehCXzhEkUfAY5Vf_tWlUzd5qaIpJnkr2vAOF1xcvRS_dDd2Lq-Y2B30QDq-g&s=10,3,17250.0,11500.0,5750.0,1,0,0,1,0,0,2.5,3,1,0,35.555950468,8.888987617,0.35555950467999997,0.136986301369863,0.487067814630137,1.25,4.4444938085,292.5,195.0,0,0,3.0,1.4142135623730951,2,4,2,2.0,1.4142135623730951,8.888987617,0.0,39750.0,7424.621202458749,3.0,1.4142135623730951,1067.5,2.0,1.5,3.2958368660043287,0.660408825313113,1,0,1,4.0,0.0,4,4,1,1.0,0.0,34500.0,0.0,2.0,0.0,585.0,8.888987617,0.6931471805599453,1,0,0,0,0.0,1.0,1,0.0,1.0,0,0,0.0,0.0,0.0,4.0,1,0,0,0,Near,Economy,Weekend,VeryHigh,Good,1,2,0,3,2,3,2,3,0,14,3,6,2,1,1,1,2,0,2.5
285,978,135,1,Mumbai,Maharashtra,City,8.519173371,Oct-Mar,818,4,"City, Historical",1,2,58000,3,46-60,High Blood Pressure,Business,"Shopping, Food & Local Cuisine",All seasons,"Traffic congestion, pollution",Street Food,35,https://t4.ftcdn.net/jpg/01/46/43/87/360_F_146438747_3XYwVkfnYZuukBZYmDM8xeoqENzyhAqa.jpg,3,19333.333333333332,19333.333333333332,6444.444444444444,1,0,0,1,0,0,2.5,3,0,0,8.519173371,34.076693484,0.34076693484000004,0.12295081967213116,0.4189757395573771,0.8333333333333334,2.8397244570000004,11.666666666666666,11.666666666666666,1,0,2.5,2.1213203435596424,1,4,2,2.5,2.1213203435596424,8.519173371,0.0,64000.0,8485.28137423857,4.5,2.1213203435596424,372.5,1.0,2.0,2.7465307216702737,0.450182704578985,1,1,1,2.5,2.1213203435596424,1,4,2,4.0,0.0,68000.0,14142.13562373095,2.5,0.7071067811865476,867.5,8.9579674345,1.0986122886681096,0,1,1,0,10000.0,0.8529433390685431,1,0.5,0.8571428571428572,0,1,-1.5,-0.4387940634999996,-832.5,1.0,1,0,0,0,VeryNear,Moderate,Weekend,VeryHigh,Poor,2,3,1,3,1,1,3,0,4,16,10,25,3,3,1,1,3,0,2.5
288,770,803,5,Coorg,Karnataka,Nature,9.0810296,Apr-Jun,161,1,"Nature, Adventure",2,1,78500,6,36-45,Knee Pain,Adventure,"Trekking, Adventure Sports",Summer,"High altitude, physical exertion",Coorgi Cuisine,1030,https://images.unsplash.com/photo-1710612198146-77512950a4b7,3,13083.333333333334,26166.666666666668,4361.111111111111,1,0,0,1,0,0,3.0,4,1,1,45.405148000000004,9.0810296,0.45405148000000006,0.21301775147928992,0.6448068355029586,0.5,1.5135049333333335,171.66666666666666,343.3333333333333,0,0,3.3333333333333335,2.0816659994661326,1,5,3,3.0,1.7320508075688772,9.0810296,0.0,64166.666666666664,12453.245895481761,3.3333333333333335,2.3094010767585034,1030.0,1.3333333333333333,1.3333333333333333,4.620981203732969,0.458365304425474,1,1,1,5.0,0.0,5,5,2,1.0,0.0,74250.0,6010.407640085654,6.0,0.0,1030.0,8.624356310500001,1.0986122886681096,1,0,1,1,4250.0,0.9427617136469543,1,0.0,1.0,0,0,0.0,0.4566732894999994,0.0,5.0,2,1,0,0,Medium,Moderate,Week,VeryHigh,Excellent,4,0,2,2,2,0,4,2,2,1,6,8,1,3,0,1,0,0,3.0
295,955,931,5,Manali,Himachal Pradesh,Adventure,8.106762585,Apr-Jun,897,1,"Beaches, Historical",1,0,15500,1,26-35,Knee Pain,Adventure,"Trekking, Adventure Sports",Summer,"High altitude, physical exertion",Himachali Cuisine,1850,https://dynamic-media-cdn.tripadvisor.com/media/photo-o/0c/b2/79/37/solang-valley-manali.jpg,1,15500.0,15500.0,15500.0,0,1,0,0,0,0,3.0,4,1,1,40.533812925,8.106762585,0.40533812925,0.18181818181818182,0.49131894454545455,3.0,8.106762585,1850.0,1850.0,0,0,5.0,0.0,5,5,1,1.0,0.0,8.106762585,0.0,15500.0,0.0,1.0,0.0,1850.0,1.0,0.0,3.4657359027997265,10.0,0,0,0,5.0,0.0,5,5,1,1.0,0.0,15500.0,0.0,1.0,0.0,1850.0,8.106762585,0.6931471805599453,1,0,0,0,0.0,1.0,1,0.0,1.0,0,0,0.0,0.0,0.0,5.0,1,0,0,0,Far,Budget,Weekend,High,Excellent,0,0,0,1,2,0,4,2,2,3,5,23,0,0,1,0,0,0,3.0
301,294,838,3,Kodaikanal,Tamil Nadu,Nature,8.55304694,Sep-Mar,335,1,"Beaches, Historical",2,2,102000,4,36-45,Asthma,Family Vacation,"Nature & Relaxation, Photography",Post-Monsoon,"Curvy roads, limited medical facilities",South Indian Cuisine,1300,https://encrypted-tbn0.gstatic.com/images?q=tbn:ANd9GcRR1MrvitA-PthZ_UMPeUYOYvzHFu6Olty-pnoL9EqaCl31ZwvMHSvu9OQ&s=10,4,25500.0,25500.0,6375.0,1,0,0,1,1,0,2.0,2,0,0,25.659140819999998,8.55304694,0.2565914082,0.07547169811320754,0.3227564883018868,0.5,2.138261735,325.0,325.0,0,0,3.0,0.0,3,3,1,1.0,0.0,8.55304694,0.0,102000.0,0.0,4.0,0.0,1300.0,2.0,2.0,2.0794415416798357,10.0,0,1,1,2.0,1.4142135623730951,1,3,2,1.5,0.7071067811865476,93000.0,12727.922061357855,4.0,0.0,1165.0,8.240570931499999,1.0986122886681096,0,1,1,0,9000.0,0.9032268470231503,1,0.0,1.0,1,0,1.0,0.3124760085000009,135.0,2.0,2,1,0,0,Medium,Premium,Week,VeryHigh,Fair,4,4,0,2,0,2,1,1,1,15,14,18,1,4,0,1,1,0,2.0
302,491,729,1,Konark Sun Temple,Odisha,Historical,8.208032333,Nov-Feb,874,3,"City, Historical",2,0,45000,3,46-60,Knee Pain,Leisure,"Cultural Exploration, Photography",Winter,"Long walking distances, crowd congestion",Odia Cuisine,1700,https://cdn.britannica.com/19/251919-050-D3E64798/konark-sun-temple-orissa-india-unesco-heritage-site.jpg,2,15000.0,22500.0,7500.0,0,0,1,0,0,0,2.0,2,0,0,8.208032333,24.624096999000002,0.24624096999000003,0.125,0.5130020208125,0.6666666666666666,2.736010777666667,566.6666666666666,850.0,0,0,3.0,2.8284271247461903,1,5,2,3.5,0.7071067811865476,8.208032333,0.0,47000.0,2828.42712474619,4.0,1.4142135623730951,1700.0,2.0,0.0,3.2958368660043287,0.3414802408943917,1,0,0,2.0,1.4142135623730951,1,3,2,3.5,0.7071067811865476,41750.0,4596.194077712559,2.5,0.7071067811865476,1700.0,8.5986100405,1.0986122886681096,0,1,0,0,3250.0,0.9221575531125004,1,0.5,0.8571428571428572,0,1,-1.0,-0.3905777075000003,0.0,1.0,1,0,0,0,Far,Economy,Weekend,High,Poor,3,1,1,3,2,4,0,3,3,11,11,20,0,1,1,0,3,0,2.0
304,693,792,5,Jaipur,Rajasthan,City,8.397475309,Oct-Mar,898,1,"City, Historical",1,0,27000,6,26-35,High Blood Pressure,Business,"Shopping, Food & Local Cuisine",All seasons,"Traffic congestion, pollution",Rajasthani Cuisine,1140,https://t4.ftcdn.net/jpg/05/84/76/73/360_F_584767353_EXYOkE8NcX37UwV4WfBw7AjBaEtU6mMy.jpg,1,4500.0,27000.0,4500.0,0,1,0,0,0,0,3.0,4,1,1,41.987376545000004,8.397475309,0.41987376545000005,0.5454545454545454,1.5268136925454547,0.5,1.3995792181666669,190.0,1140.0,0,0,3.3333333333333335,2.0816659994661326,1,5,3,2.0,1.7320508075688772,8.397475309,0.0,33333.333333333336,20256.68613898466,5.0,1.0,1613.3333333333333,1.3333333333333333,0.0,4.620981203732969,0.458365304425474,1,0,0,5.0,0.0,5,5,1,1.0,0.0,27000.0,0.0,6.0,0.0,1140.0,8.397475309,0.6931471805599453,1,0,0,1,0.0,1.0,1,0.0,1.0,0,0,0.0,0.0,0.0,5.0,1,0,0,0,Medium,Economy,Week,High,Excellent,2,3,1,1,1,1,3,0,4,13,13,15,1,1,0,0,0,0,3.0
306,400,281,5,Spiti Valley,Himachal Pradesh,Nature,9.120122756,Apr-Jun,228,5,"Nature, Adventure",2,2,113500,7,18-25,Knee Pain,Adventure,"Trekking, Adventure Sports",Summer,"High altitude, physical exertion",Himachali Cuisine,2000,https://storage.googleapis.com/stateless-www-justwravel-com/2021/05/1550217293_shutterstock_1129297934.jpg.jpg,4,16214.285714285714,28375.0,4053.5714285714284,1,0,0,1,1,0,5.0,0,1,1,45.60061378,45.60061378,2.280030689,0.2904564315352697,0.5297996621742739,0.7142857142857143,1.3028746794285715,285.7142857142857,500.0,0,0,5.0,0.0,5,5,1,5.0,0.0,9.120122756,0.0,113500.0,0.0,7.0,0.0,2000.0,2.0,2.0,3.4657359027997265,10.0,0,1,1,4.0,1.0,3,5,3,4.666666666666667,0.5773502691896258,81166.66666666667,28285.744348228374,3.3333333333333335,3.2145502536643185,1005.0,8.903893245333334,1.3862943611198906,1,0,1,0,32333.33333333333,0.6016476183044974,0,3.6666666666666665,0.15384615384615397,1,0,1.0,0.2162295106666665,995.0,5.0,1,0,0,0,Far,Premium,Week,VeryHigh,Excellent,4,0,2,0,2,0,4,2,2,3,5,33,0,4,0,1,0,1,5.0
307,520,480,5,Rishikesh,Uttarakhand,Adventure,8.521876495,Apr-Jun,490,2,"City, Historical",2,0,58500,7,46-60,Knee Pain,Adventure,"Trekking, Adventure Sports",Summer,"High altitude, physical exertion",North Indian Cuisine,1600,https://dynamic-media-cdn.tripadvisor.com/media/photo-o/2c/31/c5/45/caption.jpg,2,8357.142857142857,29250.0,4178.571428571428,0,0,1,0,0,0,3.5,3,1,1,42.609382475000004,17.04375299,0.8521876495,0.3740458015267175,0.9107348925954198,0.5,1.217410927857143,228.57142857142858,800.0,0,0,5.0,0.0,5,5,1,2.0,0.0,8.521876495,0.0,58500.0,0.0,7.0,0.0,1600.0,2.0,0.0,3.4657359027997265,10.0,0,1,0,4.0,1.7320508075688772,2,5,3,1.6666666666666667,0.5773502691896257,40666.666666666664,19405.75516008932,5.666666666666667,1.5275252316519468,1240.0,8.644088841333334,1.3862943611198906,1,0,0,1,17833.333333333336,0.561486192962468,0,1.333333333333333,0.8,1,0,1.0,-0.12221234633333289,360.0,5.0,2,1,0,0,Far,Moderate,Week,VeryHigh,Excellent,0,0,1,3,2,0,4,2,2,10,17,30,0,3,0,1,0,0,3.5
310,977,109,3,Varkala Beach,Kerala,Beach,8.499576396,Nov-Mar,405,5,"Beaches, Historical",2,0,24000,2,36-45,Knee Pain,Honeymoon,"Relaxation, Nightlife, Water Sports",Winter,"Crowds, sun exposure",Seafood,1550,https://encrypted-tbn0.gstatic.com/images?q=tbn:ANd9GcQhhfqvS3M6-Q5xL-XOgqAbXut9hnDO4dA-_VCx1YCE79I6gDY3_C1Zv3dOXwu2pL_OmQVlumXjSSQ8I6p748JioJniT2Wxf2InPIObpQ&s=10,2,12000.0,12000.0,6000.0,0,0,1,0,0,0,4.0,2,0,0,25.498729188,42.49788198,1.2749364594,0.3076923076923077,0.653813568923077,2.0,4.249788198,775.0,775.0,0,0,3.3333333333333335,0.5773502691896257,3,4,3,4.333333333333333,1.1547005383792517,8.499576396,0.0,18666.666666666668,4725.815626252609,4.0,2.0,908.3333333333334,1.3333333333333333,0.0,4.620981203732969,1.4763410387308014,1,0,0,4.0,1.0,3,5,3,4.666666666666667,0.5773502691896258,46166.666666666664,19775.826994928262,3.6666666666666665,2.8867513459481287,973.3333333333334,8.774504462000001,1.3862943611198906,1,0,0,0,22166.666666666664,0.519865995682404,0,1.6666666666666665,0.6428571428571428,0,1,-1.0,-0.2749280660000011,576.6666666666666,3.0,1,0,0,0,Far,Budget,Weekend,High,Fair,1,2,0,2,2,3,2,3,0,14,7,38,0,0,1,0,1,0,4.0
314,35,782,1,Bir Billing,Himachal Pradesh,Adventure,8.115627955,Apr-Jun,805,3,"Nature, Adventure",1,0,23000,4,18-25,Knee Pain,Adventure,"Trekking, Adventure Sports",Summer,"High altitude, physical exertion",Himachali Cuisine,1800,https://media-cdn.tripadvisor.com/media/attractions-splice-spp-674x446/0a/c6/99/67.jpg,1,5750.0,23000.0,5750.0,0,1,0,0,0,0,2.0,2,0,0,8.115627955,24.346883865000002,0.24346883865000002,0.2962962962962963,1.2023152525925926,0.5,2.02890698875,450.0,1800.0,0,0,1.0,0.0,1,1,1,3.0,0.0,8.115627955,0.0,23000.0,0.0,4.0,0.0,1800.0,1.0,0.0,0.6931471805599453,10.0,0,0,0,1.0,0.0,1,1,2,3.0,0.0,23250.0,353.5533905932738,3.5,0.7071067811865476,1270.0,8.122808466,1.0986122886681096,0,1,0,0,250.0,0.9892477742892779,1,0.5,0.8888888888888888,0,0,0.0,-0.007180510999999612,530.0,1.0,1,0,0,0,Far,Budget,Week,High,Poor,0,0,2,0,2,0,4,2,2,3,5,5,0,0,0,0,3,0,2.0
315,720,973,2,Ooty,Tamil Nadu,Nature,8.034817273,Apr-Jun,628,3,"Beaches, Historical",1,2,41500,1,18-25,Knee Pain,Adventure,"Trekking, Adventure Sports",Summer,"High altitude, physical exertion",South Indian Cuisine,1180,https://t3.ftcdn.net/jpg/05/09/58/00/360_F_509580096_YjyHXMHyTm9OOkjUQS4kOxDXkxbOMWYi.jpg,3,41500.0,13833.333333333334,13833.333333333334,1,0,0,1,0,0,2.5,1,0,0,16.069634546,24.104451818999998,0.48208903637999995,0.058823529411764705,0.18905452407058823,2.5,8.034817273,1180.0,393.3333333333333,0,0,2.0,0.0,2,2,1,3.0,0.0,8.034817273,0.0,41500.0,0.0,1.0,0.0,1180.0,1.0,2.0,1.3862943611198906,10.0,0,0,1,1.5,0.7071067811865476,1,2,2,3.5,0.7071067811865476,58750.0,24395.18395093589,2.0,1.4142135623730951,1295.0,8.5418311595,1.0986122886681096,0,1,1,0,17250.0,0.7063879763748702,1,1.0,0.6666666666666667,1,0,0.5,-0.5070138864999993,-115.0,2.0,1,0,0,0,Medium,Economy,Weekend,High,Poor,4,0,0,0,2,0,4,2,2,15,14,27,1,1,1,0,3,0,2.5
321,867,475,4,Radhanagar Beach,Andaman,Beach,7.54478424,Nov-Mar,821,5,"Beaches, Historical",1,1,35500,5,18-25,Knee Pain,Honeymoon,"Relaxation, Nightlife, Water Sports",Winter,"Crowds, sun exposure",Seafood,2500,https://dynamic-media-cdn.tripadvisor.com/media/photo-o/05/76/7a/1d/radhanagar-beach.jpg,2,7100.0,17750.0,3550.0,1,0,0,1,0,0,4.5,1,1,0,30.17913696,37.7239212,1.508956848,0.5555555555555556,0.9314548444444445,0.9,1.508956848,500.0,1250.0,0,1,3.0,1.7320508075688772,1,4,3,4.333333333333333,1.1547005383792517,7.544784240000001,0.0,24833.333333333332,10275.375094532235,3.0,1.7320508075688772,1545.0,1.3333333333333333,0.3333333333333333,4.1588830833596715,0.5458363904912633,1,0,0,3.6666666666666665,0.5773502691896257,3,4,3,4.666666666666667,0.5773502691896257,46833.333333333336,9827.681991870377,4.666666666666667,1.5275252316519468,1843.3333333333333,8.225446730333333,1.3862943611198906,1,0,0,1,11333.333333333336,0.7580122844352077,1,0.33333333333333304,0.9411764705882354,1,0,0.3333333333333335,-0.6806624903333329,656.6666666666667,4.0,1,0,0,0,Far,Economy,Week,High,Good,1,2,0,0,2,3,2,3,0,14,0,28,0,1,0,0,2,1,4.5
324,171,499,3,Taj Mahal,Uttar Pradesh,Historical,7.721043377,Nov-Feb,830,3,"Beaches, Historical",2,0,53500,5,26-35,Knee Pain,Leisure,"Cultural Exploration, Photography",Winter,"Long walking distances, crowd congestion",Mughlai Cuisine,1470,https://upload.wikimedia.org/wikipedia/commons/1/1d/Taj_Mahal_%28Edited%29.jpeg,2,10700.0,26750.0,5350.0,0,0,1,0,0,0,3.0,0,0,0,23.163130131,23.163130131,0.69489390393,0.25641025641025644,0.6599182373504274,0.6,1.5442086754,294.0,735.0,0,0,3.0,0.0,3,3,1,3.0,0.0,7.721043377,0.0,53500.0,0.0,5.0,0.0,1470.0,2.0,0.0,2.0794415416798357,10.0,0,1,0,2.5,0.7071067811865476,2,3,2,3.5,0.7071067811865476,55250.0,2474.8737341529163,5.5,0.7071067811865476,1735.0,7.842263540499999,1.0986122886681096,0,1,1,1,1750.0,0.9683263651336628,1,0.5,0.9230769230769231,1,0,0.5,-0.12122016349999942,-265.0,3.0,1,0,0,0,Medium,Moderate,Week,High,Fair,3,1,0,1,2,4,0,3,3,7,16,34,1,3,0,0,1,0,3.0
325,188,95,5,Chandigarh,Punjab,City,8.202625979,Oct-Mar,67,2,"Nature, Adventure",2,1,64500,4,46-60,High Blood Pressure,Business,"Shopping, Food & Local Cuisine",All seasons,"Traffic congestion, pollution",Punjabi Cuisine,1650,https://s7ap1.scene7.com/is/image/incredibleindia/chandigarh-union-territory-1-city-ff,3,16125.0,21500.0,5375.0,1,0,0,1,0,0,3.5,3,1,1,41.013129895000006,16.405251958,0.8202625979000001,0.20437956204379562,0.4789854586277372,0.875,2.05065649475,412.5,550.0,0,0,3.5,2.1213203435596424,2,5,2,3.5,2.1213203435596424,8.202625979,0.0,52250.0,17324.116139070415,5.0,1.4142135623730951,1180.0,2.0,0.5,3.8451430103383837,0.450182704578985,1,0,0,4.0,1.0,3,5,3,2.0,0.0,77000.0,10851.267207105353,4.333333333333333,0.5773502691896257,1216.6666666666667,8.341225038666666,1.3862943611198906,1,0,1,1,12500.0,0.8376644459162867,1,0.33333333333333304,0.9375,1,0,1.0,-0.13859905966666553,433.33333333333326,4.0,2,1,0,0,Far,Moderate,Week,High,Excellent,2,3,2,3,1,1,3,0,4,12,12,7,0,3,0,0,0,0,3.5
331,223,315,1,Mumbai,Maharashtra,City,8.936949816,Oct-Mar,463,1,"City, Historical",2,0,36000,2,46-60,High Blood Pressure,Business,"Shopping, Food & Local Cuisine",All seasons,"Traffic congestion, pollution",Street Food,35,https://t4.ftcdn.net/jpg/01/46/43/87/360_F_146438747_3XYwVkfnYZuukBZYmDM8xeoqENzyhAqa.jpg,2,18000.0,18000.0,9000.0,0,0,1,0,0,0,1.0,0,0,0,8.936949816,8.936949816,0.08936949816,0.05263157894736842,0.4703657797894737,0.5,4.468474908,17.5,17.5,1,0,2.0,1.4142135623730951,1,3,2,2.5,2.1213203435596424,8.936949816,0.0,52500.0,23334.52377915607,2.0,0.0,35.0,2.0,1.0,2.197224577336219,0.660408825313113,1,1,1,1.0,0.0,1,1,2,1.5,0.7071067811865476,28000.0,11313.70849898476,4.0,2.8284271247461903,842.5,8.922724594,1.0986122886681096,0,1,0,0,8000.0,0.7142959180029285,1,2.0,0.6,0,0,0.0,0.014225222000000315,-807.5,1.0,1,0,0,0,VeryNear,Economy,Weekend,VeryHigh,Poor,2,3,1,3,1,1,3,0,4,16,10,25,3,1,1,1,3,0,1.0
332,396,699,2,Hampi Ruins,Karnataka,Historical,9.113864702,Nov-Feb,7,2,"City, Historical",2,2,78000,2,36-45,Knee Pain,Leisure,"Cultural Exploration, Photography",Winter,"Long walking distances, crowd congestion",South Indian Cuisine,740,https://wegobond.com/wp-content/uploads/2018/01/hampi-banner.jpg,4,39000.0,19500.0,9750.0,1,0,0,1,1,0,2.0,0,0,0,18.227729404,18.227729404,0.36455458808,0.05,0.22784661755000002,1.0,4.556932351,370.0,185.0,0,0,2.0,0.0,2,2,1,2.0,0.0,9.113864702,0.0,78000.0,0.0,2.0,0.0,740.0,2.0,2.0,1.3862943611198906,10.0,0,1,1,2.0,0.0,2,2,1,2.0,0.0,78000.0,0.0,2.0,0.0,740.0,9.113864702,0.6931471805599453,0,1,1,0,0.0,1.0,1,0.0,1.0,0,0,0.0,0.0,0.0,2.0,1,0,0,0,Near,Moderate,Weekend,VeryHigh,Poor,3,1,1,2,2,4,0,3,3,15,6,13,2,3,1,1,3,0,2.0
333,502,180,5,Marina Beach,Tamil Nadu,Beach,9.314545773,Nov-Mar,960,3,"City, Historical",1,2,40000,3,18-25,Knee Pain,Honeymoon,"Relaxation, Nightlife, Water Sports",Winter,"Crowds, sun exposure",Seafood,1340,https://encrypted-tbn0.gstatic.com/licensed-image?q=tbn:ANd9GcQct7UyX_Oev4c9kXNkRrH7cu6JRlW5Xs6MNpuB-CTQjXyNxWdF7V64hL9ANP93g9qVVT1kg12v0L1opGDTWLdmYNf-&s=19,3,13333.333333333334,13333.333333333334,4444.444444444444,1,0,0,1,0,0,4.0,2,1,1,46.572728865,27.943637319000004,1.3971818659500002,0.27906976744186046,0.6498520306744187,1.3333333333333333,3.104848591,446.6666666666667,446.6666666666667,0,0,5.0,0.0,5,5,2,3.0,0.0,9.314545773,0.0,42000.0,2828.42712474619,3.5,0.7071067811865476,930.0,1.5,1.0,5.493061443340547,10.0,1,0,1,3.0,1.7320508075688772,2,5,3,2.6666666666666665,0.5773502691896257,48333.333333333336,13156.113914577258,3.6666666666666665,0.5773502691896258,1306.6666666666667,8.739042493,1.3862943611198906,0,0,0,0,8333.333333333336,0.8275897740046757,1,0.6666666666666665,0.8571428571428572,1,0,2.0,0.5755032800000013,33.33333333333326,5.0,1,0,0,0,Medium,Economy,Weekend,VeryHigh,Excellent,1,2,1,0,2,3,2,3,0,14,14,24,1,1,1,1,0,0,4.0
347,776,363,1,Hampi Ruins,Karnataka,Historical,8.459363313,Nov-Feb,152,2,"City, Historical",1,0,32000,7,36-45,Knee Pain,Leisure,"Cultural Exploration, Photography",Winter,"Long walking distances, crowd congestion",South Indian Cuisine,740,https://wegobond.com/wp-content/uploads/2018/01/hampi-banner.jpg,1,4571.428571428572,32000.0,4571.428571428572,0,1,0,0,0,0,1.5,1,0,0,8.459363313,16.918726626,0.16918726626000002,0.2692307692307692,1.5183472613076925,0.21428571428571427,1.2084804732857144,105.71428571428571,740.0,0,0,2.0,1.4142135623730951,1,3,2,3.5,2.1213203435596424,8.459363313,0.0,42250.0,14495.689014324224,4.0,4.242640687119285,920.0,1.0,1.0,2.197224577336219,0.660408825313113,1,0,1,3.0,2.8284271247461903,1,5,2,1.5,0.7071067811865476,30000.0,2828.42712474619,5.0,2.8284271247461903,740.0,8.8546968575,1.0986122886681096,0,0,0,1,2000.0,0.933335555481484,1,2.0,0.6666666666666667,0,1,-2.0,-0.3953335444999997,0.0,3.0,2,1,0,0,Near,Economy,Week,High,Poor,3,1,1,2,2,4,0,3,3,15,6,13,2,1,0,0,3,0,1.5
352,677,673,2,Tarkarli Beach,Maharashtra,Beach,8.565346616,Nov-Mar,288,1,"Beaches, Historical",2,2,69000,5,26-35,Knee Pain,Honeymoon,"Relaxation, Nightlife, Water Sports",Winter,"Crowds, sun exposure",Seafood,520,https://encrypted-tbn0.gstatic.com/images?q=tbn:ANd9GcRmtn0Vsfvni1NmF01OGM9ahIFZcrRqMoNKSjV1xzIEbR5CCG-tr4PumVg&s=10,4,13800.0,17250.0,3450.0,1,0,0,1,1,0,1.5,1,0,0,17.130693232,8.565346616,0.17130693232,0.10135135135135134,0.5787396362162162,0.3,1.7130693231999998,104.0,130.0,0,0,3.0,1.4142135623730951,2,4,2,2.5,2.1213203435596424,8.565346616,0.0,42000.0,38183.76618407357,5.0,0.0,555.0,1.5,1.0,3.2958368660043287,0.660408825313113,1,0,1,2.0,0.0,2,2,1,1.0,0.0,69000.0,0.0,5.0,0.0,520.0,8.565346616,0.6931471805599453,0,1,1,1,0.0,1.0,1,0.0,1.0,0,0,0.0,0.0,0.0,2.0,1,0,0,0,Near,Moderate,Week,VeryHigh,Poor,1,2,0,1,2,3,2,3,0,14,10,35,2,3,0,1,3,0,1.5
357,52,73,1,Baga Beach,Goa,Beach,8.298754591,Nov-Mar,315,1,"Beaches, Historical",1,1,23500,2,18-25,Knee Pain,Honeymoon,"Relaxation, Nightlife, Water Sports",Winter,"Crowds, sun exposure",Seafood,590,https://encrypted-tbn0.gstatic.com/images?q=tbn:ANd9GcQeseYB8OMIYAnzRmlYP6matYpojVkK9lRx0Wgn7x8BYcxvxjfwm4QrUxM&s=10,2,11750.0,11750.0,5875.0,1,0,0,1,0,0,1.0,0,0,0,8.298754591,8.298754591,0.08298754591,0.0784313725490196,0.6508827130196079,0.5,4.1493772955,295.0,295.0,0,0,1.5,0.7071067811865476,1,2,2,1.0,0.0,8.298754591,0.0,35000.0,16263.455967290593,3.0,1.4142135623730951,635.0,1.5,1.0,1.6479184330021643,1.238993430992954,1,0,1,1.0,0.0,1,1,1,1.0,0.0,23500.0,0.0,2.0,0.0,590.0,8.298754591,0.6931471805599453,0,1,0,0,0.0,1.0,1,0.0,1.0,0,0,0.0,0.0,0.0,1.0,1,0,0,0,Near,Budget,Weekend,High,Poor,1,2,0,0,2,3,2,3,0,14,3,3,2,0,1,0,3,0,1.0
360,374,230,3,Coorg,Karnataka,Nature,9.270981322,Sep-Mar,582,3,"Nature, Adventure",2,1,98000,7,26-35,Asthma,Family Vacation,"Nature & Relaxation, Photography",Post-Monsoon,"Curvy roads, limited medical facilities",Coorgi Cuisine,1030,https://images.unsplash.com/photo-1710612198146-77512950a4b7,3,14000.0,32666.666666666668,4666.666666666667,1,0,0,1,0,0,3.0,0,0,0,27.812943966000002,27.812943966000002,0.83438831898,0.2,0.6180654214666668,0.42857142857142855,1.3244259031428574,147.14285714285714,343.3333333333333,0,0,2.0,1.4142135623730951,1,3,2,4.0,1.4142135623730951,9.270981322,0.0,75250.0,32173.358543987913,5.5,2.1213203435596424,1215.0,2.0,0.5,2.197224577336219,0.660408825313113,1,1,0,3.0,0.0,3,3,1,3.0,0.0,98000.0,0.0,7.0,0.0,1030.0,9.270981322,0.6931471805599453,0,0,1,1,0.0,1.0,1,0.0,1.0,0,0,0.0,0.0,0.0,3.0,1,0,0,0,Medium,Premium,Week,VeryHigh,Fair,4,4,2,1,0,2,1,1,1,1,6,8,1,4,0,1,1,0,3.0
361,113,959,5,Jaipur,Rajasthan,City,7.576534513,Oct-Mar,660,4,"Nature, Adventure",1,1,51500,6,36-45,High Blood Pressure,Business,"Shopping, Food & Local Cuisine",All seasons,"Traffic congestion, pollution",Rajasthani Cuisine,1140,https://t4.ftcdn.net/jpg/05/84/76/73/360_F_584767353_EXYOkE8NcX37UwV4WfBw7AjBaEtU6mMy.jpg,2,8583.333333333334,25750.0,4291.666666666667,1,0,0,1,0,0,4.5,1,1,1,37.882672565,30.306138052,1.5153069026,0.4695652173913043,0.7905949057043478,0.75,1.2627557521666668,190.0,570.0,0,0,3.0,2.8284271247461903,1,5,2,4.0,0.0,7.576534513,0.0,66750.0,21566.7568261897,6.0,0.0,1395.0,1.0,1.5,3.2958368660043287,0.3414802408943917,1,1,1,4.0,1.4142135623730951,3,5,2,4.0,0.0,41500.0,14142.13562373095,3.5,3.5355339059327378,1275.0,7.657647903,1.0986122886681096,1,0,0,0,10000.0,0.7590419507963664,1,2.5,0.4444444444444444,1,0,1.0,-0.08111338999999962,-135.0,4.0,2,1,0,0,Medium,Moderate,Week,High,Excellent,2,3,2,2,1,1,3,0,4,13,13,15,1,3,0,0,0,1,4.5
363,867,397,4,Varkala Beach,Kerala,Beach,7.54478424,Nov-Mar,85,3,"Beaches, Historical",2,0,24000,2,46-60,Knee Pain,Honeymoon,"Relaxation, Nightlife, Water Sports",Winter,"Crowds, sun exposure",Seafood,1550,https://encrypted-tbn0.gstatic.com/images?q=tbn:ANd9GcQhhfqvS3M6-Q5xL-XOgqAbXut9hnDO4dA-_VCx1YCE79I6gDY3_C1Zv3dOXwu2pL_OmQVlumXjSSQ8I6p748JioJniT2Wxf2InPIObpQ&s=10,2,12000.0,12000.0,6000.0,0,0,1,0,0,0,3.5,1,1,0,30.17913696,22.634352720000003,0.9053741088000001,0.2692307692307692,0.5803680184615385,1.75,3.77239212,775.0,775.0,0,0,3.0,1.7320508075688772,1,4,3,4.333333333333333,1.1547005383792517,7.544784240000001,0.0,24833.333333333332,10275.375094532235,3.0,1.7320508075688772,1545.0,1.3333333333333333,0.3333333333333333,4.1588830833596715,0.5458363904912633,1,0,0,4.333333333333333,0.5773502691896258,4,5,3,3.3333333333333335,0.5773502691896257,47333.333333333336,21385.353243127254,4.666666666666667,2.516611478423583,1186.6666666666667,8.488019635,1.3862943611198906,1,0,0,1,23333.333333333336,0.5070526679013823,0,2.666666666666667,0.5294117647058822,0,1,-0.33333333333333304,-0.9432353950000003,363.33333333333326,4.0,1,0,0,0,Far,Budget,Weekend,High,Good,1,2,0,3,2,3,2,3,0,14,7,38,0,0,1,0,2,0,3.5
366,451,242,5,Fatehpur Sikri,Uttar Pradesh,Historical,7.948981237,Nov-Feb,459,5,"Nature, Adventure",2,1,72500,4,18-25,Knee Pain,Leisure,"Cultural Exploration, Photography",Winter,"Long walking distances, crowd congestion",Mughlai Cuisine,1450,https://images.unsplash.com/photo-1717761558642-32cbeccbee7e,3,18125.0,24166.666666666668,6041.666666666667,1,0,0,1,0,0,5.0,0,1,1,39.744906185,39.744906185,1.9872453092500002,0.26143790849673204,0.41563300585620916,1.25,1.98724530925,362.5,483.3333333333333,0,0,5.0,0.0,5,5,2,5.0,0.0,7.948981237,0.0,45750.0,37830.21279348029,5.0,1.4142135623730951,1450.0,1.5,0.5,5.493061443340547,10.0,1,0,0,3.6666666666666665,1.1547005383792515,3,5,3,5.0,0.0,54000.0,16575.584454250777,3.0,1.0,1500.0,8.687084512666667,1.3862943611198906,1,0,1,0,18500.0,0.6574137515971926,0,1.0,0.75,1,0,1.3333333333333335,-0.738103275666667,-50.0,5.0,1,0,0,0,Medium,Moderate,Week,High,Excellent,3,1,2,0,2,4,0,3,3,7,16,11,1,3,0,0,0,1,5.0
372,24,191,3,Kerala Backwaters,Kerala,Nature,9.182423104,Sep-Mar,389,1,"Nature, Adventure",2,1,70000,3,26-35,Asthma,Family Vacation,"Nature & Relaxation, Photography",Post-Monsoon,"Curvy roads, limited medical facilities",Kerala Cuisine,1400,https://www.backpackadventures.org/wp-content/uploads/2020/08/india0898.jpg,3,23333.333333333332,23333.333333333332,7777.777777777777,1,0,0,1,0,0,2.0,2,0,0,27.547269311999997,9.182423104,0.27547269312,0.08219178082191782,0.3773598535890411,0.6666666666666666,3.0608077013333332,466.6666666666667,466.6666666666667,0,0,3.0,0.0,3,3,2,1.0,0.0,9.182423104,0.0,67750.0,3181.9805153394636,5.0,2.8284271247461903,1350.0,1.5,1.0,3.2958368660043287,10.0,1,1,1,2.6666666666666665,0.5773502691896258,2,3,3,1.3333333333333333,0.5773502691896258,60833.333333333336,10750.968948580092,3.0,1.0,2100.0,8.939703975666667,1.3862943611198906,0,1,1,0,9166.666666666664,0.8493175454650062,1,0.0,1.0,1,0,0.3333333333333335,0.24271912833333253,-700.0,2.6666666666666665,3,1,0,0,Medium,Moderate,Weekend,VeryHigh,Fair,4,4,2,1,0,2,1,1,1,5,7,16,1,3,1,1,1,0,2.0
385,471,694,4,Hampi Ruins,Karnataka,Historical,9.431015219,Nov-Feb,650,2,"Beaches, Historical",1,0,23500,3,46-60,Knee Pain,Leisure,"Cultural Exploration, Photography",Winter,"Long walking distances, crowd congestion",South Indian Cuisine,740,https://wegobond.com/wp-content/uploads/2018/01/hampi-banner.jpg,1,7833.333333333333,23500.0,7833.333333333333,0,1,0,0,0,0,3.0,2,1,0,37.724060876,18.862030438,0.7544812175200001,0.339622641509434,1.067662100264151,1.0,3.143671739666667,246.66666666666666,740.0,0,0,4.0,0.0,4,4,1,2.0,0.0,9.431015219,0.0,23500.0,0.0,3.0,0.0,740.0,1.0,0.0,2.772588722239781,10.0,0,0,0,4.0,0.0,4,4,1,2.0,0.0,23500.0,0.0,3.0,0.0,740.0,9.431015219,0.6931471805599453,1,0,0,0,0.0,1.0,1,0.0,1.0,0,0,0.0,0.0,0.0,4.0,1,0,0,0,Near,Budget,Weekend,VeryHigh,Good,3,1,0,3,2,4,0,3,3,15,6,13,2,0,1,1,2,0,3.0
389,80,498,5,Spiti Trek,Himachal Pradesh,Adventure,9.167168853,Apr-Jun,913,1,"City, Historical",1,0,23000,4,46-60,Knee Pain,Adventure,"Trekking, Adventure Sports",Summer,"High altitude, physical exertion",Himachali Cuisine,2000,https://encrypted-tbn0.gstatic.com/images?q=tbn:ANd9GcSVhMTWqQOcmNTuyOBBWk2yd5Mz2ESU1_YGVNdtOk9y5DMIs2TGizrpcCBE&s=10,1,5750.0,23000.0,5750.0,0,1,0,0,0,0,3.0,4,1,1,45.835844265,9.167168853,0.45835844265,0.4444444444444444,1.3580990893333333,0.75,2.29179221325,500.0,2000.0,0,0,3.0,2.8284271247461903,1,5,2,3.0,2.8284271247461903,9.167168853,0.0,20500.0,3535.5339059327375,3.0,1.4142135623730951,2200.0,1.0,0.0,3.2958368660043287,0.3414802408943917,1,0,0,5.0,0.0,5,5,1,1.0,0.0,23000.0,0.0,4.0,0.0,2000.0,9.167168853,0.6931471805599453,1,0,0,0,0.0,1.0,1,0.0,1.0,0,0,0.0,0.0,0.0,5.0,1,0,0,0,Far,Budget,Week,VeryHigh,Excellent,0,0,1,3,2,0,4,2,2,3,5,32,0,0,0,1,0,0,3.0
392,165,961,2,Munnar,Kerala,Nature,7.554650205,Apr-Jun,355,2,"Beaches, Historical",1,2,85500,7,26-35,Knee Pain,Adventure,"Trekking, Adventure Sports",Summer,"High altitude, physical exertion",Kerala Cuisine,1480,https://images.unsplash.com/photo-1491497895121-1334fc14d8c9,3,12214.285714285714,28500.0,4071.428571428571,1,0,0,1,0,0,2.0,0,0,0,15.10930041,15.10930041,0.30218600819999997,0.15135135135135136,0.5717032587567568,0.2857142857142857,1.0792357435714286,211.42857142857142,493.3333333333333,0,0,2.0,0.0,2,2,1,2.0,0.0,7.554650205,0.0,85500.0,0.0,7.0,0.0,1480.0,1.0,2.0,1.3862943611198906,10.0,0,1,1,2.75,1.4999999999999998,1,4,4,1.5,0.5773502691896257,80875.0,7295.832143536931,4.5,2.3804761428476167,950.0,8.454006516,1.6094379124341003,0,1,1,1,4625.0,0.9428136900934765,1,2.5,0.5454545454545454,0,1,-0.75,-0.899356311,530.0,1.5,2,1,0,0,Medium,Premium,Week,High,Poor,4,0,0,1,2,0,4,2,2,5,7,26,1,4,0,0,3,0,2.0
395,501,323,1,Taj Mahal,Uttar Pradesh,Historical,8.437797979,Nov-Feb,922,2,"Nature, Adventure",2,1,66000,3,26-35,Knee Pain,Leisure,"Cultural Exploration, Photography",Winter,"Long walking distances, crowd congestion",Mughlai Cuisine,1470,https://upload.wikimedia.org/wikipedia/commons/1/1d/Taj_Mahal_%28Edited%29.jpeg,3,22000.0,22000.0,7333.333333333333,1,0,0,1,0,0,1.5,1,0,0,8.437797979,16.875595958,0.16875595958,0.06521739130434782,0.3668607816956522,0.5,2.8125993263333338,490.0,490.0,0,0,3.0,2.8284271247461903,1,5,2,3.0,1.4142135623730951,8.437797979,0.0,93500.0,38890.87296526011,2.5,0.7071067811865476,1285.0,2.0,1.5,3.2958368660043287,0.3414802408943917,1,1,1,1.0,0.0,1,1,1,2.0,0.0,66000.0,0.0,3.0,0.0,1470.0,8.437797979,0.6931471805599453,0,1,1,0,0.0,1.0,1,0.0,1.0,0,0,0.0,0.0,0.0,1.0,1,0,0,0,Medium,Moderate,Weekend,High,Poor,3,1,2,1,2,4,0,3,3,7,16,34,1,3,1,0,3,0,1.5
398,146,216,3,Hampi Ruins,Karnataka,Historical,8.37384412,Nov-Feb,112,1,"City, Historical",1,2,91000,7,36-45,Knee Pain,Leisure,"Cultural Exploration, Photography",Winter,"Long walking distances, crowd congestion",South Indian Cuisine,740,https://wegobond.com/wp-content/uploads/2018/01/hampi-banner.jpg,3,13000.0,30333.333333333332,4333.333333333333,1,0,0,1,0,0,2.0,2,0,0,25.121532359999996,8.37384412,0.2512153236,0.14285714285714285,0.5981317228571428,0.2857142857142857,1.1962634457142856,105.71428571428571,246.66666666666666,0,0,4.0,1.4142135623730951,3,5,2,3.0,2.8284271247461903,8.37384412,0.0,78250.0,18031.22292025696,5.0,2.8284271247461903,540.0,1.0,2.0,4.394449154672438,0.660408825313113,1,1,1,2.5,0.7071067811865476,2,3,2,1.0,0.0,71750.0,27223.611075682078,6.5,0.7071067811865476,1105.0,7.995988726,1.0986122886681096,0,1,1,1,19250.0,0.7317110562918984,1,0.5,0.9333333333333333,1,0,0.5,0.3778553939999991,-365.0,2.5,2,1,0,0,Near,Premium,Week,High,Fair,3,1,1,2,2,4,0,3,3,15,6,13,2,4,0,0,1,0,2.0
404,524,107,4,Kodaikanal,Tamil Nadu,Nature,8.20745617,Sep-Mar,130,5,"Nature, Adventure",1,1,38000,1,18-25,Asthma,Family Vacation,"Nature & Relaxation, Photography",Post-Monsoon,"Curvy roads, limited medical facilities",South Indian Cuisine,1300,https://encrypted-tbn0.gstatic.com/images?q=tbn:ANd9GcRR1MrvitA-PthZ_UMPeUYOYvzHFu6Olty-pnoL9EqaCl31ZwvMHSvu9OQ&s=10,2,38000.0,19000.0,19000.0,1,0,0,1,0,0,4.5,1,1,0,32.82982468,41.03728085,1.641491234,0.11538461538461539,0.2104475941025641,4.5,8.20745617,1300.0,650.0,0,0,4.0,0.0,4,4,1,5.0,0.0,8.20745617,0.0,38000.0,0.0,1.0,0.0,1300.0,1.0,1.0,2.772588722239781,10.0,0,0,1,4.0,0.0,4,4,1,5.0,0.0,38000.0,0.0,1.0,0.0,1300.0,8.20745617,0.6931471805599453,1,0,0,0,0.0,1.0,1,0.0,1.0,0,0,0.0,0.0,0.0,4.0,1,0,0,0,Medium,Economy,Weekend,High,Good,4,4,2,0,0,2,1,1,1,15,14,18,1,1,1,0,2,1,4.5
407,374,629,1,Kerala Backwaters,Kerala,Nature,9.270981322,Sep-Mar,110,5,"Nature, Adventure",2,0,52500,4,26-35,Asthma,Family Vacation,"Nature & Relaxation, Photography",Post-Monsoon,"Curvy roads, limited medical facilities",Kerala Cuisine,1400,https://www.backpackadventures.org/wp-content/uploads/2020/08/india0898.jpg,2,13125.0,26250.0,6562.5,0,0,1,0,0,0,3.0,4,0,0,9.270981322,46.35490661,0.4635490661,0.21238938053097345,0.6563526599646018,0.75,2.3177453305,350.0,700.0,0,0,2.0,1.4142135623730951,1,3,2,4.0,1.4142135623730951,9.270981322,0.0,75250.0,32173.358543987913,5.5,2.1213203435596424,1215.0,2.0,0.5,2.197224577336219,0.660408825313113,1,1,0,1.0,0.0,1,1,1,5.0,0.0,52500.0,0.0,4.0,0.0,1400.0,9.270981322,0.6931471805599453,0,1,0,0,0.0,1.0,1,0.0,1.0,0,0,0.0,0.0,0.0,1.0,1,0,0,0,Medium,Moderate,Week,VeryHigh,Poor,4,4,2,1,0,2,1,1,1,5,7,16,1,3,0,1,3,0,3.0
408,136,268,2,Ajanta Caves,Maharashtra,Historical,8.153562079,Nov-Feb,757,1,"Beaches, Historical",1,1,53000,5,46-60,Knee Pain,Leisure,"Cultural Exploration, Photography",Winter,"Long walking distances, crowd congestion",Maharashtrian Cuisine,430,https://plus.unsplash.com/premium_photo-1697729588019-20a1f5a325d1,2,10600.0,26500.0,5300.0,1,0,0,1,0,0,1.5,1,0,0,16.307124158,8.153562079,0.16307124158,0.12931034482758622,0.7028932826724138,0.3,1.6307124158000001,86.0,215.0,1,0,2.0,0.0,2,2,1,1.0,0.0,8.153562079,0.0,53000.0,0.0,5.0,0.0,430.0,1.0,1.0,1.3862943611198906,10.0,0,1,1,2.0,0.0,2,2,1,1.0,0.0,53000.0,0.0,5.0,0.0,430.0,8.153562079,0.6931471805599453,0,1,1,1,0.0,1.0,1,0.0,1.0,0,0,0.0,0.0,0.0,2.0,1,0,0,0,Near,Moderate,Week,High,Poor,3,1,0,3,2,4,0,3,3,6,10,1,2,3,0,0,3,0,1.5
410,315,15,5,Ooty,Tamil Nadu,Nature,7.74668619,Apr-Jun,481,4,"City, Historical",1,2,48500,2,36-45,Knee Pain,Adventure,"Trekking, Adventure Sports",Summer,"High altitude, physical exertion",South Indian Cuisine,1180,https://t3.ftcdn.net/jpg/05/09/58/00/360_F_509580096_YjyHXMHyTm9OOkjUQS4kOxDXkxbOMWYi.jpg,3,24250.0,16166.666666666666,8083.333333333333,1,0,0,1,0,0,4.5,1,1,1,38.73343095,30.98674476,1.549337238,0.1782178217821782,0.30679945306930695,2.25,3.873343095,590.0,393.3333333333333,0,0,5.0,0.0,5,5,1,4.0,0.0,7.74668619,0.0,48500.0,0.0,2.0,0.0,1180.0,1.0,2.0,3.4657359027997265,10.0,0,0,1,5.0,0.0,5,5,2,4.0,0.0,62500.0,19798.98987322333,3.0,1.4142135623730951,1540.0,7.716837032,1.0986122886681096,1,0,1,0,14000.0,0.7760035839426569,1,1.0,0.75,0,0,0.0,0.02984915800000021,-360.0,5.0,2,1,0,0,Medium,Economy,Weekend,High,Excellent,4,0,1,2,2,0,4,2,2,15,14,27,1,1,1,0,0,1,4.5
412,634,872,5,Tawang,Arunachal Pradesh,Nature,8.330602251,Sep-Mar,782,1,"Nature, Adventure",1,1,52000,4,26-35,Asthma,Family Vacation,"Nature & Relaxation, Photography",Post-Monsoon,"Curvy roads, limited medical facilities",North East Cuisine,3000,https://s7ap1.scene7.com/is/image/incredibleindia/sela-pass-tawang-arunachal-pradesh-blog-ntr-hero,2,13000.0,26000.0,6500.0,1,0,0,1,0,0,3.0,4,1,1,41.653011255,8.330602251,0.41653011255000005,0.21428571428571427,0.5950430179285714,0.75,2.08265056275,750.0,1500.0,0,1,5.0,0.0,5,5,1,1.0,0.0,8.330602251,0.0,52000.0,0.0,4.0,0.0,3000.0,1.0,1.0,3.4657359027997265,10.0,0,0,1,3.6666666666666665,1.1547005383792515,3,5,3,1.0,0.0,55166.666666666664,9169.696468985945,5.333333333333333,1.5275252316519465,1866.6666666666667,8.896883131666668,1.3862943611198906,1,0,1,1,3166.6666666666642,0.9425992278085594,1,1.333333333333333,0.7894736842105263,1,0,1.3333333333333335,-0.5662808806666675,1133.3333333333333,3.6666666666666665,3,1,0,0,Far,Moderate,Week,High,Excellent,4,4,2,1,0,2,1,1,1,9,1,36,0,3,0,0,0,0,3.0
425,893,970,2,Ahmedabad,Gujarat,City,8.375786034,Oct-Mar,270,5,"Beaches, Historical",1,0,29000,7,36-45,High Blood Pressure,Business,"Shopping, Food & Local Cuisine",All seasons,"Traffic congestion, pollution",Gujarati Cuisine,520,https://encrypted-tbn0.gstatic.com/images?q=tbn:ANd9GcTjjS0tleUkYu3JCgQn5BM0ooo_ueYok5FwDld1RJJHOQ&s=10,1,4142.857142857143,29000.0,4142.857142857143,0,1,0,0,0,0,3.5,3,0,0,16.751572068,41.878930170000004,0.8375786034000001,0.6805555555555555,1.6286250621666667,0.5,1.1965408620000002,74.28571428571429,520.0,0,0,2.0,0.0,2,2,1,5.0,0.0,8.375786034,0.0,29000.0,0.0,7.0,0.0,520.0,1.0,0.0,1.3862943611198906,10.0,0,0,0,3.6666666666666665,1.5275252316519468,2,5,3,5.0,0.0,21000.0,7211.102550927979,6.333333333333333,0.5773502691896257,851.6666666666666,8.274781222333333,1.3862943611198906,1,0,0,1,8000.0,0.6190657587733918,0,0.666666666666667,0.9090909090909091,0,1,-1.6666666666666665,0.10100481166666775,-331.66666666666663,2.0,1,0,0,0,Near,Economy,Week,High,Poor,2,3,0,2,1,1,3,0,4,2,4,0,2,1,0,0,3,0,3.5
433,83,950,3,Delhi,Delhi,City,9.255202769,Oct-Mar,537,4,"Nature, Adventure",2,0,44000,4,26-35,High Blood Pressure,Business,"Shopping, Food & Local Cuisine",All seasons,"Traffic congestion, pollution",Street Food,1410,https://encrypted-tbn0.gstatic.com/images?q=tbn:ANd9GcTFxblF-zkMM4NsiVuRyJ1Yx76TMcpdDWzU6zEf57y1aQ&s=10,2,11000.0,22000.0,5500.0,0,0,1,0,0,0,3.5,1,0,0,27.765608307,37.020811076,1.11062433228,0.2916666666666667,0.7712668974166667,0.875,2.31380069225,352.5,705.0,0,0,3.0,0.0,3,3,1,4.0,0.0,9.255202769,0.0,44000.0,0.0,4.0,0.0,1410.0,2.0,0.0,2.0794415416798357,10.0,0,0,0,3.0,0.0,3,3,1,4.0,0.0,44000.0,0.0,4.0,0.0,1410.0,9.255202769,0.6931471805599453,0,0,0,0,0.0,1.0,1,0.0,1.0,0,0,0.0,0.0,0.0,3.0,1,0,0,0,Medium,Economy,Week,VeryHigh,Fair,2,3,2,1,1,1,3,0,4,16,2,9,1,1,0,1,1,0,3.5
440,914,945,4,Spiti Valley,Himachal Pradesh,Nature,9.285417261,Sep-Mar,839,3,"City, Historical",2,0,43000,2,46-60,Asthma,Family Vacation,"Nature & Relaxation, Photography",Post-Monsoon,"Curvy roads, limited medical facilities",Himachali Cuisine,2000,https://storage.googleapis.com/stateless-www-justwravel-com/2021/05/1550217293_shutterstock_1129297934.jpg.jpg,2,21500.0,21500.0,10750.0,0,0,1,0,0,0,3.5,1,1,0,37.141669044,27.856251782999998,1.1142500713199999,0.15555555555555556,0.4126852116,1.75,4.6427086305,1000.0,1000.0,0,0,3.0,1.4142135623730951,2,4,2,2.5,0.7071067811865476,9.285417261,0.0,47750.0,6717.514421272202,3.0,1.4142135623730951,2000.0,2.0,0.0,3.2958368660043287,0.660408825313113,1,0,0,4.5,0.7071067811865476,4,5,2,3.0,0.0,43500.0,707.1067811865476,3.0,1.4142135623730951,1260.0,9.299981516999999,1.0986122886681096,1,0,0,0,500.0,0.9885060113560608,1,1.0,0.75,0,1,-0.5,-0.014564255999999887,740.0,4.0,1,0,0,0,Far,Economy,Weekend,VeryHigh,Good,4,4,1,3,0,2,1,1,1,3,5,33,0,1,1,1,2,0,3.5
442,663,399,2,Jaipur,Rajasthan,City,8.822604312,Oct-Mar,953,2,"City, Historical",1,1,31500,1,46-60,High Blood Pressure,Business,"Shopping, Food & Local Cuisine",All seasons,"Traffic congestion, pollution",Rajasthani Cuisine,1140,https://t4.ftcdn.net/jpg/05/84/76/73/360_F_584767353_EXYOkE8NcX37UwV4WfBw7AjBaEtU6mMy.jpg,2,31500.0,15750.0,15750.0,1,0,0,1,0,0,2.0,0,0,0,17.645208624,17.645208624,0.35290417247999994,0.06153846153846154,0.2714647480615384,2.0,8.822604312,1140.0,570.0,0,0,2.0,0.0,2,2,1,2.0,0.0,8.822604312,0.0,31500.0,0.0,1.0,0.0,1140.0,1.0,1.0,1.3862943611198906,10.0,0,0,1,3.0,1.4142135623730951,2,5,4,2.5,0.5773502691896257,43125.0,13683.170928796682,2.75,1.2583057392117916,942.5,8.15975442875,1.6094379124341003,0,0,0,0,11625.0,0.7304410332514029,1,1.75,0.5333333333333333,0,1,-1.0,0.6628498832499989,197.5,3.5,2,1,0,0,Medium,Economy,Weekend,VeryHigh,Poor,2,3,1,3,1,1,3,0,4,13,13,15,1,1,1,1,3,0,2.0
450,419,303,2,Valley of Flowers,Uttarakhand,Nature,8.16565426,Sep-Mar,128,2,"City, Historical",2,2,83500,2,46-60,Asthma,Family Vacation,"Nature & Relaxation, Photography",Post-Monsoon,"Curvy roads, limited medical facilities",North Indian Cuisine,1900,https://encrypted-tbn0.gstatic.com/images?q=tbn:ANd9GcSKohlQ-J1CgxwCnc1mL62LM__eo7IDPvD9Hm4v1DnS8PQfNYx8O_lBtpoE&s=10,4,41750.0,20875.0,10437.5,1,0,0,1,1,0,2.0,0,0,0,16.33130852,16.33130852,0.3266261704,0.04678362573099415,0.191009456374269,1.0,4.08282713,950.0,475.0,0,0,3.3333333333333335,1.1547005383792515,2,4,3,2.3333333333333335,0.5773502691896258,8.16565426,0.0,88833.33333333333,4725.815626252609,3.3333333333333335,1.5275252316519465,1470.0,1.6666666666666667,2.0,4.620981203732969,0.7970029257273941,1,1,1,1.5,0.7071067811865476,1,2,2,1.5,0.7071067811865476,80250.0,4596.194077712559,3.0,1.4142135623730951,1520.0,8.278903963000001,1.0986122886681096,0,1,1,0,3250.0,0.9595020622795978,1,1.0,0.75,1,0,0.5,-0.11324970300000103,380.0,2.0,1,0,0,0,Far,Premium,Weekend,High,Poor,4,4,1,3,0,2,1,1,1,10,17,37,0,4,1,0,3,0,2.0
451,140,620,1,Spiti Trek,Himachal Pradesh,Adventure,8.907807741,Apr-Jun,624,4,"Nature, Adventure",2,0,48500,5,26-35,Knee Pain,Adventure,"Trekking, Adventure Sports",Summer,"High altitude, physical exertion",Himachali Cuisine,2000,https://encrypted-tbn0.gstatic.com/images?q=tbn:ANd9GcSVhMTWqQOcmNTuyOBBWk2yd5Mz2ESU1_YGVNdtOk9y5DMIs2TGizrpcCBE&s=10,2,9700.0,24250.0,4850.0,0,0,1,0,0,0,2.5,3,0,0,8.907807741,35.631230964,0.35631230964,0.23364485981308414,0.8325053963551402,0.5,1.7815615481999998,400.0,1000.0,0,0,3.0,2.8284271247461903,1,5,2,3.5,0.7071067811865476,8.907807741,0.0,39250.0,13081.47545195113,4.5,0.7071067811865476,2000.0,1.5,0.0,3.2958368660043287,0.3414802408943917,1,0,0,3.0,2.0,1,5,3,4.0,1.0,52500.0,12010.412149464313,4.0,1.7320508075688772,2060.0,8.598006613666668,1.3862943611198906,0,0,0,0,4000.0,0.9238109750290471,1,1.0,0.8,0,1,-2.0,0.30980112733333165,-60.0,1.0,1,0,0,0,Far,Economy,Week,VeryHigh,Poor,0,0,2,1,2,0,4,2,2,3,5,32,0,1,0,1,3,0,2.5
453,497,956,5,Radhanagar Beach,Andaman,Beach,8.698828828,Nov-Mar,597,3,"Nature, Adventure",1,0,15000,3,46-60,Knee Pain,Honeymoon,"Relaxation, Nightlife, Water Sports",Winter,"Crowds, sun exposure",Seafood,2500,https://dynamic-media-cdn.tripadvisor.com/media/photo-o/05/76/7a/1d/radhanagar-beach.jpg,1,5000.0,15000.0,5000.0,0,1,0,0,0,0,4.0,2,1,1,43.49414414,26.096486484,1.3048243242000002,0.6666666666666666,1.4498048046666667,1.3333333333333333,2.8996096093333334,833.3333333333334,2500.0,0,1,4.0,1.4142135623730951,3,5,2,3.5,0.7071067811865476,8.698828828,0.0,21500.0,9192.388155425118,2.5,0.7071067811865476,1542.5,1.0,1.0,4.394449154672438,0.660408825313113,1,0,1,5.0,0.0,5,5,1,3.0,0.0,15000.0,0.0,3.0,0.0,2500.0,8.698828828,0.6931471805599453,1,0,0,0,0.0,1.0,1,0.0,1.0,0,0,0.0,0.0,0.0,5.0,1,0,0,0,Far,Budget,Weekend,VeryHigh,Excellent,1,2,2,3,2,3,2,3,0,14,0,28,0,0,1,1,0,0,4.0
454,69,212,5,Kodaikanal,Tamil Nadu,Nature,9.251449512,Sep-Mar,42,1,"Nature, Adventure",2,0,57000,5,36-45,Asthma,Family Vacation,"Nature & Relaxation, Photography",Post-Monsoon,"Curvy roads, limited medical facilities",South Indian Cuisine,1300,https://encrypted-tbn0.gstatic.com/images?q=tbn:ANd9GcRR1MrvitA-PthZ_UMPeUYOYvzHFu6Olty-pnoL9EqaCl31ZwvMHSvu9OQ&s=10,2,11400.0,28500.0,5700.0,0,0,1,0,0,0,3.0,4,1,1,46.25724756,9.251449512,0.46257247560000003,0.24193548387096772,0.7460846380645162,0.6,1.8502899024000001,260.0,650.0,0,0,5.0,0.0,5,5,1,1.0,0.0,9.251449512,0.0,57000.0,0.0,5.0,0.0,1300.0,2.0,0.0,3.4657359027997265,10.0,0,1,0,5.0,0.0,5,5,2,1.0,0.0,55250.0,2474.8737341529163,5.5,0.7071067811865476,1575.0,9.146813014500001,1.0986122886681096,1,0,1,1,1750.0,0.9683263651336628,1,0.5,0.9230769230769231,0,0,0.0,0.10463649749999959,-275.0,5.0,1,0,0,0,Medium,Moderate,Week,VeryHigh,Excellent,4,4,2,2,0,2,1,1,1,15,14,18,1,3,0,1,0,0,3.0
457,161,579,2,Fatehpur Sikri,Uttar Pradesh,Historical,7.738547102,Nov-Feb,211,4,"City, Historical",2,1,66000,3,26-35,Knee Pain,Leisure,"Cultural Exploration, Photography",Winter,"Long walking distances, crowd congestion",Mughlai Cuisine,1450,https://images.unsplash.com/photo-1717761558642-32cbeccbee7e,3,22000.0,22000.0,7333.333333333333,1,0,0,1,0,0,3.0,2,0,0,15.477094204,30.954188408,0.61908376816,0.13043478260869565,0.3364585696521739,1.0,2.5795157006666667,483.3333333333333,483.3333333333333,0,0,2.0,0.0,2,2,1,4.0,0.0,7.738547102,0.0,66000.0,0.0,3.0,0.0,1450.0,2.0,1.0,1.3862943611198906,10.0,0,1,1,3.6,1.9493588689617927,1,5,5,4.0,0.7071067811865476,66000.0,13833.835332256922,4.2,1.7888543819998317,1450.0,8.7290480806,1.791759469228055,1,0,1,1,0.0,1.0,1,1.2000000000000002,0.7692307692307692,0,1,-1.6,-0.9905009786000001,0.0,2.0,1,0,0,0,Medium,Moderate,Weekend,High,Poor,3,1,1,1,2,4,0,3,3,7,16,11,1,3,1,0,3,0,3.0
461,80,468,1,Zanskar Valley,Ladakh,Adventure,9.167168853,Apr-Jun,159,5,"City, Historical",1,0,18000,2,26-35,Knee Pain,Adventure,"Trekking, Adventure Sports",Summer,"High altitude, physical exertion",Tibetan Cuisine,2400,https://www.swantour.com/blogs/wp-content/uploads/2019/05/Zanskar-Valley-tourism.jpg,1,9000.0,18000.0,9000.0,0,1,0,0,0,0,3.0,4,0,0,9.167168853,45.835844265,0.45835844265,0.3,0.9167168853,1.5,4.5835844265,1200.0,2400.0,0,1,3.0,2.8284271247461903,1,5,2,3.0,2.8284271247461903,9.167168853,0.0,20500.0,3535.5339059327375,3.0,1.4142135623730951,2200.0,1.0,0.0,3.2958368660043287,0.3414802408943917,1,0,0,2.6666666666666665,1.5275252316519468,1,4,3,5.0,0.0,24333.333333333332,7094.598884597588,3.6666666666666665,2.8867513459481287,1480.0,8.312782119333333,1.3862943611198906,0,1,0,0,6333.333333333332,0.7397367231483638,1,1.6666666666666665,0.6428571428571428,0,1,-1.6666666666666665,0.8543867336666668,920.0,1.0,1,0,0,0,Far,Budget,Weekend,VeryHigh,Poor,0,0,1,1,2,0,4,2,2,17,8,39,0,0,1,1,3,0,3.0
474,795,418,2,Tawang,Arunachal Pradesh,Nature,8.189514728,Apr-Jun,373,4,"Beaches, Historical",1,2,85500,7,46-60,Knee Pain,Adventure,"Trekking, Adventure Sports",Summer,"High altitude, physical exertion",North East Cuisine,3000,https://s7ap1.scene7.com/is/image/incredibleindia/sela-pass-tawang-arunachal-pradesh-blog-ntr-hero,3,12214.285714285714,28500.0,4071.428571428571,1,0,0,1,0,0,3.0,2,0,0,16.379029456,32.758058912,0.6551611782400001,0.22702702702702704,0.6197470604972973,0.42857142857142855,1.1699306754285714,428.57142857142856,1000.0,0,1,3.0,1.0,2,4,3,3.0,1.0,8.189514728,0.0,49000.0,32546.121120649692,4.666666666666667,2.081665999466133,2150.0,1.3333333333333333,0.6666666666666666,4.1588830833596715,0.9090909090909091,1,0,1,2.25,0.5,2,3,4,4.25,0.5,71375.0,12099.41458638943,5.5,1.2909944487358056,1758.75,8.1969980655,1.6094379124341003,0,1,1,1,14125.0,0.8021043488007173,1,1.5,0.7692307692307692,0,1,-0.25,-0.007483337500000076,1241.25,2.0,2,1,0,0,Far,Premium,Week,High,Poor,4,0,0,3,2,0,4,2,2,9,1,36,0,4,0,0,3,0,3.0
484,448,524,5,Jaipur,Rajasthan,City,8.531272859,Oct-Mar,476,5,"Nature, Adventure",2,2,61000,1,18-25,High Blood Pressure,Business,"Shopping, Food & Local Cuisine",All seasons,"Traffic congestion, pollution",Rajasthani Cuisine,1140,https://t4.ftcdn.net/jpg/05/84/76/73/360_F_584767353_EXYOkE8NcX37UwV4WfBw7AjBaEtU6mMy.jpg,4,61000.0,15250.0,15250.0,1,0,0,1,1,0,5.0,0,1,1,42.656364294999996,42.656364294999996,2.13281821475,0.08064516129032258,0.1376011751451613,5.0,8.531272859,1140.0,285.0,0,0,2.6666666666666665,2.0816659994661326,1,5,3,5.0,0.0,8.531272859,0.0,75166.66666666667,12271.240089466643,3.3333333333333335,2.516611478423583,1023.3333333333334,1.6666666666666667,1.6666666666666667,3.6967849629863747,0.458365304425474,1,1,1,4.0,1.7320508075688772,2,5,3,5.0,0.0,83500.0,26358.110706194402,3.3333333333333335,2.516611478423583,730.0,8.240112024333333,1.3862943611198906,1,0,1,0,22500.0,0.730542149195818,1,2.3333333333333335,0.46153846153846156,1,0,1.0,0.2911608346666661,410.0,3.5,2,1,0,0,Medium,Moderate,Weekend,VeryHigh,Excellent,2,3,2,0,1,1,3,0,4,13,13,15,1,3,1,1,0,1,5.0
497,488,281,4,Bangalore,Karnataka,City,8.654607164,Oct-Mar,228,5,"Nature, Adventure",2,2,61000,1,46-60,High Blood Pressure,Business,"Shopping, Food & Local Cuisine",All seasons,"Traffic congestion, pollution",Multi Cuisine,980,https://media.istockphoto.com/id/1382384282/photo/bangalore-or-bengaluru.jpg,4,61000.0,15250.0,15250.0,1,0,0,1,1,0,4.5,1,1,0,34.618428656,43.27303582,1.7309214327999998,0.07258064516129033,0.13959043812903224,4.5,8.654607164,980.0,245.0,0,0,4.0,0.0,4,4,1,5.0,0.0,8.654607164,0.0,61000.0,0.0,1.0,0.0,980.0,2.0,2.0,2.772588722239781,10.0,0,1,1,4.0,1.0,3,5,3,4.666666666666667,0.5773502691896258,81166.66666666667,28285.744348228374,3.3333333333333335,3.2145502536643185,1005.0,8.903893245333334,1.3862943611198906,1,0,1,0,20166.66666666667,0.7515431021383719,1,2.3333333333333335,0.46153846153846156,0,0,0.0,-0.2492860813333344,-25.0,3.5,2,1,0,0,Medium,Moderate,Weekend,VeryHigh,Good,2,3,2,3,1,1,3,0,4,8,6,4,1,3,1,1,2,1,4.5
498,235,735,1,Sandakphu,West Bengal,Adventure,8.734064598,Apr-Jun,7,3,"City, Historical",1,0,15500,1,36-45,Knee Pain,Adventure,"Trekking, Adventure Sports",Summer,"High altitude, physical exertion",North East Cuisine,2200,https://aquaterra.in/wp-content/uploads/2020/01/Sandakphu-Trek-03.jpg,1,15500.0,15500.0,15500.0,0,1,0,0,0,0,2.0,2,0,0,8.734064598,26.202193794,0.26202193794,0.12121212121212122,0.5293372483636364,2.0,8.734064598,2200.0,2200.0,0,1,1.0,0.0,1,1,1,3.0,0.0,8.734064598,0.0,15500.0,0.0,1.0,0.0,2200.0,1.0,0.0,0.6931471805599453,10.0,0,0,0,2.0,1.4142135623730951,1,3,2,3.0,0.0,16250.0,1060.6601717798212,2.5,2.1213203435596424,1395.0,8.616820496999999,1.0986122886681096,0,1,0,0,750.0,0.9538489939080672,1,1.5,0.5714285714285714,0,1,-1.0,0.11724410100000071,805.0,1.0,1,0,0,0,Far,Budget,Weekend,VeryHigh,Poor,0,0,1,2,2,0,4,2,2,9,18,31,0,0,1,1,3,0,2.0
499,748,607,1,Hyderabad,Telangana,City,8.719936426,Oct-Mar,573,2,"Beaches, Historical",1,0,27000,6,36-45,High Blood Pressure,Business,"Shopping, Food & Local Cuisine",All seasons,"Traffic congestion, pollution",Hyderabadi Cuisine,710,https://t4.ftcdn.net/jpg/03/60/89/09/360_F_360890991_Ykybj5JO5HYBaqWeROz9cR2jWXN8HZxf.jpg,1,4500.0,27000.0,4500.0,0,1,0,0,0,0,1.5,1,0,0,8.719936426,17.439872852,0.17439872852000002,0.2727272727272727,1.5854429865454547,0.25,1.4533227376666666,118.33333333333333,710.0,0,0,1.0,0.0,1,1,1,2.0,0.0,8.719936426,0.0,27000.0,0.0,6.0,0.0,710.0,1.0,0.0,0.6931471805599453,10.0,0,0,0,1.0,0.0,1,1,1,2.0,0.0,27000.0,0.0,6.0,0.0,710.0,8.719936426,0.6931471805599453,0,1,0,1,0.0,1.0,1,0.0,1.0,0,0,0.0,0.0,0.0,1.0,1,0,0,0,Near,Economy,Week,VeryHigh,Poor,2,3,0,2,1,1,3,0,4,4,15,14,2,1,0,1,3,0,1.5
502,845,725,4,Munnar,Kerala,Nature,8.66944927,Apr-Jun,29,1,"Nature, Adventure",1,1,43000,4,26-35,Knee Pain,Adventure,"Trekking, Adventure Sports",Summer,"High altitude, physical exertion",Kerala Cuisine,1480,https://images.unsplash.com/photo-1491497895121-1334fc14d8c9,2,10750.0,21500.0,5375.0,1,0,0,1,0,0,2.5,3,1,0,34.67779708,8.66944927,0.3467779708,0.2127659574468085,0.737825469787234,0.625,2.1673623175,370.0,740.0,0,0,4.0,0.0,4,4,1,1.0,0.0,8.66944927,0.0,43000.0,0.0,4.0,0.0,1480.0,1.0,1.0,2.772588722239781,10.0,0,0,1,3.5,0.7071067811865476,3,4,2,2.5,2.1213203435596424,38250.0,6717.514421272202,5.0,1.4142135623730951,1690.0,8.985628591,1.0986122886681096,1,0,0,1,4750.0,0.8758202399937256,1,1.0,0.8333333333333334,1,0,0.5,-0.3161793209999999,-210.0,3.5,2,1,0,0,Medium,Economy,Week,VeryHigh,Good,4,0,2,1,2,0,4,2,2,5,7,26,1,1,0,1,2,0,2.5
504,731,576,3,Red Fort,Delhi,Historical,9.206443213,Nov-Feb,578,5,"City, Historical",2,0,53500,5,18-25,Knee Pain,Leisure,"Cultural Exploration, Photography",Winter,"Long walking distances, crowd congestion",Mughlai Cuisine,1410,https://upload.wikimedia.org/wikipedia/commons/d/d6/Delhi%2C_India%2C_Red_Fort_Facade.jpg,2,10700.0,26750.0,5350.0,0,0,1,0,0,0,4.0,2,0,0,27.619329639,46.032216065,1.38096648195,0.3418803418803419,0.7868754882905984,0.8,1.8412886426,282.0,705.0,0,0,3.0,0.0,3,3,1,5.0,0.0,9.206443213,0.0,53500.0,0.0,5.0,0.0,1410.0,2.0,0.0,2.0794415416798357,10.0,0,1,0,4.0,1.4142135623730951,3,5,2,5.0,0.0,45000.0,12020.815280171308,3.0,2.8284271247461903,1555.0,8.795775159,1.0986122886681096,1,0,0,0,8500.0,0.811115308548699,1,2.0,0.5,0,1,-1.0,0.4106680540000003,-145.0,4.0,2,1,0,0,Medium,Moderate,Week,VeryHigh,Fair,3,1,1,0,2,4,0,3,3,7,2,29,1,3,0,1,1,0,4.0
509,277,568,5,Radhanagar Beach,Andaman,Beach,8.694303253,Nov-Mar,805,5,"Beaches, Historical",2,0,32000,4,46-60,Knee Pain,Honeymoon,"Relaxation, Nightlife, Water Sports",Winter,"Crowds, sun exposure",Seafood,2500,https://dynamic-media-cdn.tripadvisor.com/media/photo-o/05/76/7a/1d/radhanagar-beach.jpg,2,8000.0,16000.0,4000.0,0,0,1,0,0,0,5.0,0,1,1,43.471516265,43.471516265,2.17357581325,0.5555555555555556,0.9660336947777777,1.25,2.17357581325,625.0,1250.0,0,1,3.0,2.8284271247461903,1,5,2,4.5,0.7071067811865476,8.694303253,0.0,39000.0,9899.494936611665,4.0,0.0,2025.0,1.5,1.0,3.2958368660043287,0.3414802408943917,1,0,1,4.5,0.7071067811865476,4,5,2,5.0,0.0,30500.0,2121.3203435596424,2.5,2.1213203435596424,2350.0,8.809901782499999,1.0986122886681096,1,0,0,0,1500.0,0.9508212845480476,1,1.5,0.5714285714285714,1,0,0.5,-0.11559852949999971,150.0,5.0,1,0,0,0,Far,Economy,Week,VeryHigh,Excellent,1,2,0,3,2,3,2,3,0,14,0,28,0,1,0,1,0,1,5.0
512,547,295,2,Marina Beach,Tamil Nadu,Beach,8.645510419,Nov-Mar,916,1,"Beaches, Historical",1,0,15000,3,46-60,Knee Pain,Honeymoon,"Relaxation, Nightlife, Water Sports",Winter,"Crowds, sun exposure",Seafood,1340,https://encrypted-tbn0.gstatic.com/licensed-image?q=tbn:ANd9GcQct7UyX_Oev4c9kXNkRrH7cu6JRlW5Xs6MNpuB-CTQjXyNxWdF7V64hL9ANP93g9qVVT1kg12v0L1opGDTWLdmYNf-&s=19,1,5000.0,15000.0,5000.0,0,1,0,0,0,0,1.5,1,0,0,17.291020838,8.645510419,0.17291020838,0.25,1.4409184031666669,0.5,2.8818368063333337,446.6666666666667,1340.0,0,0,1.5,0.7071067811865476,1,2,2,1.5,0.7071067811865476,8.645510419,0.0,50000.0,49497.474683058324,2.5,0.7071067811865476,930.0,1.5,1.0,1.6479184330021643,1.238993430992954,1,0,1,1.5,0.7071067811865476,1,2,2,1.5,0.7071067811865476,16000.0,1414.213562373095,4.5,2.1213203435596424,965.0,8.880679959,1.0986122886681096,0,1,0,1,1000.0,0.9375039060058746,1,1.5,0.7272727272727273,1,0,0.5,-0.23516953999999934,375.0,1.5,2,1,0,0,Medium,Budget,Weekend,VeryHigh,Poor,1,2,0,3,2,3,2,3,0,14,14,24,1,0,1,1,3,0,1.5
513,661,590,2,Konark Sun Temple,Odisha,Historical,9.3495136,Nov-Feb,171,4,"Nature, Adventure",1,2,59000,2,18-25,Knee Pain,Leisure,"Cultural Exploration, Photography",Winter,"Long walking distances, crowd congestion",Odia Cuisine,1700,https://cdn.britannica.com/19/251919-050-D3E64798/konark-sun-temple-orissa-india-unesco-heritage-site.jpg,3,29500.0,19666.666666666668,9833.333333333334,1,0,0,1,0,0,3.0,2,0,0,18.6990272,37.3980544,0.7479610879999999,0.09836065573770492,0.30654142950819674,1.5,4.6747568,850.0,566.6666666666666,0,0,2.0,0.0,2,2,1,4.0,0.0,9.3495136,0.0,59000.0,0.0,2.0,0.0,1700.0,1.0,2.0,1.3862943611198906,10.0,0,1,1,2.5,0.7071067811865476,2,3,2,4.0,0.0,67750.0,12374.368670764581,3.0,1.4142135623730951,2350.0,8.950469915500001,1.0986122886681096,0,1,1,0,8750.0,0.8708506147510737,1,1.0,0.75,0,1,-0.5,0.3990436844999987,-650.0,2.0,1,0,0,0,Far,Moderate,Weekend,VeryHigh,Poor,3,1,2,0,2,4,0,3,3,11,11,20,0,3,1,1,3,0,3.0
516,695,724,5,Kerala Backwaters,Kerala,Nature,9.288646089,Apr-Jun,161,5,"Beaches, Historical",2,2,74500,3,46-60,Knee Pain,Adventure,"Trekking, Adventure Sports",Summer,"High altitude, physical exertion",Kerala Cuisine,1400,https://www.backpackadventures.org/wp-content/uploads/2020/08/india0898.jpg,4,24833.333333333332,18625.0,6208.333333333333,1,0,0,1,1,0,5.0,0,1,1,46.443230445,46.443230445,2.32216152225,0.19354838709677422,0.35956049376774196,1.6666666666666667,3.096215363,466.6666666666667,350.0,0,0,4.5,0.7071067811865476,4,5,2,3.0,2.8284271247461903,9.288646089,0.0,94000.0,27577.164466275353,5.0,2.8284271247461903,1350.0,2.0,2.0,4.943755299006493,1.238993430992954,1,1,1,5.0,0.0,5,5,1,5.0,0.0,74500.0,0.0,3.0,0.0,1400.0,9.288646089,0.6931471805599453,1,0,1,0,0.0,1.0,1,0.0,1.0,0,0,0.0,0.0,0.0,5.0,1,0,0,0,Medium,Moderate,Weekend,VeryHigh,Excellent,4,0,0,3,2,0,4,2,2,5,7,16,1,3,1,1,0,1,5.0
520,917,146,3,Kovalam Beach,Kerala,Beach,7.545108072,Nov-Mar,709,2,"Nature, Adventure",1,1,31500,4,46-60,Knee Pain,Honeymoon,"Relaxation, Nightlife, Water Sports",Winter,"Crowds, sun exposure",Seafood,1650,https://eastindiantraveller.com/wp-content/uploads/2021/01/kovalambeach.jpg,2,7875.0,15750.0,3937.5,1,0,0,1,0,0,2.5,1,0,0,22.635324216,15.090216144,0.45270648432,0.28169014084507044,0.850153022197183,0.625,1.886277018,412.5,825.0,0,0,2.5,0.7071067811865476,2,3,2,3.5,2.1213203435596424,7.545108072,0.0,33750.0,3181.9805153394636,5.0,1.4142135623730951,1495.0,1.5,0.5,2.7465307216702737,1.238993430992954,1,0,0,3.0,0.0,3,3,1,2.0,0.0,31500.0,0.0,4.0,0.0,1650.0,7.545108072,0.6931471805599453,0,0,0,0,0.0,1.0,1,0.0,1.0,0,0,0.0,0.0,0.0,3.0,1,0,0,0,Far,Economy,Week,High,Fair,1,2,2,3,2,3,2,3,0,14,7,21,0,1,0,0,1,0,2.5
522,247,873,3,Gokarna Beach,Karnataka,Beach,9.153509849,Nov-Mar,135,2,"City, Historical",2,0,28000,3,18-25,Knee Pain,Honeymoon,"Relaxation, Nightlife, Water Sports",Winter,"Crowds, sun exposure",Seafood,680,https://realtalktravel.com/wp-content/uploads/Om-Beach-Gokarna.webp,2,9333.333333333334,14000.0,4666.666666666667,0,0,1,0,0,0,2.5,1,0,0,27.460529547,18.307019698,0.54921059094,0.24193548387096772,0.8858235337741935,0.8333333333333334,3.051169949666667,226.66666666666666,340.0,0,0,3.0,0.0,3,3,1,2.0,0.0,9.153509849,0.0,28000.0,0.0,3.0,0.0,680.0,2.0,0.0,2.0794415416798357,10.0,0,0,0,3.5,0.7071067811865476,3,4,2,2.0,0.0,34000.0,8485.28137423857,4.5,2.1213203435596424,1010.0,8.958456773,1.0986122886681096,1,0,0,1,6000.0,0.8235346019234728,1,1.5,0.7272727272727273,0,1,-0.5,0.19505307600000066,-330.0,3.5,2,1,0,0,Near,Economy,Weekend,VeryHigh,Fair,1,2,1,0,2,3,2,3,0,14,6,12,2,1,1,1,1,0,2.5
523,320,863,5,Coorg,Karnataka,Nature,8.353685271,Apr-Jun,135,4,"Nature, Adventure",1,2,48500,2,46-60,Knee Pain,Adventure,"Trekking, Adventure Sports",Summer,"High altitude, physical exertion",Coorgi Cuisine,1030,https://images.unsplash.com/photo-1710612198146-77512950a4b7,3,24250.0,16166.666666666666,8083.333333333333,1,0,0,1,0,0,4.5,1,1,1,41.768426355,33.414741084,1.6707370542000002,0.1782178217821782,0.3308390206336634,2.25,4.1768426355,515.0,343.3333333333333,0,0,5.0,0.0,5,5,1,4.0,0.0,8.353685271,0.0,48500.0,0.0,2.0,0.0,1030.0,1.0,2.0,3.4657359027997265,10.0,0,0,1,3.0,2.8284271247461903,1,5,2,4.0,0.0,57000.0,12020.815280171308,2.5,0.7071067811865476,1365.0,8.788838183,1.0986122886681096,0,0,1,0,8500.0,0.8508798091261557,1,0.5,0.8571428571428572,1,0,2.0,-0.4351529119999995,-335.0,5.0,1,0,0,0,Medium,Economy,Weekend,High,Excellent,4,0,2,3,2,0,4,2,2,1,6,8,1,1,1,0,0,1,4.5
525,780,386,5,Leh Ladakh,Ladakh,Adventure,9.291685938,Apr-Jun,290,4,"Nature, Adventure",2,0,29000,1,26-35,Knee Pain,Adventure,"Trekking, Adventure Sports",Summer,"High altitude, physical exertion",Tibetan Cuisine,2500,https://encrypted-tbn0.gstatic.com/images?q=tbn:ANd9GcR6syC-08_34gV3HDUrcoT836XfFU1TJFrrucb9MfdLPiXz7ULyfUkGJEq2&s=10,2,29000.0,14500.0,14500.0,0,0,1,0,0,0,4.5,1,1,1,46.45842969,37.166743752,1.8583371876,0.15,0.30972286460000004,4.5,9.291685938,2500.0,1250.0,0,1,4.5,0.7071067811865476,4,5,2,3.0,1.4142135623730951,9.291685938,0.0,35250.0,8838.834764831845,3.0,2.8284271247461903,2200.0,1.5,1.0,4.943755299006493,1.238993430992954,1,0,1,4.333333333333333,1.1547005383792515,3,5,3,4.0,0.0,43000.0,12288.205727444507,2.3333333333333335,1.5275252316519465,1540.0,8.476757671,1.3862943611198906,1,0,0,0,14000.0,0.6744261761354386,0,1.3333333333333335,0.6,1,0,0.666666666666667,0.8149282670000009,960.0,5.0,1,0,0,0,Far,Economy,Weekend,VeryHigh,Excellent,0,0,2,1,2,0,4,2,2,17,8,22,0,1,1,1,0,1,4.5
531,409,627,4,Tawang,Arunachal Pradesh,Nature,7.695324251,Sep-Mar,499,2,"City, Historical",2,0,52500,4,26-35,Asthma,Family Vacation,"Nature & Relaxation, Photography",Post-Monsoon,"Curvy roads, limited medical facilities",North East Cuisine,3000,https://s7ap1.scene7.com/is/image/incredibleindia/sela-pass-tawang-arunachal-pradesh-blog-ntr-hero,2,13125.0,26250.0,6562.5,0,0,1,0,0,0,3.0,2,1,0,30.781297004,15.390648502,0.6156259400799999,0.21238938053097345,0.5448017168849557,0.75,1.92383106275,750.0,1500.0,0,1,4.5,0.7071067811865476,4,5,2,2.5,0.7071067811865476,7.695324251,0.0,36500.0,22627.41699796952,3.5,0.7071067811865476,2015.0,1.5,0.0,4.943755299006493,1.238993430992954,1,0,0,4.5,0.7071067811865476,4,5,2,2.5,0.7071067811865476,45500.0,9899.494936611665,3.5,0.7071067811865476,2200.0,8.3886249365,1.0986122886681096,1,0,0,0,7000.0,0.8461572273136855,1,0.5,0.8888888888888888,0,1,-0.5,-0.6933006854999997,800.0,4.5,2,1,0,0,Far,Moderate,Week,High,Good,4,4,1,1,0,2,1,1,1,9,1,36,0,3,0,0,2,0,3.0
549,297,70,3,Baga Beach,Goa,Beach,7.633292997,Nov-Mar,41,3,"Beaches, Historical",1,2,58000,6,18-25,Knee Pain,Honeymoon,"Relaxation, Nightlife, Water Sports",Winter,"Crowds, sun exposure",Seafood,590,https://encrypted-tbn0.gstatic.com/images?q=tbn:ANd9GcQeseYB8OMIYAnzRmlYP6matYpojVkK9lRx0Wgn7x8BYcxvxjfwm4QrUxM&s=10,3,9666.666666666666,19333.333333333332,3222.222222222222,1,0,0,1,0,0,3.0,0,0,0,22.899878991,22.899878991,0.68699636973,0.28125,0.71562121846875,0.5,1.2722154995,98.33333333333333,196.66666666666666,0,0,3.0,0.0,3,3,1,3.0,0.0,7.633292997,0.0,58000.0,0.0,6.0,0.0,590.0,1.0,2.0,2.0794415416798357,10.0,0,1,1,3.5,1.0,3,5,4,3.0,0.0,58625.0,18803.257696473767,5.0,1.4142135623730951,1055.0,8.23058033825,1.6094379124341003,1,0,1,1,625.0,0.9893392010370825,1,1.0,0.8333333333333334,0,1,-0.5,-0.5972873412500004,-465.0,3.0,3,1,0,0,Near,Moderate,Week,High,Fair,1,2,0,0,2,3,2,3,0,14,3,3,2,3,0,0,1,0,3.0
552,812,602,5,Calangute Beach,Goa,Beach,9.00678474,Nov-Mar,572,5,"Nature, Adventure",1,2,58000,6,26-35,Knee Pain,Honeymoon,"Relaxation, Nightlife, Water Sports",Winter,"Crowds, sun exposure",Seafood,585,https://encrypted-tbn0.gstatic.com/images?q=tbn:ANd9GcQawETYRiYBsH6-h7nyRef7D05VLNnIS00HBpFyaZdOJDehCXzhEkUfAY5Vf_tWlUzd5qaIpJnkr2vAOF1xcvRS_dDd2Lq-Y2B30QDq-g&s=10,3,9666.666666666666,19333.333333333332,3222.222222222222,1,0,0,1,0,0,5.0,0,1,1,45.0339237,45.0339237,2.251696185,0.46875,0.844386069375,0.8333333333333334,1.5011307900000002,97.5,195.0,0,0,5.0,0.0,5,5,1,5.0,0.0,9.00678474,0.0,58000.0,0.0,6.0,0.0,585.0,1.0,2.0,3.4657359027997265,10.0,0,1,1,5.0,0.0,5,5,1,5.0,0.0,58000.0,0.0,6.0,0.0,585.0,9.00678474,0.6931471805599453,1,0,1,1,0.0,1.0,1,0.0,1.0,0,0,0.0,0.0,0.0,5.0,1,0,0,0,Near,Moderate,Week,VeryHigh,Excellent,1,2,2,1,2,3,2,3,0,14,3,6,2,3,0,1,0,1,5.0
556,50,628,1,Coorg,Karnataka,Nature,8.180477326,Apr-Jun,35,5,"Beaches, Historical",1,2,71000,5,46-60,Knee Pain,Adventure,"Trekking, Adventure Sports",Summer,"High altitude, physical exertion",Coorgi Cuisine,1030,https://images.unsplash.com/photo-1710612198146-77512950a4b7,3,14200.0,23666.666666666668,4733.333333333333,1,0,0,1,0,0,3.0,4,0,0,8.180477326,40.90238663,0.40902386630000004,0.19736842105263158,0.5381892977631579,0.6,1.6360954652,206.0,343.3333333333333,0,0,1.0,0.0,1,1,1,5.0,0.0,8.180477326,0.0,71000.0,0.0,5.0,0.0,1030.0,1.0,2.0,0.6931471805599453,10.0,0,1,1,2.0,2.0,1,5,4,4.5,0.5773502691896257,76750.0,6075.908711186061,5.25,0.9574271077563381,840.0,8.29481402975,1.6094379124341003,0,1,1,1,5750.0,0.9250824093497153,1,0.25,0.96,0,1,-1.0,-0.11433670375000027,190.0,1.0,1,0,0,0,Medium,Moderate,Week,High,Poor,4,0,0,3,2,0,4,2,2,1,6,8,1,3,0,0,3,0,3.0
558,60,180,2,Ooty,Tamil Nadu,Nature,8.090294276,Apr-Jun,960,3,"City, Historical",1,2,63500,4,18-25,Knee Pain,Adventure,"Trekking, Adventure Sports",Summer,"High altitude, physical exertion",South Indian Cuisine,1180,https://t3.ftcdn.net/jpg/05/09/58/00/360_F_509580096_YjyHXMHyTm9OOkjUQS4kOxDXkxbOMWYi.jpg,3,15875.0,21166.666666666668,5291.666666666667,1,0,0,1,0,0,2.5,1,0,0,16.180588552,24.270882827999998,0.48541765655999997,0.14814814814814814,0.4794248459851852,0.625,2.022573569,295.0,393.3333333333333,0,0,2.0,1.0,1,3,3,2.6666666666666665,1.5275252316519468,8.090294276,0.0,45000.0,20475.595229443272,4.333333333333333,0.5773502691896257,1643.3333333333333,1.0,1.3333333333333333,2.772588722239781,0.9090909090909091,1,0,1,3.0,1.7320508075688772,2,5,3,2.6666666666666665,0.5773502691896257,48333.333333333336,13156.113914577258,3.6666666666666665,0.5773502691896258,1306.6666666666667,8.739042493,1.3862943611198906,0,0,0,0,15166.666666666664,0.68621338868851,0,0.3333333333333335,0.9285714285714285,0,1,-1.0,-0.6487482169999996,-126.66666666666674,2.0,2,1,0,0,Medium,Moderate,Week,High,Poor,4,0,1,0,2,0,4,2,2,15,14,27,1,3,0,0,3,0,2.5
560,493,256,5,Mumbai,Maharashtra,City,8.878936494,Oct-Mar,242,3,"Beaches, Historical",2,1,76500,6,18-25,High Blood Pressure,Business,"Shopping, Food & Local Cuisine",All seasons,"Traffic congestion, pollution",Street Food,35,https://t4.ftcdn.net/jpg/01/46/43/87/360_F_146438747_3XYwVkfnYZuukBZYmDM8xeoqENzyhAqa.jpg,3,12750.0,25500.0,4250.0,1,0,0,1,0,0,4.0,2,1,1,44.39468247,26.636809481999997,1.3318404741,0.2909090909090909,0.6457408359272727,0.6666666666666666,1.479822749,5.833333333333333,11.666666666666666,1,0,4.5,0.7071067811865476,4,5,2,2.5,0.7071067811865476,8.878936494,0.0,66250.0,14495.689014324224,6.5,0.7071067811865476,277.5,2.0,0.5,4.943755299006493,1.238993430992954,1,1,0,5.0,0.0,5,5,2,3.5,0.7071067811865476,70500.0,8485.28137423857,4.5,2.1213203435596424,1042.5,8.721554026,1.0986122886681096,1,0,1,1,6000.0,0.9148948241868909,1,1.5,0.7272727272727273,0,0,0.0,0.15738246799999978,-1007.5,5.0,2,1,0,0,VeryNear,Moderate,Week,VeryHigh,Excellent,2,3,0,0,1,1,3,0,4,16,10,25,3,3,0,1,0,0,4.0
562,967,51,1,Varkala Beach,Kerala,Beach,7.528727097,Nov-Mar,951,5,"City, Historical",1,1,31500,4,26-35,Knee Pain,Honeymoon,"Relaxation, Nightlife, Water Sports",Winter,"Crowds, sun exposure",Seafood,1550,https://encrypted-tbn0.gstatic.com/images?q=tbn:ANd9GcQhhfqvS3M6-Q5xL-XOgqAbXut9hnDO4dA-_VCx1YCE79I6gDY3_C1Zv3dOXwu2pL_OmQVlumXjSSQ8I6p748JioJniT2Wxf2InPIObpQ&s=10,2,7875.0,15750.0,3937.5,1,0,0,1,0,0,3.0,4,0,0,7.528727097,37.643635485,0.37643635485,0.3380281690140845,0.8483072785352113,0.75,1.88218177425,387.5,775.0,0,0,1.0,0.0,1,1,1,5.0,0.0,7.528727097,0.0,31500.0,0.0,4.0,0.0,1550.0,1.0,1.0,0.6931471805599453,10.0,0,0,1,1.0,0.0,1,1,1,5.0,0.0,31500.0,0.0,4.0,0.0,1550.0,7.528727097,0.6931471805599453,0,1,0,0,0.0,1.0,1,0.0,1.0,0,0,0.0,0.0,0.0,1.0,1,0,0,0,Far,Economy,Week,High,Poor,1,2,1,1,2,3,2,3,0,14,7,38,0,1,0,0,3,0,3.0
563,511,613,5,Konark Sun Temple,Odisha,Historical,9.219575249,Nov-Feb,146,3,"Beaches, Historical",2,0,62000,7,36-45,Knee Pain,Leisure,"Cultural Exploration, Photography",Winter,"Long walking distances, crowd congestion",Odia Cuisine,1700,https://cdn.britannica.com/19/251919-050-D3E64798/konark-sun-temple-orissa-india-unesco-heritage-site.jpg,2,8857.142857142857,31000.0,4428.571428571428,0,0,1,0,0,0,4.0,2,1,1,46.097876245,27.658725747,1.38293628735,0.40579710144927533,0.9353192281594203,0.5714285714285714,1.3170821784285713,242.85714285714286,850.0,0,0,5.0,0.0,5,5,2,2.5,0.7071067811865476,9.219575249,0.0,70000.0,11313.70849898476,4.5,3.5355339059327378,1555.0,2.0,1.0,5.493061443340547,10.0,1,1,1,5.0,0.0,5,5,1,3.0,0.0,62000.0,0.0,7.0,0.0,1700.0,9.219575249,0.6931471805599453,1,0,1,1,0.0,1.0,1,0.0,1.0,0,0,0.0,0.0,0.0,5.0,1,0,0,0,Far,Moderate,Week,VeryHigh,Excellent,3,1,0,2,2,4,0,3,3,11,11,20,0,3,0,1,0,0,4.0
564,632,129,5,Kovalam Beach,Kerala,Beach,7.876158567,Nov-Mar,240,3,"City, Historical",2,1,28500,1,26-35,Knee Pain,Honeymoon,"Relaxation, Nightlife, Water Sports",Winter,"Crowds, sun exposure",Seafood,1650,https://eastindiantraveller.com/wp-content/uploads/2021/01/kovalambeach.jpg,3,28500.0,9500.0,9500.0,1,0,0,1,0,0,4.0,2,1,1,39.380792835,23.628475701,1.18142378505,0.13559322033898305,0.266988426,4.0,7.876158567,1650.0,550.0,0,0,3.0,1.7320508075688772,2,5,3,4.0,1.0,7.876158567,0.0,30166.666666666668,14074.208089030562,3.3333333333333335,2.516611478423583,971.6666666666666,1.6666666666666667,1.0,4.1588830833596715,0.5458363904912633,1,0,1,5.0,0.0,5,5,1,3.0,0.0,28500.0,0.0,1.0,0.0,1650.0,7.876158567,0.6931471805599453,1,0,0,0,0.0,1.0,1,0.0,1.0,0,0,0.0,0.0,0.0,5.0,1,0,0,0,Far,Economy,Weekend,High,Excellent,1,2,1,1,2,3,2,3,0,14,7,21,0,1,1,0,0,0,4.0
567,52,784,2,Gokarna Beach,Karnataka,Beach,8.298754591,Nov-Mar,904,1,"Beaches, Historical",2,1,46500,4,18-25,Knee Pain,Honeymoon,"Relaxation, Nightlife, Water Sports",Winter,"Crowds, sun exposure",Seafood,680,https://realtalktravel.com/wp-content/uploads/Om-Beach-Gokarna.webp,3,11625.0,15500.0,3875.0,1,0,0,1,0,0,1.5,1,0,0,16.597509182,8.298754591,0.16597509182,0.1188118811881188,0.6573270963168316,0.375,2.07468864775,170.0,226.66666666666666,0,0,1.5,0.7071067811865476,1,2,2,1.0,0.0,8.298754591,0.0,35000.0,16263.455967290593,3.0,1.4142135623730951,635.0,1.5,1.0,1.6479184330021643,1.238993430992954,1,0,1,2.0,0.0,2,2,1,1.0,0.0,46500.0,0.0,4.0,0.0,680.0,8.298754591,0.6931471805599453,0,1,0,0,0.0,1.0,1,0.0,1.0,0,0,0.0,0.0,0.0,2.0,1,0,0,0,Near,Economy,Week,High,Poor,1,2,0,0,2,3,2,3,0,14,6,12,2,1,0,0,3,0,1.5
571,640,579,5,Kodaikanal,Tamil Nadu,Nature,8.009714715,Apr-Jun,211,4,"City, Historical",2,1,49000,2,18-25,Knee Pain,Adventure,"Trekking, Adventure Sports",Summer,"High altitude, physical exertion",South Indian Cuisine,1300,https://encrypted-tbn0.gstatic.com/images?q=tbn:ANd9GcRR1MrvitA-PthZ_UMPeUYOYvzHFu6Olty-pnoL9EqaCl31ZwvMHSvu9OQ&s=10,3,24500.0,16333.333333333334,8166.666666666667,1,0,0,1,0,0,4.5,1,1,1,40.048573575,32.03885886,1.601942943,0.17647058823529413,0.3141064594117647,2.25,4.0048573575,650.0,433.3333333333333,0,0,3.6666666666666665,2.3094010767585034,1,5,3,4.0,0.0,8.009714715,0.0,45000.0,13453.62404707371,2.6666666666666665,1.1547005383792515,2233.3333333333335,1.3333333333333333,1.0,5.083079324106265,0.41504090358644385,1,0,1,3.6,1.9493588689617927,1,5,5,4.0,0.7071067811865476,66000.0,13833.835332256922,4.2,1.7888543819998317,1450.0,8.7290480806,1.791759469228055,1,0,1,1,17000.0,0.7424281450281056,1,2.2,0.5769230769230769,1,0,1.4,-0.7193333656000007,-150.0,5.0,2,1,0,0,Medium,Economy,Weekend,High,Excellent,4,0,1,0,2,0,4,2,2,15,14,18,1,1,1,0,0,1,4.5
572,914,408,2,Spiti Valley,Himachal Pradesh,Nature,9.285417261,Sep-Mar,403,2,"City, Historical",2,0,52500,4,46-60,Asthma,Family Vacation,"Nature & Relaxation, Photography",Post-Monsoon,"Curvy roads, limited medical facilities",Himachali Cuisine,2000,https://storage.googleapis.com/stateless-www-justwravel-com/2021/05/1550217293_shutterstock_1129297934.jpg.jpg,2,13125.0,26250.0,6562.5,0,0,1,0,0,0,2.0,0,0,0,18.570834522,18.570834522,0.37141669044,0.1415929203539823,0.6573746733451327,0.5,2.32135431525,500.0,1000.0,0,0,3.0,1.4142135623730951,2,4,2,2.5,0.7071067811865476,9.285417261,0.0,47750.0,6717.514421272202,3.0,1.4142135623730951,2000.0,2.0,0.0,3.2958368660043287,0.660408825313113,1,0,0,2.5,0.7071067811865476,2,3,2,1.5,0.7071067811865476,48250.0,6010.407640085654,4.0,0.0,1490.0,8.711987497500001,1.0986122886681096,0,1,0,0,4250.0,0.9119189239601252,1,0.0,1.0,0,1,-0.5,0.5734297634999983,510.0,2.0,1,0,0,0,Far,Moderate,Week,VeryHigh,Poor,4,4,1,3,0,2,1,1,1,3,5,33,0,3,0,1,3,0,2.0
575,484,325,1,Munnar,Kerala,Nature,8.361380336,Sep-Mar,756,4,"Beaches, Historical",1,2,90500,6,18-25,Asthma,Family Vacation,"Nature & Relaxation, Photography",Post-Monsoon,"Curvy roads, limited medical facilities",Kerala Cuisine,1480,https://images.unsplash.com/photo-1491497895121-1334fc14d8c9,3,15083.333333333334,30166.666666666668,5027.777777777778,1,0,0,1,0,0,2.5,3,0,0,8.361380336,33.445521344,0.33445521344,0.155440414507772,0.5198785701139895,0.4166666666666667,1.3935633893333332,246.66666666666666,493.3333333333333,0,0,2.0,1.4142135623730951,1,3,2,4.0,0.0,8.361380336,0.0,82250.0,11667.261889578034,5.0,1.4142135623730951,1690.0,1.5,2.0,2.197224577336219,0.660408825313113,1,1,1,1.0,0.0,1,1,1,4.0,0.0,90500.0,0.0,6.0,0.0,1480.0,8.361380336,0.6931471805599453,0,1,1,1,0.0,1.0,1,0.0,1.0,0,0,0.0,0.0,0.0,1.0,1,0,0,0,Medium,Premium,Week,High,Poor,4,4,0,0,0,2,1,1,1,5,7,26,1,4,0,0,3,0,2.5
594,699,462,4,Coorg,Karnataka,Nature,7.656962614,Sep-Mar,218,2,"City, Historical",1,1,47500,3,46-60,Asthma,Family Vacation,"Nature & Relaxation, Photography",Post-Monsoon,"Curvy roads, limited medical facilities",Coorgi Cuisine,1030,https://images.unsplash.com/photo-1710612198146-77512950a4b7,2,15833.333333333334,23750.0,7916.666666666667,1,0,0,1,0,0,3.0,2,1,0,30.627850456,15.313925228,0.61255700912,0.17821782178217818,0.45486906617821776,1.0,2.5523208713333334,343.3333333333333,515.0,0,0,4.0,0.0,4,4,1,2.0,0.0,7.656962614,0.0,47500.0,0.0,3.0,0.0,1030.0,1.0,1.0,2.772588722239781,10.0,0,0,1,4.0,0.0,4,4,1,2.0,0.0,47500.0,0.0,3.0,0.0,1030.0,7.656962614,0.6931471805599453,1,0,0,0,0.0,1.0,1,0.0,1.0,0,0,0.0,0.0,0.0,4.0,1,0,0,0,Medium,Economy,Weekend,High,Good,4,4,1,3,0,2,1,1,1,1,6,8,1,1,1,0,2,0,3.0
598,974,15,5,Valley of Flowers,Uttarakhand,Nature,7.686987874,Sep-Mar,481,4,"City, Historical",1,2,76500,4,18-25,Asthma,Family Vacation,"Nature & Relaxation, Photography",Post-Monsoon,"Curvy roads, limited medical facilities",North Indian Cuisine,1900,https://encrypted-tbn0.gstatic.com/images?q=tbn:ANd9GcSKohlQ-J1CgxwCnc1mL62LM__eo7IDPvD9Hm4v1DnS8PQfNYx8O_lBtpoE&s=10,3,19125.0,25500.0,6375.0,1,0,0,1,0,0,4.5,1,1,1,38.434939369999995,30.747951496,1.5373975747999997,0.2236024844720497,0.38196213038509313,1.125,1.9217469685,475.0,633.3333333333334,0,0,5.0,0.0,5,5,1,4.0,0.0,7.686987874,0.0,76500.0,0.0,4.0,0.0,1900.0,1.0,2.0,3.4657359027997265,10.0,0,1,1,5.0,0.0,5,5,2,4.0,0.0,62500.0,19798.98987322333,3.0,1.4142135623730951,1540.0,7.716837032,1.0986122886681096,1,0,1,0,14000.0,0.7760035839426569,1,1.0,0.75,0,0,0.0,-0.02984915800000021,360.0,5.0,2,1,0,0,Far,Moderate,Week,High,Excellent,4,4,1,0,0,2,1,1,1,10,17,37,0,3,0,0,0,1,4.5
600,118,458,4,Mumbai,Maharashtra,City,7.698985654,Oct-Mar,377,2,"Nature, Adventure",1,2,52000,2,36-45,High Blood Pressure,Business,"Shopping, Food & Local Cuisine",All seasons,"Traffic congestion, pollution",Street Food,35,https://t4.ftcdn.net/jpg/01/46/43/87/360_F_146438747_3XYwVkfnYZuukBZYmDM8xeoqENzyhAqa.jpg,3,26000.0,17333.333333333332,8666.666666666666,1,0,0,1,0,0,3.0,2,1,0,30.795942616,15.397971308,0.61591885232,0.1111111111111111,0.2851476168148148,1.5,3.849492827,17.5,11.666666666666666,1,0,2.6666666666666665,1.1547005383792515,2,4,3,2.3333333333333335,0.5773502691896257,7.698985654,0.0,44500.0,18901.058171435798,3.3333333333333335,1.5275252316519465,1111.6666666666667,1.3333333333333333,1.0,3.6967849629863747,0.7970029257273941,1,0,1,4.0,0.0,4,4,1,2.0,0.0,52000.0,0.0,2.0,0.0,35.0,7.698985654,0.6931471805599453,1,0,0,0,0.0,1.0,1,0.0,1.0,0,0,0.0,0.0,0.0,4.0,1,0,0,0,VeryNear,Moderate,Weekend,High,Good,2,3,2,2,1,1,3,0,4,16,10,25,3,3,1,0,2,0,3.0
605,797,805,5,Varkala Beach,Kerala,Beach,9.120638441,Nov-Mar,428,3,"Beaches, Historical",1,2,52000,5,18-25,Knee Pain,Honeymoon,"Relaxation, Nightlife, Water Sports",Winter,"Crowds, sun exposure",Seafood,1550,https://encrypted-tbn0.gstatic.com/images?q=tbn:ANd9GcQhhfqvS3M6-Q5xL-XOgqAbXut9hnDO4dA-_VCx1YCE79I6gDY3_C1Zv3dOXwu2pL_OmQVlumXjSSQ8I6p748JioJniT2Wxf2InPIObpQ&s=10,3,10400.0,17333.333333333332,3466.6666666666665,1,0,0,1,0,0,4.0,2,1,1,45.603192205,27.361915323,1.36809576615,0.3508771929824561,0.8000560035964912,0.8,1.8241276882000002,310.0,516.6666666666666,0,0,5.0,0.0,5,5,1,3.0,0.0,9.120638441,0.0,52000.0,0.0,5.0,0.0,1550.0,1.0,2.0,3.4657359027997265,10.0,0,0,1,3.0,2.0,1,5,3,3.0,0.0,58000.0,6000.0,3.3333333333333335,1.5275252316519468,1373.3333333333333,8.682017132666667,1.3862943611198906,0,0,1,0,6000.0,0.8965535076981431,1,1.6666666666666665,0.6153846153846154,1,0,2.0,0.43862130833333346,176.66666666666674,5.0,1,0,0,0,Far,Moderate,Week,VeryHigh,Excellent,1,2,0,0,2,3,2,3,0,14,7,38,0,3,0,1,0,0,4.0
610,106,327,2,Ellora Caves,Maharashtra,Historical,8.49482356,Nov-Feb,175,3,"City, Historical",1,1,40000,2,18-25,Knee Pain,Leisure,"Cultural Exploration, Photography",Winter,"Long walking distances, crowd congestion",Maharashtrian Cuisine,340,https://indiaholidaymall.com/images/blog/Ellora-Caves-Unesco-World-Heritage-Site.jpg,2,20000.0,20000.0,10000.0,1,0,0,1,0,0,2.5,1,0,0,16.98964712,25.48447068,0.5096894136,0.11904761904761904,0.40451540761904764,1.25,4.24741178,170.0,170.0,1,0,2.5,0.7071067811865476,2,3,2,2.0,1.4142135623730951,8.49482356,0.0,48750.0,12374.368670764581,4.0,2.8284271247461903,720.0,1.0,1.0,2.7465307216702737,1.238993430992954,1,0,1,2.5,0.7071067811865476,2,3,2,2.5,0.7071067811865476,43750.0,5303.300858899106,4.0,2.8284271247461903,187.5,8.519587627,1.0986122886681096,0,1,0,0,3750.0,0.9142876734246075,1,2.0,0.6,0,1,-0.5,-0.024764066999999557,152.5,2.0,1,0,0,0,Near,Economy,Weekend,High,Poor,3,1,1,0,2,4,0,3,3,6,10,10,2,1,1,0,3,0,2.5
619,273,165,2,Delhi,Delhi,City,9.324373463,Oct-Mar,519,3,"City, Historical",2,0,56000,7,46-60,High Blood Pressure,Business,"Shopping, Food & Local Cuisine",All seasons,"Traffic congestion, pollution",Street Food,1410,https://encrypted-tbn0.gstatic.com/images?q=tbn:ANd9GcTFxblF-zkMM4NsiVuRyJ1Yx76TMcpdDWzU6zEf57y1aQ&s=10,2,8000.0,28000.0,4000.0,0,0,1,0,0,0,2.5,1,0,0,18.648746926,27.973120389,0.55946240778,0.2777777777777778,1.036041495888889,0.35714285714285715,1.332053351857143,201.42857142857142,705.0,0,0,2.0,0.0,2,2,1,3.0,0.0,9.324373463,0.0,56000.0,0.0,7.0,0.0,1410.0,2.0,0.0,1.3862943611198906,10.0,0,1,0,3.8,1.3038404810405297,2,5,5,3.4,0.8944271909999159,49600.0,4560.701700396552,4.4,2.3021728866442674,1222.0,8.294879187000001,1.791759469228055,1,0,0,1,6400.0,0.870970343339852,1,2.5999999999999996,0.5185185185185186,0,1,-1.7999999999999998,1.0294942759999994,188.0,4.0,3,1,0,0,Medium,Moderate,Week,VeryHigh,Poor,2,3,1,3,1,1,3,0,4,16,2,9,1,3,0,1,3,0,2.5
625,891,863,1,Konark Sun Temple,Odisha,Historical,9.223991095,Nov-Feb,135,4,"Nature, Adventure",1,2,65500,3,26-35,Knee Pain,Leisure,"Cultural Exploration, Photography",Winter,"Long walking distances, crowd congestion",Odia Cuisine,1700,https://cdn.britannica.com/19/251919-050-D3E64798/konark-sun-temple-orissa-india-unesco-heritage-site.jpg,3,21833.333333333332,21833.333333333332,7277.777777777777,1,0,0,1,0,0,2.5,3,0,0,9.223991095,36.89596438,0.3689596438,0.10948905109489052,0.4039704129197081,0.8333333333333334,3.0746636983333335,566.6666666666666,566.6666666666666,0,0,1.0,0.0,1,1,1,4.0,0.0,9.223991095,0.0,65500.0,0.0,3.0,0.0,1700.0,1.0,2.0,0.6931471805599453,10.0,0,1,1,3.0,2.8284271247461903,1,5,2,4.0,0.0,57000.0,12020.815280171308,2.5,0.7071067811865476,1365.0,8.788838183,1.0986122886681096,0,0,1,0,8500.0,0.8508798091261557,1,0.5,0.8571428571428572,0,1,-2.0,0.4351529120000013,335.0,1.0,1,0,0,0,Far,Moderate,Weekend,VeryHigh,Poor,3,1,2,1,2,4,0,3,3,11,11,20,0,3,1,1,3,0,2.5
644,123,551,1,Mumbai,Maharashtra,City,9.31595004,Oct-Mar,944,1,"Nature, Adventure",2,2,77000,3,36-45,High Blood Pressure,Business,"Shopping, Food & Local Cuisine",All seasons,"Traffic congestion, pollution",Street Food,35,https://t4.ftcdn.net/jpg/01/46/43/87/360_F_146438747_3XYwVkfnYZuukBZYmDM8xeoqENzyhAqa.jpg,4,25666.666666666668,19250.0,6416.666666666667,1,0,0,1,1,0,1.0,0,0,0,9.31595004,9.31595004,0.09315950040000001,0.0375,0.3493481265,0.3333333333333333,3.10531668,11.666666666666666,8.75,1,0,2.5,1.9148542155126762,1,5,4,3.0,1.632993161855452,9.31595004,0.0,54750.0,25048.28670122303,3.75,1.4999999999999998,676.25,1.75,1.0,4.023594781085251,0.4963138237500482,1,1,1,2.5,2.1213203435596424,1,4,2,1.0,0.0,75500.0,2121.3203435596424,4.5,2.1213203435596424,532.5,8.639716872000001,1.0986122886681096,0,1,1,1,1500.0,0.9801327134739937,1,1.5,0.7272727272727273,0,1,-1.5,0.6762331679999996,-497.5,1.0,1,0,0,0,VeryNear,Moderate,Weekend,VeryHigh,Poor,2,3,2,2,1,1,3,0,4,16,10,25,3,3,1,1,3,0,1.0
646,259,668,1,Ooty,Tamil Nadu,Nature,8.382675748,Sep-Mar,322,4,"Nature, Adventure",2,0,66000,7,26-35,Asthma,Family Vacation,"Nature & Relaxation, Photography",Post-Monsoon,"Curvy roads, limited medical facilities",South Indian Cuisine,1180,https://t3.ftcdn.net/jpg/05/09/58/00/360_F_509580096_YjyHXMHyTm9OOkjUQS4kOxDXkxbOMWYi.jpg,2,9428.57142857143,33000.0,4714.285714285715,0,0,1,0,0,0,2.5,3,0,0,8.382675748,33.530702992,0.33530702992,0.23972602739726026,0.8038182224109589,0.35714285714285715,1.1975251068571429,168.57142857142858,590.0,0,0,1.0,0.0,1,1,1,4.0,0.0,8.382675748,0.0,66000.0,0.0,7.0,0.0,1180.0,2.0,0.0,0.6931471805599453,10.0,0,1,0,2.0,1.7320508075688772,1,4,3,3.6666666666666665,0.5773502691896257,50000.0,13937.359864766355,5.0,2.6457513110645907,1443.3333333333333,8.911391720666666,1.3862943611198906,0,1,0,1,16000.0,0.6800063998720025,0,2.0,0.6666666666666667,0,1,-1.0,-0.5287159726666655,-263.33333333333326,1.0,1,0,0,0,Medium,Moderate,Week,High,Poor,4,4,2,1,0,2,1,1,1,15,14,27,1,3,0,0,3,0,2.5
648,511,292,5,Red Fort,Delhi,Historical,9.219575249,Nov-Feb,775,2,"Beaches, Historical",2,2,78000,2,18-25,Knee Pain,Leisure,"Cultural Exploration, Photography",Winter,"Long walking distances, crowd congestion",Mughlai Cuisine,1410,https://upload.wikimedia.org/wikipedia/commons/d/d6/Delhi%2C_India%2C_Red_Fort_Facade.jpg,4,39000.0,19500.0,9750.0,1,0,0,1,1,0,3.5,3,1,1,46.097876245,18.439150498,0.9219575249,0.0875,0.230489381225,1.75,4.6097876245,705.0,352.5,0,0,5.0,0.0,5,5,2,2.5,0.7071067811865476,9.219575249,0.0,70000.0,11313.70849898476,4.5,3.5355339059327378,1555.0,2.0,1.0,5.493061443340547,10.0,1,1,1,5.0,0.0,5,5,1,2.0,0.0,78000.0,0.0,2.0,0.0,1410.0,9.219575249,0.6931471805599453,1,0,1,0,0.0,1.0,1,0.0,1.0,0,0,0.0,0.0,0.0,5.0,1,0,0,0,Medium,Moderate,Weekend,VeryHigh,Excellent,3,1,0,0,2,4,0,3,3,7,2,29,1,3,1,1,0,0,3.5
653,752,608,1,Calangute Beach,Goa,Beach,8.539108136,Nov-Mar,694,1,"Nature, Adventure",1,0,15000,3,26-35,Knee Pain,Honeymoon,"Relaxation, Nightlife, Water Sports",Winter,"Crowds, sun exposure",Seafood,585,https://encrypted-tbn0.gstatic.com/images?q=tbn:ANd9GcQawETYRiYBsH6-h7nyRef7D05VLNnIS00HBpFyaZdOJDehCXzhEkUfAY5Vf_tWlUzd5qaIpJnkr2vAOF1xcvRS_dDd2Lq-Y2B30QDq-g&s=10,1,5000.0,15000.0,5000.0,0,1,0,0,0,0,1.0,0,0,0,8.539108136,8.539108136,0.08539108136,0.16666666666666666,1.4231846893333333,0.3333333333333333,2.8463693786666666,195.0,585.0,0,0,1.0,0.0,1,1,1,1.0,0.0,8.539108136,0.0,15000.0,0.0,3.0,0.0,585.0,1.0,0.0,0.6931471805599453,10.0,0,0,0,1.0,0.0,1,1,2,1.0,0.0,16500.0,2121.3203435596424,3.5,0.7071067811865476,1192.5,8.7976738825,1.0986122886681096,0,1,0,0,1500.0,0.9090964183988849,1,0.5,0.8888888888888888,0,0,0.0,-0.2585657465000004,-607.5,1.0,1,0,0,0,Near,Budget,Weekend,VeryHigh,Poor,1,2,2,1,2,3,2,3,0,14,3,6,2,0,1,1,3,0,1.0
655,322,217,5,Radhanagar Beach,Andaman,Beach,7.875971585,Nov-Mar,174,4,"Beaches, Historical",1,1,23500,2,36-45,Knee Pain,Honeymoon,"Relaxation, Nightlife, Water Sports",Winter,"Crowds, sun exposure",Seafood,2500,https://dynamic-media-cdn.tripadvisor.com/media/photo-o/05/76/7a/1d/radhanagar-beach.jpg,2,11750.0,11750.0,5875.0,1,0,0,1,0,0,4.5,1,1,1,39.379857925,31.50388634,1.5751943170000002,0.35294117647058826,0.6177232615686274,2.25,3.9379857925,1250.0,1250.0,0,1,4.0,1.4142135623730951,3,5,2,3.5,0.7071067811865476,7.875971585,0.0,38250.0,20859.650045003153,4.0,2.8284271247461903,1510.0,1.5,1.5,4.394449154672438,0.660408825313113,1,0,1,5.0,0.0,5,5,1,4.0,0.0,23500.0,0.0,2.0,0.0,2500.0,7.875971585,0.6931471805599453,1,0,0,0,0.0,1.0,1,0.0,1.0,0,0,0.0,0.0,0.0,5.0,1,0,0,0,Far,Budget,Weekend,High,Excellent,1,2,0,2,2,3,2,3,0,14,0,28,0,0,1,0,0,1,4.5
658,160,452,2,Coorg,Karnataka,Nature,8.03668464,Apr-Jun,991,1,"Nature, Adventure",2,1,56500,3,18-25,Knee Pain,Adventure,"Trekking, Adventure Sports",Summer,"High altitude, physical exertion",Coorgi Cuisine,1030,https://images.unsplash.com/photo-1710612198146-77512950a4b7,3,18833.333333333332,18833.333333333332,6277.777777777777,1,0,0,1,0,0,1.5,1,0,0,16.07336928,8.03668464,0.16073369280000002,0.07563025210084034,0.4052109902521009,0.5,2.67889488,343.3333333333333,343.3333333333333,0,0,2.6666666666666665,1.1547005383792515,2,4,3,1.3333333333333333,0.5773502691896258,8.03668464,0.0,54333.333333333336,24821.026033049748,3.6666666666666665,2.0816659994661326,1230.0,1.3333333333333333,1.3333333333333333,3.6967849629863747,0.7970029257273941,1,1,1,2.3333333333333335,1.5275252316519465,1,4,3,1.3333333333333333,0.5773502691896257,66833.33333333333,21001.9840332606,3.6666666666666665,2.0816659994661326,850.0,8.033669754333333,1.3862943611198906,0,1,1,0,10333.333333333328,0.8453888470496701,1,0.6666666666666665,0.8571428571428572,0,1,-0.3333333333333335,0.0030148856666674106,180.0,1.5,2,1,0,0,Medium,Moderate,Weekend,High,Poor,4,0,2,0,2,0,4,2,2,1,6,8,1,3,1,0,3,0,1.5
671,785,840,2,Spiti Trek,Himachal Pradesh,Adventure,9.366933345,Apr-Jun,103,5,"City, Historical",1,0,18000,2,26-35,Knee Pain,Adventure,"Trekking, Adventure Sports",Summer,"High altitude, physical exertion",Himachali Cuisine,2000,https://encrypted-tbn0.gstatic.com/images?q=tbn:ANd9GcSVhMTWqQOcmNTuyOBBWk2yd5Mz2ESU1_YGVNdtOk9y5DMIs2TGizrpcCBE&s=10,1,9000.0,18000.0,9000.0,0,1,0,0,0,0,3.5,3,0,0,18.73386669,46.834666725,0.9366933344999999,0.35,0.9366933344999999,1.75,4.6834666725,1000.0,2000.0,0,0,2.0,0.0,2,2,1,5.0,0.0,9.366933345,0.0,18000.0,0.0,2.0,0.0,2000.0,1.0,0.0,1.3862943611198906,10.0,0,0,0,1.5,0.7071067811865476,1,2,2,5.0,0.0,18500.0,707.1067811865476,2.0,0.0,1570.0,8.6902431605,1.0986122886681096,0,1,0,0,500.0,0.9729744338143884,1,0.0,1.0,1,0,0.5,0.6766901845,430.0,2.0,1,0,0,0,Far,Budget,Weekend,VeryHigh,Poor,0,0,1,1,2,0,4,2,2,3,5,32,0,0,1,1,3,0,3.5
683,198,100,3,Chandigarh,Punjab,City,8.2558932,Oct-Mar,53,3,"Beaches, Historical",1,1,39500,3,36-45,High Blood Pressure,Business,"Shopping, Food & Local Cuisine",All seasons,"Traffic congestion, pollution",Punjabi Cuisine,1650,https://s7ap1.scene7.com/is/image/incredibleindia/chandigarh-union-territory-1-city-ff,2,13166.666666666666,19750.0,6583.333333333333,1,0,0,1,0,0,3.0,0,0,0,24.767679599999997,24.767679599999997,0.743030388,0.21176470588235294,0.5827689317647059,1.0,2.7519644,550.0,825.0,0,0,3.0,0.0,3,3,1,3.0,0.0,8.2558932,0.0,39500.0,0.0,3.0,0.0,1650.0,1.0,1.0,2.0794415416798357,10.0,0,0,1,3.0,0.0,3,3,2,2.5,0.7071067811865476,45500.0,8485.28137423857,3.5,0.7071067811865476,1315.0,8.645030887,1.0986122886681096,0,0,0,0,6000.0,0.8681347662688732,1,0.5,0.8888888888888888,0,0,0.0,-0.3891376870000016,335.0,3.0,2,1,0,0,Far,Economy,Weekend,High,Fair,2,3,0,2,1,1,3,0,4,12,12,7,0,1,1,0,1,0,3.0
688,555,556,5,Leh Ladakh,Ladakh,Adventure,9.042176517,Apr-Jun,387,2,"Beaches, Historical",1,0,15500,1,46-60,Knee Pain,Adventure,"Trekking, Adventure Sports",Summer,"High altitude, physical exertion",Tibetan Cuisine,2500,https://encrypted-tbn0.gstatic.com/images?q=tbn:ANd9GcR6syC-08_34gV3HDUrcoT836XfFU1TJFrrucb9MfdLPiXz7ULyfUkGJEq2&s=10,1,15500.0,15500.0,15500.0,0,1,0,0,0,0,3.5,3,1,1,45.210882585,18.084353034,0.9042176517,0.21212121212121213,0.548010698,3.5,9.042176517,2500.0,2500.0,0,1,4.666666666666667,0.5773502691896258,4,5,3,2.0,1.0,9.042176517,0.0,37500.0,19697.71560359221,4.333333333333333,2.886751345948129,2016.6666666666667,1.6666666666666667,0.0,6.469373685226157,1.4763410387308011,1,0,0,4.5,0.7071067811865476,4,5,2,1.5,0.7071067811865476,22500.0,9899.494936611665,2.0,1.4142135623730951,1765.0,9.026848881,1.0986122886681096,1,0,0,0,7000.0,0.6889027154348696,0,1.0,0.6666666666666667,1,0,0.5,0.015327636000000311,735.0,5.0,1,0,0,0,Far,Budget,Weekend,VeryHigh,Excellent,0,0,0,3,2,0,4,2,2,17,8,22,0,0,1,1,0,0,3.5
691,851,520,3,Ajanta Caves,Maharashtra,Historical,9.335441126,Nov-Feb,389,4,"Beaches, Historical",2,0,45000,3,46-60,Knee Pain,Leisure,"Cultural Exploration, Photography",Winter,"Long walking distances, crowd congestion",Maharashtrian Cuisine,430,https://plus.unsplash.com/premium_photo-1697729588019-20a1f5a325d1,2,15000.0,22500.0,7500.0,0,0,1,0,0,0,3.5,1,0,0,28.006323377999998,37.341764504,1.12025293512,0.21875,0.583465070375,1.1666666666666667,3.1118137086666664,143.33333333333334,215.0,1,0,3.0,0.0,3,3,1,4.0,0.0,9.335441126,0.0,45000.0,0.0,3.0,0.0,430.0,2.0,0.0,2.0794415416798357,10.0,0,0,0,3.0,0.0,3,3,1,4.0,0.0,45000.0,0.0,3.0,0.0,430.0,9.335441126,0.6931471805599453,0,0,0,0,0.0,1.0,1,0.0,1.0,0,0,0.0,0.0,0.0,3.0,1,0,0,0,Near,Economy,Weekend,VeryHigh,Fair,3,1,0,3,2,4,0,3,3,6,10,1,2,1,1,1,1,0,3.5
692,391,671,3,Ellora Caves,Maharashtra,Historical,8.937176477,Nov-Feb,94,2,"Nature, Adventure",2,2,95500,4,36-45,Knee Pain,Leisure,"Cultural Exploration, Photography",Winter,"Long walking distances, crowd congestion",Maharashtrian Cuisine,340,https://indiaholidaymall.com/images/blog/Ellora-Caves-Unesco-World-Heritage-Site.jpg,4,23875.0,23875.0,5968.75,1,0,0,1,1,0,2.5,1,0,0,26.811529430999997,17.874352954,0.53623058862,0.10050251256281408,0.3592834764623115,0.625,2.23429411925,85.0,85.0,1,0,3.6666666666666665,1.1547005383792517,3,5,3,3.0,1.0,8.937176477,0.0,67166.66666666667,27768.38730163013,4.333333333333333,0.5773502691896257,606.6666666666666,1.6666666666666667,1.3333333333333333,5.083079324106265,0.797002925727394,1,1,1,3.5,0.7071067811865476,3,4,2,1.5,0.7071067811865476,99750.0,6010.407640085654,3.5,0.7071067811865476,1170.0,8.865255533,1.0986122886681096,1,0,1,0,4250.0,0.9573939108379865,1,0.5,0.8888888888888888,0,1,-0.5,0.07192094400000038,-830.0,3.0,1,0,0,0,Near,Premium,Week,VeryHigh,Fair,3,1,2,2,2,4,0,3,3,6,10,10,2,4,0,1,1,0,2.5
694,475,696,1,Munnar,Kerala,Nature,8.439314464,Apr-Jun,307,3,"City, Historical",1,1,48000,5,46-60,Knee Pain,Adventure,"Trekking, Adventure Sports",Summer,"High altitude, physical exertion",Kerala Cuisine,1480,https://images.unsplash.com/photo-1491497895121-1334fc14d8c9,2,9600.0,24000.0,4800.0,1,0,0,1,0,0,2.0,2,0,0,8.439314464,25.317943392000004,0.25317943392000003,0.18867924528301888,0.7961617418867926,0.4,1.6878628928000001,296.0,740.0,0,0,1.0,0.0,1,1,1,3.0,0.0,8.439314464,0.0,48000.0,0.0,5.0,0.0,1480.0,1.0,1.0,0.6931471805599453,10.0,0,0,1,1.0,0.0,1,1,1,3.0,0.0,48000.0,0.0,5.0,0.0,1480.0,8.439314464,0.6931471805599453,0,1,0,1,0.0,1.0,1,0.0,1.0,0,0,0.0,0.0,0.0,1.0,1,0,0,0,Medium,Economy,Week,High,Poor,4,0,1,3,2,0,4,2,2,5,7,26,1,1,0,0,3,0,2.0
699,169,163,1,Kodaikanal,Tamil Nadu,Nature,7.686748943,Sep-Mar,58,4,"Beaches, Historical",2,2,74000,1,36-45,Asthma,Family Vacation,"Nature & Relaxation, Photography",Post-Monsoon,"Curvy roads, limited medical facilities",South Indian Cuisine,1300,https://encrypted-tbn0.gstatic.com/images?q=tbn:ANd9GcRR1MrvitA-PthZ_UMPeUYOYvzHFu6Olty-pnoL9EqaCl31ZwvMHSvu9OQ&s=10,4,74000.0,18500.0,18500.0,1,0,0,1,1,0,2.5,3,0,0,7.686748943,30.746995772,0.30746995771999996,0.03333333333333333,0.10248998590666666,2.5,7.686748943,1300.0,325.0,0,0,1.0,0.0,1,1,1,4.0,0.0,7.686748943,0.0,74000.0,0.0,1.0,0.0,1300.0,2.0,2.0,0.6931471805599453,10.0,0,1,1,1.0,0.0,1,1,1,4.0,0.0,74000.0,0.0,1.0,0.0,1300.0,7.686748943,0.6931471805599453,0,1,1,0,0.0,1.0,1,0.0,1.0,0,0,0.0,0.0,0.0,1.0,1,0,0,0,Medium,Moderate,Weekend,High,Poor,4,4,0,2,0,2,1,1,1,15,14,18,1,3,1,0,3,0,2.5
700,333,160,1,Ahmedabad,Gujarat,City,7.632343967,Oct-Mar,96,1,"Beaches, Historical",2,2,109000,7,46-60,High Blood Pressure,Business,"Shopping, Food & Local Cuisine",All seasons,"Traffic congestion, pollution",Gujarati Cuisine,520,https://encrypted-tbn0.gstatic.com/images?q=tbn:ANd9GcTjjS0tleUkYu3JCgQn5BM0ooo_ueYok5FwDld1RJJHOQ&s=10,4,15571.42857142857,27250.0,3892.8571428571427,1,0,0,1,1,0,1.0,0,0,0,7.632343967,7.632343967,0.07632343966999999,0.060344827586206906,0.46057248076724144,0.14285714285714285,1.0903348524285714,74.28571428571429,130.0,0,0,1.0,0.0,1,1,1,1.0,0.0,7.632343967,0.0,109000.0,0.0,7.0,0.0,520.0,2.0,2.0,0.6931471805599453,10.0,0,1,1,1.0,0.0,1,1,1,1.0,0.0,109000.0,0.0,7.0,0.0,520.0,7.632343967,0.6931471805599453,0,1,1,1,0.0,1.0,1,0.0,1.0,0,0,0.0,0.0,0.0,1.0,1,0,0,0,Near,Premium,Week,High,Poor,2,3,0,3,1,1,3,0,4,2,4,0,2,4,0,0,3,0,1.0
708,942,265,3,Tarkarli Beach,Maharashtra,Beach,8.702652456,Nov-Mar,731,1,"Beaches, Historical",1,0,13000,2,18-25,Knee Pain,Honeymoon,"Relaxation, Nightlife, Water Sports",Winter,"Crowds, sun exposure",Seafood,520,https://encrypted-tbn0.gstatic.com/images?q=tbn:ANd9GcRmtn0Vsfvni1NmF01OGM9ahIFZcrRqMoNKSjV1xzIEbR5CCG-tr4PumVg&s=10,1,6500.0,13000.0,6500.0,0,1,0,0,0,0,2.0,2,0,0,26.107957367999997,8.702652456,0.26107957367999995,0.26666666666666666,1.1603536607999998,1.0,4.351326228,260.0,520.0,0,0,3.5,0.7071067811865476,3,4,2,1.0,0.0,8.702652456,0.0,18000.0,7071.067811865475,2.5,0.7071067811865476,600.0,1.0,0.0,3.8451430103383837,1.238993430992954,1,0,0,3.0,0.0,3,3,1,1.0,0.0,13000.0,0.0,2.0,0.0,520.0,8.702652456,0.6931471805599453,0,0,0,0,0.0,1.0,1,0.0,1.0,0,0,0.0,0.0,0.0,3.0,1,0,0,0,Near,Budget,Weekend,VeryHigh,Fair,1,2,0,0,2,3,2,3,0,14,10,35,2,0,1,1,1,0,2.0
709,64,779,2,Coorg,Karnataka,Nature,7.995381522,Sep-Mar,799,1,"Nature, Adventure",2,1,84000,5,36-45,Asthma,Family Vacation,"Nature & Relaxation, Photography",Post-Monsoon,"Curvy roads, limited medical facilities",Coorgi Cuisine,1030,https://images.unsplash.com/photo-1710612198146-77512950a4b7,3,16800.0,28000.0,5600.0,1,0,0,1,0,0,1.5,1,0,0,15.990763044,7.995381522,0.15990763044,0.08426966292134831,0.4491787371910112,0.3,1.5990763044,206.0,343.3333333333333,0,0,2.0,0.0,2,2,1,1.0,0.0,7.995381522,0.0,84000.0,0.0,5.0,0.0,1030.0,2.0,1.0,1.3862943611198906,10.0,0,1,1,2.0,0.0,2,2,1,1.0,0.0,84000.0,0.0,5.0,0.0,1030.0,7.995381522,0.6931471805599453,0,1,1,1,0.0,1.0,1,0.0,1.0,0,0,0.0,0.0,0.0,2.0,1,0,0,0,Medium,Premium,Week,High,Poor,4,4,2,2,0,2,1,1,1,1,6,8,1,4,0,0,3,0,1.5
712,595,377,2,Spiti Trek,Himachal Pradesh,Adventure,9.446618128,Apr-Jun,835,2,"Nature, Adventure",2,0,43500,4,36-45,Knee Pain,Adventure,"Trekking, Adventure Sports",Summer,"High altitude, physical exertion",Himachali Cuisine,2000,https://encrypted-tbn0.gstatic.com/images?q=tbn:ANd9GcSVhMTWqQOcmNTuyOBBWk2yd5Mz2ESU1_YGVNdtOk9y5DMIs2TGizrpcCBE&s=10,2,10875.0,21750.0,5437.5,0,0,1,0,0,0,2.0,0,0,0,18.893236256,18.893236256,0.37786472512,0.16842105263157894,0.7955046844631579,0.5,2.361654532,500.0,1000.0,0,0,2.0,0.0,2,2,1,2.0,0.0,9.446618128,0.0,43500.0,0.0,4.0,0.0,2000.0,2.0,0.0,1.3862943611198906,10.0,0,0,0,1.5,0.7071067811865476,1,2,2,2.5,0.7071067811865476,48000.0,6363.961030678927,3.0,1.4142135623730951,2500.0,8.903655121500002,1.0986122886681096,0,1,0,0,4500.0,0.9062519530843107,1,1.0,0.75,1,0,0.5,0.5429630064999991,-500.0,2.0,1,0,0,0,Far,Economy,Week,VeryHigh,Poor,0,0,2,2,2,0,4,2,2,3,5,32,0,1,0,1,3,0,2.0
714,929,843,2,Ooty,Tamil Nadu,Nature,8.663189053,Sep-Mar,886,1,"City, Historical",2,0,52500,4,18-25,Asthma,Family Vacation,"Nature & Relaxation, Photography",Post-Monsoon,"Curvy roads, limited medical facilities",South Indian Cuisine,1180,https://t3.ftcdn.net/jpg/05/09/58/00/360_F_509580096_YjyHXMHyTm9OOkjUQS4kOxDXkxbOMWYi.jpg,2,13125.0,26250.0,6562.5,0,0,1,0,0,0,1.5,1,0,0,17.326378106,8.663189053,0.17326378106,0.10619469026548672,0.6133231187964602,0.375,2.16579726325,295.0,590.0,0,0,2.0,0.0,2,2,1,1.0,0.0,8.663189053,0.0,52500.0,0.0,4.0,0.0,1180.0,2.0,0.0,1.3862943611198906,10.0,0,1,0,2.0,0.0,2,2,1,1.0,0.0,52500.0,0.0,4.0,0.0,1180.0,8.663189053,0.6931471805599453,0,1,0,0,0.0,1.0,1,0.0,1.0,0,0,0.0,0.0,0.0,2.0,1,0,0,0,Medium,Moderate,Week,VeryHigh,Poor,4,4,1,0,0,2,1,1,1,15,14,27,1,3,0,1,3,0,1.5
720,961,576,5,Konark Sun Temple,Odisha,Historical,8.385107105,Nov-Feb,578,5,"City, Historical",2,0,36500,1,46-60,Knee Pain,Leisure,"Cultural Exploration, Photography",Winter,"Long walking distances, crowd congestion",Odia Cuisine,1700,https://cdn.britannica.com/19/251919-050-D3E64798/konark-sun-temple-orissa-india-unesco-heritage-site.jpg,2,36500.0,18250.0,18250.0,0,0,1,0,0,0,5.0,0,1,1,41.925535525,41.925535525,2.09627677625,0.13333333333333333,0.2236028561333333,5.0,8.385107105,1700.0,850.0,0,0,3.3333333333333335,1.5275252316519468,2,5,3,3.0,2.0,8.385107105,0.0,81500.0,38971.143170299736,3.0,2.0,1193.3333333333333,2.0,1.3333333333333333,4.620981203732969,0.614429798415472,1,1,1,4.0,1.4142135623730951,3,5,2,5.0,0.0,45000.0,12020.815280171308,3.0,2.8284271247461903,1555.0,8.795775159,1.0986122886681096,1,0,0,0,8500.0,0.811115308548699,1,2.0,0.5,1,0,1.0,-0.4106680540000003,145.0,4.0,2,1,0,0,Far,Economy,Weekend,High,Excellent,3,1,1,3,2,4,0,3,3,11,11,20,0,1,1,0,0,1,5.0
723,526,948,4,Fatehpur Sikri,Uttar Pradesh,Historical,8.798076955,Nov-Feb,1000,3,"City, Historical",1,0,21500,2,46-60,Knee Pain,Leisure,"Cultural Exploration, Photography",Winter,"Long walking distances, crowd congestion",Mughlai Cuisine,1450,https://images.unsplash.com/photo-1717761558642-32cbeccbee7e,1,10750.0,21500.0,10750.0,0,1,0,0,0,0,3.5,1,1,0,35.19230782,26.394230865000004,1.0557692346000003,0.2978723404255319,0.7487725068085107,1.75,4.3990384775,725.0,1450.0,0,0,4.0,0.0,4,4,1,3.0,0.0,8.798076955,0.0,21500.0,0.0,2.0,0.0,1450.0,1.0,0.0,2.772588722239781,10.0,0,0,0,2.5,2.1213203435596424,1,4,2,3.0,0.0,20250.0,1767.7669529663688,2.0,0.0,1295.0,8.8352878495,1.0986122886681096,0,1,0,0,1250.0,0.9382746531035504,1,0.0,1.0,1,0,1.5,-0.03721089449999937,155.0,4.0,1,0,0,0,Medium,Budget,Weekend,VeryHigh,Good,3,1,1,3,2,4,0,3,3,7,16,11,1,0,1,1,2,0,3.5
725,67,468,3,Baga Beach,Goa,Beach,7.593468222,Nov-Mar,159,5,"City, Historical",1,0,23000,7,46-60,Knee Pain,Honeymoon,"Relaxation, Nightlife, Water Sports",Winter,"Crowds, sun exposure",Seafood,590,https://encrypted-tbn0.gstatic.com/images?q=tbn:ANd9GcQeseYB8OMIYAnzRmlYP6matYpojVkK9lRx0Wgn7x8BYcxvxjfwm4QrUxM&s=10,1,3285.714285714286,23000.0,3285.714285714286,0,1,0,0,0,0,4.0,2,0,0,22.780404666000003,37.96734111,1.1390202333000001,0.9333333333333333,1.7718092518000002,0.5714285714285714,1.0847811745714286,84.28571428571429,590.0,0,0,3.0,0.0,3,3,1,5.0,0.0,7.593468222,0.0,23000.0,0.0,7.0,0.0,590.0,1.0,0.0,2.0794415416798357,10.0,0,0,0,2.6666666666666665,1.5275252316519468,1,4,3,5.0,0.0,24333.333333333332,7094.598884597588,3.6666666666666665,2.8867513459481287,1480.0,8.312782119333333,1.3862943611198906,0,1,0,0,1333.3333333333321,0.9452077311891293,1,3.3333333333333335,0.2857142857142856,1,0,0.3333333333333335,-0.7193138973333326,-890.0,3.0,1,0,0,0,Near,Budget,Week,High,Fair,1,2,1,3,2,3,2,3,0,14,3,3,2,0,0,0,1,0,4.0
730,174,871,1,Munnar,Kerala,Nature,8.360692115,Sep-Mar,970,5,"Beaches, Historical",1,1,47500,3,46-60,Asthma,Family Vacation,"Nature & Relaxation, Photography",Post-Monsoon,"Curvy roads, limited medical facilities",Kerala Cuisine,1480,https://images.unsplash.com/photo-1491497895121-1334fc14d8c9,2,15833.333333333334,23750.0,7916.666666666667,1,0,0,1,0,0,3.0,4,0,0,8.360692115,41.803460575,0.41803460575,0.17821782178217818,0.4966747791089109,1.0,2.786897371666667,493.3333333333333,740.0,0,0,1.0,0.0,1,1,2,4.0,1.4142135623730951,8.360692115,0.0,50000.0,3535.5339059327375,2.5,0.7071067811865476,2240.0,1.5,0.5,1.0986122886681096,10.0,1,0,0,1.0,0.0,1,1,2,5.0,0.0,54500.0,9899.494936611665,4.0,1.4142135623730951,910.0,8.905433597,1.0986122886681096,0,1,1,0,7000.0,0.8715619896882626,1,1.0,0.8,0,0,0.0,-0.5447414819999992,570.0,1.0,1,0,0,0,Medium,Economy,Weekend,High,Poor,4,4,0,3,0,2,1,1,1,5,7,26,1,1,1,0,3,0,3.0
732,456,655,3,Taj Mahal,Uttar Pradesh,Historical,7.509850241,Nov-Feb,795,5,"Beaches, Historical",1,1,61500,7,18-25,Knee Pain,Leisure,"Cultural Exploration, Photography",Winter,"Long walking distances, crowd congestion",Mughlai Cuisine,1470,https://upload.wikimedia.org/wikipedia/commons/1/1d/Taj_Mahal_%28Edited%29.jpeg,2,8785.714285714286,30750.0,4392.857142857143,1,0,0,1,0,0,4.0,2,0,0,22.529550723,37.549251205,1.12647753615,0.4087591240875912,0.7674299516350364,0.5714285714285714,1.0728357487142857,210.0,735.0,0,0,3.3333333333333335,1.5275252316519468,2,5,3,5.0,0.0,7.509850241,0.0,49500.0,18661.457606521522,5.0,2.0,1103.3333333333333,1.0,1.0,4.620981203732969,0.614429798415472,1,0,1,2.0,1.4142135623730951,1,3,2,5.0,0.0,50750.0,15202.795795510772,4.5,3.5355339059327378,950.0,8.075524246,1.0986122886681096,0,1,0,1,10750.0,0.7881815136647554,1,2.5,0.5454545454545454,1,0,1.0,-0.5656740050000009,520.0,2.0,2,1,0,0,Medium,Moderate,Week,High,Fair,3,1,0,0,2,4,0,3,3,7,16,34,1,3,0,0,1,0,4.0
743,771,782,1,Hampi Ruins,Karnataka,Historical,8.129988977,Nov-Feb,805,3,"Nature, Adventure",1,0,23500,3,18-25,Knee Pain,Leisure,"Cultural Exploration, Photography",Winter,"Long walking distances, crowd congestion",South Indian Cuisine,740,https://wegobond.com/wp-content/uploads/2018/01/hampi-banner.jpg,1,7833.333333333333,23500.0,7833.333333333333,0,1,0,0,0,0,2.0,2,0,0,8.129988977,24.389966931,0.24389966931,0.22641509433962267,0.9203761106037737,0.6666666666666666,2.709996325666667,246.66666666666666,740.0,0,0,1.0,0.0,1,1,1,3.0,0.0,8.129988977,0.0,23500.0,0.0,3.0,0.0,740.0,1.0,0.0,0.6931471805599453,10.0,0,0,0,1.0,0.0,1,1,2,3.0,0.0,23250.0,353.5533905932738,3.5,0.7071067811865476,1270.0,8.122808466,1.0986122886681096,0,1,0,0,250.0,0.9892477742892779,1,0.5,0.8888888888888888,0,0,0.0,0.007180510999999612,-530.0,1.0,1,0,0,0,Near,Budget,Weekend,High,Poor,3,1,2,0,2,4,0,3,3,15,6,13,2,0,1,0,3,0,2.0
752,576,524,5,Ellora Caves,Maharashtra,Historical,8.450301921,Nov-Feb,476,5,"Nature, Adventure",2,2,112500,6,18-25,Knee Pain,Leisure,"Cultural Exploration, Photography",Winter,"Long walking distances, crowd congestion",Maharashtrian Cuisine,340,https://indiaholidaymall.com/images/blog/Ellora-Caves-Unesco-World-Heritage-Site.jpg,4,18750.0,28125.0,4687.5,1,0,0,1,1,0,5.0,0,1,1,42.251509604999995,42.251509604999995,2.11257548025,0.25316455696202533,0.42786338840506327,0.8333333333333334,1.4083836534999998,56.666666666666664,85.0,1,0,5.0,0.0,5,5,1,5.0,0.0,8.450301921,0.0,112500.0,0.0,6.0,0.0,340.0,2.0,2.0,3.4657359027997265,10.0,0,1,1,4.0,1.7320508075688772,2,5,3,5.0,0.0,83500.0,26358.110706194402,3.3333333333333335,2.516611478423583,730.0,8.240112024333333,1.3862943611198906,1,0,1,0,29000.0,0.6526987700746099,0,2.6666666666666665,0.3846153846153847,1,0,1.0,0.210189896666666,-390.0,5.0,1,0,0,0,Near,Premium,Week,High,Excellent,3,1,2,0,2,4,0,3,3,6,10,10,2,4,0,0,0,1,5.0
753,132,898,5,Varkala Beach,Kerala,Beach,8.188672008,Nov-Mar,21,3,"Beaches, Historical",2,0,44000,7,36-45,Knee Pain,Honeymoon,"Relaxation, Nightlife, Water Sports",Winter,"Crowds, sun exposure",Seafood,1550,https://encrypted-tbn0.gstatic.com/images?q=tbn:ANd9GcQhhfqvS3M6-Q5xL-XOgqAbXut9hnDO4dA-_VCx1YCE79I6gDY3_C1Zv3dOXwu2pL_OmQVlumXjSSQ8I6p748JioJniT2Wxf2InPIObpQ&s=10,2,6285.714285714285,22000.0,3142.8571428571427,0,0,1,0,0,0,4.0,2,1,1,40.943360039999995,24.566016024,1.2283008011999998,0.5490196078431373,1.1239353736470588,0.5714285714285714,1.1698102868571427,221.42857142857142,775.0,0,0,5.0,0.0,5,5,2,3.0,0.0,8.188672008,0.0,48500.0,6363.961030678927,6.0,1.4142135623730951,1070.0,2.0,1.0,5.493061443340547,10.0,1,0,1,5.0,0.0,5,5,3,2.6666666666666665,0.5773502691896257,52000.0,7365.459931328118,5.666666666666667,2.3094010767585034,1820.0,8.599867782333334,1.3862943611198906,1,0,0,1,8000.0,0.8461568046768331,1,1.333333333333333,0.8,0,0,0.0,-0.41119577433333454,-270.0,5.0,1,0,0,0,Far,Economy,Week,High,Excellent,1,2,0,2,2,3,2,3,0,14,7,38,0,1,0,0,0,0,4.0
760,387,873,4,Marina Beach,Tamil Nadu,Beach,8.763403697,Nov-Mar,135,2,"City, Historical",2,0,40000,6,26-35,Knee Pain,Honeymoon,"Relaxation, Nightlife, Water Sports",Winter,"Crowds, sun exposure",Seafood,1340,https://encrypted-tbn0.gstatic.com/licensed-image?q=tbn:ANd9GcQct7UyX_Oev4c9kXNkRrH7cu6JRlW5Xs6MNpuB-CTQjXyNxWdF7V64hL9ANP93g9qVVT1kg12v0L1opGDTWLdmYNf-&s=19,2,6666.666666666667,20000.0,3333.3333333333335,0,0,1,0,0,0,3.0,2,1,0,35.053614788,17.526807394,0.70107229576,0.3913043478260869,1.1430526561304346,0.5,1.4605672828333331,223.33333333333334,670.0,0,0,4.5,0.7071067811865476,4,5,2,2.0,0.0,8.763403697,0.0,29750.0,14495.689014324224,3.5,3.5355339059327378,1445.0,1.5,0.5,4.943755299006493,1.238993430992954,1,0,0,3.5,0.7071067811865476,3,4,2,2.0,0.0,34000.0,8485.28137423857,4.5,2.1213203435596424,1010.0,8.958456773,1.0986122886681096,1,0,0,1,6000.0,0.8235346019234728,1,1.5,0.7272727272727273,1,0,0.5,-0.19505307600000066,330.0,3.5,2,1,0,0,Medium,Economy,Week,VeryHigh,Good,1,2,1,1,2,3,2,3,0,14,14,24,1,1,0,1,2,0,3.0
761,493,478,4,Ahmedabad,Gujarat,City,8.878936494,Oct-Mar,539,2,"Beaches, Historical",2,0,56000,7,26-35,High Blood Pressure,Business,"Shopping, Food & Local Cuisine",All seasons,"Traffic congestion, pollution",Gujarati Cuisine,520,https://encrypted-tbn0.gstatic.com/images?q=tbn:ANd9GcTjjS0tleUkYu3JCgQn5BM0ooo_ueYok5FwDld1RJJHOQ&s=10,2,8000.0,28000.0,4000.0,0,0,1,0,0,0,3.0,2,1,0,35.515745976,17.757872988,0.7103149195199999,0.3333333333333333,0.9865484993333333,0.42857142857142855,1.268419499142857,74.28571428571429,260.0,0,0,4.5,0.7071067811865476,4,5,2,2.5,0.7071067811865476,8.878936494,0.0,66250.0,14495.689014324224,6.5,0.7071067811865476,277.5,2.0,0.5,4.943755299006493,1.238993430992954,1,1,0,4.0,0.0,4,4,2,2.0,0.0,52000.0,5656.85424949238,6.0,1.4142135623730951,910.0,9.0601906485,1.0986122886681096,1,0,0,1,4000.0,0.9230784023384165,1,1.0,0.8571428571428572,0,0,0.0,-0.18125415450000126,-390.0,4.0,1,0,0,0,Near,Moderate,Week,VeryHigh,Good,2,3,0,1,1,1,3,0,4,2,4,0,2,3,0,1,2,0,3.0
773,776,639,3,Khajuraho Temples,Madhya Pradesh,Historical,8.459363313,Nov-Feb,545,5,"City, Historical",1,2,52500,1,18-25,Knee Pain,Leisure,"Cultural Exploration, Photography",Winter,"Long walking distances, crowd congestion",North Indian Cuisine,1100,https://st2.depositphotos.com/1000434/7761/i/450/depositphotos_77615282-stock-photo-lakshmana-temple-in-khajuraho-madhya.jpg,3,52500.0,17500.0,17500.0,1,0,0,1,0,0,4.0,2,0,0,25.378089939000002,42.296816565,1.26890449695,0.07476635514018691,0.15811894042990657,4.0,8.459363313,1100.0,366.6666666666667,0,0,2.0,1.4142135623730951,1,3,2,3.5,2.1213203435596424,8.459363313,0.0,42250.0,14495.689014324224,4.0,4.242640687119285,920.0,1.0,1.0,2.197224577336219,0.660408825313113,1,0,1,2.6666666666666665,1.5275252316519465,1,4,3,5.0,0.0,62500.0,9759.610647971567,2.6666666666666665,1.5275252316519468,1330.0,7.948818311,1.3862943611198906,0,1,1,0,10000.0,0.8400025599590406,1,1.6666666666666665,0.5454545454545454,1,0,0.3333333333333335,0.5105450020000006,-230.0,3.5,2,1,0,0,Medium,Moderate,Weekend,High,Fair,3,1,1,0,2,4,0,3,3,10,9,17,1,3,1,0,1,0,4.0
788,220,261,2,Tawang,Arunachal Pradesh,Nature,8.869504608,Apr-Jun,120,1,"City, Historical",2,2,64500,2,18-25,Knee Pain,Adventure,"Trekking, Adventure Sports",Summer,"High altitude, physical exertion",North East Cuisine,3000,https://s7ap1.scene7.com/is/image/incredibleindia/sela-pass-tawang-arunachal-pradesh-blog-ntr-hero,4,32250.0,16125.0,8062.5,1,0,0,1,1,0,1.5,1,0,0,17.739009216,8.869504608,0.17739009215999998,0.045112781954887216,0.26675201828571427,0.75,4.434752304,1500.0,750.0,0,1,2.0,0.0,2,2,1,1.0,0.0,8.869504608,0.0,64500.0,0.0,2.0,0.0,3000.0,2.0,2.0,1.3862943611198906,10.0,0,1,1,3.0,1.4142135623730951,2,4,2,1.0,0.0,89000.0,34648.23227814083,4.5,3.5355339059327378,2150.0,9.0790753485,1.0986122886681096,0,0,1,1,24500.0,0.7247221941326503,1,2.5,0.5454545454545454,0,1,-1.0,-0.20957074050000024,850.0,3.0,2,1,0,0,Far,Moderate,Weekend,VeryHigh,Poor,4,0,1,0,2,0,4,2,2,9,1,36,0,3,1,1,3,0,1.5
793,620,191,2,Valley of Flowers,Uttarakhand,Nature,8.896288153,Apr-Jun,389,1,"Nature, Adventure",2,1,49000,2,18-25,Knee Pain,Adventure,"Trekking, Adventure Sports",Summer,"High altitude, physical exertion",North Indian Cuisine,1900,https://encrypted-tbn0.gstatic.com/images?q=tbn:ANd9GcSKohlQ-J1CgxwCnc1mL62LM__eo7IDPvD9Hm4v1DnS8PQfNYx8O_lBtpoE&s=10,3,24500.0,16333.333333333334,8166.666666666667,1,0,0,1,0,0,1.5,1,0,0,17.792576306,8.896288153,0.17792576306000002,0.058823529411764705,0.34887404521568627,0.75,4.4481440765,950.0,633.3333333333334,0,0,2.0,0.0,2,2,1,1.0,0.0,8.896288153,0.0,49000.0,0.0,2.0,0.0,1900.0,2.0,1.0,1.3862943611198906,10.0,0,0,1,2.6666666666666665,0.5773502691896258,2,3,3,1.3333333333333333,0.5773502691896258,60833.333333333336,10750.968948580092,3.0,1.0,2100.0,8.939703975666667,1.3862943611198906,0,1,1,0,11833.333333333336,0.8054826496002805,1,1.0,0.75,0,1,-0.6666666666666665,-0.04341582266666677,-200.0,2.6666666666666665,3,1,0,0,Far,Economy,Weekend,VeryHigh,Poor,4,0,2,0,2,0,4,2,2,10,17,37,0,1,1,1,3,0,1.5
794,762,23,4,Tarkarli Beach,Maharashtra,Beach,8.1478115,Nov-Mar,725,3,"Nature, Adventure",2,1,58500,6,36-45,Knee Pain,Honeymoon,"Relaxation, Nightlife, Water Sports",Winter,"Crowds, sun exposure",Seafood,520,https://encrypted-tbn0.gstatic.com/images?q=tbn:ANd9GcRmtn0Vsfvni1NmF01OGM9ahIFZcrRqMoNKSjV1xzIEbR5CCG-tr4PumVg&s=10,3,9750.0,19500.0,3250.0,1,0,0,1,0,0,3.5,1,1,0,32.591246,24.4434345,0.97773738,0.32558139534883723,0.7579359534883721,0.5833333333333334,1.3579685833333333,86.66666666666667,173.33333333333334,0,0,4.0,0.0,4,4,2,3.0,0.0,8.1478115,0.0,49000.0,13435.028842544403,4.0,2.8284271247461903,1510.0,1.5,1.0,4.394449154672438,10.0,1,0,1,4.0,0.0,4,4,1,3.0,0.0,58500.0,0.0,6.0,0.0,520.0,8.1478115,0.6931471805599453,1,0,1,1,0.0,1.0,1,0.0,1.0,0,0,0.0,0.0,0.0,4.0,1,0,0,0,Near,Moderate,Week,High,Good,1,2,2,2,2,3,2,3,0,14,10,35,2,3,0,0,2,0,3.5
807,347,21,3,Marina Beach,Tamil Nadu,Beach,7.920959928,Nov-Mar,489,3,"City, Historical",1,0,17000,4,18-25,Knee Pain,Honeymoon,"Relaxation, Nightlife, Water Sports",Winter,"Crowds, sun exposure",Seafood,1340,https://encrypted-tbn0.gstatic.com/licensed-image?q=tbn:ANd9GcQct7UyX_Oev4c9kXNkRrH7cu6JRlW5Xs6MNpuB-CTQjXyNxWdF7V64hL9ANP93g9qVVT1kg12v0L1opGDTWLdmYNf-&s=19,1,4250.0,17000.0,4250.0,0,1,0,0,0,0,3.0,0,0,0,23.762879784,23.762879784,0.71288639352,0.5714285714285714,1.508754272,0.75,1.980239982,335.0,1340.0,0,0,3.0,0.0,3,3,1,3.0,0.0,7.920959928,0.0,17000.0,0.0,4.0,0.0,1340.0,1.0,0.0,2.0794415416798357,10.0,0,0,0,2.5,0.7071067811865476,2,3,2,3.0,0.0,20000.0,4242.640687119285,4.5,0.7071067811865476,1495.0,7.809972791,1.0986122886681096,0,1,0,1,3000.0,0.8500074996250188,1,0.5,0.9090909090909091,1,0,0.5,0.1109871370000004,-155.0,3.0,1,0,0,0,Medium,Budget,Week,High,Fair,1,2,1,0,2,3,2,3,0,14,14,24,1,0,0,0,1,0,3.0
828,784,364,4,Coorg,Karnataka,Nature,8.31788274,Sep-Mar,262,4,"Beaches, Historical",2,2,83500,2,26-35,Asthma,Family Vacation,"Nature & Relaxation, Photography",Post-Monsoon,"Curvy roads, limited medical facilities",Coorgi Cuisine,1030,https://images.unsplash.com/photo-1710612198146-77512950a4b7,4,41750.0,20875.0,10437.5,1,0,0,1,1,0,4.0,0,1,0,33.27153096,33.27153096,1.3308612384,0.0935672514619883,0.19457035649122806,2.0,4.15894137,515.0,257.5,0,0,4.0,0.0,4,4,1,4.0,0.0,8.31788274,0.0,83500.0,0.0,2.0,0.0,1030.0,2.0,2.0,2.772588722239781,10.0,0,1,1,4.5,0.5773502691896257,4,5,4,3.5,0.5773502691896257,88375.0,22024.13448923703,3.5,1.2909944487358056,1291.25,8.295658941,1.6094379124341003,1,0,1,0,4875.0,0.9448379650583869,1,1.5,0.6666666666666667,0,1,-0.5,0.02222379900000071,-261.25,4.0,2,1,0,0,Medium,Premium,Weekend,High,Good,4,4,0,1,0,2,1,1,1,1,6,8,1,4,1,0,2,1,4.0
830,610,834,3,Kodaikanal,Tamil Nadu,Nature,7.940660734,Apr-Jun,245,2,"City, Historical",2,1,56500,3,46-60,Knee Pain,Adventure,"Trekking, Adventure Sports",Summer,"High altitude, physical exertion",South Indian Cuisine,1300,https://encrypted-tbn0.gstatic.com/images?q=tbn:ANd9GcRR1MrvitA-PthZ_UMPeUYOYvzHFu6Olty-pnoL9EqaCl31ZwvMHSvu9OQ&s=10,3,18833.333333333332,18833.333333333332,6277.777777777777,1,0,0,1,0,0,2.5,1,0,0,23.821982202,15.881321468,0.47643964404,0.12605042016806722,0.40036944877310926,0.8333333333333334,2.646886911333333,433.3333333333333,433.3333333333333,0,0,3.0,0.0,3,3,1,2.0,0.0,7.940660734,0.0,56500.0,0.0,3.0,0.0,1300.0,2.0,1.0,2.0794415416798357,10.0,0,1,1,3.5,0.7071067811865476,3,4,2,2.0,0.0,57500.0,1414.213562373095,2.5,0.7071067811865476,990.0,8.200234755499999,1.0986122886681096,1,0,1,0,1000.0,0.9826089981043808,1,0.5,0.8571428571428572,0,1,-0.5,-0.25957402149999886,310.0,3.0,1,0,0,0,Medium,Moderate,Weekend,High,Fair,4,0,1,3,2,0,4,2,2,15,14,18,1,3,1,0,1,0,2.5
832,447,831,5,Tarkarli Beach,Maharashtra,Beach,8.888745118,Nov-Mar,78,1,"City, Historical",2,2,53000,3,46-60,Knee Pain,Honeymoon,"Relaxation, Nightlife, Water Sports",Winter,"Crowds, sun exposure",Seafood,520,https://encrypted-tbn0.gstatic.com/images?q=tbn:ANd9GcRmtn0Vsfvni1NmF01OGM9ahIFZcrRqMoNKSjV1xzIEbR5CCG-tr4PumVg&s=10,4,17666.666666666668,13250.0,4416.666666666667,1,0,0,1,1,0,3.0,4,1,1,44.44372559,8.888745118,0.4444372559,0.1607142857142857,0.47618277417857136,1.0,2.9629150393333332,173.33333333333334,130.0,0,0,5.0,0.0,5,5,1,1.0,0.0,8.888745118,0.0,53000.0,0.0,3.0,0.0,520.0,2.0,2.0,3.4657359027997265,10.0,0,1,1,5.0,0.0,5,5,1,1.0,0.0,53000.0,0.0,3.0,0.0,520.0,8.888745118,0.6931471805599453,1,0,1,0,0.0,1.0,1,0.0,1.0,0,0,0.0,0.0,0.0,5.0,1,0,0,0,Near,Moderate,Weekend,VeryHigh,Excellent,1,2,1,3,2,3,2,3,0,14,10,35,2,3,1,1,0,0,3.0
847,651,755,3,Fatehpur Sikri,Uttar Pradesh,Historical,9.464391796,Nov-Feb,344,2,"Nature, Adventure",2,2,104000,5,46-60,Knee Pain,Leisure,"Cultural Exploration, Photography",Winter,"Long walking distances, crowd congestion",Mughlai Cuisine,1450,https://images.unsplash.com/photo-1717761558642-32cbeccbee7e,4,20800.0,26000.0,5200.0,1,0,0,1,1,0,2.5,1,0,0,28.393175387999996,18.928783592,0.5678635077599999,0.1146788990825688,0.43414641266055043,0.5,1.8928783591999998,290.0,362.5,0,0,3.0,0.0,3,3,1,2.0,0.0,9.464391796,0.0,104000.0,0.0,5.0,0.0,1450.0,2.0,2.0,2.0794415416798357,10.0,0,1,1,2.5,0.7071067811865476,2,3,2,2.5,0.7071067811865476,89000.0,21213.203435596424,4.0,1.4142135623730951,1315.0,8.790661646,1.0986122886681096,0,1,1,0,15000.0,0.8314625678363164,1,1.0,0.8,1,0,0.5,0.673730149999999,135.0,3.0,1,0,0,0,Medium,Premium,Week,VeryHigh,Fair,3,1,2,3,2,4,0,3,3,7,16,11,1,4,0,1,1,0,2.5
854,129,95,4,Munnar,Kerala,Nature,9.066328358,Sep-Mar,67,2,"Nature, Adventure",2,1,84000,5,26-35,Asthma,Family Vacation,"Nature & Relaxation, Photography",Post-Monsoon,"Curvy roads, limited medical facilities",Kerala Cuisine,1480,https://images.unsplash.com/photo-1491497895121-1334fc14d8c9,3,16800.0,28000.0,5600.0,1,0,0,1,0,0,3.0,2,1,0,36.265313432,18.132656716,0.72530626864,0.16853932584269662,0.5093442897752809,0.6,1.8132656716,296.0,493.3333333333333,0,0,4.0,0.0,4,4,1,2.0,0.0,9.066328358,0.0,84000.0,0.0,5.0,0.0,1480.0,2.0,1.0,2.772588722239781,10.0,0,1,1,4.0,1.0,3,5,3,2.0,0.0,77000.0,10851.267207105353,4.333333333333333,0.5773502691896257,1216.6666666666667,8.341225038666666,1.3862943611198906,1,0,1,1,7000.0,0.9090920897131206,1,0.666666666666667,0.875,0,0,0.0,0.7251033193333338,263.33333333333326,4.0,1,0,0,0,Medium,Premium,Week,VeryHigh,Good,4,4,2,1,0,2,1,1,1,5,7,26,1,4,0,1,2,0,3.0
870,207,70,3,Marina Beach,Tamil Nadu,Beach,8.560557284,Nov-Mar,41,3,"Beaches, Historical",1,2,40000,3,36-45,Knee Pain,Honeymoon,"Relaxation, Nightlife, Water Sports",Winter,"Crowds, sun exposure",Seafood,1340,https://encrypted-tbn0.gstatic.com/licensed-image?q=tbn:ANd9GcQct7UyX_Oev4c9kXNkRrH7cu6JRlW5Xs6MNpuB-CTQjXyNxWdF7V64hL9ANP93g9qVVT1kg12v0L1opGDTWLdmYNf-&s=19,3,13333.333333333334,13333.333333333334,4444.444444444444,1,0,0,1,0,0,3.0,0,0,0,25.681671852,25.681671852,0.77045015556,0.20930232558139533,0.5972481826046511,1.0,2.8535190946666664,446.6666666666667,446.6666666666667,0,0,3.5,0.7071067811865476,3,4,2,3.5,0.7071067811865476,8.560557284,0.0,37250.0,3889.0872965260114,3.5,0.7071067811865476,1920.0,1.5,1.5,3.8451430103383837,1.238993430992954,1,0,1,3.5,1.0,3,5,4,3.0,0.0,58625.0,18803.257696473767,5.0,1.4142135623730951,1055.0,8.23058033825,1.6094379124341003,1,0,1,1,18625.0,0.6823081909050592,0,2.0,0.6666666666666667,0,1,-0.5,0.3299769457499995,285.0,3.0,3,1,0,0,Medium,Economy,Weekend,VeryHigh,Fair,1,2,0,2,2,3,2,3,0,14,14,24,1,1,1,1,1,0,3.0
877,877,786,4,Gokarna Beach,Karnataka,Beach,7.911432524,Nov-Mar,42,5,"City, Historical",2,1,40500,3,18-25,Knee Pain,Honeymoon,"Relaxation, Nightlife, Water Sports",Winter,"Crowds, sun exposure",Seafood,680,https://realtalktravel.com/wp-content/uploads/Om-Beach-Gokarna.webp,3,13500.0,13500.0,4500.0,1,0,0,1,0,0,4.5,1,1,0,31.645730096,39.55716262,1.5822865047999999,0.3103448275862069,0.5456160361379311,1.5,2.6371441746666666,226.66666666666666,226.66666666666666,0,0,4.0,0.0,4,4,1,5.0,0.0,7.911432524,0.0,40500.0,0.0,3.0,0.0,680.0,2.0,1.0,2.772588722239781,10.0,0,0,1,4.5,0.7071067811865476,4,5,2,5.0,0.0,43500.0,4242.640687119285,3.5,0.7071067811865476,600.0,8.0172241985,1.0986122886681096,1,0,0,0,3000.0,0.9310360681363646,1,0.5,0.8888888888888888,0,1,-0.5,-0.10579167449999893,80.0,4.5,2,1,0,0,Near,Economy,Weekend,High,Good,1,2,1,0,2,3,2,3,0,14,6,12,2,1,1,0,2,1,4.5
879,878,813,4,Mumbai,Maharashtra,City,7.601483088,Oct-Mar,441,2,"City, Historical",1,2,70000,5,18-25,High Blood Pressure,Business,"Shopping, Food & Local Cuisine",All seasons,"Traffic congestion, pollution",Street Food,35,https://t4.ftcdn.net/jpg/01/46/43/87/360_F_146438747_3XYwVkfnYZuukBZYmDM8xeoqENzyhAqa.jpg,3,14000.0,23333.333333333332,4666.666666666667,1,0,0,1,0,0,3.0,2,1,0,30.405932352,15.202966176,0.60811864704,0.2,0.5067655392,0.6,1.5202966176000001,7.0,11.666666666666666,1,0,3.6666666666666665,1.5275252316519465,2,5,3,3.3333333333333335,1.5275252316519465,7.601483087999999,0.0,52166.666666666664,15782.374134880129,4.0,1.7320508075688772,575.0,1.6666666666666667,1.0,5.083079324106265,0.6144297984154721,1,0,1,3.0,1.4142135623730951,2,4,2,2.0,0.0,63000.0,9899.494936611665,4.0,1.4142135623730951,607.5,7.856677791,1.0986122886681096,0,0,1,0,7000.0,0.888890652529325,1,1.0,0.8,1,0,1.0,-0.2551947029999999,-572.5,4.0,1,0,0,0,VeryNear,Moderate,Week,High,Good,2,3,1,0,1,1,3,0,4,16,10,25,3,3,0,0,2,0,3.0
881,55,340,5,Sandakphu,West Bengal,Adventure,7.560629647,Apr-Jun,645,2,"Beaches, Historical",1,0,18000,2,26-35,Knee Pain,Adventure,"Trekking, Adventure Sports",Summer,"High altitude, physical exertion",North East Cuisine,2200,https://aquaterra.in/wp-content/uploads/2020/01/Sandakphu-Trek-03.jpg,1,9000.0,18000.0,9000.0,0,1,0,0,0,0,3.5,3,1,1,37.803148235,15.121259294,0.7560629647,0.35,0.7560629647,1.75,3.7803148235,1100.0,2200.0,0,1,5.0,0.0,5,5,2,3.0,1.4142135623730951,7.560629647,0.0,38250.0,28637.824638055175,3.5,2.1213203435596424,1950.0,1.5,0.0,5.493061443340547,10.0,1,0,0,4.333333333333333,1.1547005383792517,3,5,3,2.3333333333333335,0.5773502691896258,17333.333333333332,6027.713773341709,3.0,1.7320508075688772,2366.6666666666665,7.933623114333333,1.3862943611198906,1,0,0,0,666.6666666666679,0.9615406803453647,1,1.0,0.75,1,0,0.666666666666667,-0.37299346733333305,-166.66666666666652,5.0,2,1,0,0,Far,Budget,Weekend,High,Excellent,0,0,0,1,2,0,4,2,2,9,18,31,0,0,1,0,0,0,3.5
886,419,678,4,Coorg,Karnataka,Nature,8.16565426,Sep-Mar,706,3,"City, Historical",2,2,92500,3,26-35,Asthma,Family Vacation,"Nature & Relaxation, Photography",Post-Monsoon,"Curvy roads, limited medical facilities",Coorgi Cuisine,1030,https://images.unsplash.com/photo-1710612198146-77512950a4b7,4,30833.333333333332,23125.0,7708.333333333333,1,0,0,1,1,0,3.5,1,1,0,32.66261704,24.49696278,0.9798785112,0.1099476439790576,0.2565126992670157,1.1666666666666667,2.7218847533333332,343.3333333333333,257.5,0,0,3.3333333333333335,1.1547005383792515,2,4,3,2.3333333333333335,0.5773502691896258,8.16565426,0.0,88833.33333333333,4725.815626252609,3.3333333333333335,1.5275252316519465,1470.0,1.6666666666666667,2.0,4.620981203732969,0.7970029257273941,1,1,1,3.0,1.4142135623730951,2,4,2,3.0,0.0,73750.0,26516.50429449553,3.5,0.7071067811865476,1165.0,8.049920403,1.0986122886681096,0,0,1,0,18750.0,0.7457661591029274,1,0.5,0.8888888888888888,1,0,1.0,0.11573385700000038,-135.0,3.0,2,1,0,0,Medium,Premium,Weekend,High,Good,4,4,1,1,0,2,1,1,1,1,6,8,1,4,1,0,2,0,3.5
888,732,55,2,Marina Beach,Tamil Nadu,Beach,8.465381843,Nov-Mar,808,3,"Beaches, Historical",2,0,32000,4,18-25,Knee Pain,Honeymoon,"Relaxation, Nightlife, Water Sports",Winter,"Crowds, sun exposure",Seafood,1340,https://encrypted-tbn0.gstatic.com/licensed-image?q=tbn:ANd9GcQct7UyX_Oev4c9kXNkRrH7cu6JRlW5Xs6MNpuB-CTQjXyNxWdF7V64hL9ANP93g9qVVT1kg12v0L1opGDTWLdmYNf-&s=19,2,8000.0,16000.0,4000.0,0,0,1,0,0,0,2.5,1,0,0,16.930763686,25.396145528999998,0.5079229105799999,0.2777777777777778,0.9405979825555555,0.625,2.11634546075,335.0,670.0,0,0,2.0,0.0,2,2,1,3.0,0.0,8.465381843,0.0,32000.0,0.0,4.0,0.0,1340.0,2.0,0.0,1.3862943611198906,10.0,0,0,0,2.0,0.0,2,2,1,3.0,0.0,32000.0,0.0,4.0,0.0,1340.0,8.465381843,0.6931471805599453,0,1,0,0,0.0,1.0,1,0.0,1.0,0,0,0.0,0.0,0.0,2.0,1,0,0,0,Medium,Economy,Week,High,Poor,1,2,0,0,2,3,2,3,0,14,14,24,1,1,0,0,3,0,2.5
891,875,898,5,Leh Ladakh,Ladakh,Adventure,8.982970017,Apr-Jun,21,3,"Beaches, Historical",2,0,58500,7,36-45,Knee Pain,Adventure,"Trekking, Adventure Sports",Summer,"High altitude, physical exertion",Tibetan Cuisine,2500,https://encrypted-tbn0.gstatic.com/images?q=tbn:ANd9GcR6syC-08_34gV3HDUrcoT836XfFU1TJFrrucb9MfdLPiXz7ULyfUkGJEq2&s=10,2,8357.142857142857,29250.0,4178.571428571428,0,0,1,0,0,0,4.0,2,1,1,44.914850085,26.948910051,1.3474455025499998,0.42748091603053434,0.9600120628854961,0.5714285714285714,1.283281431,357.14285714285717,1250.0,0,1,4.0,1.4142135623730951,3,5,2,3.5,0.7071067811865476,8.982970017,0.0,55750.0,3889.0872965260114,6.0,1.4142135623730951,2200.0,1.5,0.5,4.394449154672438,0.660408825313113,1,1,0,5.0,0.0,5,5,3,2.6666666666666665,0.5773502691896257,52000.0,7365.459931328118,5.666666666666667,2.3094010767585034,1820.0,8.599867782333334,1.3862943611198906,1,0,0,1,6500.0,0.8750024037999269,1,1.333333333333333,0.8,0,0,0.0,0.3831022346666657,680.0,5.0,1,0,0,0,Far,Moderate,Week,VeryHigh,Excellent,0,0,0,2,2,0,4,2,2,17,8,22,0,3,0,1,0,0,4.0
896,360,584,1,Ooty,Tamil Nadu,Nature,8.117132891,Apr-Jun,757,3,"Nature, Adventure",1,2,63500,4,46-60,Knee Pain,Adventure,"Trekking, Adventure Sports",Summer,"High altitude, physical exertion",South Indian Cuisine,1180,https://t3.ftcdn.net/jpg/05/09/58/00/360_F_509580096_YjyHXMHyTm9OOkjUQS4kOxDXkxbOMWYi.jpg,3,15875.0,21166.666666666668,5291.666666666667,1,0,0,1,0,0,2.0,2,0,0,8.117132891,24.351398673000002,0.24351398673000002,0.11851851851851852,0.48101528242962965,0.5,2.02928322275,295.0,393.3333333333333,0,0,1.0,0.0,1,1,1,3.0,0.0,8.117132891,0.0,63500.0,0.0,4.0,0.0,1180.0,1.0,2.0,0.6931471805599453,10.0,0,1,1,2.5,2.1213203435596424,1,4,2,3.0,0.0,66500.0,4242.640687119285,3.5,0.7071067811865476,1290.0,8.6845892065,1.0986122886681096,0,1,1,0,3000.0,0.9548878964226102,1,0.5,0.8888888888888888,0,1,-1.5,-0.5674563154999994,-110.0,2.5,2,1,0,0,Medium,Moderate,Week,High,Poor,4,0,2,3,2,0,4,2,2,15,14,27,1,3,0,0,3,0,2.0
898,183,948,1,Jaipur,Rajasthan,City,8.872498744,Oct-Mar,1000,3,"City, Historical",1,0,19000,2,36-45,High Blood Pressure,Business,"Shopping, Food & Local Cuisine",All seasons,"Traffic congestion, pollution",Rajasthani Cuisine,1140,https://t4.ftcdn.net/jpg/05/84/76/73/360_F_584767353_EXYOkE8NcX37UwV4WfBw7AjBaEtU6mMy.jpg,1,9500.0,19000.0,9500.0,0,1,0,0,0,0,2.0,2,0,0,8.872498744,26.617496232,0.26617496232,0.19047619047619047,0.8449998803809523,1.0,4.436249372,570.0,1140.0,0,0,1.0,0.0,1,1,1,3.0,0.0,8.872498744,0.0,19000.0,0.0,2.0,0.0,1140.0,1.0,0.0,0.6931471805599453,10.0,0,0,0,2.5,2.1213203435596424,1,4,2,3.0,0.0,20250.0,1767.7669529663688,2.0,0.0,1295.0,8.8352878495,1.0986122886681096,0,1,0,0,1250.0,0.9382746531035504,1,0.0,1.0,0,1,-1.5,0.03721089449999937,-155.0,1.0,1,0,0,0,Medium,Budget,Weekend,VeryHigh,Poor,2,3,1,2,1,1,3,0,4,13,13,15,1,0,1,1,3,0,2.0
908,900,937,5,Valley of Flowers,Uttarakhand,Nature,8.81228743,Apr-Jun,712,1,"Beaches, Historical",2,2,113500,7,26-35,Knee Pain,Adventure,"Trekking, Adventure Sports",Summer,"High altitude, physical exertion",North Indian Cuisine,1900,https://encrypted-tbn0.gstatic.com/images?q=tbn:ANd9GcSKohlQ-J1CgxwCnc1mL62LM__eo7IDPvD9Hm4v1DnS8PQfNYx8O_lBtpoE&s=10,4,16214.285714285714,28375.0,4053.5714285714284,1,0,0,1,1,0,3.0,4,1,1,44.061437149999996,8.81228743,0.44061437149999994,0.17427385892116182,0.5119171121161825,0.42857142857142855,1.2588982042857142,271.42857142857144,475.0,0,0,3.5,2.1213203435596424,2,5,2,1.5,0.7071067811865476,8.81228743,0.0,77500.0,50911.68824543142,5.5,2.1213203435596424,1650.0,1.5,2.0,3.8451430103383837,0.450182704578985,1,1,1,4.0,1.4142135623730951,3,5,2,1.0,0.0,103250.0,14495.689014324224,4.5,3.5355339059327378,1655.0,8.342884438,1.0986122886681096,1,0,1,1,10250.0,0.9007273537302303,1,2.5,0.5454545454545454,1,0,1.0,0.46940299199999913,245.0,5.0,1,0,0,0,Far,Premium,Week,VeryHigh,Excellent,4,0,0,1,2,0,4,2,2,10,17,37,0,4,0,1,0,0,3.0
909,365,917,5,Kodaikanal,Tamil Nadu,Nature,8.878382688,Apr-Jun,601,2,"Nature, Adventure",2,2,94000,5,18-25,Knee Pain,Adventure,"Trekking, Adventure Sports",Summer,"High altitude, physical exertion",South Indian Cuisine,1300,https://encrypted-tbn0.gstatic.com/images?q=tbn:ANd9GcRR1MrvitA-PthZ_UMPeUYOYvzHFu6Olty-pnoL9EqaCl31ZwvMHSvu9OQ&s=10,4,18800.0,23500.0,4700.0,1,0,0,1,1,0,3.5,3,1,1,44.39191344,17.756765376,0.8878382688,0.17676767676767677,0.44840316606060604,0.7,1.7756765376,260.0,325.0,0,0,3.0,2.8284271247461903,1,5,2,2.5,0.7071067811865476,8.878382688,0.0,73750.0,28637.824638055175,5.5,0.7071067811865476,1900.0,2.0,1.0,3.2958368660043287,0.3414802408943917,1,1,1,3.0,2.8284271247461903,1,5,2,1.5,0.7071067811865476,85500.0,12020.815280171308,4.0,1.4142135623730951,1475.0,8.3165517335,1.0986122886681096,0,0,1,0,8500.0,0.9005859580589701,1,1.0,0.8,1,0,2.0,0.5618309544999995,-175.0,5.0,1,0,0,0,Medium,Premium,Week,VeryHigh,Excellent,4,0,2,0,2,0,4,2,2,15,14,18,1,4,0,1,0,0,3.5
911,609,418,2,Spiti Valley,Himachal Pradesh,Nature,8.295686417,Sep-Mar,373,4,"Beaches, Historical",1,2,76500,4,26-35,Asthma,Family Vacation,"Nature & Relaxation, Photography",Post-Monsoon,"Curvy roads, limited medical facilities",Himachali Cuisine,2000,https://storage.googleapis.com/stateless-www-justwravel-com/2021/05/1550217293_shutterstock_1129297934.jpg.jpg,3,19125.0,25500.0,6375.0,1,0,0,1,0,0,3.0,2,0,0,16.591372834,33.182745668,0.66365491336,0.14906832298136646,0.41220802072049695,0.75,2.07392160425,500.0,666.6666666666666,0,0,2.5,0.7071067811865476,2,3,2,3.0,1.4142135623730951,8.295686417,0.0,66250.0,14495.689014324224,4.5,0.7071067811865476,1950.0,1.0,2.0,2.7465307216702737,1.238993430992954,1,1,1,2.25,0.5,2,3,4,4.25,0.5,71375.0,12099.41458638943,5.5,1.2909944487358056,1758.75,8.1969980655,1.6094379124341003,0,1,1,1,5125.0,0.9281971531046851,1,1.5,0.7692307692307692,0,1,-0.25,0.09868835149999988,241.25,2.0,2,1,0,0,Far,Moderate,Week,High,Poor,4,4,0,1,0,2,1,1,1,3,5,33,0,3,0,0,3,0,3.0
914,936,862,3,Ellora Caves,Maharashtra,Historical,8.020558973,Nov-Feb,103,2,"Beaches, Historical",1,1,53000,5,18-25,Knee Pain,Leisure,"Cultural Exploration, Photography",Winter,"Long walking distances, crowd congestion",Maharashtrian Cuisine,340,https://indiaholidaymall.com/images/blog/Ellora-Caves-Unesco-World-Heritage-Site.jpg,2,10600.0,26500.0,5300.0,1,0,0,1,0,0,2.5,1,0,0,24.061676919,16.041117946,0.48123353838,0.21551724137931036,0.6914274976724138,0.5,1.6041117946,68.0,170.0,1,0,3.0,0.0,3,3,1,2.0,0.0,8.020558973,0.0,53000.0,0.0,5.0,0.0,340.0,1.0,1.0,2.0794415416798357,10.0,0,1,1,3.5,1.2909944487358056,2,5,4,2.5,1.0,41875.0,10061.270628835438,4.25,1.5,766.25,8.191379936,1.6094379124341003,1,0,0,1,11125.0,0.7343347024548668,1,0.75,0.8571428571428572,0,1,-0.5,-0.1708209630000006,-426.25,3.0,1,0,0,0,Near,Moderate,Week,High,Fair,3,1,0,0,2,4,0,3,3,6,10,10,2,3,0,0,1,0,2.5
919,654,287,4,Tawang,Arunachal Pradesh,Nature,8.441880662,Sep-Mar,253,4,"Nature, Adventure",1,2,63000,2,26-35,Asthma,Family Vacation,"Nature & Relaxation, Photography",Post-Monsoon,"Curvy roads, limited medical facilities",North East Cuisine,3000,https://s7ap1.scene7.com/is/image/incredibleindia/sela-pass-tawang-arunachal-pradesh-blog-ntr-hero,3,31500.0,21000.0,10500.0,1,0,0,1,0,0,4.0,0,1,0,33.767522648,33.767522648,1.3507009059200001,0.12307692307692308,0.25975017421538465,2.0,4.220940331,1500.0,1000.0,0,1,4.0,0.0,4,4,1,4.0,0.0,8.441880662,0.0,63000.0,0.0,2.0,0.0,3000.0,1.0,2.0,2.772588722239781,10.0,0,1,1,4.0,0.0,4,4,2,4.0,0.0,72500.0,13435.028842544403,2.5,0.7071067811865476,2070.0,8.375158046,1.0986122886681096,1,0,1,0,9500.0,0.8689673245886264,1,0.5,0.8571428571428572,0,0,0.0,0.06672261600000162,930.0,4.0,1,0,0,0,Far,Moderate,Weekend,High,Good,4,4,2,1,0,2,1,1,1,9,1,36,0,3,1,0,2,1,4.0
924,263,226,1,Mumbai,Maharashtra,City,9.407835019,Oct-Mar,485,5,"Beaches, Historical",2,1,82500,7,36-45,High Blood Pressure,Business,"Shopping, Food & Local Cuisine",All seasons,"Traffic congestion, pollution",Street Food,35,https://t4.ftcdn.net/jpg/01/46/43/87/360_F_146438747_3XYwVkfnYZuukBZYmDM8xeoqENzyhAqa.jpg,3,11785.714285714286,27500.0,3928.571428571429,1,0,0,1,0,0,3.0,4,0,0,9.407835019,47.039175095000004,0.47039175095,0.23463687150837986,0.7358083255083798,0.42857142857142855,1.3439764312857143,5.0,11.666666666666666,1,0,1.0,0.0,1,1,1,5.0,0.0,9.407835019,0.0,82500.0,0.0,7.0,0.0,35.0,2.0,1.0,0.6931471805599453,10.0,0,1,1,1.0,0.0,1,1,1,5.0,0.0,82500.0,0.0,7.0,0.0,35.0,9.407835019,0.6931471805599453,0,1,1,1,0.0,1.0,1,0.0,1.0,0,0,0.0,0.0,0.0,1.0,1,0,0,0,VeryNear,Premium,Week,VeryHigh,Poor,2,3,0,2,1,1,3,0,4,16,10,25,3,4,0,1,3,0,3.0
925,695,261,4,Kodaikanal,Tamil Nadu,Nature,9.288646089,Apr-Jun,120,1,"City, Historical",2,2,113500,7,18-25,Knee Pain,Adventure,"Trekking, Adventure Sports",Summer,"High altitude, physical exertion",South Indian Cuisine,1300,https://encrypted-tbn0.gstatic.com/images?q=tbn:ANd9GcRR1MrvitA-PthZ_UMPeUYOYvzHFu6Olty-pnoL9EqaCl31ZwvMHSvu9OQ&s=10,4,16214.285714285714,28375.0,4053.5714285714284,1,0,0,1,1,0,2.5,3,1,0,37.154584356,9.288646089,0.37154584356000003,0.14522821576763484,0.5395893993609958,0.35714285714285715,1.3269494412857143,185.71428571428572,325.0,0,0,4.5,0.7071067811865476,4,5,2,3.0,2.8284271247461903,9.288646089,0.0,94000.0,27577.164466275353,5.0,2.8284271247461903,1350.0,2.0,2.0,4.943755299006493,1.238993430992954,1,1,1,3.0,1.4142135623730951,2,4,2,1.0,0.0,89000.0,34648.23227814083,4.5,3.5355339059327378,2150.0,9.0790753485,1.0986122886681096,0,0,1,1,24500.0,0.7247221941326503,1,2.5,0.5454545454545454,1,0,1.0,0.20957074050000024,-850.0,3.0,2,1,0,0,Medium,Premium,Week,VeryHigh,Good,4,0,1,0,2,0,4,2,2,15,14,18,1,4,0,1,2,0,2.5
926,690,925,1,Spiti Valley,Himachal Pradesh,Nature,8.195260135,Apr-Jun,198,3,"Beaches, Historical",2,2,84000,4,26-35,Knee Pain,Adventure,"Trekking, Adventure Sports",Summer,"High altitude, physical exertion",Himachali Cuisine,2000,https://storage.googleapis.com/stateless-www-justwravel-com/2021/05/1550217293_shutterstock_1129297934.jpg.jpg,4,21000.0,21000.0,5250.0,1,0,0,1,1,0,2.0,2,0,0,8.195260135,24.585780405,0.24585780405000002,0.09090909090909091,0.3725118243181818,0.5,2.04881503375,500.0,500.0,0,0,1.0,0.0,1,1,1,3.0,0.0,8.195260135,0.0,84000.0,0.0,4.0,0.0,2000.0,2.0,2.0,0.6931471805599453,10.0,0,1,1,2.0,1.4142135623730951,1,3,2,3.0,0.0,68500.0,21920.310216782975,5.0,1.4142135623730951,1260.0,8.03561586,1.0986122886681096,0,1,1,1,15500.0,0.7737259310083064,1,1.0,0.8333333333333334,0,1,-1.0,0.15964427499999978,740.0,1.0,1,0,0,0,Far,Premium,Week,High,Poor,4,0,0,1,2,0,4,2,2,3,5,33,0,4,0,0,3,0,2.0
928,509,584,4,Kerala Backwaters,Kerala,Nature,9.252045522,Sep-Mar,757,3,"Nature, Adventure",1,2,69500,3,36-45,Asthma,Family Vacation,"Nature & Relaxation, Photography",Post-Monsoon,"Curvy roads, limited medical facilities",Kerala Cuisine,1400,https://www.backpackadventures.org/wp-content/uploads/2020/08/india0898.jpg,3,23166.666666666668,23166.666666666668,7722.222222222223,1,0,0,1,0,0,3.5,1,1,0,37.008182088,27.756136566,1.11024546264,0.14482758620689654,0.3828432629793103,1.1666666666666667,3.0840151739999997,466.6666666666667,466.6666666666667,0,0,4.0,0.0,4,4,1,3.0,0.0,9.252045522,0.0,69500.0,0.0,3.0,0.0,1400.0,1.0,2.0,2.772588722239781,10.0,0,1,1,2.5,2.1213203435596424,1,4,2,3.0,0.0,66500.0,4242.640687119285,3.5,0.7071067811865476,1290.0,8.6845892065,1.0986122886681096,0,1,1,0,3000.0,0.9548878964226102,1,0.5,0.8888888888888888,1,0,1.5,0.5674563154999994,110.0,2.5,2,1,0,0,Medium,Moderate,Weekend,VeryHigh,Good,4,4,2,2,0,2,1,1,1,5,7,16,1,3,1,1,2,0,3.5
933,296,70,5,Konark Sun Temple,Odisha,Historical,8.013451633,Nov-Feb,41,3,"Beaches, Historical",1,2,84500,6,18-25,Knee Pain,Leisure,"Cultural Exploration, Photography",Winter,"Long walking distances, crowd congestion",Odia Cuisine,1700,https://cdn.britannica.com/19/251919-050-D3E64798/konark-sun-temple-orissa-india-unesco-heritage-site.jpg,3,14083.333333333334,28166.666666666668,4694.444444444444,1,0,0,1,0,0,4.0,2,1,1,40.067258165000005,24.040354899,1.20201774495,0.26519337016574585,0.5312785613038674,0.6666666666666666,1.3355752721666667,283.3333333333333,566.6666666666666,0,0,5.0,0.0,5,5,1,3.0,0.0,8.013451633,0.0,84500.0,0.0,6.0,0.0,1700.0,1.0,2.0,3.4657359027997265,10.0,0,1,1,3.5,1.0,3,5,4,3.0,0.0,58625.0,18803.257696473767,5.0,1.4142135623730951,1055.0,8.23058033825,1.6094379124341003,1,0,1,1,25875.0,0.5586429229352164,0,1.0,0.8333333333333334,1,0,1.5,-0.2171287052499995,645.0,5.0,1,0,0,0,Far,Premium,Week,High,Excellent,3,1,0,0,2,4,0,3,3,11,11,20,0,4,0,0,0,0,4.0
934,348,840,1,Jaipur,Rajasthan,City,8.013552976,Oct-Mar,103,5,"City, Historical",1,0,19000,2,26-35,High Blood Pressure,Business,"Shopping, Food & Local Cuisine",All seasons,"Traffic congestion, pollution",Rajasthani Cuisine,1140,https://t4.ftcdn.net/jpg/05/84/76/73/360_F_584767353_EXYOkE8NcX37UwV4WfBw7AjBaEtU6mMy.jpg,1,9500.0,19000.0,9500.0,0,1,0,0,0,0,3.0,4,0,0,8.013552976,40.06776488,0.4006776488,0.2857142857142857,0.7631955215238095,1.5,4.006776488,570.0,1140.0,0,0,3.0,2.0,1,5,3,4.0,1.0,8.013552976,0.0,34333.333333333336,14571.661996262928,4.0,2.0,1400.0,1.6666666666666667,0.0,4.1588830833596715,0.47619047619047616,1,0,0,1.5,0.7071067811865476,1,2,2,5.0,0.0,18500.0,707.1067811865476,2.0,0.0,1570.0,8.6902431605,1.0986122886681096,0,1,0,0,500.0,0.9729744338143884,1,0.0,1.0,0,1,-0.5,-0.6766901845,-430.0,1.0,1,0,0,0,Medium,Budget,Weekend,High,Poor,2,3,1,1,1,1,3,0,4,13,13,15,1,0,1,0,3,0,3.0
954,621,936,3,Red Fort,Delhi,Historical,7.820265199,Nov-Feb,346,4,"City, Historical",1,0,32000,7,36-45,Knee Pain,Leisure,"Cultural Exploration, Photography",Winter,"Long walking distances, crowd congestion",Mughlai Cuisine,1410,https://upload.wikimedia.org/wikipedia/commons/d/d6/Delhi%2C_India%2C_Red_Fort_Facade.jpg,1,4571.428571428572,32000.0,4571.428571428572,0,1,0,0,0,0,3.5,1,0,0,23.460795597,31.281060796,0.93843182388,0.6282051282051282,1.4036373434102565,0.5,1.1171807427142857,201.42857142857142,1410.0,0,0,3.0,0.0,3,3,1,4.0,0.0,7.820265199,0.0,32000.0,0.0,7.0,0.0,1410.0,1.0,0.0,2.0794415416798357,10.0,0,0,0,3.0,0.0,3,3,2,2.5,2.1213203435596424,29750.0,3181.9805153394636,6.5,0.7071067811865476,1805.0,8.49064743,1.0986122886681096,0,0,0,1,2250.0,0.9243722900070586,1,0.5,0.9333333333333333,0,0,0.0,-0.6703822309999996,-395.0,3.0,1,0,0,0,Medium,Economy,Week,High,Fair,3,1,1,2,2,4,0,3,3,7,2,29,1,1,0,0,1,0,3.5
957,510,311,1,Sandakphu,West Bengal,Adventure,9.380186804,Apr-Jun,965,5,"Nature, Adventure",2,0,48500,5,18-25,Knee Pain,Adventure,"Trekking, Adventure Sports",Summer,"High altitude, physical exertion",North East Cuisine,2200,https://aquaterra.in/wp-content/uploads/2020/01/Sandakphu-Trek-03.jpg,2,9700.0,24250.0,4850.0,0,0,1,0,0,0,3.0,4,0,0,9.380186804,46.900934019999994,0.46900934019999996,0.28037383177570097,0.8766529723364486,0.6,1.8760373607999998,440.0,1100.0,0,1,1.0,0.0,1,1,1,5.0,0.0,9.380186804,0.0,48500.0,0.0,5.0,0.0,2200.0,2.0,0.0,0.6931471805599453,10.0,0,0,0,1.0,0.0,1,1,1,5.0,0.0,48500.0,0.0,5.0,0.0,2200.0,9.380186804,0.6931471805599453,0,1,0,1,0.0,1.0,1,0.0,1.0,0,0,0.0,0.0,0.0,1.0,1,0,0,0,Far,Economy,Week,VeryHigh,Poor,0,0,2,0,2,0,4,2,2,9,18,31,0,1,0,1,3,0,3.0
967,840,942,1,Bir Billing,Himachal Pradesh,Adventure,7.933518733,Apr-Jun,984,1,"City, Historical",1,0,27500,6,26-35,Knee Pain,Adventure,"Trekking, Adventure Sports",Summer,"High altitude, physical exertion",Himachali Cuisine,1800,https://media-cdn.tripadvisor.com/media/attractions-splice-spp-674x446/0a/c6/99/67.jpg,1,4583.333333333333,27500.0,4583.333333333333,0,1,0,0,0,0,1.0,0,0,0,7.933518733,7.933518733,0.07933518733,0.17910447761194032,1.4209287282985075,0.16666666666666666,1.3222531221666667,300.0,1800.0,0,0,1.0,0.0,1,1,1,1.0,0.0,7.933518733,0.0,27500.0,0.0,6.0,0.0,1800.0,1.0,0.0,0.6931471805599453,10.0,0,0,0,1.0,0.0,1,1,1,1.0,0.0,27500.0,0.0,6.0,0.0,1800.0,7.933518733,0.6931471805599453,0,1,0,1,0.0,1.0,1,0.0,1.0,0,0,0.0,0.0,0.0,1.0,1,0,0,0,Far,Economy,Week,High,Poor,0,0,1,1,2,0,4,2,2,3,5,5,0,1,0,0,3,0,1.0
975,387,736,5,Varkala Beach,Kerala,Beach,8.763403697,Nov-Mar,970,2,"Beaches, Historical",1,1,19500,1,36-45,Knee Pain,Honeymoon,"Relaxation, Nightlife, Water Sports",Winter,"Crowds, sun exposure",Seafood,1550,https://encrypted-tbn0.gstatic.com/images?q=tbn:ANd9GcQhhfqvS3M6-Q5xL-XOgqAbXut9hnDO4dA-_VCx1YCE79I6gDY3_C1Zv3dOXwu2pL_OmQVlumXjSSQ8I6p748JioJniT2Wxf2InPIObpQ&s=10,2,19500.0,9750.0,9750.0,1,0,0,1,0,0,3.5,3,1,1,43.817018485,17.526807394,0.8763403697,0.17073170731707318,0.4274831071707317,3.5,8.763403697,1550.0,775.0,0,0,4.5,0.7071067811865476,4,5,2,2.0,0.0,8.763403697,0.0,29750.0,14495.689014324224,3.5,3.5355339059327378,1445.0,1.5,0.5,4.943755299006493,1.238993430992954,1,0,0,4.5,0.7071067811865476,4,5,2,2.5,0.7071067811865476,27750.0,11667.261889578034,2.0,1.4142135623730951,1480.0,8.670080787,1.0986122886681096,1,0,0,0,8250.0,0.7027134157327664,1,1.0,0.6666666666666667,1,0,0.5,0.09332290999999948,70.0,5.0,1,0,0,0,Far,Budget,Weekend,VeryHigh,Excellent,1,2,0,2,2,3,2,3,0,14,7,38,0,0,1,1,0,0,3.5
977,537,338,1,Radhanagar Beach,Andaman,Beach,9.187047298,Nov-Mar,436,5,"Nature, Adventure",2,1,28500,1,46-60,Knee Pain,Honeymoon,"Relaxation, Nightlife, Water Sports",Winter,"Crowds, sun exposure",Seafood,2500,https://dynamic-media-cdn.tripadvisor.com/media/photo-o/05/76/7a/1d/radhanagar-beach.jpg,3,28500.0,9500.0,9500.0,1,0,0,1,0,0,3.0,4,0,0,9.187047298,45.935236489999994,0.4593523648999999,0.1016949152542373,0.3114253321355932,3.0,9.187047298,2500.0,833.3333333333334,0,1,1.0,0.0,1,1,1,5.0,0.0,9.187047298,0.0,28500.0,0.0,1.0,0.0,2500.0,2.0,1.0,0.6931471805599453,10.0,0,0,1,1.0,0.0,1,1,2,5.0,0.0,40750.0,17324.116139070415,3.5,3.5355339059327378,1975.0,8.464696692,1.0986122886681096,0,1,0,0,12250.0,0.6993938799047876,0,2.5,0.4444444444444444,0,0,0.0,0.7223506059999991,525.0,1.0,1,0,0,0,Far,Economy,Weekend,VeryHigh,Poor,1,2,2,3,2,3,2,3,0,14,0,28,0,1,1,1,3,0,3.0
416,318,26,5,Delhi,Delhi,City,7.799132449,Oct-Mar,952,5,"Nature, Adventure",2,0,40000,2,26-35,High Blood Pressure,Business,"Shopping, Food & Local Cuisine",All seasons,"Traffic congestion, pollution",Street Food,1410,https://encrypted-tbn0.gstatic.com/images?q=tbn:ANd9GcTFxblF-zkMM4NsiVuRyJ1Yx76TMcpdDWzU6zEf57y1aQ&s=10,2,20000.0,20000.0,10000.0,0,0,1,0,0,0,5.0,0,1,1,38.995662245,38.995662245,1.94978311225,0.23809523809523808,0.3713872594761905,2.5,3.8995662245,705.0,705.0,0,0,5.0,0.0,5,5,1,5.0,0.0,7.799132449,0.0,40000.0,0.0,2.0,0.0,1410.0,2.0,0.0,3.4657359027997265,10.0,0,0,0,3.0,2.8284271247461903,1,5,2,5.0,0.0,34000.0,8485.28137423857,2.0,0.0,997.5,8.188516706,1.0986122886681096,0,0,0,0,6000.0,0.8235346019234728,1,0.0,1.0,1,0,2.0,-0.3893842569999997,412.5,5.0,1,0,0,0,Medium,Economy,Weekend,High,Excellent,2,3,2,1,1,1,3,0,4,16,2,9,1,1,1,0,0,1,5.0
75,23,684,3,Hyderabad,Telangana,City,7.883349652,Oct-Mar,281,2,"City, Historical",1,0,19000,5,46-60,High Blood Pressure,Business,"Shopping, Food & Local Cuisine",All seasons,"Traffic congestion, pollution",Hyderabadi Cuisine,710,https://t4.ftcdn.net/jpg/03/60/89/09/360_F_360890991_Ykybj5JO5HYBaqWeROz9cR2jWXN8HZxf.jpg,1,3800.0,19000.0,3800.0,0,1,0,0,0,0,2.5,1,0,0,23.650048956,15.766699304,0.47300097912,0.5208333333333334,1.6423645108333333,0.5,1.5766699304,142.0,710.0,0,0,3.0,0.0,3,3,1,2.0,0.0,7.883349652,0.0,19000.0,0.0,5.0,0.0,710.0,1.0,0.0,2.0794415416798357,10.0,0,0,0,4.0,1.4142135623730951,3,5,2,2.0,0.0,23500.0,6363.961030678927,3.5,2.1213203435596424,570.0,8.2300537645,1.0986122886681096,1,0,0,0,4500.0,0.8085187864346198,1,1.5,0.6666666666666667,0,1,-1.0,-0.34670411249999944,140.0,3.0,1,0,0,0,Near,Budget,Week,High,Fair,2,3,1,3,1,1,3,0,4,4,15,14,2,0,0,0,1,0,2.5
678,217,258,1,Gokarna Beach,Karnataka,Beach,9.144764642,Nov-Mar,721,2,"City, Historical",2,1,40500,6,26-35,Knee Pain,Honeymoon,"Relaxation, Nightlife, Water Sports",Winter,"Crowds, sun exposure",Seafood,680,https://realtalktravel.com/wp-content/uploads/Om-Beach-Gokarna.webp,3,6750.0,13500.0,2250.0,1,0,0,1,0,0,1.5,1,0,0,9.144764642,18.289529284,0.18289529284,0.1935483870967742,1.1799696312258066,0.25,1.5241274403333334,113.33333333333333,226.66666666666666,0,0,2.5,2.1213203435596424,1,4,2,1.5,0.7071067811865476,9.144764642,0.0,27750.0,18031.22292025696,6.0,0.0,1590.0,1.5,0.5,2.7465307216702737,0.450182704578985,1,0,0,2.5,2.1213203435596424,1,4,2,2.0,0.0,46500.0,8485.28137423857,5.0,1.4142135623730951,600.0,8.692803849499999,1.0986122886681096,0,1,0,1,6000.0,0.8709705167630803,1,1.0,0.8333333333333334,0,1,-1.5,0.4519607925000013,80.0,2.5,2,1,0,0,Near,Economy,Week,VeryHigh,Poor,1,2,1,1,2,3,2,3,0,14,6,12,2,1,0,1,3,0,1.5
593,696,819,5,Ajanta Caves,Maharashtra,Historical,8.627961322,Nov-Feb,429,2,"City, Historical",1,1,48500,6,46-60,Knee Pain,Leisure,"Cultural Exploration, Photography",Winter,"Long walking distances, crowd congestion",Maharashtrian Cuisine,430,https://plus.unsplash.com/premium_photo-1697729588019-20a1f5a325d1,2,8083.333333333333,24250.0,4041.6666666666665,1,0,0,1,0,0,3.5,3,1,1,43.13980661000001,17.255922644,0.8627961322000002,0.38532110091743127,0.9498673015045874,0.5833333333333334,1.4379935536666668,71.66666666666667,215.0,1,0,5.0,0.0,5,5,2,2.0,0.0,8.627961322,0.0,51000.0,3535.5339059327375,4.5,2.1213203435596424,920.0,1.5,0.5,5.493061443340547,10.0,1,0,0,5.0,0.0,5,5,1,2.0,0.0,48500.0,0.0,6.0,0.0,430.0,8.627961322,0.6931471805599453,1,0,0,1,0.0,1.0,1,0.0,1.0,0,0,0.0,0.0,0.0,5.0,1,0,0,0,Near,Economy,Week,VeryHigh,Excellent,3,1,1,3,2,4,0,3,3,6,10,1,2,1,0,1,0,0,3.5
441,507,101,4,Calangute Beach,Goa,Beach,8.240547501,Nov-Mar,984,3,"Nature, Adventure",2,0,44000,5,26-35,Knee Pain,Honeymoon,"Relaxation, Nightlife, Water Sports",Winter,"Crowds, sun exposure",Seafood,585,https://encrypted-tbn0.gstatic.com/images?q=tbn:ANd9GcQawETYRiYBsH6-h7nyRef7D05VLNnIS00HBpFyaZdOJDehCXzhEkUfAY5Vf_tWlUzd5qaIpJnkr2vAOF1xcvRS_dDd2Lq-Y2B30QDq-g&s=10,2,8800.0,22000.0,4400.0,0,0,1,0,0,0,3.5,1,1,0,32.962190004,24.721642502999998,0.98886570012,0.3571428571428571,0.8408721939795918,0.7,1.6481095002,117.0,292.5,0,0,3.5,0.7071067811865476,3,4,2,3.0,0.0,8.240547501,0.0,36250.0,10960.155108391487,5.0,0.0,1117.5,2.0,0.5,3.8451430103383837,1.238993430992954,1,0,0,3.5,1.7320508075688772,1,5,4,3.0,0.0,39250.0,3570.7142142714238,3.5,1.7320508075688772,1111.25,8.26800916975,1.6094379124341003,1,0,0,0,4750.0,0.878983974930575,1,1.5,0.6666666666666667,1,0,0.5,-0.02746166875,-526.25,4.0,1,0,0,0,Near,Economy,Week,High,Good,1,2,2,1,2,3,2,3,0,14,3,6,2,1,0,0,2,0,3.5
327,659,620,5,Ooty,Tamil Nadu,Nature,7.991928056,Sep-Mar,624,5,"Nature, Adventure",2,0,66000,5,46-60,Asthma,Family Vacation,"Nature & Relaxation, Photography",Post-Monsoon,"Curvy roads, limited medical facilities",South Indian Cuisine,1180,https://t3.ftcdn.net/jpg/05/09/58/00/360_F_509580096_YjyHXMHyTm9OOkjUQS4kOxDXkxbOMWYi.jpg,2,13200.0,33000.0,6600.0,0,0,1,0,0,0,5.0,0,1,1,39.95964028,39.95964028,1.9979820140000002,0.35211267605633806,0.5628118349295775,1.0,1.5983856112,236.0,590.0,0,0,5.0,0.0,5,5,1,5.0,0.0,7.991928056,0.0,66000.0,0.0,5.0,0.0,1180.0,2.0,0.0,3.4657359027997265,10.0,0,1,0,3.0,2.0,1,5,3,4.0,1.0,52500.0,12010.412149464313,4.0,1.7320508075688772,2060.0,8.598006613666668,1.3862943611198906,0,0,0,0,13500.0,0.7428620407230339,1,1.0,0.8,1,0,2.0,-0.6060785576666676,-880.0,4.0,2,1,0,0,Medium,Moderate,Week,High,Excellent,4,4,2,3,0,2,1,1,1,15,14,27,1,3,0,0,0,1,5.0
435,123,273,3,Bangalore,Karnataka,City,9.31595004,Oct-Mar,319,3,"City, Historical",2,1,58500,2,36-45,High Blood Pressure,Business,"Shopping, Food & Local Cuisine",All seasons,"Traffic congestion, pollution",Multi Cuisine,980,https://media.istockphoto.com/id/1382384282/photo/bangalore-or-bengaluru.jpg,3,29250.0,19500.0,9750.0,1,0,0,1,0,0,3.0,0,0,0,27.947850120000002,27.947850120000002,0.8384355036000001,0.09917355371900827,0.3079652905785124,1.5,4.65797502,490.0,326.6666666666667,0,0,2.5,1.9148542155126762,1,5,4,3.0,1.632993161855452,9.31595004,0.0,54750.0,25048.28670122303,3.75,1.4999999999999998,676.25,1.75,1.0,4.023594781085251,0.4963138237500482,1,1,1,4.0,1.4142135623730951,3,5,2,3.5,0.7071067811865476,65500.0,9899.494936611665,3.5,2.1213203435596424,705.0,9.045552966,1.0986122886681096,1,0,1,0,7000.0,0.8931314025740065,1,1.5,0.6666666666666667,0,1,-1.0,0.2703970739999999,275.0,3.0,1,0,0,0,Medium,Moderate,Weekend,VeryHigh,Fair,2,3,1,2,1,1,3,0,4,8,6,4,1,3,1,1,1,0,3.0
92,226,628,1,Khajuraho Temples,Madhya Pradesh,Historical,7.721478394,Nov-Feb,631,4,"Beaches, Historical",1,2,72000,6,46-60,Knee Pain,Leisure,"Cultural Exploration, Photography",Winter,"Long walking distances, crowd congestion",North Indian Cuisine,1100,https://st2.depositphotos.com/1000434/7761/i/450/depositphotos_77615282-stock-photo-lakshmana-temple-in-khajuraho-madhya.jpg,3,12000.0,24000.0,4000.0,1,0,0,1,0,0,2.5,3,0,0,7.721478394,30.885913576,0.30885913576,0.19230769230769232,0.5939598764615385,0.4166666666666667,1.2869130656666667,183.33333333333334,366.6666666666667,0,0,1.0,0.0,1,1,1,4.0,0.0,7.721478394,0.0,72000.0,0.0,6.0,0.0,1100.0,1.0,2.0,0.6931471805599453,10.0,0,1,1,2.0,2.0,1,5,4,4.5,0.5773502691896257,76750.0,6075.908711186061,5.25,0.9574271077563381,840.0,8.29481402975,1.6094379124341003,0,1,1,1,4750.0,0.9381115555497648,1,0.75,0.88,0,1,-1.0,-0.5733356357500003,260.0,1.0,1,0,0,0,Medium,Moderate,Week,High,Poor,3,1,0,3,2,4,0,3,3,10,9,17,1,3,0,0,3,0,2.5
640,556,445,1,Khajuraho Temples,Madhya Pradesh,Historical,7.703776811,Nov-Feb,633,3,"Beaches, Historical",2,1,79000,4,36-45,Knee Pain,Leisure,"Cultural Exploration, Photography",Winter,"Long walking distances, crowd congestion",North Indian Cuisine,1100,https://st2.depositphotos.com/1000434/7761/i/450/depositphotos_77615282-stock-photo-lakshmana-temple-in-khajuraho-madhya.jpg,3,19750.0,26333.333333333332,6583.333333333333,1,0,0,1,0,0,2.0,2,0,0,7.703776811,23.111330433,0.23111330433,0.0963855421686747,0.3712663523373494,0.5,1.92594420275,275.0,366.6666666666667,0,0,1.0,0.0,1,1,1,3.0,0.0,7.703776811,0.0,79000.0,0.0,4.0,0.0,1100.0,2.0,1.0,0.6931471805599453,10.0,0,1,1,1.0,0.0,1,1,1,3.0,0.0,79000.0,0.0,4.0,0.0,1100.0,7.703776811,0.6931471805599453,0,1,1,0,0.0,1.0,1,0.0,1.0,0,0,0.0,0.0,0.0,1.0,1,0,0,0,Medium,Moderate,Week,High,Poor,3,1,0,2,2,4,0,3,3,10,9,17,1,3,0,0,3,0,2.0
305,478,628,5,Hyderabad,Telangana,City,8.74602754,Oct-Mar,631,4,"Beaches, Historical",1,2,82000,4,46-60,High Blood Pressure,Business,"Shopping, Food & Local Cuisine",All seasons,"Traffic congestion, pollution",Hyderabadi Cuisine,710,https://t4.ftcdn.net/jpg/03/60/89/09/360_F_360890991_Ykybj5JO5HYBaqWeROz9cR2jWXN8HZxf.jpg,3,20500.0,27333.333333333332,6833.333333333333,1,0,0,1,0,0,4.5,1,1,1,43.7301377,34.98411016,1.749205508,0.20930232558139536,0.40679197860465116,1.125,2.186506885,177.5,236.66666666666666,0,0,5.0,0.0,5,5,1,4.0,0.0,8.74602754,0.0,82000.0,0.0,4.0,0.0,710.0,1.0,2.0,3.4657359027997265,10.0,0,1,1,2.0,2.0,1,5,4,4.5,0.5773502691896257,76750.0,6075.908711186061,5.25,0.9574271077563381,840.0,8.29481402975,1.6094379124341003,0,1,1,1,5250.0,0.9315969824497401,1,1.25,0.8,1,0,3.0,0.45121351024999967,-130.0,3.0,2,1,0,0,Near,Premium,Week,VeryHigh,Excellent,2,3,0,3,1,1,3,0,4,4,15,14,2,4,0,1,0,1,4.5
737,928,165,5,Ahmedabad,Gujarat,City,8.026833744,Oct-Mar,519,4,"City, Historical",2,0,52000,2,26-35,High Blood Pressure,Business,"Shopping, Food & Local Cuisine",All seasons,"Traffic congestion, pollution",Gujarati Cuisine,520,https://encrypted-tbn0.gstatic.com/images?q=tbn:ANd9GcTjjS0tleUkYu3JCgQn5BM0ooo_ueYok5FwDld1RJJHOQ&s=10,2,26000.0,26000.0,13000.0,0,0,1,0,0,0,4.5,1,1,1,40.13416872,32.107334976,1.6053667487999999,0.16666666666666666,0.29729013866666665,2.25,4.013416872,260.0,260.0,0,0,5.0,0.0,5,5,1,4.0,0.0,8.026833744,0.0,52000.0,0.0,2.0,0.0,520.0,2.0,0.0,3.4657359027997265,10.0,0,0,0,3.8,1.3038404810405297,2,5,5,3.4,0.8944271909999159,49600.0,4560.701700396552,4.4,2.3021728866442674,1222.0,8.294879187000001,1.791759469228055,1,0,0,1,2400.0,0.9516138787524445,1,2.4000000000000004,0.5555555555555556,1,0,1.2000000000000002,-0.2680454430000019,-702.0,4.0,3,1,0,0,Near,Moderate,Weekend,High,Excellent,2,3,1,1,1,1,3,0,4,2,4,0,2,3,1,0,0,1,4.5
784,420,642,5,Ooty,Tamil Nadu,Nature,9.333012518,Apr-Jun,434,3,"City, Historical",1,1,28500,3,26-35,Knee Pain,Adventure,"Trekking, Adventure Sports",Summer,"High altitude, physical exertion",South Indian Cuisine,1180,https://t3.ftcdn.net/jpg/05/09/58/00/360_F_509580096_YjyHXMHyTm9OOkjUQS4kOxDXkxbOMWYi.jpg,2,9500.0,14250.0,4750.0,1,0,0,1,0,0,4.0,2,1,1,46.665062590000005,27.999037554,1.3999518777,0.38095238095238093,0.8888583350476191,1.3333333333333333,3.1110041726666666,393.3333333333333,590.0,0,0,3.0,2.8284271247461903,1,5,2,4.0,1.4142135623730951,9.333012518,0.0,33250.0,6717.514421272202,3.5,0.7071067811865476,1330.0,1.0,1.0,3.2958368660043287,0.3414802408943917,1,0,1,5.0,0.0,5,5,1,3.0,0.0,28500.0,0.0,3.0,0.0,1180.0,9.333012518,0.6931471805599453,1,0,0,0,0.0,1.0,1,0.0,1.0,0,0,0.0,0.0,0.0,5.0,1,0,0,0,Medium,Economy,Weekend,VeryHigh,Excellent,4,0,1,1,2,0,4,2,2,15,14,27,1,1,1,1,0,0,4.0
536,945,740,4,Valley of Flowers,Uttarakhand,Nature,7.537510611,Apr-Jun,692,2,"Nature, Adventure",1,1,58000,5,26-35,Knee Pain,Adventure,"Trekking, Adventure Sports",Summer,"High altitude, physical exertion",North Indian Cuisine,1900,https://encrypted-tbn0.gstatic.com/images?q=tbn:ANd9GcSKohlQ-J1CgxwCnc1mL62LM__eo7IDPvD9Hm4v1DnS8PQfNYx8O_lBtpoE&s=10,2,11600.0,29000.0,5800.0,1,0,0,1,0,0,3.0,2,1,0,30.150042444,15.075021222,0.60300084888,0.2380952380952381,0.5982151278571429,0.6,1.5075021222,380.0,950.0,0,0,4.0,0.0,4,4,1,2.0,0.0,7.537510611,0.0,58000.0,0.0,5.0,0.0,1900.0,1.0,1.0,2.772588722239781,10.0,0,1,1,2.5,2.1213203435596424,1,4,2,2.5,0.7071067811865476,51250.0,9545.941546018392,4.0,1.4142135623730951,1320.0,8.387175632,1.0986122886681096,0,1,0,0,6750.0,0.8682952527755556,1,1.0,0.8,1,0,1.5,-0.8496650209999999,580.0,4.0,1,0,0,0,Far,Moderate,Week,High,Good,4,0,2,1,2,0,4,2,2,10,17,37,0,3,0,0,2,0,3.0
61,365,851,1,Leh Ladakh,Ladakh,Adventure,8.878382688,Apr-Jun,266,3,"Nature, Adventure",2,0,53500,6,26-35,Knee Pain,Adventure,"Trekking, Adventure Sports",Summer,"High altitude, physical exertion",Tibetan Cuisine,2500,https://encrypted-tbn0.gstatic.com/images?q=tbn:ANd9GcR6syC-08_34gV3HDUrcoT836XfFU1TJFrrucb9MfdLPiXz7ULyfUkGJEq2&s=10,2,8916.666666666666,26750.0,4458.333333333333,0,0,1,0,0,0,2.0,2,0,0,8.878382688,26.635148064,0.26635148063999997,0.20168067226890757,0.8952990945882354,0.3333333333333333,1.479730448,416.6666666666667,1250.0,0,1,3.0,2.8284271247461903,1,5,2,2.5,0.7071067811865476,8.878382688,0.0,73750.0,28637.824638055175,5.5,0.7071067811865476,1900.0,2.0,1.0,3.2958368660043287,0.3414802408943917,1,1,1,1.5,0.7071067811865476,1,2,2,4.0,1.4142135623730951,46750.0,9545.941546018392,4.5,2.1213203435596424,2075.0,8.979299504,1.0986122886681096,0,1,0,1,6750.0,0.8556180616457402,1,1.5,0.7272727272727273,0,1,-0.5,-0.1009168159999998,425.0,1.0,1,0,0,0,Far,Moderate,Week,VeryHigh,Poor,0,0,2,1,2,0,4,2,2,17,8,22,0,3,0,1,3,0,2.0
965,544,46,3,Kodaikanal,Tamil Nadu,Nature,8.517940732,Sep-Mar,487,1,"Beaches, Historical",2,1,70000,4,46-60,Asthma,Family Vacation,"Nature & Relaxation, Photography",Post-Monsoon,"Curvy roads, limited medical facilities",South Indian Cuisine,1300,https://encrypted-tbn0.gstatic.com/images?q=tbn:ANd9GcRR1MrvitA-PthZ_UMPeUYOYvzHFu6Olty-pnoL9EqaCl31ZwvMHSvu9OQ&s=10,3,17500.0,23333.333333333332,5833.333333333333,1,0,0,1,0,0,2.0,2,0,0,25.553822196,8.517940732,0.25553822196,0.10810810810810811,0.46042922875675674,0.5,2.129485183,325.0,433.3333333333333,0,0,3.0,0.0,3,3,1,1.0,0.0,8.517940732,0.0,70000.0,0.0,4.0,0.0,1300.0,2.0,1.0,2.0794415416798357,10.0,0,1,1,3.0,0.0,3,3,1,1.0,0.0,70000.0,0.0,4.0,0.0,1300.0,8.517940732,0.6931471805599453,0,0,1,0,0.0,1.0,1,0.0,1.0,0,0,0.0,0.0,0.0,3.0,1,0,0,0,Medium,Moderate,Week,VeryHigh,Fair,4,4,0,3,0,2,1,1,1,15,14,18,1,3,0,1,1,0,2.0
662,174,377,1,Tawang,Arunachal Pradesh,Nature,8.360692115,Sep-Mar,835,3,"Nature, Adventure",2,0,52500,2,26-35,Asthma,Family Vacation,"Nature & Relaxation, Photography",Post-Monsoon,"Curvy roads, limited medical facilities",North East Cuisine,3000,https://s7ap1.scene7.com/is/image/incredibleindia/sela-pass-tawang-arunachal-pradesh-blog-ntr-hero,2,26250.0,26250.0,13125.0,0,0,1,0,0,0,2.0,2,0,0,8.360692115,25.082076345000004,0.25082076345000004,0.07339449541284404,0.3068143895412844,1.0,4.1803460575,1500.0,1500.0,0,1,1.0,0.0,1,1,2,4.0,1.4142135623730951,8.360692115,0.0,50000.0,3535.5339059327375,2.5,0.7071067811865476,2240.0,1.5,0.5,1.0986122886681096,10.0,1,0,0,1.5,0.7071067811865476,1,2,2,2.5,0.7071067811865476,48000.0,6363.961030678927,3.0,1.4142135623730951,2500.0,8.903655121500002,1.0986122886681096,0,1,0,0,4500.0,0.9062519530843107,1,1.0,0.75,0,1,-0.5,-0.5429630065000008,500.0,1.0,1,0,0,0,Far,Moderate,Weekend,High,Poor,4,4,2,1,0,2,1,1,1,9,1,36,0,3,1,0,3,0,2.0
250,191,663,3,Ajanta Caves,Maharashtra,Historical,8.072256876,Nov-Feb,483,3,"City, Historical",1,1,57500,3,26-35,Knee Pain,Leisure,"Cultural Exploration, Photography",Winter,"Long walking distances, crowd congestion",Maharashtrian Cuisine,430,https://plus.unsplash.com/premium_photo-1697729588019-20a1f5a325d1,2,19166.666666666668,28750.0,9583.333333333334,1,0,0,1,0,0,3.0,0,0,0,24.216770628000003,24.216770628000003,0.7265031188400001,0.1487603305785124,0.40027720046280996,1.0,2.6907522920000004,143.33333333333334,215.0,1,0,3.0,0.0,3,3,1,3.0,0.0,8.072256876,0.0,57500.0,0.0,3.0,0.0,430.0,1.0,1.0,2.0794415416798357,10.0,0,1,1,3.0,0.0,3,3,1,3.0,0.0,57500.0,0.0,3.0,0.0,430.0,8.072256876,0.6931471805599453,0,0,1,0,0.0,1.0,1,0.0,1.0,0,0,0.0,0.0,0.0,3.0,1,0,0,0,Near,Moderate,Weekend,High,Fair,3,1,1,1,2,4,0,3,3,6,10,1,2,3,1,0,1,0,3.0
623,530,24,3,Ooty,Tamil Nadu,Nature,9.135320167,Apr-Jun,272,3,"City, Historical",1,2,56000,2,36-45,Knee Pain,Adventure,"Trekking, Adventure Sports",Summer,"High altitude, physical exertion",South Indian Cuisine,1180,https://t3.ftcdn.net/jpg/05/09/58/00/360_F_509580096_YjyHXMHyTm9OOkjUQS4kOxDXkxbOMWYi.jpg,3,28000.0,18666.666666666668,9333.333333333334,1,0,0,1,0,0,3.0,0,0,0,27.405960501,27.405960501,0.82217881503,0.10344827586206896,0.3150110402413793,1.5,4.5676600835,590.0,393.3333333333333,0,0,3.0,0.0,3,3,1,3.0,0.0,9.135320167,0.0,56000.0,0.0,2.0,0.0,1180.0,1.0,2.0,2.0794415416798357,10.0,0,1,1,3.0,0.0,3,3,1,3.0,0.0,56000.0,0.0,2.0,0.0,1180.0,9.135320167,0.6931471805599453,0,0,1,0,0.0,1.0,1,0.0,1.0,0,0,0.0,0.0,0.0,3.0,1,0,0,0,Medium,Moderate,Weekend,VeryHigh,Fair,4,0,1,2,2,0,4,2,2,15,14,27,1,3,1,1,1,0,3.0
826,377,538,1,Radhanagar Beach,Andaman,Beach,7.922286151,Nov-Mar,837,1,"Beaches, Historical",2,1,46500,6,26-35,Knee Pain,Honeymoon,"Relaxation, Nightlife, Water Sports",Winter,"Crowds, sun exposure",Seafood,2500,https://dynamic-media-cdn.tripadvisor.com/media/photo-o/05/76/7a/1d/radhanagar-beach.jpg,3,7750.0,15500.0,2583.3333333333335,1,0,0,1,0,0,1.0,0,0,0,7.922286151,7.922286151,0.07922286150999999,0.11428571428571428,0.9054041315428571,0.16666666666666666,1.3203810251666666,416.6666666666667,833.3333333333334,0,1,1.0,0.0,1,1,1,1.0,0.0,7.922286151,0.0,46500.0,0.0,6.0,0.0,2500.0,2.0,1.0,0.6931471805599453,10.0,0,0,1,2.0,1.7320508075688772,1,4,3,2.0,1.7320508075688772,55000.0,25821.502667350713,4.333333333333333,1.5275252316519465,2010.0,8.634601325,1.3862943611198906,0,1,1,1,8500.0,0.8454573553208123,1,1.666666666666667,0.6875,0,1,-1.0,-0.7123151740000004,490.0,2.5,2,1,0,0,Far,Economy,Week,High,Poor,1,2,0,1,2,3,2,3,0,14,0,28,0,1,0,0,3,0,1.0
273,909,81,4,Valley of Flowers,Uttarakhand,Nature,8.74040067,Sep-Mar,805,4,"City, Historical",1,2,76500,6,46-60,Asthma,Family Vacation,"Nature & Relaxation, Photography",Post-Monsoon,"Curvy roads, limited medical facilities",North Indian Cuisine,1900,https://encrypted-tbn0.gstatic.com/images?q=tbn:ANd9GcSKohlQ-J1CgxwCnc1mL62LM__eo7IDPvD9Hm4v1DnS8PQfNYx8O_lBtpoE&s=10,3,12750.0,25500.0,4250.0,1,0,0,1,0,0,4.0,0,1,0,34.96160268,34.96160268,1.3984641072,0.2909090909090909,0.6356655032727272,0.6666666666666666,1.456733445,316.6666666666667,633.3333333333334,0,0,3.5,0.7071067811865476,3,4,2,3.0,1.4142135623730951,8.74040067,0.0,70000.0,9192.388155425118,5.0,1.4142135623730951,2450.0,1.5,1.5,3.8451430103383837,1.238993430992954,1,1,1,4.0,0.0,4,4,1,4.0,0.0,76500.0,0.0,6.0,0.0,1900.0,8.74040067,0.6931471805599453,1,0,1,1,0.0,1.0,1,0.0,1.0,0,0,0.0,0.0,0.0,4.0,1,0,0,0,Far,Moderate,Week,VeryHigh,Good,4,4,1,3,0,2,1,1,1,10,17,37,0,3,0,1,2,1,4.0
746,909,191,3,Tawang,Arunachal Pradesh,Nature,8.74040067,Sep-Mar,389,2,"Nature, Adventure",2,1,63500,4,26-35,Asthma,Family Vacation,"Nature & Relaxation, Photography",Post-Monsoon,"Curvy roads, limited medical facilities",North East Cuisine,3000,https://s7ap1.scene7.com/is/image/incredibleindia/sela-pass-tawang-arunachal-pradesh-blog-ntr-hero,3,15875.0,21166.666666666668,5291.666666666667,1,0,0,1,0,0,2.5,1,0,0,26.22120201,17.48080134,0.5244240402,0.14814814814814814,0.5179496693333333,0.625,2.1851001675,750.0,1000.0,0,1,3.5,0.7071067811865476,3,4,2,3.0,1.4142135623730951,8.74040067,0.0,70000.0,9192.388155425118,5.0,1.4142135623730951,2450.0,1.5,1.5,3.8451430103383837,1.238993430992954,1,1,1,2.6666666666666665,0.5773502691896258,2,3,3,1.3333333333333333,0.5773502691896258,60833.333333333336,10750.968948580092,3.0,1.0,2100.0,8.939703975666667,1.3862943611198906,0,1,1,0,2666.6666666666642,0.9561651041352746,1,1.0,0.75,1,0,0.3333333333333335,-0.19930330566666754,900.0,2.6666666666666665,3,1,0,0,Far,Moderate,Week,VeryHigh,Fair,4,4,2,1,0,2,1,1,1,9,1,36,0,3,0,1,1,0,2.5
943,632,188,2,Calangute Beach,Goa,Beach,7.876158567,Nov-Mar,387,4,"Nature, Adventure",1,0,17000,6,18-25,Knee Pain,Honeymoon,"Relaxation, Nightlife, Water Sports",Winter,"Crowds, sun exposure",Seafood,585,https://encrypted-tbn0.gstatic.com/images?q=tbn:ANd9GcQawETYRiYBsH6-h7nyRef7D05VLNnIS00HBpFyaZdOJDehCXzhEkUfAY5Vf_tWlUzd5qaIpJnkr2vAOF1xcvRS_dDd2Lq-Y2B30QDq-g&s=10,1,2833.3333333333335,17000.0,2833.3333333333335,0,1,0,0,0,0,3.0,2,0,0,15.752317134,31.504634268,0.63009268536,0.7826086956521738,2.0546500609565217,0.5,1.3126930945,97.5,585.0,0,0,3.0,1.7320508075688772,2,5,3,4.0,1.0,7.876158567,0.0,30166.666666666668,14074.208089030562,3.3333333333333335,2.516611478423583,971.6666666666666,1.6666666666666667,1.0,4.1588830833596715,0.5458363904912633,1,0,1,1.6666666666666667,0.5773502691896258,1,2,3,4.0,0.0,21666.666666666668,7234.178138070235,4.0,2.0,1561.6666666666667,8.054494851666666,1.3862943611198906,0,1,0,0,4666.666666666668,0.7846253249850006,1,2.0,0.6,1,0,0.33333333333333326,-0.17833628466666607,-976.6666666666667,2.0,1,0,0,0,Near,Budget,Week,High,Poor,1,2,2,0,2,3,2,3,0,14,3,6,2,0,0,0,3,0,3.0
477,223,281,3,Mumbai,Maharashtra,City,8.936949816,Oct-Mar,228,4,"Nature, Adventure",2,2,69000,2,26-35,High Blood Pressure,Business,"Shopping, Food & Local Cuisine",All seasons,"Traffic congestion, pollution",Street Food,35,https://t4.ftcdn.net/jpg/01/46/43/87/360_F_146438747_3XYwVkfnYZuukBZYmDM8xeoqENzyhAqa.jpg,4,34500.0,17250.0,8625.0,1,0,0,1,1,0,3.5,1,0,0,26.810849448,35.747799264,1.07243397792,0.09859154929577464,0.2517450652394366,1.75,4.468474908,17.5,8.75,1,0,2.0,1.4142135623730951,1,3,2,2.5,2.1213203435596424,8.936949816,0.0,52500.0,23334.52377915607,2.0,0.0,35.0,2.0,1.0,2.197224577336219,0.660408825313113,1,1,1,4.0,1.0,3,5,3,4.666666666666667,0.5773502691896258,81166.66666666667,28285.744348228374,3.3333333333333335,3.2145502536643185,1005.0,8.903893245333334,1.3862943611198906,1,0,1,0,12166.666666666672,0.8501045161661251,1,1.3333333333333335,0.6923076923076923,0,1,-1.0,0.03305657066666612,-970.0,3.5,2,1,0,0,VeryNear,Moderate,Weekend,VeryHigh,Fair,2,3,2,1,1,1,3,0,4,16,10,25,3,3,1,1,1,0,3.5
217,484,941,3,Valley of Flowers,Uttarakhand,Nature,8.361380336,Sep-Mar,936,4,"Nature, Adventure",2,2,74000,4,18-25,Asthma,Family Vacation,"Nature & Relaxation, Photography",Post-Monsoon,"Curvy roads, limited medical facilities",North Indian Cuisine,1900,https://encrypted-tbn0.gstatic.com/images?q=tbn:ANd9GcSKohlQ-J1CgxwCnc1mL62LM__eo7IDPvD9Hm4v1DnS8PQfNYx8O_lBtpoE&s=10,4,18500.0,18500.0,4625.0,1,0,0,1,1,0,3.5,1,0,0,25.084141008,33.445521344,1.00336564032,0.1794871794871795,0.4287887351794872,0.875,2.090345084,475.0,475.0,0,0,2.0,1.4142135623730951,1,3,2,4.0,0.0,8.361380336,0.0,82250.0,11667.261889578034,5.0,1.4142135623730951,1690.0,1.5,2.0,2.197224577336219,0.660408825313113,1,1,1,3.0,0.0,3,3,1,4.0,0.0,74000.0,0.0,4.0,0.0,1900.0,8.361380336,0.6931471805599453,0,0,1,0,0.0,1.0,1,0.0,1.0,0,0,0.0,0.0,0.0,3.0,1,0,0,0,Far,Moderate,Week,High,Fair,4,4,2,0,0,2,1,1,1,10,17,37,0,3,0,0,1,0,3.5
537,91,273,5,Ajanta Caves,Maharashtra,Historical,8.775155892,Nov-Feb,319,4,"City, Historical",2,1,72500,5,26-35,Knee Pain,Leisure,"Cultural Exploration, Photography",Winter,"Long walking distances, crowd congestion",Maharashtrian Cuisine,430,https://plus.unsplash.com/premium_photo-1697729588019-20a1f5a325d1,3,14500.0,24166.666666666668,4833.333333333333,1,0,0,1,0,0,4.5,1,1,1,43.875779460000004,35.100623568,1.7550311784000001,0.2903225806451613,0.5661390898064517,0.9,1.7550311784000001,86.0,143.33333333333334,1,0,5.0,0.0,5,5,1,4.0,0.0,8.775155892,0.0,72500.0,0.0,5.0,0.0,430.0,2.0,1.0,3.4657359027997265,10.0,0,1,1,4.0,1.4142135623730951,3,5,2,3.5,0.7071067811865476,65500.0,9899.494936611665,3.5,2.1213203435596424,705.0,9.045552966,1.0986122886681096,1,0,1,0,7000.0,0.8931314025740065,1,1.5,0.6666666666666667,1,0,1.0,-0.2703970739999999,-275.0,5.0,1,0,0,0,Near,Moderate,Week,VeryHigh,Excellent,3,1,1,1,2,4,0,3,3,6,10,1,2,3,0,1,0,1,4.5
379,457,305,4,Marina Beach,Tamil Nadu,Beach,9.348468751,Nov-Mar,806,1,"Nature, Adventure",1,0,21000,6,46-60,Knee Pain,Honeymoon,"Relaxation, Nightlife, Water Sports",Winter,"Crowds, sun exposure",Seafood,1340,https://encrypted-tbn0.gstatic.com/licensed-image?q=tbn:ANd9GcQct7UyX_Oev4c9kXNkRrH7cu6JRlW5Xs6MNpuB-CTQjXyNxWdF7V64hL9ANP93g9qVVT1kg12v0L1opGDTWLdmYNf-&s=19,1,3500.0,21000.0,3500.0,0,1,0,0,0,0,2.5,3,1,0,37.393875004,9.348468751,0.37393875004,0.5555555555555556,2.0774375002222225,0.4166666666666667,1.5580781251666667,223.33333333333334,1340.0,0,0,4.0,0.0,4,4,1,1.0,0.0,9.348468751,0.0,21000.0,0.0,6.0,0.0,1340.0,1.0,0.0,2.772588722239781,10.0,0,0,0,4.0,0.0,4,4,1,1.0,0.0,21000.0,0.0,6.0,0.0,1340.0,9.348468751,0.6931471805599453,1,0,0,1,0.0,1.0,1,0.0,1.0,0,0,0.0,0.0,0.0,4.0,1,0,0,0,Medium,Budget,Week,VeryHigh,Good,1,2,2,3,2,3,2,3,0,14,14,24,1,0,0,1,2,0,2.5
741,830,838,1,Coorg,Karnataka,Nature,7.928094923,Apr-Jun,335,2,"Beaches, Historical",2,2,84000,4,26-35,Knee Pain,Adventure,"Trekking, Adventure Sports",Summer,"High altitude, physical exertion",Coorgi Cuisine,1030,https://images.unsplash.com/photo-1710612198146-77512950a4b7,4,21000.0,21000.0,5250.0,1,0,0,1,1,0,1.5,1,0,0,7.928094923,15.856189846,0.15856189846,0.06818181818181818,0.36036795104545455,0.375,1.98202373075,257.5,257.5,0,0,1.0,0.0,1,1,1,2.0,0.0,7.928094923,0.0,84000.0,0.0,4.0,0.0,1030.0,2.0,2.0,0.6931471805599453,10.0,0,1,1,2.0,1.4142135623730951,1,3,2,1.5,0.7071067811865476,93000.0,12727.922061357855,4.0,0.0,1165.0,8.240570931499999,1.0986122886681096,0,1,1,0,9000.0,0.9032268470231503,1,0.0,1.0,0,1,-1.0,-0.3124760084999991,-135.0,2.0,2,1,0,0,Medium,Premium,Week,High,Poor,4,0,0,1,2,0,4,2,2,1,6,8,1,4,0,0,3,0,1.5
851,311,765,5,Hampi Ruins,Karnataka,Historical,8.093952306,Nov-Feb,169,2,"City, Historical",2,0,45000,3,18-25,Knee Pain,Leisure,"Cultural Exploration, Photography",Winter,"Long walking distances, crowd congestion",South Indian Cuisine,740,https://wegobond.com/wp-content/uploads/2018/01/hampi-banner.jpg,2,15000.0,22500.0,7500.0,0,0,1,0,0,0,3.5,3,1,1,40.46976153,16.187904612,0.8093952306,0.21875,0.505872019125,1.1666666666666667,2.697984102,246.66666666666666,370.0,0,0,5.0,0.0,5,5,1,2.0,0.0,8.093952306,0.0,45000.0,0.0,3.0,0.0,740.0,2.0,0.0,3.4657359027997265,10.0,0,0,0,5.0,0.0,5,5,1,2.0,0.0,45000.0,0.0,3.0,0.0,740.0,8.093952306,0.6931471805599453,1,0,0,0,0.0,1.0,1,0.0,1.0,0,0,0.0,0.0,0.0,5.0,1,0,0,0,Near,Economy,Weekend,High,Excellent,3,1,1,0,2,4,0,3,3,15,6,13,2,1,1,0,0,0,3.5
679,54,755,2,Ooty,Tamil Nadu,Nature,8.116931496,Sep-Mar,344,3,"Nature, Adventure",2,2,74000,3,18-25,Asthma,Family Vacation,"Nature & Relaxation, Photography",Post-Monsoon,"Curvy roads, limited medical facilities",South Indian Cuisine,1180,https://t3.ftcdn.net/jpg/05/09/58/00/360_F_509580096_YjyHXMHyTm9OOkjUQS4kOxDXkxbOMWYi.jpg,4,24666.666666666668,18500.0,6166.666666666667,1,0,0,1,1,0,2.5,1,0,0,16.233862992,24.350794488,0.48701588976,0.0974025974025974,0.3162440842597402,0.8333333333333334,2.705643832,393.3333333333333,295.0,0,0,2.0,0.0,2,2,1,3.0,0.0,8.116931496,0.0,74000.0,0.0,3.0,0.0,1180.0,2.0,2.0,1.3862943611198906,10.0,0,1,1,2.5,0.7071067811865476,2,3,2,2.5,0.7071067811865476,89000.0,21213.203435596424,4.0,1.4142135623730951,1315.0,8.790661646,1.0986122886681096,0,1,1,0,15000.0,0.8314625678363164,1,1.0,0.8,0,1,-0.5,-0.6737301500000008,-135.0,2.0,1,0,0,0,Medium,Moderate,Weekend,High,Poor,4,4,2,0,0,2,1,1,1,15,14,27,1,3,1,0,3,0,2.5
290,60,743,3,Valley of Flowers,Uttarakhand,Nature,8.090294276,Apr-Jun,324,1,"Nature, Adventure",1,2,48500,5,36-45,Knee Pain,Adventure,"Trekking, Adventure Sports",Summer,"High altitude, physical exertion",North Indian Cuisine,1900,https://encrypted-tbn0.gstatic.com/images?q=tbn:ANd9GcSKohlQ-J1CgxwCnc1mL62LM__eo7IDPvD9Hm4v1DnS8PQfNYx8O_lBtpoE&s=10,3,9700.0,16166.666666666666,3233.3333333333335,1,0,0,1,0,0,2.0,2,0,0,24.270882827999998,8.090294276,0.24270882827999998,0.1869158878504673,0.7561022687850467,0.4,1.6180588552,380.0,633.3333333333334,0,0,2.0,1.0,1,3,3,2.6666666666666665,1.5275252316519468,8.090294276,0.0,45000.0,20475.595229443272,4.333333333333333,0.5773502691896257,1643.3333333333333,1.0,1.3333333333333333,2.772588722239781,0.9090909090909091,1,0,1,3.0,0.0,3,3,1,1.0,0.0,48500.0,0.0,5.0,0.0,1900.0,8.090294276,0.6931471805599453,0,0,0,1,0.0,1.0,1,0.0,1.0,0,0,0.0,0.0,0.0,3.0,1,0,0,0,Far,Economy,Week,High,Fair,4,0,2,2,2,0,4,2,2,10,17,37,0,1,0,0,1,0,2.0
698,954,855,2,Tawang,Arunachal Pradesh,Nature,9.192148288,Sep-Mar,371,5,"City, Historical",1,1,52000,6,46-60,Asthma,Family Vacation,"Nature & Relaxation, Photography",Post-Monsoon,"Curvy roads, limited medical facilities",North East Cuisine,3000,https://s7ap1.scene7.com/is/image/incredibleindia/sela-pass-tawang-arunachal-pradesh-blog-ntr-hero,2,8666.666666666666,26000.0,4333.333333333333,1,0,0,1,0,0,3.5,3,0,0,18.384296576,45.96074144,0.9192148287999999,0.3620689655172414,0.950911891862069,0.5833333333333334,1.5320247146666668,500.0,1500.0,0,1,2.0,0.0,2,2,1,5.0,0.0,9.192148288,0.0,52000.0,0.0,6.0,0.0,3000.0,1.0,1.0,1.3862943611198906,10.0,0,0,1,2.5,0.7071067811865476,2,3,2,4.5,0.7071067811865476,47750.0,6010.407640085654,5.0,1.4142135623730951,2205.0,9.335624903,1.0986122886681096,0,1,0,1,4250.0,0.9109966283428619,1,1.0,0.8333333333333334,0,1,-0.5,-0.14347661499999909,795.0,2.0,1,0,0,0,Far,Moderate,Week,VeryHigh,Poor,4,4,1,3,0,2,1,1,1,9,1,36,0,3,0,1,3,0,3.5
460,116,976,2,Taj Mahal,Uttar Pradesh,Historical,8.636073234,Nov-Feb,611,5,"Beaches, Historical",1,1,61500,6,18-25,Knee Pain,Leisure,"Cultural Exploration, Photography",Winter,"Long walking distances, crowd congestion",Mughlai Cuisine,1470,https://upload.wikimedia.org/wikipedia/commons/1/1d/Taj_Mahal_%28Edited%29.jpeg,2,10250.0,30750.0,5125.0,1,0,0,1,0,0,3.5,3,0,0,17.272146468,43.18036617,0.8636073234,0.3111111111111111,0.7676509541333333,0.5833333333333334,1.4393455389999998,245.0,735.0,0,0,1.5,0.7071067811865476,1,2,2,4.0,1.4142135623730951,8.636073234,0.0,49000.0,17677.66952966369,4.0,2.8284271247461903,1460.0,1.5,0.5,1.6479184330021643,1.238993430992954,1,0,0,3.5,2.1213203435596424,2,5,2,5.0,0.0,48750.0,18031.22292025696,4.0,2.8284271247461903,1440.0,8.952432771,1.0986122886681096,1,0,0,0,12750.0,0.7384669032430105,1,2.0,0.6,0,1,-1.5,-0.3163595370000003,30.0,3.5,2,1,0,0,Medium,Moderate,Week,VeryHigh,Poor,3,1,0,0,2,4,0,3,3,7,16,34,1,3,0,1,3,0,3.5
801,992,213,1,Varkala Beach,Kerala,Beach,8.114747173,Nov-Mar,905,5,"City, Historical",1,2,64000,4,46-60,Knee Pain,Honeymoon,"Relaxation, Nightlife, Water Sports",Winter,"Crowds, sun exposure",Seafood,1550,https://encrypted-tbn0.gstatic.com/images?q=tbn:ANd9GcQhhfqvS3M6-Q5xL-XOgqAbXut9hnDO4dA-_VCx1YCE79I6gDY3_C1Zv3dOXwu2pL_OmQVlumXjSSQ8I6p748JioJniT2Wxf2InPIObpQ&s=10,3,16000.0,21333.333333333332,5333.333333333333,1,0,0,1,0,0,3.0,4,0,0,8.114747173,40.573735864999996,0.40573735864999994,0.17647058823529413,0.477338069,0.75,2.02868679325,387.5,516.6666666666666,0,0,1.0,0.0,1,1,1,5.0,0.0,8.114747173,0.0,64000.0,0.0,4.0,0.0,1550.0,1.0,2.0,0.6931471805599453,10.0,0,1,1,1.0,0.0,1,1,1,5.0,0.0,64000.0,0.0,4.0,0.0,1550.0,8.114747173,0.6931471805599453,0,1,1,0,0.0,1.0,1,0.0,1.0,0,0,0.0,0.0,0.0,1.0,1,0,0,0,Far,Moderate,Week,High,Poor,1,2,1,3,2,3,2,3,0,14,7,38,0,3,0,0,3,0,3.0
849,523,71,1,Delhi,Delhi,City,8.998307151,Oct-Mar,840,5,"Nature, Adventure",2,2,77000,6,26-35,High Blood Pressure,Business,"Shopping, Food & Local Cuisine",All seasons,"Traffic congestion, pollution",Street Food,1410,https://encrypted-tbn0.gstatic.com/images?q=tbn:ANd9GcTFxblF-zkMM4NsiVuRyJ1Yx76TMcpdDWzU6zEf57y1aQ&s=10,4,12833.333333333334,19250.0,3208.3333333333335,1,0,0,1,1,0,3.0,4,0,0,8.998307151,44.991535755,0.44991535755,0.21686746987951808,0.6504800350120482,0.5,1.4997178585000002,235.0,352.5,0,0,1.0,0.0,1,1,2,3.0,2.8284271247461903,8.998307151,0.0,49000.0,39597.97974644666,4.5,2.1213203435596424,965.0,1.5,1.0,1.0986122886681096,10.0,1,0,1,1.0,0.0,1,1,2,4.0,1.4142135623730951,80500.0,4949.747468305833,5.0,1.4142135623730951,1445.0,8.6502534685,1.0986122886681096,0,1,1,1,3500.0,0.956522279226345,1,1.0,0.8333333333333334,0,0,0.0,0.3480536824999998,-35.0,1.0,1,0,0,0,Medium,Moderate,Week,VeryHigh,Poor,2,3,2,1,1,1,3,0,4,16,2,9,1,3,0,1,3,0,3.0
490,448,628,1,Ahmedabad,Gujarat,City,8.531272859,Oct-Mar,35,5,"Beaches, Historical",1,2,82000,6,46-60,High Blood Pressure,Business,"Shopping, Food & Local Cuisine",All seasons,"Traffic congestion, pollution",Gujarati Cuisine,520,https://encrypted-tbn0.gstatic.com/images?q=tbn:ANd9GcTjjS0tleUkYu3JCgQn5BM0ooo_ueYok5FwDld1RJJHOQ&s=10,3,13666.666666666666,27333.333333333332,4555.555555555556,1,0,0,1,0,0,3.0,4,0,0,8.531272859,42.656364294999996,0.42656364294999993,0.20454545454545456,0.5816776949318182,0.5,1.4218788098333333,86.66666666666667,173.33333333333334,0,0,2.6666666666666665,2.0816659994661326,1,5,3,5.0,0.0,8.531272859,0.0,75166.66666666667,12271.240089466643,3.3333333333333335,2.516611478423583,1023.3333333333334,1.6666666666666667,1.6666666666666667,3.6967849629863747,0.458365304425474,1,1,1,2.0,2.0,1,5,4,4.5,0.5773502691896257,76750.0,6075.908711186061,5.25,0.9574271077563381,840.0,8.29481402975,1.6094379124341003,0,1,1,1,5250.0,0.9315969824497401,1,0.75,0.88,0,1,-1.0,0.23645882924999917,-320.0,3.0,2,1,0,0,Near,Premium,Week,VeryHigh,Poor,2,3,0,3,1,1,3,0,4,2,4,0,2,4,0,1,3,0,3.0
343,918,579,1,Bangalore,Karnataka,City,9.371201914,Oct-Mar,211,5,"City, Historical",2,1,70500,6,46-60,High Blood Pressure,Business,"Shopping, Food & Local Cuisine",All seasons,"Traffic congestion, pollution",Multi Cuisine,980,https://media.istockphoto.com/id/1382384282/photo/bangalore-or-bengaluru.jpg,3,11750.0,23500.0,3916.6666666666665,1,0,0,1,0,0,3.0,4,0,0,9.371201914,46.85600957,0.46856009569999996,0.23529411764705882,0.7349962285490196,0.5,1.5618669856666667,163.33333333333334,326.6666666666667,0,0,1.5,0.7071067811865476,1,2,2,5.0,0.0,9.371201914,0.0,59250.0,15909.90257669732,4.5,2.1213203435596424,507.5,2.0,0.5,1.6479184330021643,1.238993430992954,1,1,0,3.6,1.9493588689617927,1,5,5,4.0,0.7071067811865476,66000.0,13833.835332256922,4.2,1.7888543819998317,1450.0,8.7290480806,1.791759469228055,1,0,1,1,4500.0,0.9318192148603809,1,1.7999999999999998,0.653846153846154,0,1,-2.6,0.6421538334000001,-470.0,3.0,2,1,0,0,Medium,Moderate,Week,VeryHigh,Poor,2,3,1,3,1,1,3,0,4,8,6,4,1,3,0,1,3,0,3.0
131,542,207,4,Marina Beach,Tamil Nadu,Beach,8.68210175,Nov-Mar,587,3,"City, Historical",2,2,53000,3,26-35,Knee Pain,Honeymoon,"Relaxation, Nightlife, Water Sports",Winter,"Crowds, sun exposure",Seafood,1340,https://encrypted-tbn0.gstatic.com/licensed-image?q=tbn:ANd9GcQct7UyX_Oev4c9kXNkRrH7cu6JRlW5Xs6MNpuB-CTQjXyNxWdF7V64hL9ANP93g9qVVT1kg12v0L1opGDTWLdmYNf-&s=19,4,17666.666666666668,13250.0,4416.666666666667,1,0,0,1,1,0,3.5,1,1,0,34.728407,26.046305249999996,1.0418522099999998,0.1875,0.4651125937499999,1.1666666666666667,2.8940339166666664,446.6666666666667,335.0,0,0,4.0,0.0,4,4,1,3.0,0.0,8.68210175,0.0,53000.0,0.0,3.0,0.0,1340.0,2.0,2.0,2.772588722239781,10.0,0,1,1,4.0,0.0,4,4,1,3.0,0.0,53000.0,0.0,3.0,0.0,1340.0,8.68210175,0.6931471805599453,1,0,1,0,0.0,1.0,1,0.0,1.0,0,0,0.0,0.0,0.0,4.0,1,0,0,0,Medium,Moderate,Weekend,VeryHigh,Good,1,2,1,1,2,3,2,3,0,14,14,24,1,3,1,1,2,0,3.5
148,953,34,3,Delhi,Delhi,City,8.321398767,Oct-Mar,886,5,"Beaches, Historical",1,2,64000,3,18-25,High Blood Pressure,Business,"Shopping, Food & Local Cuisine",All seasons,"Traffic congestion, pollution",Street Food,1410,https://encrypted-tbn0.gstatic.com/images?q=tbn:ANd9GcTFxblF-zkMM4NsiVuRyJ1Yx76TMcpdDWzU6zEf57y1aQ&s=10,3,21333.333333333332,21333.333333333332,7111.11111111111,1,0,0,1,0,0,4.0,2,0,0,24.964196301,41.606993835,1.2482098150499998,0.17910447761194032,0.3725999447910448,1.3333333333333333,2.773799589,470.0,470.0,0,0,3.0,0.0,3,3,1,5.0,0.0,8.321398767,0.0,64000.0,0.0,3.0,0.0,1410.0,1.0,2.0,2.0794415416798357,10.0,0,1,1,3.0,0.0,3,3,1,5.0,0.0,64000.0,0.0,3.0,0.0,1410.0,8.321398767,0.6931471805599453,0,0,1,0,0.0,1.0,1,0.0,1.0,0,0,0.0,0.0,0.0,3.0,1,0,0,0,Medium,Moderate,Weekend,High,Fair,2,3,0,0,1,1,3,0,4,16,2,9,1,3,1,0,1,0,4.0
137,960,612,2,Rishikesh,Uttarakhand,Adventure,8.925500312,Apr-Jun,962,4,"City, Historical",2,0,38500,5,18-25,Knee Pain,Adventure,"Trekking, Adventure Sports",Summer,"High altitude, physical exertion",North Indian Cuisine,1600,https://dynamic-media-cdn.tripadvisor.com/media/photo-o/2c/31/c5/45/caption.jpg,2,7700.0,19250.0,3850.0,0,0,1,0,0,0,3.0,2,0,0,17.851000624,35.702001248,0.7140400249600001,0.3448275862068966,1.0259195760919542,0.6,1.7851000624000002,320.0,800.0,0,0,3.25,0.9574271077563382,2,4,4,4.25,0.9574271077563381,8.925500312,0.0,42375.0,10811.837648306291,2.75,1.707825127659933,2200.0,1.75,0.5,5.2306732154108255,0.9456916629665493,1,0,0,2.0,0.0,2,2,1,4.0,0.0,38500.0,0.0,5.0,0.0,1600.0,8.925500312,0.6931471805599453,0,1,0,1,0.0,1.0,1,0.0,1.0,0,0,0.0,0.0,0.0,2.0,1,0,0,0,Far,Economy,Week,VeryHigh,Poor,0,0,1,0,2,0,4,2,2,10,17,30,0,1,0,1,3,0,3.0
824,600,924,2,Munnar,Kerala,Nature,9.390934664,Apr-Jun,292,1,"City, Historical",1,1,38000,6,36-45,Knee Pain,Adventure,"Trekking, Adventure Sports",Summer,"High altitude, physical exertion",Kerala Cuisine,1480,https://images.unsplash.com/photo-1491497895121-1334fc14d8c9,2,6333.333333333333,19000.0,3166.6666666666665,1,0,0,1,0,0,1.5,1,0,0,18.781869328,9.390934664,0.18781869328,0.20454545454545456,1.2805819996363637,0.25,1.5651557773333333,246.66666666666666,740.0,0,0,2.0,0.0,2,2,1,1.0,0.0,9.390934664,0.0,38000.0,0.0,6.0,0.0,1480.0,1.0,1.0,1.3862943611198906,10.0,0,0,1,2.0,0.0,2,2,1,1.0,0.0,38000.0,0.0,6.0,0.0,1480.0,9.390934664,0.6931471805599453,0,1,0,1,0.0,1.0,1,0.0,1.0,0,0,0.0,0.0,0.0,2.0,1,0,0,0,Medium,Economy,Week,VeryHigh,Poor,4,0,1,2,2,0,4,2,2,5,7,26,1,1,0,1,3,0,1.5
917,551,117,3,Khajuraho Temples,Madhya Pradesh,Historical,8.374491709,Nov-Feb,366,1,"City, Historical",2,1,79000,4,36-45,Knee Pain,Leisure,"Cultural Exploration, Photography",Winter,"Long walking distances, crowd congestion",North Indian Cuisine,1100,https://st2.depositphotos.com/1000434/7761/i/450/depositphotos_77615282-stock-photo-lakshmana-temple-in-khajuraho-madhya.jpg,3,19750.0,26333.333333333332,6583.333333333333,1,0,0,1,0,0,2.0,2,0,0,25.123475127000003,8.374491709,0.25123475127,0.0963855421686747,0.4035899618795181,0.5,2.09362292725,275.0,366.6666666666667,0,0,3.0,0.0,3,3,1,1.0,0.0,8.374491709,0.0,79000.0,0.0,4.0,0.0,1100.0,2.0,1.0,2.0794415416798357,10.0,0,1,1,4.0,1.4142135623730951,3,5,2,1.5,0.7071067811865476,74500.0,6363.961030678927,3.0,1.4142135623730951,1200.0,8.891925618,1.0986122886681096,1,0,1,0,4500.0,0.9395981261996483,1,1.0,0.75,0,1,-1.0,-0.5174339089999993,-100.0,3.0,1,0,0,0,Medium,Moderate,Week,High,Fair,3,1,1,2,2,4,0,3,3,10,9,17,1,3,0,0,1,0,2.0
51,523,488,1,Ahmedabad,Gujarat,City,8.998307151,Oct-Mar,532,1,"Nature, Adventure",1,0,21000,3,36-45,High Blood Pressure,Business,"Shopping, Food & Local Cuisine",All seasons,"Traffic congestion, pollution",Gujarati Cuisine,520,https://encrypted-tbn0.gstatic.com/images?q=tbn:ANd9GcTjjS0tleUkYu3JCgQn5BM0ooo_ueYok5FwDld1RJJHOQ&s=10,1,7000.0,21000.0,7000.0,0,1,0,0,0,0,1.0,0,0,0,8.998307151,8.998307151,0.08998307151000001,0.125,1.124788393875,0.3333333333333333,2.9994357170000003,173.33333333333334,520.0,0,0,1.0,0.0,1,1,2,3.0,2.8284271247461903,8.998307151,0.0,49000.0,39597.97974644666,4.5,2.1213203435596424,965.0,1.5,1.0,1.0986122886681096,10.0,1,0,1,1.0,0.0,1,1,1,1.0,0.0,21000.0,0.0,3.0,0.0,520.0,8.998307151,0.6931471805599453,0,1,0,0,0.0,1.0,1,0.0,1.0,0,0,0.0,0.0,0.0,1.0,1,0,0,0,Near,Budget,Weekend,VeryHigh,Poor,2,3,2,2,1,1,3,0,4,2,4,0,2,0,1,1,3,0,1.0
782,770,189,4,Coorg,Karnataka,Nature,9.0810296,Apr-Jun,978,4,"City, Historical",1,1,58000,2,36-45,Knee Pain,Adventure,"Trekking, Adventure Sports",Summer,"High altitude, physical exertion",Coorgi Cuisine,1030,https://images.unsplash.com/photo-1710612198146-77512950a4b7,2,29000.0,29000.0,14500.0,1,0,0,1,0,0,4.0,0,1,0,36.3241184,36.3241184,1.4529647360000002,0.13333333333333333,0.30270098666666667,2.0,4.5405148,515.0,515.0,0,0,3.3333333333333335,2.0816659994661326,1,5,3,3.0,1.7320508075688772,9.0810296,0.0,64166.666666666664,12453.245895481761,3.3333333333333335,2.3094010767585034,1030.0,1.3333333333333333,1.3333333333333333,4.620981203732969,0.458365304425474,1,1,1,4.0,0.0,4,4,1,4.0,0.0,58000.0,0.0,2.0,0.0,1030.0,9.0810296,0.6931471805599453,1,0,1,0,0.0,1.0,1,0.0,1.0,0,0,0.0,0.0,0.0,4.0,1,0,0,0,Medium,Moderate,Weekend,VeryHigh,Good,4,0,1,2,2,0,4,2,2,1,6,8,1,3,1,1,2,1,4.0
929,598,321,5,Bangalore,Karnataka,City,7.754720779,Oct-Mar,229,4,"City, Historical",2,2,109000,3,26-35,High Blood Pressure,Business,"Shopping, Food & Local Cuisine",All seasons,"Traffic congestion, pollution",Multi Cuisine,980,https://media.istockphoto.com/id/1382384282/photo/bangalore-or-bengaluru.jpg,4,36333.333333333336,27250.0,9083.333333333334,1,0,0,1,1,0,4.5,1,1,1,38.773603895,31.018883116,1.5509441558000001,0.12053571428571427,0.2077157351517857,1.5,2.5849069263333333,326.6666666666667,245.0,0,0,3.25,1.707825127659933,1,5,4,2.0,1.4142135623730951,7.754720779,0.0,84750.0,16894.27911059441,3.75,0.9574271077563381,1200.0,2.0,1.5,5.2306732154108255,0.5531508466719953,1,1,1,5.0,0.0,5,5,2,4.0,0.0,111250.0,3181.9805153394636,3.0,0.0,1440.0,7.965096954,1.0986122886681096,1,0,1,0,2250.0,0.9797754626924702,1,0.0,1.0,0,0,0.0,-0.2103761749999995,-460.0,5.0,1,0,0,0,Medium,Premium,Weekend,High,Excellent,2,3,1,1,1,1,3,0,4,8,6,4,1,4,1,0,0,1,4.5
437,84,754,5,Valley of Flowers,Uttarakhand,Nature,9.333748543,Sep-Mar,555,2,"Beaches, Historical",2,2,83500,6,36-45,Asthma,Family Vacation,"Nature & Relaxation, Photography",Post-Monsoon,"Curvy roads, limited medical facilities",North Indian Cuisine,1900,https://encrypted-tbn0.gstatic.com/images?q=tbn:ANd9GcSKohlQ-J1CgxwCnc1mL62LM__eo7IDPvD9Hm4v1DnS8PQfNYx8O_lBtpoE&s=10,4,13916.666666666666,20875.0,3479.1666666666665,1,0,0,1,1,0,3.5,3,1,1,46.668742715,18.667497086,0.9333748543,0.2346368715083799,0.6257261593072626,0.5833333333333334,1.5556247571666668,316.6666666666667,475.0,0,0,3.5,2.1213203435596424,2,5,2,2.5,0.7071067811865476,9.333748543,0.0,83500.0,0.0,5.0,1.4142135623730951,1540.0,2.0,2.0,3.8451430103383837,0.450182704578985,1,1,1,5.0,0.0,5,5,1,2.0,0.0,83500.0,0.0,6.0,0.0,1900.0,9.333748543,0.6931471805599453,1,0,1,1,0.0,1.0,1,0.0,1.0,0,0,0.0,0.0,0.0,5.0,1,0,0,0,Far,Premium,Week,VeryHigh,Excellent,4,4,0,2,0,2,1,1,1,10,17,37,0,4,0,1,0,0,3.5
618,236,672,5,Khajuraho Temples,Madhya Pradesh,Historical,8.424772792,Nov-Feb,250,1,"City, Historical",2,0,45000,2,36-45,Knee Pain,Leisure,"Cultural Exploration, Photography",Winter,"Long walking distances, crowd congestion",North Indian Cuisine,1100,https://st2.depositphotos.com/1000434/7761/i/450/depositphotos_77615282-stock-photo-lakshmana-temple-in-khajuraho-madhya.jpg,2,22500.0,22500.0,11250.0,0,0,1,0,0,0,3.0,4,1,1,42.12386396,8.424772792,0.4212386396,0.1276595744680851,0.3585009698723404,1.5,4.212386396,550.0,550.0,0,0,5.0,0.0,5,5,1,1.0,0.0,8.424772792,0.0,45000.0,0.0,2.0,0.0,1100.0,2.0,0.0,3.4657359027997265,10.0,0,0,0,3.5,2.1213203435596424,2,5,2,1.5,0.7071067811865476,50500.0,7778.174593052023,2.0,0.0,905.0,7.9795667975,1.0986122886681096,1,0,0,0,5500.0,0.8910912655194947,1,0.0,1.0,1,0,1.5,0.4452059945000002,195.0,5.0,1,0,0,0,Medium,Economy,Weekend,High,Excellent,3,1,1,2,2,4,0,3,3,10,9,17,1,1,1,0,0,0,3.0
858,364,693,5,Ooty,Tamil Nadu,Nature,8.029543991,Sep-Mar,488,1,"City, Historical",2,0,48000,3,26-35,Asthma,Family Vacation,"Nature & Relaxation, Photography",Post-Monsoon,"Curvy roads, limited medical facilities",South Indian Cuisine,1180,https://t3.ftcdn.net/jpg/05/09/58/00/360_F_509580096_YjyHXMHyTm9OOkjUQS4kOxDXkxbOMWYi.jpg,2,16000.0,24000.0,8000.0,0,0,1,0,0,0,3.0,4,1,1,40.147719955,8.029543991,0.40147719955,0.17647058823529413,0.4723261171176471,1.0,2.676514663666667,393.3333333333333,590.0,0,0,4.0,1.4142135623730951,3,5,2,1.5,0.7071067811865476,8.029543991,0.0,48000.0,0.0,2.5,0.7071067811865476,1240.0,2.0,0.0,4.394449154672438,0.660408825313113,1,0,0,5.0,0.0,5,5,1,1.0,0.0,48000.0,0.0,3.0,0.0,1180.0,8.029543991,0.6931471805599453,1,0,0,0,0.0,1.0,1,0.0,1.0,0,0,0.0,0.0,0.0,5.0,1,0,0,0,Medium,Economy,Weekend,High,Excellent,4,4,1,1,0,2,1,1,1,15,14,27,1,1,1,0,0,0,3.0
17,416,554,4,Ajanta Caves,Maharashtra,Historical,9.32701478,Nov-Feb,529,5,"Nature, Adventure",1,2,78000,4,18-25,Knee Pain,Leisure,"Cultural Exploration, Photography",Winter,"Long walking distances, crowd congestion",Maharashtrian Cuisine,430,https://plus.unsplash.com/premium_photo-1697729588019-20a1f5a325d1,3,19500.0,26000.0,6500.0,1,0,0,1,0,0,4.5,1,1,0,37.30805912,46.6350739,1.865402956,0.21951219512195122,0.45497633073170735,1.125,2.331753695,107.5,143.33333333333334,1,0,4.0,0.0,4,4,1,5.0,0.0,9.32701478,0.0,78000.0,0.0,4.0,0.0,430.0,1.0,2.0,2.772588722239781,10.0,0,1,1,3.75,1.2583057392117916,2,5,4,4.25,0.4999999999999999,64000.0,15577.76192739723,2.75,1.5,1347.5,8.53397289675,1.6094379124341003,1,0,1,0,14000.0,0.7812534179153451,1,1.25,0.6666666666666667,1,0,0.25,0.7930418832499999,-917.5,4.0,1,0,0,0,Near,Moderate,Week,VeryHigh,Good,3,1,2,0,2,4,0,3,3,6,10,1,2,3,0,1,2,1,4.5
524,380,459,2,Manali,Himachal Pradesh,Adventure,8.658172609,Apr-Jun,967,1,"City, Historical",1,0,18000,4,46-60,Knee Pain,Adventure,"Trekking, Adventure Sports",Summer,"High altitude, physical exertion",Himachali Cuisine,1850,https://dynamic-media-cdn.tripadvisor.com/media/photo-o/0c/b2/79/37/solang-valley-manali.jpg,1,4500.0,18000.0,4500.0,0,1,0,0,0,0,1.5,1,0,0,17.316345218,8.658172609,0.17316345217999998,0.2727272727272727,1.5742132016363635,0.375,2.16454315225,462.5,1850.0,0,0,2.0,0.0,2,2,1,1.0,0.0,8.658172609,0.0,18000.0,0.0,4.0,0.0,1850.0,1.0,0.0,1.3862943611198906,10.0,0,0,0,2.0,0.0,2,2,1,1.0,0.0,18000.0,0.0,4.0,0.0,1850.0,8.658172609,0.6931471805599453,0,1,0,0,0.0,1.0,1,0.0,1.0,0,0,0.0,0.0,0.0,2.0,1,0,0,0,Far,Budget,Week,VeryHigh,Poor,0,0,1,3,2,0,4,2,2,3,5,23,0,0,0,1,3,0,1.5
713,921,61,1,Red Fort,Delhi,Historical,8.685684923,Nov-Feb,339,5,"Beaches, Historical",2,2,78000,4,18-25,Knee Pain,Leisure,"Cultural Exploration, Photography",Winter,"Long walking distances, crowd congestion",Mughlai Cuisine,1410,https://upload.wikimedia.org/wikipedia/commons/d/d6/Delhi%2C_India%2C_Red_Fort_Facade.jpg,4,19500.0,19500.0,4875.0,1,0,0,1,1,0,3.0,4,0,0,8.685684923,43.428424615,0.43428424615,0.14634146341463414,0.42369194746341465,0.75,2.17142123075,352.5,352.5,0,0,1.0,0.0,1,1,1,5.0,0.0,8.685684923,0.0,78000.0,0.0,4.0,0.0,1410.0,2.0,2.0,0.6931471805599453,10.0,0,1,1,1.0,0.0,1,1,1,5.0,0.0,78000.0,0.0,4.0,0.0,1410.0,8.685684923,0.6931471805599453,0,1,1,0,0.0,1.0,1,0.0,1.0,0,0,0.0,0.0,0.0,1.0,1,0,0,0,Medium,Moderate,Week,VeryHigh,Poor,3,1,0,0,2,4,0,3,3,7,2,29,1,3,0,1,3,0,3.0
887,60,847,1,Manali,Himachal Pradesh,Adventure,8.090294276,Apr-Jun,931,4,"Beaches, Historical",1,0,23000,4,18-25,Knee Pain,Adventure,"Trekking, Adventure Sports",Summer,"High altitude, physical exertion",Himachali Cuisine,1850,https://dynamic-media-cdn.tripadvisor.com/media/photo-o/0c/b2/79/37/solang-valley-manali.jpg,1,5750.0,23000.0,5750.0,0,1,0,0,0,0,2.5,3,0,0,8.090294276,32.361177104,0.32361177104,0.37037037037037035,1.1985621149629628,0.625,2.022573569,462.5,1850.0,0,0,2.0,1.0,1,3,3,2.6666666666666665,1.5275252316519468,8.090294276,0.0,45000.0,20475.595229443272,4.333333333333333,0.5773502691896257,1643.3333333333333,1.0,1.3333333333333333,2.772588722239781,0.9090909090909091,1,0,1,2.6666666666666665,1.5275252316519468,1,4,3,3.6666666666666665,0.5773502691896257,24500.0,2598.076211353316,4.0,2.0,1453.3333333333333,8.462801635,1.3862943611198906,0,1,0,0,1500.0,0.9387780090608546,1,0.0,1.0,0,1,-1.6666666666666665,-0.3725073590000001,396.66666666666674,2.5,2,1,0,0,Far,Budget,Week,High,Poor,0,0,0,0,2,0,4,2,2,3,5,23,0,0,0,0,3,0,2.5
183,806,736,4,Red Fort,Delhi,Historical,8.576757877,Nov-Feb,970,3,"Beaches, Historical",1,1,36000,3,46-60,Knee Pain,Leisure,"Cultural Exploration, Photography",Winter,"Long walking distances, crowd congestion",Mughlai Cuisine,1410,https://upload.wikimedia.org/wikipedia/commons/d/d6/Delhi%2C_India%2C_Red_Fort_Facade.jpg,2,12000.0,18000.0,6000.0,1,0,0,1,0,0,3.5,1,1,0,34.307031508,25.730273631000003,1.02921094524,0.2692307692307692,0.659750605923077,1.1666666666666667,2.8589192923333333,470.0,705.0,0,0,4.5,0.7071067811865476,4,5,2,2.5,0.7071067811865476,8.576757877,0.0,32000.0,5656.85424949238,2.5,0.7071067811865476,920.0,1.0,0.5,4.943755299006493,1.238993430992954,1,0,0,4.5,0.7071067811865476,4,5,2,2.5,0.7071067811865476,27750.0,11667.261889578034,2.0,1.4142135623730951,1480.0,8.670080787,1.0986122886681096,1,0,0,0,8250.0,0.7027134157327664,1,1.0,0.6666666666666667,0,1,-0.5,-0.09332290999999948,-70.0,4.0,1,0,0,0,Medium,Economy,Weekend,VeryHigh,Good,3,1,0,3,2,4,0,3,3,7,2,29,1,1,1,1,2,0,3.5
249,345,987,4,Valley of Flowers,Uttarakhand,Nature,9.315488066,Apr-Jun,754,4,"City, Historical",2,2,55000,2,46-60,Knee Pain,Adventure,"Trekking, Adventure Sports",Summer,"High altitude, physical exertion",North Indian Cuisine,1900,https://encrypted-tbn0.gstatic.com/images?q=tbn:ANd9GcSKohlQ-J1CgxwCnc1mL62LM__eo7IDPvD9Hm4v1DnS8PQfNYx8O_lBtpoE&s=10,4,27500.0,13750.0,6875.0,1,0,0,1,1,0,4.0,0,1,0,37.261952264,37.261952264,1.4904780905600001,0.14035087719298245,0.3268592303859649,2.0,4.657744033,950.0,475.0,0,0,4.0,0.0,4,4,1,4.0,0.0,9.315488066,0.0,55000.0,0.0,2.0,0.0,1900.0,2.0,2.0,2.772588722239781,10.0,0,1,1,4.0,0.0,4,4,1,4.0,0.0,55000.0,0.0,2.0,0.0,1900.0,9.315488066,0.6931471805599453,1,0,1,0,0.0,1.0,1,0.0,1.0,0,0,0.0,0.0,0.0,4.0,1,0,0,0,Far,Moderate,Weekend,VeryHigh,Good,4,0,1,3,2,0,4,2,2,10,17,37,0,3,1,1,2,1,4.0
551,210,188,2,Auli,Uttarakhand,Adventure,8.277611273,Apr-Jun,387,4,"Nature, Adventure",1,0,18000,2,36-45,Knee Pain,Adventure,"Trekking, Adventure Sports",Summer,"High altitude, physical exertion",North Indian Cuisine,1700,https://encrypted-tbn0.gstatic.com/images?q=tbn:ANd9GcQF-TkMBCYdtCTzI4rau2709Tbi2zVPKRaXu7qTOHjiZS7J37ZNbGLQxYMv&s=10,1,9000.0,18000.0,9000.0,0,1,0,0,0,0,3.0,2,0,0,16.555222546,33.110445092,0.66220890184,0.3,0.8277611273,1.5,4.1388056365,850.0,1700.0,0,0,2.0,0.0,2,2,2,2.5,2.1213203435596424,8.277611273,0.0,30750.0,18031.22292025696,3.0,1.4142135623730951,2100.0,1.5,0.0,2.197224577336219,10.0,1,0,0,1.6666666666666667,0.5773502691896258,1,2,3,4.0,0.0,21666.666666666668,7234.178138070235,4.0,2.0,1561.6666666666667,8.054494851666666,1.3862943611198906,0,1,0,0,3666.666666666668,0.8307770410596433,1,2.0,0.6,1,0,0.33333333333333326,0.22311642133333365,138.33333333333326,1.5,2,1,0,0,Far,Budget,Weekend,High,Poor,0,0,2,2,2,0,4,2,2,10,17,2,0,0,1,0,3,0,3.0
528,322,925,3,Tarkarli Beach,Maharashtra,Beach,7.875971585,Nov-Mar,198,3,"Beaches, Historical",2,2,53000,6,18-25,Knee Pain,Honeymoon,"Relaxation, Nightlife, Water Sports",Winter,"Crowds, sun exposure",Seafood,520,https://encrypted-tbn0.gstatic.com/images?q=tbn:ANd9GcRmtn0Vsfvni1NmF01OGM9ahIFZcrRqMoNKSjV1xzIEbR5CCG-tr4PumVg&s=10,4,8833.333333333334,13250.0,2208.3333333333335,1,0,0,1,1,0,3.0,0,0,0,23.627914755,23.627914755,0.70883744265,0.30508474576271183,0.800946262881356,0.5,1.3126619308333334,86.66666666666667,130.0,0,0,4.0,1.4142135623730951,3,5,2,3.5,0.7071067811865476,7.875971585,0.0,38250.0,20859.650045003153,4.0,2.8284271247461903,1510.0,1.5,1.5,4.394449154672438,0.660408825313113,1,0,1,2.0,1.4142135623730951,1,3,2,3.0,0.0,68500.0,21920.310216782975,5.0,1.4142135623730951,1260.0,8.03561586,1.0986122886681096,0,1,1,1,15500.0,0.7737259310083064,1,1.0,0.8333333333333334,1,0,1.0,-0.15964427499999978,-740.0,3.0,1,0,0,0,Near,Moderate,Week,High,Fair,1,2,0,0,2,3,2,3,0,14,10,35,2,3,0,0,1,0,3.0
543,623,805,3,Ahmedabad,Gujarat,City,7.809114532,Oct-Mar,428,3,"Beaches, Historical",1,2,64000,2,18-25,High Blood Pressure,Business,"Shopping, Food & Local Cuisine",All seasons,"Traffic congestion, pollution",Gujarati Cuisine,520,https://encrypted-tbn0.gstatic.com/images?q=tbn:ANd9GcTjjS0tleUkYu3JCgQn5BM0ooo_ueYok5FwDld1RJJHOQ&s=10,3,32000.0,21333.333333333332,10666.666666666666,1,0,0,1,0,0,3.0,0,0,0,23.427343596,23.427343596,0.70282030788,0.09090909090909091,0.2366398343030303,1.5,3.904557266,260.0,173.33333333333334,0,0,3.0,0.0,3,3,1,3.0,0.0,7.809114532,0.0,64000.0,0.0,2.0,0.0,520.0,1.0,2.0,2.0794415416798357,10.0,0,1,1,3.0,2.0,1,5,3,3.0,0.0,58000.0,6000.0,3.3333333333333335,1.5275252316519468,1373.3333333333333,8.682017132666667,1.3862943611198906,0,0,1,0,6000.0,0.8965535076981431,1,1.3333333333333335,0.6923076923076923,0,0,0.0,-0.8729026006666674,-853.3333333333333,2.0,2,1,0,0,Near,Moderate,Weekend,High,Fair,2,3,0,0,1,1,3,0,4,2,4,0,2,3,1,0,1,0,3.0
621,383,712,2,Bangalore,Karnataka,City,8.706955116,Oct-Mar,476,2,"Beaches, Historical",2,0,52000,5,18-25,High Blood Pressure,Business,"Shopping, Food & Local Cuisine",All seasons,"Traffic congestion, pollution",Multi Cuisine,980,https://media.istockphoto.com/id/1382384282/photo/bangalore-or-bengaluru.jpg,2,10400.0,26000.0,5200.0,0,0,1,0,0,0,2.0,0,0,0,17.413910232,17.413910232,0.34827820464,0.17543859649122806,0.7637679926315789,0.4,1.7413910231999998,196.0,490.0,0,0,2.0,0.0,2,2,1,2.0,0.0,8.706955116,0.0,52000.0,0.0,5.0,0.0,980.0,2.0,0.0,1.3862943611198906,10.0,0,0,0,2.0,0.0,2,2,1,2.0,0.0,52000.0,0.0,5.0,0.0,980.0,8.706955116,0.6931471805599453,0,1,0,1,0.0,1.0,1,0.0,1.0,0,0,0.0,0.0,0.0,2.0,1,0,0,0,Medium,Moderate,Week,VeryHigh,Poor,2,3,0,0,1,1,3,0,4,8,6,4,1,3,0,1,3,0,2.0
33,515,332,5,Tawang,Arunachal Pradesh,Nature,9.481318667,Apr-Jun,583,1,"Nature, Adventure",2,1,64000,2,46-60,Knee Pain,Adventure,"Trekking, Adventure Sports",Summer,"High altitude, physical exertion",North East Cuisine,3000,https://s7ap1.scene7.com/is/image/incredibleindia/sela-pass-tawang-arunachal-pradesh-blog-ntr-hero,3,32000.0,21333.333333333332,10666.666666666666,1,0,0,1,0,0,3.0,4,1,1,47.406593335,9.481318667,0.47406593334999997,0.09090909090909091,0.28731268687878786,1.5,4.7406593335,1500.0,1000.0,0,1,5.0,0.0,5,5,1,1.0,0.0,9.481318667,0.0,64000.0,0.0,2.0,0.0,3000.0,2.0,1.0,3.4657359027997265,10.0,0,1,1,5.0,0.0,5,5,1,1.0,0.0,64000.0,0.0,2.0,0.0,3000.0,9.481318667,0.6931471805599453,1,0,1,0,0.0,1.0,1,0.0,1.0,0,0,0.0,0.0,0.0,5.0,1,0,0,0,Far,Moderate,Weekend,VeryHigh,Excellent,4,0,2,3,2,0,4,2,2,9,1,36,0,3,1,1,0,0,3.0
715,334,168,3,Tawang,Arunachal Pradesh,Nature,8.71066537,Sep-Mar,932,3,"City, Historical",1,2,90500,6,36-45,Asthma,Family Vacation,"Nature & Relaxation, Photography",Post-Monsoon,"Curvy roads, limited medical facilities",North East Cuisine,3000,https://s7ap1.scene7.com/is/image/incredibleindia/sela-pass-tawang-arunachal-pradesh-blog-ntr-hero,3,15083.333333333334,30166.666666666668,5027.777777777778,1,0,0,1,0,0,3.0,0,0,0,26.131996109999996,26.131996109999996,0.7839598833,0.1865284974093264,0.541595774300518,0.5,1.4517775616666666,500.0,1000.0,0,1,2.0,1.4142135623730951,1,3,2,3.0,0.0,8.71066537,0.0,90750.0,353.5533905932738,5.5,0.7071067811865476,2150.0,1.5,1.5,2.197224577336219,0.660408825313113,1,1,1,3.0,0.0,3,3,1,3.0,0.0,90500.0,0.0,6.0,0.0,3000.0,8.71066537,0.6931471805599453,0,0,1,1,0.0,1.0,1,0.0,1.0,0,0,0.0,0.0,0.0,3.0,1,0,0,0,Far,Premium,Week,VeryHigh,Fair,4,4,1,2,0,2,1,1,1,9,1,36,0,4,0,1,1,0,3.0
356,701,233,1,Konark Sun Temple,Odisha,Historical,8.814028636,Nov-Feb,120,4,"Nature, Adventure",1,1,40000,4,36-45,Knee Pain,Leisure,"Cultural Exploration, Photography",Winter,"Long walking distances, crowd congestion",Odia Cuisine,1700,https://cdn.britannica.com/19/251919-050-D3E64798/konark-sun-temple-orissa-india-unesco-heritage-site.jpg,2,10000.0,20000.0,5000.0,1,0,0,1,0,0,2.5,3,0,0,8.814028636,35.256114544,0.35256114544,0.22727272727272727,0.8012753305454545,0.625,2.203507159,425.0,850.0,0,0,2.5,2.1213203435596424,1,4,2,4.0,0.0,8.814028636,0.0,49000.0,12727.922061357855,3.0,1.4142135623730951,1020.0,1.5,0.5,2.7465307216702737,0.450182704578985,1,0,0,1.0,0.0,1,1,2,4.5,0.7071067811865476,39000.0,1414.213562373095,4.0,0.0,1590.0,9.073520577,1.0986122886681096,0,1,0,0,1000.0,0.9743596318043127,1,0.0,1.0,0,0,0.0,-0.2594919410000003,110.0,1.0,1,0,0,0,Far,Economy,Week,VeryHigh,Poor,3,1,2,2,2,4,0,3,3,11,11,20,0,1,0,1,3,0,2.5
397,824,801,3,Coorg,Karnataka,Nature,9.206043311,Sep-Mar,209,5,"City, Historical",2,0,57000,3,36-45,Asthma,Family Vacation,"Nature & Relaxation, Photography",Post-Monsoon,"Curvy roads, limited medical facilities",Coorgi Cuisine,1030,https://images.unsplash.com/photo-1710612198146-77512950a4b7,2,19000.0,28500.0,9500.0,0,0,1,0,0,0,4.0,2,0,0,27.618129933,46.030216555,1.38090649665,0.2,0.46030216555000003,1.3333333333333333,3.0686811036666666,343.3333333333333,515.0,0,0,3.0,0.0,3,3,1,5.0,0.0,9.206043311,0.0,57000.0,0.0,3.0,0.0,1030.0,2.0,0.0,2.0794415416798357,10.0,0,1,0,3.0,0.0,3,3,1,5.0,0.0,57000.0,0.0,3.0,0.0,1030.0,9.206043311,0.6931471805599453,0,0,1,0,0.0,1.0,1,0.0,1.0,0,0,0.0,0.0,0.0,3.0,1,0,0,0,Medium,Moderate,Weekend,VeryHigh,Fair,4,4,1,2,0,2,1,1,1,1,6,8,1,3,1,1,1,0,4.0
311,409,546,5,Coorg,Karnataka,Nature,7.695324251,Sep-Mar,586,3,"City, Historical",1,0,20500,3,26-35,Asthma,Family Vacation,"Nature & Relaxation, Photography",Post-Monsoon,"Curvy roads, limited medical facilities",Coorgi Cuisine,1030,https://images.unsplash.com/photo-1710612198146-77512950a4b7,1,6833.333333333333,20500.0,6833.333333333333,0,1,0,0,0,0,4.0,2,1,1,38.476621255,23.085972753,1.15429863765,0.5106382978723405,0.9823818192765957,1.3333333333333333,2.5651080836666664,343.3333333333333,1030.0,0,0,4.5,0.7071067811865476,4,5,2,2.5,0.7071067811865476,7.695324251,0.0,36500.0,22627.41699796952,3.5,0.7071067811865476,2015.0,1.5,0.0,4.943755299006493,1.238993430992954,1,0,0,5.0,0.0,5,5,1,3.0,0.0,20500.0,0.0,3.0,0.0,1030.0,7.695324251,0.6931471805599453,1,0,0,0,0.0,1.0,1,0.0,1.0,0,0,0.0,0.0,0.0,5.0,1,0,0,0,Medium,Budget,Weekend,High,Excellent,4,4,1,1,0,2,1,1,1,1,6,8,1,0,1,0,0,0,4.0
652,424,429,2,Kerala Backwaters,Kerala,Nature,8.016517304,Sep-Mar,752,5,"City, Historical",1,0,27000,5,36-45,Asthma,Family Vacation,"Nature & Relaxation, Photography",Post-Monsoon,"Curvy roads, limited medical facilities",Kerala Cuisine,1400,https://www.backpackadventures.org/wp-content/uploads/2020/08/india0898.jpg,1,5400.0,27000.0,5400.0,0,1,0,0,0,0,3.5,3,0,0,16.033034608,40.08258652000001,0.8016517304000002,0.546875,1.25258082875,0.7,1.6033034608,280.0,1400.0,0,0,2.0,0.0,2,2,1,5.0,0.0,8.016517304,0.0,27000.0,0.0,5.0,0.0,1400.0,1.0,0.0,1.3862943611198906,10.0,0,0,0,2.0,0.0,2,2,1,5.0,0.0,27000.0,0.0,5.0,0.0,1400.0,8.016517304,0.6931471805599453,0,1,0,1,0.0,1.0,1,0.0,1.0,0,0,0.0,0.0,0.0,2.0,1,0,0,0,Medium,Economy,Week,High,Poor,4,4,1,2,0,2,1,1,1,5,7,16,1,1,0,0,3,0,3.5
229,34,475,4,Coorg,Karnataka,Nature,8.206055639,Sep-Mar,821,4,"Beaches, Historical",1,1,52000,6,36-45,Asthma,Family Vacation,"Nature & Relaxation, Photography",Post-Monsoon,"Curvy roads, limited medical facilities",Coorgi Cuisine,1030,https://images.unsplash.com/photo-1710612198146-77512950a4b7,2,8666.666666666666,26000.0,4333.333333333333,1,0,0,1,0,0,4.0,0,1,0,32.824222556,32.824222556,1.3129689022400002,0.4137931034482759,0.8489023074827587,0.6666666666666666,1.3676759398333334,171.66666666666666,515.0,0,0,4.0,0.0,4,4,1,4.0,0.0,8.206055639,0.0,52000.0,0.0,6.0,0.0,1030.0,1.0,1.0,2.772588722239781,10.0,0,0,1,3.6666666666666665,0.5773502691896257,3,4,3,4.666666666666667,0.5773502691896257,46833.333333333336,9827.681991870377,4.666666666666667,1.5275252316519468,1843.3333333333333,8.225446730333333,1.3862943611198906,1,0,0,1,5166.666666666664,0.8896820708454625,1,1.333333333333333,0.7647058823529412,1,0,0.3333333333333335,-0.01939109133333261,-813.3333333333333,3.5,2,1,0,0,Medium,Moderate,Week,High,Good,4,4,0,2,0,2,1,1,1,1,6,8,1,3,0,0,2,1,4.0
810,814,272,2,Spiti Valley,Himachal Pradesh,Nature,7.589205999,Sep-Mar,9,2,"Nature, Adventure",2,0,43000,3,18-25,Asthma,Family Vacation,"Nature & Relaxation, Photography",Post-Monsoon,"Curvy roads, limited medical facilities",Himachali Cuisine,2000,https://storage.googleapis.com/stateless-www-justwravel-com/2021/05/1550217293_shutterstock_1129297934.jpg.jpg,2,14333.333333333334,21500.0,7166.666666666667,0,0,1,0,0,0,2.0,0,0,0,15.178411998,15.178411998,0.30356823996,0.13043478260869565,0.4949482173260869,0.6666666666666666,2.529735333,666.6666666666666,1000.0,0,0,2.0,0.0,2,2,1,2.0,0.0,7.589205999,0.0,43000.0,0.0,3.0,0.0,2000.0,2.0,0.0,1.3862943611198906,10.0,0,0,0,2.0,0.0,2,2,1,2.0,0.0,43000.0,0.0,3.0,0.0,2000.0,7.589205999,0.6931471805599453,0,1,0,0,0.0,1.0,1,0.0,1.0,0,0,0.0,0.0,0.0,2.0,1,0,0,0,Far,Economy,Weekend,High,Poor,4,4,2,0,0,2,1,1,1,3,5,33,0,1,1,0,3,0,2.0
963,451,970,5,Fatehpur Sikri,Uttar Pradesh,Historical,7.948981237,Nov-Feb,270,5,"Beaches, Historical",1,0,19000,6,46-60,Knee Pain,Leisure,"Cultural Exploration, Photography",Winter,"Long walking distances, crowd congestion",Mughlai Cuisine,1450,https://images.unsplash.com/photo-1717761558642-32cbeccbee7e,1,3166.6666666666665,19000.0,3166.6666666666665,0,1,0,0,0,0,5.0,0,1,1,39.744906185,39.744906185,1.9872453092500002,1.2000000000000002,1.9077554968800003,0.8333333333333334,1.3248302061666666,241.66666666666666,1450.0,0,0,5.0,0.0,5,5,2,5.0,0.0,7.948981237,0.0,45750.0,37830.21279348029,5.0,1.4142135623730951,1450.0,1.5,0.5,5.493061443340547,10.0,1,0,0,3.6666666666666665,1.5275252316519468,2,5,3,5.0,0.0,21000.0,7211.102550927979,6.333333333333333,0.5773502691896257,851.6666666666666,8.274781222333333,1.3862943611198906,1,0,0,1,2000.0,0.9047664396933479,1,0.33333333333333304,0.9545454545454546,1,0,1.3333333333333335,-0.3257999853333331,598.3333333333334,5.0,1,0,0,0,Medium,Budget,Week,High,Excellent,3,1,0,3,2,4,0,3,3,7,16,11,1,0,0,0,0,1,5.0
787,696,898,5,Red Fort,Delhi,Historical,8.627961322,Nov-Feb,21,2,"Beaches, Historical",2,0,53500,3,18-25,Knee Pain,Leisure,"Cultural Exploration, Photography",Winter,"Long walking distances, crowd congestion",Mughlai Cuisine,1410,https://upload.wikimedia.org/wikipedia/commons/d/d6/Delhi%2C_India%2C_Red_Fort_Facade.jpg,2,17833.333333333332,26750.0,8916.666666666666,0,0,1,0,0,0,3.5,3,1,1,43.13980661000001,17.255922644,0.8627961322000002,0.18584070796460178,0.4581218401061948,1.1666666666666667,2.8759871073333336,470.0,705.0,0,0,5.0,0.0,5,5,2,2.0,0.0,8.627961322,0.0,51000.0,3535.5339059327375,4.5,2.1213203435596424,920.0,1.5,0.5,5.493061443340547,10.0,1,0,0,5.0,0.0,5,5,3,2.6666666666666665,0.5773502691896257,52000.0,7365.459931328118,5.666666666666667,2.3094010767585034,1820.0,8.599867782333334,1.3862943611198906,1,0,0,1,1500.0,0.9711544008769062,1,2.666666666666667,0.6,0,0,0.0,0.028093539666667056,-410.0,5.0,1,0,0,0,Medium,Moderate,Weekend,VeryHigh,Excellent,3,1,0,0,2,4,0,3,3,7,2,29,1,3,1,1,0,0,3.5
937,514,826,4,Tawang,Arunachal Pradesh,Nature,7.980635862,Sep-Mar,413,4,"Beaches, Historical",2,0,38500,3,46-60,Asthma,Family Vacation,"Nature & Relaxation, Photography",Post-Monsoon,"Curvy roads, limited medical facilities",North East Cuisine,3000,https://s7ap1.scene7.com/is/image/incredibleindia/sela-pass-tawang-arunachal-pradesh-blog-ntr-hero,2,12833.333333333334,19250.0,6416.666666666667,0,0,1,0,0,0,4.0,0,1,0,31.922543448,31.922543448,1.27690173792,0.2891566265060241,0.5769134358072289,1.3333333333333333,2.6602119539999998,1000.0,1500.0,0,1,2.5,2.1213203435596424,1,4,2,3.0,1.4142135623730951,7.980635862,0.0,64750.0,37123.10601229374,4.5,2.1213203435596424,2090.0,2.0,0.5,2.7465307216702737,0.450182704578985,1,1,0,4.0,0.0,4,4,1,4.0,0.0,38500.0,0.0,3.0,0.0,3000.0,7.980635862,0.6931471805599453,1,0,0,0,0.0,1.0,1,0.0,1.0,0,0,0.0,0.0,0.0,4.0,1,0,0,0,Far,Economy,Weekend,High,Good,4,4,0,3,0,2,1,1,1,9,1,36,0,1,1,0,2,1,4.0
843,977,970,4,Calangute Beach,Goa,Beach,8.499576396,Nov-Mar,270,5,"Beaches, Historical",1,0,15000,6,26-35,Knee Pain,Honeymoon,"Relaxation, Nightlife, Water Sports",Winter,"Crowds, sun exposure",Seafood,585,https://encrypted-tbn0.gstatic.com/images?q=tbn:ANd9GcQawETYRiYBsH6-h7nyRef7D05VLNnIS00HBpFyaZdOJDehCXzhEkUfAY5Vf_tWlUzd5qaIpJnkr2vAOF1xcvRS_dDd2Lq-Y2B30QDq-g&s=10,1,2500.0,15000.0,2500.0,0,1,0,0,0,0,4.5,1,1,0,33.998305584,42.49788198,1.6999152792,1.2857142857142858,2.428450398857143,0.75,1.416596066,97.5,585.0,0,0,3.3333333333333335,0.5773502691896257,3,4,3,4.333333333333333,1.1547005383792517,8.499576396,0.0,18666.666666666668,4725.815626252609,4.0,2.0,908.3333333333334,1.3333333333333333,0.0,4.620981203732969,1.4763410387308014,1,0,0,3.6666666666666665,1.5275252316519468,2,5,3,5.0,0.0,21000.0,7211.102550927979,6.333333333333333,0.5773502691896257,851.6666666666666,8.274781222333333,1.3862943611198906,1,0,0,1,6000.0,0.7142993190800437,1,0.33333333333333304,0.9545454545454546,1,0,0.3333333333333335,0.22479517366666713,-266.66666666666663,4.0,1,0,0,0,Near,Budget,Week,High,Good,1,2,0,1,2,3,2,3,0,14,3,6,2,0,0,0,2,1,4.5
375,907,340,3,Radhanagar Beach,Andaman,Beach,8.069149587,Nov-Mar,645,3,"Beaches, Historical",1,0,11000,2,36-45,Knee Pain,Honeymoon,"Relaxation, Nightlife, Water Sports",Winter,"Crowds, sun exposure",Seafood,2500,https://dynamic-media-cdn.tripadvisor.com/media/photo-o/05/76/7a/1d/radhanagar-beach.jpg,1,5500.0,11000.0,5500.0,0,1,0,0,0,0,3.0,0,0,0,24.207448761000002,24.207448761000002,0.7262234628299999,0.46153846153846156,1.2414076287692308,1.5,4.0345747935,1250.0,2500.0,0,1,3.0,0.0,3,3,1,3.0,0.0,8.069149587,0.0,11000.0,0.0,2.0,0.0,2500.0,1.0,0.0,2.0794415416798357,10.0,0,0,0,4.333333333333333,1.1547005383792517,3,5,3,2.3333333333333335,0.5773502691896258,17333.333333333332,6027.713773341709,3.0,1.7320508075688772,2366.6666666666665,7.933623114333333,1.3862943611198906,1,0,0,0,6333.333333333332,0.6346364632809647,0,1.0,0.75,0,1,-1.333333333333333,0.13552647266666717,133.33333333333348,3.0,1,0,0,0,Far,Budget,Weekend,High,Fair,1,2,0,2,2,3,2,3,0,14,0,28,0,0,1,0,1,0,3.0
132,210,54,2,Leh Ladakh,Ladakh,Adventure,8.277611273,Apr-Jun,678,1,"City, Historical",2,0,43500,4,36-45,Knee Pain,Adventure,"Trekking, Adventure Sports",Summer,"High altitude, physical exertion",Tibetan Cuisine,2500,https://encrypted-tbn0.gstatic.com/images?q=tbn:ANd9GcR6syC-08_34gV3HDUrcoT836XfFU1TJFrrucb9MfdLPiXz7ULyfUkGJEq2&s=10,2,10875.0,21750.0,5437.5,0,0,1,0,0,0,1.5,1,0,0,16.555222546,8.277611273,0.16555222546,0.12631578947368421,0.6970620019368421,0.375,2.06940281825,625.0,1250.0,0,1,2.0,0.0,2,2,2,2.5,2.1213203435596424,8.277611273,0.0,30750.0,18031.22292025696,3.0,1.4142135623730951,2100.0,1.5,0.0,2.197224577336219,10.0,1,0,0,2.0,0.0,2,2,1,1.0,0.0,43500.0,0.0,4.0,0.0,2500.0,8.277611273,0.6931471805599453,0,1,0,0,0.0,1.0,1,0.0,1.0,0,0,0.0,0.0,0.0,2.0,1,0,0,0,Far,Economy,Week,High,Poor,0,0,1,2,2,0,4,2,2,17,8,22,0,1,0,0,3,0,1.5
659,170,297,4,Ooty,Tamil Nadu,Nature,7.848982806,Apr-Jun,659,1,"City, Historical",1,1,48000,5,36-45,Knee Pain,Adventure,"Trekking, Adventure Sports",Summer,"High altitude, physical exertion",South Indian Cuisine,1180,https://t3.ftcdn.net/jpg/05/09/58/00/360_F_509580096_YjyHXMHyTm9OOkjUQS4kOxDXkxbOMWYi.jpg,2,9600.0,24000.0,4800.0,1,0,0,1,0,0,2.5,3,1,0,31.395931224,7.848982806,0.31395931224,0.2358490566037736,0.740470076037736,0.5,1.5697965612,236.0,590.0,0,0,4.0,0.0,4,4,1,1.0,0.0,7.848982806,0.0,48000.0,0.0,5.0,0.0,1180.0,1.0,1.0,2.772588722239781,10.0,0,0,1,2.5,2.1213203435596424,1,4,2,1.5,0.7071067811865476,52750.0,6717.514421272202,4.5,0.7071067811865476,805.0,8.351060244500001,1.0986122886681096,0,1,1,1,4750.0,0.9099543136623003,1,0.5,0.9090909090909091,1,0,1.5,-0.5020774385000006,375.0,4.0,1,0,0,0,Medium,Economy,Week,High,Good,4,0,1,2,2,0,4,2,2,15,14,27,1,1,0,0,2,0,2.5
686,290,678,2,Kodaikanal,Tamil Nadu,Nature,7.934186546,Apr-Jun,706,3,"City, Historical",2,2,55000,4,46-60,Knee Pain,Adventure,"Trekking, Adventure Sports",Summer,"High altitude, physical exertion",South Indian Cuisine,1300,https://encrypted-tbn0.gstatic.com/images?q=tbn:ANd9GcRR1MrvitA-PthZ_UMPeUYOYvzHFu6Olty-pnoL9EqaCl31ZwvMHSvu9OQ&s=10,4,13750.0,13750.0,3437.5,1,0,0,1,1,0,2.5,1,0,0,15.868373092,23.802559638,0.47605119276,0.1694915254237288,0.5379109522711865,0.625,1.9835466365,325.0,325.0,0,0,2.0,0.0,2,2,1,3.0,0.0,7.934186546,0.0,55000.0,0.0,4.0,0.0,1300.0,2.0,2.0,1.3862943611198906,10.0,0,1,1,3.0,1.4142135623730951,2,4,2,3.0,0.0,73750.0,26516.50429449553,3.5,0.7071067811865476,1165.0,8.049920403,1.0986122886681096,0,0,1,0,18750.0,0.7457661591029274,1,0.5,0.8888888888888888,0,1,-1.0,-0.1157338569999995,135.0,3.0,2,1,0,0,Medium,Moderate,Week,High,Poor,4,0,1,3,2,0,4,2,2,15,14,18,1,3,0,0,3,0,2.5
196,970,798,1,Valley of Flowers,Uttarakhand,Nature,9.013101245,Apr-Jun,394,3,"City, Historical",2,1,42000,5,36-45,Knee Pain,Adventure,"Trekking, Adventure Sports",Summer,"High altitude, physical exertion",North Indian Cuisine,1900,https://encrypted-tbn0.gstatic.com/images?q=tbn:ANd9GcSKohlQ-J1CgxwCnc1mL62LM__eo7IDPvD9Hm4v1DnS8PQfNYx8O_lBtpoE&s=10,3,8400.0,14000.0,2800.0,1,0,0,1,0,0,2.0,2,0,0,9.013101245,27.039303734999997,0.27039303735,0.2127659574468085,0.9588405579787234,0.4,1.8026202489999998,380.0,633.3333333333334,0,0,1.0,0.0,1,1,1,3.0,0.0,9.013101245,0.0,42000.0,0.0,5.0,0.0,1900.0,2.0,1.0,0.6931471805599453,10.0,0,0,1,1.5,1.0,1,3,4,4.0,0.816496580927726,62500.0,21106.870919205434,4.75,1.2583057392117916,1607.5,8.531605262,1.6094379124341003,0,1,1,1,20500.0,0.6720052479160333,0,0.25,0.9565217391304348,0,1,-0.5,0.4814959830000003,292.5,2.0,2,1,0,0,Far,Economy,Week,VeryHigh,Poor,4,0,1,2,2,0,4,2,2,10,17,37,0,1,0,1,3,0,2.0
733,640,188,1,Zanskar Valley,Ladakh,Adventure,8.009714715,Apr-Jun,387,4,"Nature, Adventure",1,0,30000,4,46-60,Knee Pain,Adventure,"Trekking, Adventure Sports",Summer,"High altitude, physical exertion",Tibetan Cuisine,2400,https://www.swantour.com/blogs/wp-content/uploads/2019/05/Zanskar-Valley-tourism.jpg,1,7500.0,30000.0,7500.0,0,1,0,0,0,0,2.5,3,0,0,8.009714715,32.03885886,0.32038858859999997,0.29411764705882354,0.9423193782352941,0.625,2.00242867875,600.0,2400.0,0,1,3.6666666666666665,2.3094010767585034,1,5,3,4.0,0.0,8.009714715,0.0,45000.0,13453.62404707371,2.6666666666666665,1.1547005383792515,2233.3333333333335,1.3333333333333333,1.0,5.083079324106265,0.41504090358644385,1,0,1,1.6666666666666667,0.5773502691896258,1,2,3,4.0,0.0,21666.666666666668,7234.178138070235,4.0,2.0,1561.6666666666667,8.054494851666666,1.3862943611198906,0,1,0,0,8333.333333333332,0.6154023660446442,0,0.0,1.0,0,1,-0.6666666666666667,-0.04478013666666669,838.3333333333333,1.5,2,1,0,0,Far,Economy,Week,High,Poor,0,0,2,3,2,0,4,2,2,17,8,39,0,1,0,0,3,0,2.5
289,514,452,1,Ooty,Tamil Nadu,Nature,7.980635862,Sep-Mar,991,2,"Nature, Adventure",2,1,91000,6,26-35,Asthma,Family Vacation,"Nature & Relaxation, Photography",Post-Monsoon,"Curvy roads, limited medical facilities",South Indian Cuisine,1180,https://t3.ftcdn.net/jpg/05/09/58/00/360_F_509580096_YjyHXMHyTm9OOkjUQS4kOxDXkxbOMWYi.jpg,3,15166.666666666666,30333.333333333332,5055.555555555556,1,0,0,1,0,0,1.5,1,0,0,7.980635862,15.961271724,0.15961271724,0.09278350515463919,0.49364757909278356,0.25,1.3301059769999999,196.66666666666666,393.3333333333333,0,0,2.5,2.1213203435596424,1,4,2,3.0,1.4142135623730951,7.980635862,0.0,64750.0,37123.10601229374,4.5,2.1213203435596424,2090.0,2.0,0.5,2.7465307216702737,0.450182704578985,1,1,0,2.3333333333333335,1.5275252316519465,1,4,3,1.3333333333333333,0.5773502691896257,66833.33333333333,21001.9840332606,3.6666666666666665,2.0816659994661326,850.0,8.033669754333333,1.3862943611198906,0,1,1,0,24166.66666666667,0.6384094003580993,0,2.3333333333333335,0.4999999999999999,0,1,-1.3333333333333335,-0.053033892333333554,330.0,1.5,2,1,0,0,Medium,Premium,Week,High,Poor,4,4,2,1,0,2,1,1,1,15,14,27,1,4,0,0,3,0,1.5
587,682,26,1,Calangute Beach,Goa,Beach,8.577900963,Nov-Mar,952,5,"Nature, Adventure",2,0,28000,2,18-25,Knee Pain,Honeymoon,"Relaxation, Nightlife, Water Sports",Winter,"Crowds, sun exposure",Seafood,585,https://encrypted-tbn0.gstatic.com/images?q=tbn:ANd9GcQawETYRiYBsH6-h7nyRef7D05VLNnIS00HBpFyaZdOJDehCXzhEkUfAY5Vf_tWlUzd5qaIpJnkr2vAOF1xcvRS_dDd2Lq-Y2B30QDq-g&s=10,2,14000.0,14000.0,7000.0,0,0,1,0,0,0,3.0,4,0,0,8.577900963,42.889504814999995,0.42889504814999996,0.2,0.5718600641999999,1.5,4.2889504815,292.5,292.5,0,0,2.0,1.4142135623730951,1,3,2,3.0,2.8284271247461903,8.577900963,0.0,56500.0,40305.08652763321,3.0,1.4142135623730951,1117.5,2.0,1.0,2.197224577336219,0.660408825313113,1,1,1,3.0,2.8284271247461903,1,5,2,5.0,0.0,34000.0,8485.28137423857,2.0,0.0,997.5,8.188516706,1.0986122886681096,0,0,0,0,6000.0,0.8235346019234728,1,0.0,1.0,0,1,-2.0,0.3893842569999997,-412.5,1.0,1,0,0,0,Near,Economy,Weekend,VeryHigh,Poor,1,2,2,0,2,3,2,3,0,14,3,6,2,1,1,1,3,0,3.0
211,793,399,5,Hyderabad,Telangana,City,7.78158026,Oct-Mar,953,3,"City, Historical",1,1,51500,3,46-60,High Blood Pressure,Business,"Shopping, Food & Local Cuisine",All seasons,"Traffic congestion, pollution",Hyderabadi Cuisine,710,https://t4.ftcdn.net/jpg/03/60/89/09/360_F_360890991_Ykybj5JO5HYBaqWeROz9cR2jWXN8HZxf.jpg,2,17166.666666666668,25750.0,8583.333333333334,1,0,0,1,0,0,4.0,2,1,1,38.9079013,23.344740780000002,1.167237039,0.2201834862385321,0.42834386752293574,1.3333333333333333,2.5938600866666666,236.66666666666666,355.0,0,0,5.0,0.0,5,5,1,3.0,0.0,7.78158026,0.0,51500.0,0.0,3.0,0.0,710.0,1.0,1.0,3.4657359027997265,10.0,0,0,1,3.0,1.4142135623730951,2,5,4,2.5,0.5773502691896257,43125.0,13683.170928796682,2.75,1.2583057392117916,942.5,8.15975442875,1.6094379124341003,0,0,0,0,8375.0,0.805801604600473,1,0.25,0.9333333333333333,1,0,2.0,-0.3781741687500002,-232.5,3.5,2,1,0,0,Near,Moderate,Weekend,High,Excellent,2,3,1,3,1,1,3,0,4,4,15,14,2,3,1,0,0,0,4.0
438,137,721,3,Tarkarli Beach,Maharashtra,Beach,8.863570277,Nov-Mar,356,3,"Beaches, Historical",2,1,58500,4,18-25,Knee Pain,Honeymoon,"Relaxation, Nightlife, Water Sports",Winter,"Crowds, sun exposure",Seafood,520,https://encrypted-tbn0.gstatic.com/images?q=tbn:ANd9GcRmtn0Vsfvni1NmF01OGM9ahIFZcrRqMoNKSjV1xzIEbR5CCG-tr4PumVg&s=10,3,14625.0,19500.0,4875.0,1,0,0,1,0,0,3.0,0,0,0,26.590710831000003,26.590710831000003,0.7977213249300001,0.192,0.567268497728,0.75,2.21589256925,130.0,173.33333333333334,0,0,3.0,0.0,3,3,1,3.0,0.0,8.863570277,0.0,58500.0,0.0,4.0,0.0,520.0,2.0,1.0,2.0794415416798357,10.0,0,1,1,3.0,0.0,3,3,1,3.0,0.0,58500.0,0.0,4.0,0.0,520.0,8.863570277,0.6931471805599453,0,0,1,0,0.0,1.0,1,0.0,1.0,0,0,0.0,0.0,0.0,3.0,1,0,0,0,Near,Moderate,Week,VeryHigh,Fair,1,2,0,0,2,3,2,3,0,14,10,35,2,3,0,1,1,0,3.0
738,587,418,2,Calangute Beach,Goa,Beach,7.768523623,Nov-Mar,373,5,"Beaches, Historical",1,2,58000,5,46-60,Knee Pain,Honeymoon,"Relaxation, Nightlife, Water Sports",Winter,"Crowds, sun exposure",Seafood,585,https://encrypted-tbn0.gstatic.com/images?q=tbn:ANd9GcQawETYRiYBsH6-h7nyRef7D05VLNnIS00HBpFyaZdOJDehCXzhEkUfAY5Vf_tWlUzd5qaIpJnkr2vAOF1xcvRS_dDd2Lq-Y2B30QDq-g&s=10,3,11600.0,19333.333333333332,3866.6666666666665,1,0,0,1,0,0,3.5,3,0,0,15.537047246,38.842618115,0.7768523623,0.2777777777777778,0.6165494938888889,0.7,1.5537047246,117.0,195.0,0,0,2.0,0.0,2,2,2,4.0,1.4142135623730951,7.768523623,0.0,44750.0,18738.32970144351,4.0,1.4142135623730951,552.5,1.0,1.5,2.197224577336219,10.0,1,0,1,2.25,0.5,2,3,4,4.25,0.5,71375.0,12099.41458638943,5.5,1.2909944487358056,1758.75,8.1969980655,1.6094379124341003,0,1,1,1,13375.0,0.8126120824927147,1,0.5,0.9230769230769231,0,1,-0.25,-0.42847444250000066,-1173.75,2.0,1,0,0,0,Near,Moderate,Week,High,Poor,1,2,0,3,2,3,2,3,0,14,3,6,2,3,0,0,3,0,3.5
918,598,95,3,Ahmedabad,Gujarat,City,7.754720779,Oct-Mar,67,2,"Nature, Adventure",2,1,82500,4,46-60,High Blood Pressure,Business,"Shopping, Food & Local Cuisine",All seasons,"Traffic congestion, pollution",Gujarati Cuisine,520,https://encrypted-tbn0.gstatic.com/images?q=tbn:ANd9GcTjjS0tleUkYu3JCgQn5BM0ooo_ueYok5FwDld1RJJHOQ&s=10,3,20625.0,27500.0,6875.0,1,0,0,1,0,0,2.5,1,0,0,23.264162337000002,15.509441558,0.46528324674000004,0.11560693641618497,0.3585998048092486,0.625,1.93868019475,130.0,173.33333333333334,0,0,3.25,1.707825127659933,1,5,4,2.0,1.4142135623730951,7.754720779,0.0,84750.0,16894.27911059441,3.75,0.9574271077563381,1200.0,2.0,1.5,5.2306732154108255,0.5531508466719953,1,1,1,4.0,1.0,3,5,3,2.0,0.0,77000.0,10851.267207105353,4.333333333333333,0.5773502691896257,1216.6666666666667,8.341225038666666,1.3862943611198906,1,0,1,1,5500.0,0.9285723562031662,1,0.33333333333333304,0.9375,0,1,-1.0,-0.5865042596666656,-696.6666666666667,4.0,2,1,0,0,Near,Premium,Week,High,Fair,2,3,2,3,1,1,3,0,4,2,4,0,2,4,0,0,1,0,2.5
155,886,639,4,Red Fort,Delhi,Historical,7.713067195,Nov-Feb,545,5,"City, Historical",1,2,72000,4,46-60,Knee Pain,Leisure,"Cultural Exploration, Photography",Winter,"Long walking distances, crowd congestion",Mughlai Cuisine,1410,https://upload.wikimedia.org/wikipedia/commons/d/d6/Delhi%2C_India%2C_Red_Fort_Facade.jpg,3,18000.0,24000.0,6000.0,1,0,0,1,0,0,4.5,1,1,0,30.85226878,38.565335974999996,1.542613439,0.23684210526315788,0.405950905,1.125,1.92826679875,352.5,470.0,0,0,4.0,0.0,4,4,2,5.0,0.0,7.713067195,0.0,62750.0,13081.47545195113,5.0,1.4142135623730951,1255.0,1.5,1.0,4.394449154672438,10.0,1,1,1,2.6666666666666665,1.5275252316519465,1,4,3,5.0,0.0,62500.0,9759.610647971567,2.6666666666666665,1.5275252316519468,1330.0,7.948818311,1.3862943611198906,0,1,1,0,9500.0,0.8480024319610886,1,1.3333333333333335,0.6363636363636362,1,0,1.3333333333333335,-0.23575111600000032,80.0,3.5,2,1,0,0,Medium,Moderate,Week,High,Good,3,1,1,3,2,4,0,3,3,7,2,29,1,3,0,0,2,1,4.5
852,464,286,1,Spiti Valley,Himachal Pradesh,Nature,8.555128224,Sep-Mar,968,1,"Beaches, Historical",2,2,111000,2,36-45,Asthma,Family Vacation,"Nature & Relaxation, Photography",Post-Monsoon,"Curvy roads, limited medical facilities",Himachali Cuisine,2000,https://storage.googleapis.com/stateless-www-justwravel-com/2021/05/1550217293_shutterstock_1129297934.jpg.jpg,4,55500.0,27750.0,13875.0,1,0,0,1,1,0,1.0,0,0,0,8.555128224,8.555128224,0.08555128224000001,0.017699115044247787,0.15141819865486728,0.5,4.277564112,1000.0,500.0,0,0,1.0,0.0,1,1,1,1.0,0.0,8.555128224,0.0,111000.0,0.0,2.0,0.0,2000.0,2.0,2.0,0.6931471805599453,10.0,0,1,1,1.0,0.0,1,1,1,1.0,0.0,111000.0,0.0,2.0,0.0,2000.0,8.555128224,0.6931471805599453,0,1,1,0,0.0,1.0,1,0.0,1.0,0,0,0.0,0.0,0.0,1.0,1,0,0,0,Far,Premium,Weekend,VeryHigh,Poor,4,4,0,2,0,2,1,1,1,3,5,33,0,4,1,1,3,0,1.0
687,391,324,3,Hampi Ruins,Karnataka,Historical,8.937176477,Nov-Feb,38,4,"City, Historical",1,1,40000,5,18-25,Knee Pain,Leisure,"Cultural Exploration, Photography",Winter,"Long walking distances, crowd congestion",South Indian Cuisine,740,https://wegobond.com/wp-content/uploads/2018/01/hampi-banner.jpg,2,8000.0,20000.0,4000.0,1,0,0,1,0,0,3.5,1,0,0,26.811529430999997,35.748705908,1.07246117724,0.3888888888888889,0.9930196085555555,0.7,1.7874352954,148.0,370.0,0,0,3.6666666666666665,1.1547005383792517,3,5,3,3.0,1.0,8.937176477,0.0,67166.66666666667,27768.38730163013,4.333333333333333,0.5773502691896257,606.6666666666666,1.6666666666666667,1.3333333333333333,5.083079324106265,0.797002925727394,1,1,1,4.0,1.4142135623730951,3,5,2,4.0,0.0,49000.0,12727.922061357855,3.5,2.1213203435596424,1110.0,8.562171047,1.0986122886681096,1,0,0,0,9000.0,0.8163302789738984,1,1.5,0.6666666666666667,0,1,-1.0,0.37500542999999986,-370.0,3.0,1,0,0,0,Near,Economy,Week,VeryHigh,Fair,3,1,1,0,2,4,0,3,3,15,6,13,2,1,0,1,1,0,3.5
158,518,596,5,Kolkata,West Bengal,City,8.927901484,Oct-Mar,926,5,"Nature, Adventure",1,1,35500,6,36-45,High Blood Pressure,Business,"Shopping, Food & Local Cuisine",All seasons,"Traffic congestion, pollution",Bengali Cuisine,2050,https://encrypted-tbn0.gstatic.com/images?q=tbn:ANd9GcR7RyEWQTvFgkgjKGGCyk4MsFgdUZhpvExLEydL8FmtvfqAtgLceIK1K2mg&s=10,2,5916.666666666667,17750.0,2958.3333333333335,1,0,0,1,0,0,5.0,0,1,1,44.63950742,44.63950742,2.231975371,0.7228915662650602,1.290780937445783,0.8333333333333334,1.4879835806666666,341.6666666666667,1025.0,0,1,4.5,0.7071067811865476,4,5,2,3.5,2.1213203435596424,8.927901484,0.0,56000.0,28991.378028648447,4.5,2.1213203435596424,1285.0,1.5,1.0,4.943755299006493,1.238993430992954,1,1,1,5.0,0.0,5,5,1,5.0,0.0,35500.0,0.0,6.0,0.0,2050.0,8.927901484,0.6931471805599453,1,0,0,1,0.0,1.0,1,0.0,1.0,0,0,0.0,0.0,0.0,5.0,1,0,0,0,Far,Economy,Week,VeryHigh,Excellent,2,3,2,2,1,1,3,0,4,0,18,19,0,1,0,1,0,1,5.0
991,701,850,4,Ellora Caves,Maharashtra,Historical,8.814028636,Nov-Feb,761,4,"Beaches, Historical",2,0,58000,2,18-25,Knee Pain,Leisure,"Cultural Exploration, Photography",Winter,"Long walking distances, crowd congestion",Maharashtrian Cuisine,340,https://indiaholidaymall.com/images/blog/Ellora-Caves-Unesco-World-Heritage-Site.jpg,2,29000.0,29000.0,14500.0,0,0,1,0,0,0,4.0,0,1,0,35.256114544,35.256114544,1.41024458176,0.13333333333333333,0.2938009545333333,2.0,4.407014318,170.0,170.0,1,0,2.5,2.1213203435596424,1,4,2,4.0,0.0,8.814028636,0.0,49000.0,12727.922061357855,3.0,1.4142135623730951,1020.0,1.5,0.5,2.7465307216702737,0.450182704578985,1,0,0,4.0,0.0,4,4,1,4.0,0.0,58000.0,0.0,2.0,0.0,340.0,8.814028636,0.6931471805599453,1,0,1,0,0.0,1.0,1,0.0,1.0,0,0,0.0,0.0,0.0,4.0,1,0,0,0,Near,Moderate,Weekend,VeryHigh,Good,3,1,0,0,2,4,0,3,3,6,10,10,2,3,1,1,2,1,4.0
291,878,101,5,Hyderabad,Telangana,City,7.601483088,Oct-Mar,984,3,"Nature, Adventure",2,0,40000,2,36-45,High Blood Pressure,Business,"Shopping, Food & Local Cuisine",All seasons,"Traffic congestion, pollution",Hyderabadi Cuisine,710,https://t4.ftcdn.net/jpg/03/60/89/09/360_F_360890991_Ykybj5JO5HYBaqWeROz9cR2jWXN8HZxf.jpg,2,20000.0,20000.0,10000.0,0,0,1,0,0,0,4.0,2,1,1,38.00741544,22.804449264,1.1402224632,0.19047619047619047,0.36197538514285715,2.0,3.800741544,355.0,355.0,0,0,3.6666666666666665,1.5275252316519465,2,5,3,3.3333333333333335,1.5275252316519465,7.601483087999999,0.0,52166.666666666664,15782.374134880129,4.0,1.7320508075688772,575.0,1.6666666666666667,1.0,5.083079324106265,0.6144297984154721,1,0,1,3.5,1.7320508075688772,1,5,4,3.0,0.0,39250.0,3570.7142142714238,3.5,1.7320508075688772,1111.25,8.26800916975,1.6094379124341003,1,0,0,0,750.0,0.9808922065679855,1,1.5,0.6666666666666667,1,0,1.5,-0.6665260817499998,-401.25,5.0,1,0,0,0,Near,Economy,Weekend,High,Excellent,2,3,2,2,1,1,3,0,4,4,15,14,2,1,1,0,0,0,4.0
588,14,890,2,Munnar,Kerala,Nature,8.551426231,Sep-Mar,655,4,"Nature, Adventure",1,0,27000,6,18-25,Asthma,Family Vacation,"Nature & Relaxation, Photography",Post-Monsoon,"Curvy roads, limited medical facilities",Kerala Cuisine,1480,https://images.unsplash.com/photo-1491497895121-1334fc14d8c9,1,4500.0,27000.0,4500.0,0,1,0,0,0,0,3.0,2,0,0,17.102852462,34.205704924,0.68411409848,0.5454545454545454,1.5548047692727274,0.5,1.4252377051666667,246.66666666666666,1480.0,0,0,3.0,1.0,2,4,3,3.0,1.7320508075688772,8.551426231,0.0,53333.333333333336,24901.472513354172,4.333333333333333,1.5275252316519465,2160.0,1.0,1.0,4.1588830833596715,0.9090909090909091,1,1,1,2.5,0.7071067811865476,2,3,2,4.0,0.0,23750.0,4596.194077712559,6.0,0.0,1690.0,8.980392879,1.0986122886681096,0,1,0,1,3250.0,0.8631636562671046,1,0.0,1.0,0,1,-0.5,-0.4289666479999994,-210.0,2.5,2,1,0,0,Medium,Economy,Week,VeryHigh,Poor,4,4,2,0,0,2,1,1,1,5,7,26,1,1,0,1,3,0,3.0
264,63,662,1,Ahmedabad,Gujarat,City,9.202094231,Oct-Mar,959,1,"Nature, Adventure",2,1,82500,6,36-45,High Blood Pressure,Business,"Shopping, Food & Local Cuisine",All seasons,"Traffic congestion, pollution",Gujarati Cuisine,520,https://encrypted-tbn0.gstatic.com/images?q=tbn:ANd9GcTjjS0tleUkYu3JCgQn5BM0ooo_ueYok5FwDld1RJJHOQ&s=10,3,13750.0,27500.0,4583.333333333333,1,0,0,1,0,0,1.0,0,0,0,9.202094231,9.202094231,0.09202094231,0.06779661016949153,0.6238707953220339,0.16666666666666666,1.5336823718333334,86.66666666666667,173.33333333333334,0,0,1.0,0.0,1,1,1,1.0,0.0,9.202094231,0.0,82500.0,0.0,6.0,0.0,520.0,2.0,1.0,0.6931471805599453,10.0,0,1,1,1.0,0.0,1,1,1,1.0,0.0,82500.0,0.0,6.0,0.0,520.0,9.202094231,0.6931471805599453,0,1,1,1,0.0,1.0,1,0.0,1.0,0,0,0.0,0.0,0.0,1.0,1,0,0,0,Near,Premium,Week,VeryHigh,Poor,2,3,2,2,1,1,3,0,4,2,4,0,2,4,0,1,3,0,1.0
2,411,783,1,Taj Mahal,Uttar Pradesh,Historical,8.284126728,Nov-Feb,894,2,"City, Historical",1,1,57500,2,36-45,Knee Pain,Leisure,"Cultural Exploration, Photography",Winter,"Long walking distances, crowd congestion",Mughlai Cuisine,1470,https://upload.wikimedia.org/wikipedia/commons/1/1d/Taj_Mahal_%28Edited%29.jpeg,2,28750.0,28750.0,14375.0,1,0,0,1,0,0,1.5,1,0,0,8.284126728,16.568253456,0.16568253456,0.05042016806722689,0.27845804127731094,0.75,4.142063364,735.0,735.0,0,0,1.0,0.0,1,1,1,2.0,0.0,8.284126728,0.0,57500.0,0.0,2.0,0.0,1470.0,1.0,1.0,0.6931471805599453,10.0,0,1,1,1.0,0.0,1,1,1,2.0,0.0,57500.0,0.0,2.0,0.0,1470.0,8.284126728,0.6931471805599453,0,1,1,0,0.0,1.0,1,0.0,1.0,0,0,0.0,0.0,0.0,1.0,1,0,0,0,Medium,Moderate,Weekend,High,Poor,3,1,1,2,2,4,0,3,3,7,16,34,1,3,1,0,3,0,1.5
626,55,939,5,Auli,Uttarakhand,Adventure,7.560629647,Apr-Jun,19,4,"City, Historical",2,0,58500,5,26-35,Knee Pain,Adventure,"Trekking, Adventure Sports",Summer,"High altitude, physical exertion",North Indian Cuisine,1700,https://encrypted-tbn0.gstatic.com/images?q=tbn:ANd9GcQF-TkMBCYdtCTzI4rau2709Tbi2zVPKRaXu7qTOHjiZS7J37ZNbGLQxYMv&s=10,2,11700.0,29250.0,5850.0,0,0,1,0,0,0,4.5,1,1,1,37.803148235,30.242518588,1.5121259294,0.35433070866141736,0.5953251690551181,0.9,1.5121259294,340.0,850.0,0,0,5.0,0.0,5,5,2,3.0,1.4142135623730951,7.560629647,0.0,38250.0,28637.824638055175,3.5,2.1213203435596424,1950.0,1.5,0.0,5.493061443340547,10.0,1,0,0,5.0,0.0,5,5,1,4.0,0.0,58500.0,0.0,5.0,0.0,1700.0,7.560629647,0.6931471805599453,1,0,1,1,0.0,1.0,1,0.0,1.0,0,0,0.0,0.0,0.0,5.0,1,0,0,0,Far,Moderate,Week,High,Excellent,0,0,1,1,2,0,4,2,2,10,17,2,0,3,0,0,0,1,4.5
218,476,101,4,Konark Sun Temple,Odisha,Historical,8.593932856,Nov-Feb,984,3,"Nature, Adventure",2,0,36500,5,18-25,Knee Pain,Leisure,"Cultural Exploration, Photography",Winter,"Long walking distances, crowd congestion",Odia Cuisine,1700,https://cdn.britannica.com/19/251919-050-D3E64798/konark-sun-temple-orissa-india-unesco-heritage-site.jpg,2,7300.0,18250.0,3650.0,0,0,1,0,0,0,3.5,1,1,0,34.375731424,25.781798568,1.03127194272,0.4216867469879518,1.0354135971084337,0.7,1.7187865712000001,340.0,850.0,0,0,4.0,0.0,4,4,1,3.0,0.0,8.593932856,0.0,36500.0,0.0,5.0,0.0,1700.0,2.0,0.0,2.772588722239781,10.0,0,0,0,3.5,1.7320508075688772,1,5,4,3.0,0.0,39250.0,3570.7142142714238,3.5,1.7320508075688772,1111.25,8.26800916975,1.6094379124341003,1,0,0,0,2750.0,0.9299380907492802,1,1.5,0.6666666666666667,1,0,0.5,0.32592368625000034,588.75,2.5,2,1,0,0,Far,Economy,Week,VeryHigh,Good,3,1,2,0,2,4,0,3,3,11,11,20,0,1,0,1,2,0,3.5
391,241,745,4,Ellora Caves,Maharashtra,Historical,7.668642705,Nov-Feb,171,5,"Beaches, Historical",1,2,52500,2,46-60,Knee Pain,Leisure,"Cultural Exploration, Photography",Winter,"Long walking distances, crowd congestion",Maharashtrian Cuisine,340,https://indiaholidaymall.com/images/blog/Ellora-Caves-Unesco-World-Heritage-Site.jpg,3,26250.0,17500.0,8750.0,1,0,0,1,0,0,4.5,1,1,0,30.67457082,38.343213524999996,1.533728541,0.1651376146788991,0.2814180809174312,2.25,3.8343213525,170.0,113.33333333333333,1,0,4.0,0.0,4,4,1,5.0,0.0,7.668642705,0.0,52500.0,0.0,2.0,0.0,340.0,1.0,2.0,2.772588722239781,10.0,0,1,1,4.0,0.0,4,4,2,3.0,2.8284271247461903,57750.0,7424.621202458749,2.5,0.7071067811865476,910.0,7.722833656000001,1.0986122886681096,1,0,1,0,5250.0,0.9090924832470433,1,0.5,0.8571428571428572,0,0,0.0,-0.05419095100000071,-570.0,4.0,1,0,0,0,Near,Moderate,Weekend,High,Good,3,1,0,3,2,4,0,3,3,6,10,10,2,3,1,0,2,1,4.5
159,90,919,2,Spiti Valley,Himachal Pradesh,Nature,7.864848872,Apr-Jun,413,1,"Beaches, Historical",1,1,48000,2,18-25,Knee Pain,Adventure,"Trekking, Adventure Sports",Summer,"High altitude, physical exertion",Himachali Cuisine,2000,https://storage.googleapis.com/stateless-www-justwravel-com/2021/05/1550217293_shutterstock_1129297934.jpg.jpg,2,24000.0,24000.0,12000.0,1,0,0,1,0,0,1.5,1,0,0,15.729697744,7.864848872,0.15729697743999999,0.06,0.31459395487999997,0.75,3.932424436,1000.0,1000.0,0,0,2.0,0.0,2,2,1,1.0,0.0,7.864848872,0.0,48000.0,0.0,2.0,0.0,2000.0,1.0,1.0,1.3862943611198906,10.0,0,0,1,1.5,0.7071067811865476,1,2,2,2.0,1.4142135623730951,40750.0,10253.048327204939,2.0,0.0,1740.0,8.3717508855,1.0986122886681096,0,1,0,0,7250.0,0.8220902554538538,1,0.0,1.0,1,0,0.5,-0.5069020134999995,260.0,1.5,2,1,0,0,Far,Economy,Weekend,High,Poor,4,0,0,0,2,0,4,2,2,3,5,33,0,1,1,0,3,0,1.5
601,965,234,3,Spiti Trek,Himachal Pradesh,Adventure,8.636537892,Apr-Jun,884,1,"City, Historical",1,0,25000,3,26-35,Knee Pain,Adventure,"Trekking, Adventure Sports",Summer,"High altitude, physical exertion",Himachali Cuisine,2000,https://encrypted-tbn0.gstatic.com/images?q=tbn:ANd9GcSVhMTWqQOcmNTuyOBBWk2yd5Mz2ESU1_YGVNdtOk9y5DMIs2TGizrpcCBE&s=10,1,8333.333333333334,25000.0,8333.333333333334,0,1,0,0,0,0,2.0,2,0,0,25.909613676,8.636537892,0.25909613676,0.21428571428571427,0.9253433455714285,0.6666666666666666,2.878845964,666.6666666666666,2000.0,0,0,3.0,0.0,3,3,1,1.0,0.0,8.636537892,0.0,25000.0,0.0,3.0,0.0,2000.0,1.0,0.0,2.0794415416798357,10.0,0,0,0,3.0,0.0,3,3,1,1.0,0.0,25000.0,0.0,3.0,0.0,2000.0,8.636537892,0.6931471805599453,0,0,0,0,0.0,1.0,1,0.0,1.0,0,0,0.0,0.0,0.0,3.0,1,0,0,0,Far,Budget,Weekend,VeryHigh,Fair,0,0,1,1,2,0,4,2,2,3,5,32,0,0,1,1,1,0,2.0
561,868,437,3,Bangalore,Karnataka,City,8.498230857,Oct-Mar,632,3,"Nature, Adventure",2,1,70500,3,26-35,High Blood Pressure,Business,"Shopping, Food & Local Cuisine",All seasons,"Traffic congestion, pollution",Multi Cuisine,980,https://media.istockphoto.com/id/1382384282/photo/bangalore-or-bengaluru.jpg,3,23500.0,23500.0,7833.333333333333,1,0,0,1,0,0,3.0,0,0,0,25.494692570999998,25.494692570999998,0.7648407771299999,0.12244897959183673,0.3468665655918367,1.0,2.832743619,326.6666666666667,326.6666666666667,0,0,3.0,0.0,3,3,1,3.0,0.0,8.498230857,0.0,70500.0,0.0,3.0,0.0,980.0,2.0,1.0,2.0794415416798357,10.0,0,1,1,3.0,0.0,3,3,1,3.0,0.0,70500.0,0.0,3.0,0.0,980.0,8.498230857,0.6931471805599453,0,0,1,0,0.0,1.0,1,0.0,1.0,0,0,0.0,0.0,0.0,3.0,1,0,0,0,Medium,Moderate,Weekend,High,Fair,2,3,2,1,1,1,3,0,4,8,6,4,1,3,1,0,1,0,3.0
405,225,671,4,Spiti Valley,Himachal Pradesh,Nature,8.793334589,Apr-Jun,94,1,"Nature, Adventure",2,2,104000,3,46-60,Knee Pain,Adventure,"Trekking, Adventure Sports",Summer,"High altitude, physical exertion",Himachali Cuisine,2000,https://storage.googleapis.com/stateless-www-justwravel-com/2021/05/1550217293_shutterstock_1129297934.jpg.jpg,4,34666.666666666664,26000.0,8666.666666666666,1,0,0,1,1,0,2.5,3,1,0,35.173338356,8.793334589,0.35173338356,0.07009345794392524,0.24654209128037385,0.8333333333333334,2.931111529666667,666.6666666666666,500.0,0,0,4.0,0.0,4,4,1,1.0,0.0,8.793334589,0.0,104000.0,0.0,3.0,0.0,2000.0,2.0,2.0,2.772588722239781,10.0,0,1,1,3.5,0.7071067811865476,3,4,2,1.5,0.7071067811865476,99750.0,6010.407640085654,3.5,0.7071067811865476,1170.0,8.865255533,1.0986122886681096,1,0,1,0,4250.0,0.9573939108379865,1,0.5,0.8888888888888888,1,0,0.5,-0.0719209439999986,830.0,4.0,1,0,0,0,Far,Premium,Weekend,VeryHigh,Good,4,0,2,3,2,0,4,2,2,3,5,33,0,4,1,1,2,0,2.5
480,295,725,3,Valley of Flowers,Uttarakhand,Nature,9.301807912,Apr-Jun,480,4,"Nature, Adventure",1,1,33500,6,46-60,Knee Pain,Adventure,"Trekking, Adventure Sports",Summer,"High altitude, physical exertion",North Indian Cuisine,1900,https://encrypted-tbn0.gstatic.com/images?q=tbn:ANd9GcSKohlQ-J1CgxwCnc1mL62LM__eo7IDPvD9Hm4v1DnS8PQfNYx8O_lBtpoE&s=10,2,5583.333333333333,16750.0,2791.6666666666665,1,0,0,1,0,0,3.5,1,0,0,27.905423735999996,37.207231648,1.1162169494399998,0.5316455696202532,1.412932847392405,0.5833333333333334,1.5503013186666665,316.6666666666667,950.0,0,0,3.0,0.0,3,3,2,4.5,0.7071067811865476,9.301807912,0.0,41250.0,10960.155108391487,4.0,2.8284271247461903,1650.0,1.5,1.0,3.2958368660043287,10.0,1,0,1,3.5,0.7071067811865476,3,4,2,2.5,2.1213203435596424,38250.0,6717.514421272202,5.0,1.4142135623730951,1690.0,8.985628591,1.0986122886681096,1,0,0,1,4750.0,0.8758202399937256,1,1.0,0.8333333333333334,0,1,-0.5,0.3161793209999999,210.0,3.5,2,1,0,0,Far,Economy,Week,VeryHigh,Fair,4,0,2,3,2,0,4,2,2,10,17,37,0,1,0,1,1,0,3.5
446,586,322,1,Khajuraho Temples,Madhya Pradesh,Historical,7.569722658,Nov-Feb,424,4,"Beaches, Historical",2,0,62000,4,36-45,Knee Pain,Leisure,"Cultural Exploration, Photography",Winter,"Long walking distances, crowd congestion",North Indian Cuisine,1100,https://st2.depositphotos.com/1000434/7761/i/450/depositphotos_77615282-stock-photo-lakshmana-temple-in-khajuraho-madhya.jpg,2,15500.0,31000.0,7750.0,0,0,1,0,0,0,2.5,3,0,0,7.569722658,30.278890632,0.30278890632,0.15151515151515152,0.4587710701818182,0.625,1.8924306645,275.0,550.0,0,0,2.5,2.1213203435596424,1,4,2,4.0,0.0,7.569722658,0.0,53500.0,12020.815280171308,4.0,0.0,1400.0,2.0,0.0,2.7465307216702737,0.450182704578985,1,1,0,2.0,1.0,1,3,3,3.3333333333333335,1.1547005383792517,53166.666666666664,9004.6284394934,3.6666666666666665,0.5773502691896258,1230.0,8.602588790666667,1.3862943611198906,0,1,1,0,8833.333333333336,0.8338589242835557,1,0.3333333333333335,0.9285714285714285,0,1,-1.0,-1.0328661326666673,-130.0,1.5,2,1,0,0,Medium,Moderate,Week,High,Poor,3,1,0,2,2,4,0,3,3,10,9,17,1,3,0,0,3,0,2.5
335,208,5,4,Delhi,Delhi,City,9.232664943,Oct-Mar,425,3,"Nature, Adventure",2,2,93000,3,36-45,High Blood Pressure,Business,"Shopping, Food & Local Cuisine",All seasons,"Traffic congestion, pollution",Street Food,1410,https://encrypted-tbn0.gstatic.com/images?q=tbn:ANd9GcTFxblF-zkMM4NsiVuRyJ1Yx76TMcpdDWzU6zEf57y1aQ&s=10,4,31000.0,23250.0,7750.0,1,0,0,1,1,0,3.5,1,1,0,36.930659772,27.697994829,1.10791979316,0.109375,0.28852077946875,1.1666666666666667,3.077554981,470.0,352.5,0,0,4.0,0.0,4,4,1,3.0,0.0,9.232664943,0.0,93000.0,0.0,3.0,0.0,1410.0,2.0,2.0,2.772588722239781,10.0,0,1,1,4.0,0.0,4,4,1,3.0,0.0,93000.0,0.0,3.0,0.0,1410.0,9.232664943,0.6931471805599453,1,0,1,0,0.0,1.0,1,0.0,1.0,0,0,0.0,0.0,0.0,4.0,1,0,0,0,Medium,Premium,Weekend,VeryHigh,Good,2,3,2,2,1,1,3,0,4,16,2,9,1,4,1,1,2,0,3.5
681,693,580,4,Kolkata,West Bengal,City,8.397475309,Oct-Mar,890,1,"Beaches, Historical",1,0,17000,5,26-35,High Blood Pressure,Business,"Shopping, Food & Local Cuisine",All seasons,"Traffic congestion, pollution",Bengali Cuisine,2050,https://encrypted-tbn0.gstatic.com/images?q=tbn:ANd9GcR7RyEWQTvFgkgjKGGCyk4MsFgdUZhpvExLEydL8FmtvfqAtgLceIK1K2mg&s=10,1,3400.0,17000.0,3400.0,0,1,0,0,0,0,2.5,3,1,0,33.589901236,8.397475309,0.33589901236,0.5681818181818181,1.9085171156818181,0.5,1.6794950618000002,410.0,2050.0,0,1,3.3333333333333335,2.0816659994661326,1,5,3,2.0,1.7320508075688772,8.397475309,0.0,33333.333333333336,20256.68613898466,5.0,1.0,1613.3333333333333,1.3333333333333333,0.0,4.620981203732969,0.458365304425474,1,0,0,4.0,0.0,4,4,2,1.0,0.0,16000.0,1414.213562373095,5.5,0.7071067811865476,2275.0,8.7711199755,1.0986122886681096,1,0,0,1,1000.0,0.9375039060058746,1,0.5,0.9230769230769231,0,0,0.0,-0.37364466649999883,-225.0,4.0,1,0,0,0,Far,Budget,Week,High,Good,2,3,0,1,1,1,3,0,4,0,18,19,0,0,0,0,2,0,2.5
812,12,402,3,Gokarna Beach,Karnataka,Beach,8.084317506,Nov-Mar,613,1,"City, Historical",2,0,32000,4,46-60,Knee Pain,Honeymoon,"Relaxation, Nightlife, Water Sports",Winter,"Crowds, sun exposure",Seafood,680,https://realtalktravel.com/wp-content/uploads/Om-Beach-Gokarna.webp,2,8000.0,16000.0,4000.0,0,0,1,0,0,0,2.0,2,0,0,24.252952518,8.084317506,0.24252952518,0.2222222222222222,0.8982575006666667,0.5,2.0210793765,170.0,340.0,0,0,3.0,0.0,3,3,1,1.0,0.0,8.084317506,0.0,32000.0,0.0,4.0,0.0,680.0,2.0,0.0,2.0794415416798357,10.0,0,0,0,3.0,0.0,3,3,1,1.0,0.0,32000.0,0.0,4.0,0.0,680.0,8.084317506,0.6931471805599453,0,0,0,0,0.0,1.0,1,0.0,1.0,0,0,0.0,0.0,0.0,3.0,1,0,0,0,Near,Economy,Week,High,Fair,1,2,1,3,2,3,2,3,0,14,6,12,2,1,0,0,1,0,2.0
656,629,639,1,Munnar,Kerala,Nature,7.674024425,Sep-Mar,545,5,"City, Historical",1,2,63000,3,26-35,Asthma,Family Vacation,"Nature & Relaxation, Photography",Post-Monsoon,"Curvy roads, limited medical facilities",Kerala Cuisine,1480,https://images.unsplash.com/photo-1491497895121-1334fc14d8c9,3,21000.0,21000.0,7000.0,1,0,0,1,0,0,3.0,4,0,0,7.674024425,38.370122125,0.38370122125,0.13636363636363635,0.34881929204545453,1.0,2.5580081416666665,493.3333333333333,493.3333333333333,0,0,3.0,2.8284271247461903,1,5,2,4.0,1.4142135623730951,7.674024425,0.0,41750.0,30052.03820042827,3.0,0.0,1440.0,1.0,1.0,3.2958368660043287,0.3414802408943917,1,0,1,2.6666666666666665,1.5275252316519465,1,4,3,5.0,0.0,62500.0,9759.610647971567,2.6666666666666665,1.5275252316519468,1330.0,7.948818311,1.3862943611198906,0,1,1,0,500.0,0.992000127997952,1,0.3333333333333335,0.9090909090909091,0,1,-1.6666666666666665,-0.2747938860000003,150.0,1.0,1,0,0,0,Medium,Moderate,Weekend,High,Poor,4,4,1,1,0,2,1,1,1,5,7,26,1,3,1,0,3,0,3.0
553,605,128,2,Spiti Valley,Himachal Pradesh,Nature,9.015692414,Apr-Jun,330,3,"Nature, Adventure",2,2,113500,6,36-45,Knee Pain,Adventure,"Trekking, Adventure Sports",Summer,"High altitude, physical exertion",Himachali Cuisine,2000,https://storage.googleapis.com/stateless-www-justwravel-com/2021/05/1550217293_shutterstock_1129297934.jpg.jpg,4,18916.666666666668,28375.0,4729.166666666667,1,0,0,1,1,0,2.5,1,0,0,18.031384828,27.047077242,0.54094154484,0.12552301255230125,0.4526707488200837,0.4166666666666667,1.5026154023333333,333.3333333333333,500.0,0,0,2.0,0.0,2,2,1,3.0,0.0,9.015692414,0.0,113500.0,0.0,6.0,0.0,2000.0,2.0,2.0,1.3862943611198906,10.0,0,1,1,3.3333333333333335,1.5275252316519468,2,5,3,3.0,1.0,88833.33333333333,22479.620400116488,4.666666666666667,2.3094010767585034,1303.3333333333333,8.608198786,1.3862943611198906,1,0,1,1,24666.66666666667,0.7223295797795897,1,1.333333333333333,0.7647058823529412,0,1,-1.3333333333333335,0.4074936279999992,696.6666666666667,2.5,2,1,0,0,Far,Premium,Week,VeryHigh,Poor,4,0,2,2,2,0,4,2,2,3,5,33,0,4,0,1,3,0,2.5
904,865,729,3,Auli,Uttarakhand,Adventure,8.989187748,Apr-Jun,874,4,"City, Historical",2,0,38500,2,18-25,Knee Pain,Adventure,"Trekking, Adventure Sports",Summer,"High altitude, physical exertion",North Indian Cuisine,1700,https://encrypted-tbn0.gstatic.com/images?q=tbn:ANd9GcQF-TkMBCYdtCTzI4rau2709Tbi2zVPKRaXu7qTOHjiZS7J37ZNbGLQxYMv&s=10,2,19250.0,19250.0,9625.0,0,0,1,0,0,0,3.5,1,0,0,26.967563244000004,35.956750992,1.0787025297600001,0.1728395061728395,0.4439105060740741,1.75,4.494593874,850.0,850.0,0,0,4.0,1.4142135623730951,3,5,2,3.5,0.7071067811865476,8.989187748,0.0,43750.0,7424.621202458749,2.5,0.7071067811865476,1850.0,2.0,0.5,4.394449154672438,0.660408825313113,1,0,0,2.0,1.4142135623730951,1,3,2,3.5,0.7071067811865476,41750.0,4596.194077712559,2.5,0.7071067811865476,1700.0,8.5986100405,1.0986122886681096,0,1,0,0,3250.0,0.9221575531125004,1,0.5,0.8571428571428572,1,0,1.0,0.3905777075000003,0.0,3.0,1,0,0,0,Far,Economy,Weekend,VeryHigh,Fair,0,0,1,0,2,0,4,2,2,10,17,2,0,1,1,1,1,0,3.5
470,44,318,2,Ooty,Tamil Nadu,Nature,8.844208014,Sep-Mar,191,3,"City, Historical",2,0,61500,2,36-45,Asthma,Family Vacation,"Nature & Relaxation, Photography",Post-Monsoon,"Curvy roads, limited medical facilities",South Indian Cuisine,1180,https://t3.ftcdn.net/jpg/05/09/58/00/360_F_509580096_YjyHXMHyTm9OOkjUQS4kOxDXkxbOMWYi.jpg,2,30750.0,30750.0,15375.0,0,0,1,0,0,0,2.5,1,0,0,17.688416028,26.532624042,0.5306524808399999,0.07874015748031496,0.2785577327244094,1.25,4.422104007,590.0,590.0,0,0,2.0,0.0,2,2,1,3.0,0.0,8.844208014,0.0,61500.0,0.0,2.0,0.0,1180.0,2.0,0.0,1.3862943611198906,10.0,0,1,0,2.0,0.0,2,2,1,3.0,0.0,61500.0,0.0,2.0,0.0,1180.0,8.844208014,0.6931471805599453,0,1,1,0,0.0,1.0,1,0.0,1.0,0,0,0.0,0.0,0.0,2.0,1,0,0,0,Medium,Moderate,Weekend,VeryHigh,Poor,4,4,1,2,0,2,1,1,1,15,14,27,1,3,1,1,3,0,2.5
381,359,476,3,Kodaikanal,Tamil Nadu,Nature,7.832207354,Sep-Mar,987,2,"Nature, Adventure",1,0,27000,3,36-45,Asthma,Family Vacation,"Nature & Relaxation, Photography",Post-Monsoon,"Curvy roads, limited medical facilities",South Indian Cuisine,1300,https://encrypted-tbn0.gstatic.com/images?q=tbn:ANd9GcRR1MrvitA-PthZ_UMPeUYOYvzHFu6Olty-pnoL9EqaCl31ZwvMHSvu9OQ&s=10,1,9000.0,27000.0,9000.0,0,1,0,0,0,0,2.5,1,0,0,23.496622062,15.664414708,0.46993244124,0.25,0.7832207354,0.8333333333333334,2.610735784666667,433.3333333333333,1300.0,0,0,3.0,0.0,3,3,1,2.0,0.0,7.832207354,0.0,27000.0,0.0,3.0,0.0,1300.0,1.0,0.0,2.0794415416798357,10.0,0,0,0,3.0,0.0,3,3,1,2.0,0.0,27000.0,0.0,3.0,0.0,1300.0,7.832207354,0.6931471805599453,0,0,0,0,0.0,1.0,1,0.0,1.0,0,0,0.0,0.0,0.0,3.0,1,0,0,0,Medium,Economy,Weekend,High,Fair,4,4,2,2,0,2,1,1,1,15,14,18,1,1,1,0,1,0,2.5
208,293,103,4,Jaipur,Rajasthan,City,7.534360803,Oct-Mar,828,3,"Beaches, Historical",1,0,17000,6,26-35,High Blood Pressure,Business,"Shopping, Food & Local Cuisine",All seasons,"Traffic congestion, pollution",Rajasthani Cuisine,1140,https://t4.ftcdn.net/jpg/05/84/76/73/360_F_584767353_EXYOkE8NcX37UwV4WfBw7AjBaEtU6mMy.jpg,1,2833.3333333333335,17000.0,2833.3333333333335,0,1,0,0,0,0,3.5,1,1,0,30.137443212,22.603082409000002,0.9041232963600001,0.9130434782608695,1.9654854268695652,0.5833333333333334,1.2557268005,190.0,1140.0,0,0,3.0,1.4142135623730951,2,4,2,2.5,0.7071067811865476,7.534360803,0.0,36500.0,27577.164466275353,4.0,2.8284271247461903,925.0,1.5,0.0,3.2958368660043287,0.660408825313113,1,0,0,3.5,0.7071067811865476,3,4,2,2.5,0.7071067811865476,21000.0,5656.85424949238,4.5,2.1213203435596424,1420.0,7.8231166485,1.0986122886681096,1,0,0,1,4000.0,0.8095328793866958,1,1.5,0.7272727272727273,1,0,0.5,-0.2887558454999999,-280.0,4.0,1,0,0,0,Medium,Budget,Week,High,Good,2,3,0,1,1,1,3,0,4,13,13,15,1,0,0,0,2,0,3.5
616,779,485,2,Coorg,Karnataka,Nature,8.861507016,Sep-Mar,315,5,"Nature, Adventure",1,0,34000,2,26-35,Asthma,Family Vacation,"Nature & Relaxation, Photography",Post-Monsoon,"Curvy roads, limited medical facilities",Coorgi Cuisine,1030,https://images.unsplash.com/photo-1710612198146-77512950a4b7,1,17000.0,34000.0,17000.0,0,1,0,0,0,0,3.5,3,0,0,17.723014032,44.307535079999994,0.8861507015999999,0.19444444444444445,0.4923059453333333,1.75,4.430753508,515.0,1030.0,0,0,2.0,0.0,2,2,1,5.0,0.0,8.861507016,0.0,34000.0,0.0,2.0,0.0,1030.0,1.0,0.0,1.3862943611198906,10.0,0,0,0,2.0,0.0,2,2,1,5.0,0.0,34000.0,0.0,2.0,0.0,1030.0,8.861507016,0.6931471805599453,0,1,0,0,0.0,1.0,1,0.0,1.0,0,0,0.0,0.0,0.0,2.0,1,0,0,0,Medium,Economy,Weekend,VeryHigh,Poor,4,4,2,1,0,2,1,1,1,1,6,8,1,1,1,1,3,0,3.5
663,614,574,5,Valley of Flowers,Uttarakhand,Nature,9.003574785,Sep-Mar,326,1,"Beaches, Historical",1,2,97500,6,26-35,Asthma,Family Vacation,"Nature & Relaxation, Photography",Post-Monsoon,"Curvy roads, limited medical facilities",North Indian Cuisine,1900,https://encrypted-tbn0.gstatic.com/images?q=tbn:ANd9GcSKohlQ-J1CgxwCnc1mL62LM__eo7IDPvD9Hm4v1DnS8PQfNYx8O_lBtpoE&s=10,3,16250.0,32500.0,5416.666666666667,1,0,0,1,0,0,3.0,4,1,1,45.017873924999996,9.003574785,0.45017873924999996,0.17391304347826086,0.521946364347826,0.5,1.5005957975,316.6666666666667,633.3333333333334,0,0,5.0,0.0,5,5,1,1.0,0.0,9.003574785,0.0,97500.0,0.0,6.0,0.0,1900.0,1.0,2.0,3.4657359027997265,10.0,0,1,1,5.0,0.0,5,5,1,1.0,0.0,97500.0,0.0,6.0,0.0,1900.0,9.003574785,0.6931471805599453,1,0,1,1,0.0,1.0,1,0.0,1.0,0,0,0.0,0.0,0.0,5.0,1,0,0,0,Far,Premium,Week,VeryHigh,Excellent,4,4,0,1,0,2,1,1,1,10,17,37,0,4,0,1,0,0,3.0
942,960,475,3,Spiti Valley,Himachal Pradesh,Nature,8.925500312,Apr-Jun,821,5,"Beaches, Historical",1,1,53000,3,18-25,Knee Pain,Adventure,"Trekking, Adventure Sports",Summer,"High altitude, physical exertion",Himachali Cuisine,2000,https://storage.googleapis.com/stateless-www-justwravel-com/2021/05/1550217293_shutterstock_1129297934.jpg.jpg,2,17666.666666666668,26500.0,8833.333333333334,1,0,0,1,0,0,4.0,2,0,0,26.776500936,44.62750156,1.3388250468,0.21428571428571427,0.4781518024285714,1.3333333333333333,2.9751667706666667,666.6666666666666,1000.0,0,0,3.25,0.9574271077563382,2,4,4,4.25,0.9574271077563381,8.925500312,0.0,42375.0,10811.837648306291,2.75,1.707825127659933,2200.0,1.75,0.5,5.2306732154108255,0.9456916629665493,1,0,0,3.6666666666666665,0.5773502691896257,3,4,3,4.666666666666667,0.5773502691896257,46833.333333333336,9827.681991870377,4.666666666666667,1.5275252316519468,1843.3333333333333,8.225446730333333,1.3862943611198906,1,0,0,1,6166.666666666664,0.8683302135897455,1,1.666666666666667,0.7058823529411764,0,1,-0.6666666666666665,0.7000535816666673,156.66666666666674,3.5,2,1,0,0,Far,Moderate,Weekend,VeryHigh,Fair,4,0,0,0,2,0,4,2,2,3,5,33,0,3,1,1,1,0,4.0
370,141,216,2,Taj Mahal,Uttar Pradesh,Historical,7.618133332,Nov-Feb,112,1,"City, Historical",1,2,52500,6,46-60,Knee Pain,Leisure,"Cultural Exploration, Photography",Winter,"Long walking distances, crowd congestion",Mughlai Cuisine,1470,https://upload.wikimedia.org/wikipedia/commons/1/1d/Taj_Mahal_%28Edited%29.jpeg,3,8750.0,17500.0,2916.6666666666665,1,0,0,1,0,0,1.5,1,0,0,15.236266664,7.618133332,0.15236266664,0.15384615384615385,0.7813470084102564,0.25,1.2696888886666666,245.0,490.0,0,0,2.0,0.0,2,2,1,1.0,0.0,7.618133332,0.0,52500.0,0.0,6.0,0.0,1470.0,1.0,2.0,1.3862943611198906,10.0,0,1,1,2.5,0.7071067811865476,2,3,2,1.0,0.0,71750.0,27223.611075682078,6.5,0.7071067811865476,1105.0,7.995988726,1.0986122886681096,0,1,1,1,19250.0,0.7317110562918984,1,0.5,0.9333333333333333,0,1,-0.5,-0.377855394,365.0,2.5,2,1,0,0,Medium,Moderate,Week,High,Poor,3,1,1,3,2,4,0,3,3,7,16,34,1,3,0,0,3,0,1.5
27,674,454,5,Munnar,Kerala,Nature,8.000500722,Sep-Mar,457,1,"Beaches, Historical",2,0,61500,2,46-60,Asthma,Family Vacation,"Nature & Relaxation, Photography",Post-Monsoon,"Curvy roads, limited medical facilities",Kerala Cuisine,1480,https://images.unsplash.com/photo-1491497895121-1334fc14d8c9,2,30750.0,30750.0,15375.0,0,0,1,0,0,0,3.0,4,1,1,40.00250361,8.000500722,0.40002503609999995,0.09448818897637795,0.2519842747086614,1.5,4.000250361,740.0,740.0,0,0,5.0,0.0,5,5,1,1.0,0.0,8.000500722,0.0,61500.0,0.0,2.0,0.0,1480.0,2.0,0.0,3.4657359027997265,10.0,0,1,0,4.0,1.7320508075688772,1,5,5,1.8,0.8366600265340756,49700.0,9852.664614204627,4.0,1.8708286933869707,1768.0,8.3048899352,1.791759469228055,1,0,0,0,11800.0,0.7625802297740488,1,2.0,0.6,1,0,1.0,-0.30438921320000034,-288.0,5.0,1,0,0,0,Medium,Moderate,Weekend,High,Excellent,4,4,0,3,0,2,1,1,1,5,7,26,1,3,1,0,0,0,3.0
417,799,814,4,Kodaikanal,Tamil Nadu,Nature,9.078902378,Sep-Mar,853,5,"Beaches, Historical",1,2,69500,6,26-35,Asthma,Family Vacation,"Nature & Relaxation, Photography",Post-Monsoon,"Curvy roads, limited medical facilities",South Indian Cuisine,1300,https://encrypted-tbn0.gstatic.com/images?q=tbn:ANd9GcRR1MrvitA-PthZ_UMPeUYOYvzHFu6Olty-pnoL9EqaCl31ZwvMHSvu9OQ&s=10,3,11583.333333333334,23166.666666666668,3861.1111111111113,1,0,0,1,0,0,4.5,1,1,0,36.315609512,45.394511890000004,1.8157804756000002,0.3576158940397351,0.7215021757350993,0.75,1.5131503963333335,216.66666666666666,433.3333333333333,0,0,4.0,0.0,4,4,1,5.0,0.0,9.078902378,0.0,69500.0,0.0,6.0,0.0,1300.0,1.0,2.0,2.772588722239781,10.0,0,1,1,2.6666666666666665,1.5275252316519465,1,4,3,3.6666666666666665,1.5275252316519468,59833.333333333336,28268.062072475597,4.666666666666667,1.5275252316519468,801.6666666666666,8.489368804,1.3862943611198906,0,1,1,1,9666.666666666664,0.8384428115407543,1,1.333333333333333,0.7647058823529412,1,0,1.3333333333333335,0.5895335740000007,498.33333333333337,4.0,1,0,0,0,Medium,Moderate,Week,VeryHigh,Good,4,4,0,1,0,2,1,1,1,15,14,18,1,3,0,1,2,1,4.5
32,56,322,2,Fatehpur Sikri,Uttar Pradesh,Historical,8.779339175,Nov-Feb,424,4,"Beaches, Historical",2,0,53500,3,26-35,Knee Pain,Leisure,"Cultural Exploration, Photography",Winter,"Long walking distances, crowd congestion",Mughlai Cuisine,1450,https://images.unsplash.com/photo-1717761558642-32cbeccbee7e,2,17833.333333333332,26750.0,8916.666666666666,0,0,1,0,0,0,3.0,2,0,0,17.55867835,35.1173567,0.702347134,0.1592920353982301,0.46615960221238945,1.0,2.926446391666667,483.3333333333333,725.0,0,0,2.5,0.7071067811865476,2,3,2,2.5,2.1213203435596424,8.779339175,0.0,65750.0,17324.116139070415,3.0,0.0,1430.0,2.0,1.0,2.7465307216702737,1.238993430992954,1,1,1,2.0,1.0,1,3,3,3.3333333333333335,1.1547005383792517,53166.666666666664,9004.6284394934,3.6666666666666665,0.5773502691896258,1230.0,8.602588790666667,1.3862943611198906,0,1,1,0,333.33333333333576,0.9937305254446624,1,0.6666666666666665,0.8571428571428572,0,0,0.0,0.17675038433333334,220.0,1.5,2,1,0,0,Medium,Moderate,Weekend,VeryHigh,Poor,3,1,0,1,2,4,0,3,3,7,16,11,1,3,1,1,3,0,3.0
230,761,703,3,Hampi Ruins,Karnataka,Historical,9.360142316,Nov-Feb,82,2,"Beaches, Historical",2,1,59500,2,26-35,Knee Pain,Leisure,"Cultural Exploration, Photography",Winter,"Long walking distances, crowd congestion",South Indian Cuisine,740,https://wegobond.com/wp-content/uploads/2018/01/hampi-banner.jpg,3,29750.0,19833.333333333332,9916.666666666666,1,0,0,1,0,0,2.5,1,0,0,28.080426947999996,18.720284632,0.56160853896,0.08130081300813008,0.3043948720650406,1.25,4.680071158,370.0,246.66666666666666,0,0,3.0,0.0,3,3,1,2.0,0.0,9.360142316,0.0,59500.0,0.0,2.0,0.0,740.0,2.0,1.0,2.0794415416798357,10.0,0,1,1,2.5,0.7071067811865476,2,3,2,2.0,0.0,62000.0,3535.5339059327375,4.5,3.5355339059327378,630.0,8.5430815205,1.0986122886681096,0,1,1,1,2500.0,0.9596780697085531,1,2.5,0.5454545454545454,1,0,0.5,0.8170607954999998,110.0,3.0,1,0,0,0,Near,Moderate,Weekend,VeryHigh,Fair,3,1,0,1,2,4,0,3,3,15,6,13,2,3,1,1,1,0,2.5
586,479,882,4,Kerala Backwaters,Kerala,Nature,8.432522163,Sep-Mar,814,2,"City, Historical",1,1,42500,2,46-60,Asthma,Family Vacation,"Nature & Relaxation, Photography",Post-Monsoon,"Curvy roads, limited medical facilities",Kerala Cuisine,1400,https://www.backpackadventures.org/wp-content/uploads/2020/08/india0898.jpg,2,21250.0,21250.0,10625.0,1,0,0,1,0,0,3.0,2,1,0,33.730088652,16.865044326,0.67460177304,0.1348314606741573,0.37898976013483143,1.5,4.2162610815,700.0,700.0,0,0,2.5,2.1213203435596424,1,4,2,2.5,0.7071067811865476,8.432522163,0.0,63250.0,29344.931419241722,3.0,1.4142135623730951,1400.0,1.5,1.0,2.7465307216702737,0.450182704578985,1,1,1,4.0,0.0,4,4,1,2.0,0.0,42500.0,0.0,2.0,0.0,1400.0,8.432522163,0.6931471805599453,1,0,0,0,0.0,1.0,1,0.0,1.0,0,0,0.0,0.0,0.0,4.0,1,0,0,0,Medium,Economy,Weekend,High,Good,4,4,1,3,0,2,1,1,1,5,7,16,1,1,1,0,2,0,3.0
950,961,569,2,Ajanta Caves,Maharashtra,Historical,8.385107105,Nov-Feb,451,1,"Nature, Adventure",2,2,104000,3,26-35,Knee Pain,Leisure,"Cultural Exploration, Photography",Winter,"Long walking distances, crowd congestion",Maharashtrian Cuisine,430,https://plus.unsplash.com/premium_photo-1697729588019-20a1f5a325d1,4,34666.666666666664,26000.0,8666.666666666666,1,0,0,1,1,0,1.5,1,0,0,16.77021421,8.385107105,0.16770214209999998,0.042056074766355145,0.23509646088785047,0.5,2.7950357016666665,143.33333333333334,107.5,1,0,3.3333333333333335,1.5275252316519468,2,5,3,3.0,2.0,8.385107105,0.0,81500.0,38971.143170299736,3.0,2.0,1193.3333333333333,2.0,1.3333333333333333,4.620981203732969,0.614429798415472,1,1,1,1.5,0.7071067811865476,1,2,2,1.5,0.7071067811865476,95500.0,12020.815280171308,3.0,0.0,950.0,8.4370531435,1.0986122886681096,0,1,1,0,8500.0,0.9109956963801427,1,0.0,1.0,1,0,0.5,-0.05194603850000057,-520.0,1.5,2,1,0,0,Near,Premium,Weekend,High,Poor,3,1,2,1,2,4,0,3,3,6,10,1,2,4,1,0,3,0,1.5
452,282,563,2,Varkala Beach,Kerala,Beach,8.888987617,Nov-Mar,403,3,"Nature, Adventure",2,2,45000,4,36-45,Knee Pain,Honeymoon,"Relaxation, Nightlife, Water Sports",Winter,"Crowds, sun exposure",Seafood,1550,https://encrypted-tbn0.gstatic.com/images?q=tbn:ANd9GcQhhfqvS3M6-Q5xL-XOgqAbXut9hnDO4dA-_VCx1YCE79I6gDY3_C1Zv3dOXwu2pL_OmQVlumXjSSQ8I6p748JioJniT2Wxf2InPIObpQ&s=10,4,11250.0,11250.0,2812.5,1,0,0,1,1,0,2.5,1,0,0,17.777975234,26.666962851,0.5333392570200001,0.20408163265306123,0.7256316422040816,0.625,2.22224690425,387.5,387.5,0,0,3.0,1.4142135623730951,2,4,2,2.0,1.4142135623730951,8.888987617,0.0,39750.0,7424.621202458749,3.0,1.4142135623730951,1067.5,2.0,1.5,3.2958368660043287,0.660408825313113,1,0,1,2.5,0.7071067811865476,2,3,2,3.0,0.0,74500.0,41719.300090006305,4.5,0.7071067811865476,1500.0,8.637047361,1.0986122886681096,0,1,1,1,29500.0,0.604032160642139,0,0.5,0.9090909090909091,0,1,-0.5,0.25194025599999925,50.0,2.0,1,0,0,0,Far,Economy,Week,VeryHigh,Poor,1,2,2,2,2,3,2,3,0,14,7,38,0,1,0,1,3,0,2.5
806,217,580,4,Radhanagar Beach,Andaman,Beach,9.144764642,Nov-Mar,890,1,"Beaches, Historical",1,0,15000,6,36-45,Knee Pain,Honeymoon,"Relaxation, Nightlife, Water Sports",Winter,"Crowds, sun exposure",Seafood,2500,https://dynamic-media-cdn.tripadvisor.com/media/photo-o/05/76/7a/1d/radhanagar-beach.jpg,1,2500.0,15000.0,2500.0,0,1,0,0,0,0,2.5,3,1,0,36.579058568,9.144764642,0.36579058568,0.7142857142857143,2.612789897714286,0.4166666666666667,1.5241274403333334,416.6666666666667,2500.0,0,1,2.5,2.1213203435596424,1,4,2,1.5,0.7071067811865476,9.144764642,0.0,27750.0,18031.22292025696,6.0,0.0,1590.0,1.5,0.5,2.7465307216702737,0.450182704578985,1,0,0,4.0,0.0,4,4,2,1.0,0.0,16000.0,1414.213562373095,5.5,0.7071067811865476,2275.0,8.7711199755,1.0986122886681096,1,0,0,1,1000.0,0.9375039060058746,1,0.5,0.9230769230769231,0,0,0.0,0.3736446665000006,225.0,4.0,1,0,0,0,Far,Budget,Week,VeryHigh,Good,1,2,0,2,2,3,2,3,0,14,0,28,0,0,0,1,2,0,2.5
52,316,211,2,Ellora Caves,Maharashtra,Historical,8.033280743,Nov-Feb,714,3,"Beaches, Historical",2,2,104000,5,26-35,Knee Pain,Leisure,"Cultural Exploration, Photography",Winter,"Long walking distances, crowd congestion",Maharashtrian Cuisine,340,https://indiaholidaymall.com/images/blog/Ellora-Caves-Unesco-World-Heritage-Site.jpg,4,20800.0,26000.0,5200.0,1,0,0,1,1,0,2.5,1,0,0,16.066561486,24.099842229000004,0.4819968445800001,0.1146788990825688,0.36849911665137614,0.5,1.6066561486000002,68.0,85.0,1,0,2.0,0.0,2,2,1,3.0,0.0,8.033280743,0.0,104000.0,0.0,5.0,0.0,340.0,2.0,2.0,1.3862943611198906,10.0,0,1,1,2.0,0.0,2,2,1,3.0,0.0,104000.0,0.0,5.0,0.0,340.0,8.033280743,0.6931471805599453,0,1,1,1,0.0,1.0,1,0.0,1.0,0,0,0.0,0.0,0.0,2.0,1,0,0,0,Near,Premium,Week,High,Poor,3,1,0,1,2,4,0,3,3,6,10,10,2,4,0,0,3,0,2.5
186,386,262,3,Konark Sun Temple,Odisha,Historical,9.463332001,Nov-Feb,202,1,"Beaches, Historical",2,2,112500,4,46-60,Knee Pain,Leisure,"Cultural Exploration, Photography",Winter,"Long walking distances, crowd congestion",Odia Cuisine,1700,https://cdn.britannica.com/19/251919-050-D3E64798/konark-sun-temple-orissa-india-unesco-heritage-site.jpg,4,28125.0,28125.0,7031.25,1,0,0,1,1,0,2.0,2,0,0,28.389996003,9.463332001,0.28389996003,0.06866952789699571,0.3249212704206008,0.5,2.36583300025,425.0,425.0,0,0,2.5,0.7071067811865476,2,3,2,1.5,0.7071067811865476,9.463332001,0.0,68000.0,62932.50352560273,3.5,0.7071067811865476,1220.0,1.5,1.0,2.7465307216702737,1.238993430992954,1,1,1,3.0,0.0,3,3,1,1.0,0.0,112500.0,0.0,4.0,0.0,1700.0,9.463332001,0.6931471805599453,0,0,1,0,0.0,1.0,1,0.0,1.0,0,0,0.0,0.0,0.0,3.0,1,0,0,0,Far,Premium,Week,VeryHigh,Fair,3,1,0,3,2,4,0,3,3,11,11,20,0,4,0,1,1,0,2.0
166,770,752,1,Coorg,Karnataka,Nature,9.0810296,Apr-Jun,203,4,"Nature, Adventure",1,2,56000,2,18-25,Knee Pain,Adventure,"Trekking, Adventure Sports",Summer,"High altitude, physical exertion",Coorgi Cuisine,1030,https://images.unsplash.com/photo-1710612198146-77512950a4b7,3,28000.0,18666.666666666668,9333.333333333334,1,0,0,1,0,0,2.5,3,0,0,9.0810296,36.3241184,0.36324118400000005,0.08620689655172414,0.31313895172413797,1.25,4.5405148,515.0,343.3333333333333,0,0,3.3333333333333335,2.0816659994661326,1,5,3,3.0,1.7320508075688772,9.0810296,0.0,64166.666666666664,12453.245895481761,3.3333333333333335,2.3094010767585034,1030.0,1.3333333333333333,1.3333333333333333,4.620981203732969,0.458365304425474,1,1,1,2.6666666666666665,1.5275252316519468,1,4,3,3.3333333333333335,1.1547005383792517,72500.0,17298.843892006193,3.0,1.7320508075688772,1810.0,9.045054208,1.3862943611198906,0,1,1,0,16500.0,0.7724169321802458,1,1.0,0.75,0,1,-1.6666666666666665,0.035975392000000994,-780.0,2.6666666666666665,3,1,0,0,Medium,Moderate,Weekend,VeryHigh,Poor,4,0,2,0,2,0,4,2,2,1,6,8,1,3,1,1,3,0,2.5
192,762,391,4,Radhanagar Beach,Andaman,Beach,8.1478115,Nov-Mar,541,3,"Beaches, Historical",1,1,39500,2,46-60,Knee Pain,Honeymoon,"Relaxation, Nightlife, Water Sports",Winter,"Crowds, sun exposure",Seafood,2500,https://dynamic-media-cdn.tripadvisor.com/media/photo-o/05/76/7a/1d/radhanagar-beach.jpg,2,19750.0,19750.0,9875.0,1,0,0,1,0,0,3.5,1,1,0,32.591246,24.4434345,0.97773738,0.1686746987951807,0.3926656144578313,1.75,4.07390575,1250.0,1250.0,0,1,4.0,0.0,4,4,2,3.0,0.0,8.1478115,0.0,49000.0,13435.028842544403,4.0,2.8284271247461903,1510.0,1.5,1.0,4.394449154672438,10.0,1,0,1,4.0,0.0,4,4,1,3.0,0.0,39500.0,0.0,2.0,0.0,2500.0,8.1478115,0.6931471805599453,1,0,0,0,0.0,1.0,1,0.0,1.0,0,0,0.0,0.0,0.0,4.0,1,0,0,0,Far,Economy,Weekend,High,Good,1,2,0,3,2,3,2,3,0,14,0,28,0,1,1,0,2,0,3.5
969,555,668,4,Auli,Uttarakhand,Adventure,9.042176517,Apr-Jun,322,3,"Nature, Adventure",2,0,43500,6,26-35,Knee Pain,Adventure,"Trekking, Adventure Sports",Summer,"High altitude, physical exertion",North Indian Cuisine,1700,https://encrypted-tbn0.gstatic.com/images?q=tbn:ANd9GcQF-TkMBCYdtCTzI4rau2709Tbi2zVPKRaXu7qTOHjiZS7J37ZNbGLQxYMv&s=10,2,7250.0,21750.0,3625.0,0,0,1,0,0,0,3.5,1,1,0,36.168706068,27.126529550999997,1.0850611820399998,0.42424242424242425,1.096021396,0.5833333333333334,1.5070294195,283.3333333333333,850.0,0,0,4.666666666666667,0.5773502691896258,4,5,3,2.0,1.0,9.042176517,0.0,37500.0,19697.71560359221,4.333333333333333,2.886751345948129,2016.6666666666667,1.6666666666666667,0.0,6.469373685226157,1.4763410387308011,1,0,0,2.0,1.7320508075688772,1,4,3,3.6666666666666665,0.5773502691896257,50000.0,13937.359864766355,5.0,2.6457513110645907,1443.3333333333333,8.911391720666666,1.3862943611198906,0,1,0,1,6500.0,0.870002599948001,1,1.0,0.8333333333333334,1,0,2.0,0.13078479633333373,256.66666666666674,4.0,1,0,0,0,Far,Economy,Week,VeryHigh,Good,0,0,2,1,2,0,4,2,2,10,17,2,0,1,0,1,2,0,3.5
915,682,864,3,Kovalam Beach,Kerala,Beach,8.577900963,Nov-Mar,410,1,"City, Historical",2,2,85000,4,46-60,Knee Pain,Honeymoon,"Relaxation, Nightlife, Water Sports",Winter,"Crowds, sun exposure",Seafood,1650,https://eastindiantraveller.com/wp-content/uploads/2021/01/kovalambeach.jpg,4,21250.0,21250.0,5312.5,1,0,0,1,1,0,2.0,2,0,0,25.733702889,8.577900963,0.25733702889,0.0898876404494382,0.38552363878651685,0.5,2.14447524075,412.5,412.5,0,0,2.0,1.4142135623730951,1,3,2,3.0,2.8284271247461903,8.577900963,0.0,56500.0,40305.08652763321,3.0,1.4142135623730951,1117.5,2.0,1.0,2.197224577336219,0.660408825313113,1,1,1,3.0,0.0,3,3,1,1.0,0.0,85000.0,0.0,4.0,0.0,1650.0,8.577900963,0.6931471805599453,0,0,1,0,0.0,1.0,1,0.0,1.0,0,0,0.0,0.0,0.0,3.0,1,0,0,0,Far,Premium,Week,VeryHigh,Fair,1,2,1,3,2,3,2,3,0,14,7,21,0,4,0,1,1,0,2.0
972,289,63,2,Kerala Backwaters,Kerala,Nature,7.844009444,Sep-Mar,747,1,"City, Historical",2,0,38500,2,36-45,Asthma,Family Vacation,"Nature & Relaxation, Photography",Post-Monsoon,"Curvy roads, limited medical facilities",Kerala Cuisine,1400,https://www.backpackadventures.org/wp-content/uploads/2020/08/india0898.jpg,2,19250.0,19250.0,9625.0,0,0,1,0,0,0,1.5,1,0,0,15.688018888,7.844009444,0.15688018888,0.07407407407407407,0.3873584910617284,0.75,3.922004722,700.0,700.0,0,0,2.0,0.0,2,2,1,1.0,0.0,7.844009444,0.0,38500.0,0.0,2.0,0.0,1400.0,2.0,0.0,1.3862943611198906,10.0,0,0,0,2.0,0.0,2,2,1,1.0,0.0,38500.0,0.0,2.0,0.0,1400.0,7.844009444,0.6931471805599453,0,1,0,0,0.0,1.0,1,0.0,1.0,0,0,0.0,0.0,0.0,2.0,1,0,0,0,Medium,Economy,Weekend,High,Poor,4,4,1,2,0,2,1,1,1,5,7,16,1,1,1,0,3,0,1.5
24,512,30,3,Calangute Beach,Goa,Beach,9.222486405,Nov-Mar,239,4,"City, Historical",1,1,43500,4,18-25,Knee Pain,Honeymoon,"Relaxation, Nightlife, Water Sports",Winter,"Crowds, sun exposure",Seafood,585,https://encrypted-tbn0.gstatic.com/images?q=tbn:ANd9GcQawETYRiYBsH6-h7nyRef7D05VLNnIS00HBpFyaZdOJDehCXzhEkUfAY5Vf_tWlUzd5qaIpJnkr2vAOF1xcvRS_dDd2Lq-Y2B30QDq-g&s=10,2,10875.0,21750.0,5437.5,1,0,0,1,0,0,3.5,1,0,0,27.667459215,36.88994562,1.1066983686,0.29473684210526313,0.7766304341052631,0.875,2.30562160125,146.25,292.5,0,0,3.0,0.0,3,3,1,4.0,0.0,9.222486405,0.0,43500.0,0.0,4.0,0.0,585.0,1.0,1.0,2.0794415416798357,10.0,0,0,1,3.0,0.0,3,3,1,4.0,0.0,43500.0,0.0,4.0,0.0,585.0,9.222486405,0.6931471805599453,0,0,0,0,0.0,1.0,1,0.0,1.0,0,0,0.0,0.0,0.0,3.0,1,0,0,0,Near,Economy,Week,VeryHigh,Fair,1,2,1,0,2,3,2,3,0,14,3,6,2,1,0,1,1,0,3.5
319,25,916,3,Kodaikanal,Tamil Nadu,Nature,9.416526131,Apr-Jun,627,1,"Beaches, Historical",1,2,71000,4,26-35,Knee Pain,Adventure,"Trekking, Adventure Sports",Summer,"High altitude, physical exertion",South Indian Cuisine,1300,https://encrypted-tbn0.gstatic.com/images?q=tbn:ANd9GcRR1MrvitA-PthZ_UMPeUYOYvzHFu6Olty-pnoL9EqaCl31ZwvMHSvu9OQ&s=10,3,17750.0,23666.666666666668,5916.666666666667,1,0,0,1,0,0,2.0,2,0,0,28.249578393,9.416526131,0.28249578393,0.10666666666666667,0.5022147269866667,0.5,2.35413153275,325.0,433.3333333333333,0,0,3.0,0.0,3,3,1,1.0,0.0,9.416526131,0.0,71000.0,0.0,4.0,0.0,1300.0,1.0,2.0,2.0794415416798357,10.0,0,1,1,2.6666666666666665,1.5275252316519468,1,4,3,1.6666666666666667,0.5773502691896257,82500.0,10331.989159885912,4.333333333333333,0.5773502691896258,1266.6666666666667,8.522248025666666,1.3862943611198906,0,1,1,1,11500.0,0.8606077502090883,1,0.33333333333333304,0.9375,1,0,0.3333333333333335,0.8942781053333331,33.33333333333326,3.5,2,1,0,0,Medium,Moderate,Week,VeryHigh,Fair,4,0,0,1,2,0,4,2,2,15,14,18,1,3,0,1,1,0,2.0
770,177,373,2,Tarkarli Beach,Maharashtra,Beach,9.446896779,Nov-Mar,867,5,"Beaches, Historical",2,2,77000,5,46-60,Knee Pain,Honeymoon,"Relaxation, Nightlife, Water Sports",Winter,"Crowds, sun exposure",Seafood,520,https://encrypted-tbn0.gstatic.com/images?q=tbn:ANd9GcRmtn0Vsfvni1NmF01OGM9ahIFZcrRqMoNKSjV1xzIEbR5CCG-tr4PumVg&s=10,4,15400.0,19250.0,3850.0,1,0,0,1,1,0,3.5,3,0,0,18.893793558,47.234483895,0.9446896778999999,0.2134146341463415,0.576030291402439,0.7,1.8893793557999998,104.0,130.0,0,0,2.0,0.0,2,2,1,5.0,0.0,9.446896779,0.0,77000.0,0.0,5.0,0.0,520.0,2.0,2.0,1.3862943611198906,10.0,0,1,1,3.5,2.1213203435596424,2,5,2,5.0,0.0,81000.0,5656.85424949238,3.5,2.1213203435596424,830.0,8.766532400500001,1.0986122886681096,1,0,1,0,4000.0,0.9506178936062518,1,1.5,0.6666666666666667,0,1,-1.5,0.6803643784999984,-310.0,2.0,1,0,0,0,Near,Moderate,Week,VeryHigh,Poor,1,2,0,3,2,3,2,3,0,14,10,35,2,3,0,1,3,0,3.5
286,390,827,3,Sandakphu,West Bengal,Adventure,8.854728504,Apr-Jun,221,4,"Nature, Adventure",2,0,48500,4,18-25,Knee Pain,Adventure,"Trekking, Adventure Sports",Summer,"High altitude, physical exertion",North East Cuisine,2200,https://aquaterra.in/wp-content/uploads/2020/01/Sandakphu-Trek-03.jpg,2,12125.0,24250.0,6062.5,0,0,1,0,0,0,3.5,1,0,0,26.564185512,35.418914016,1.06256742048,0.26666666666666666,0.6746459812571429,0.875,2.213682126,550.0,1100.0,0,1,2.0,1.4142135623730951,1,3,2,4.0,0.0,8.854728504,0.0,45750.0,3889.0872965260114,5.0,1.4142135623730951,1840.0,1.5,0.5,2.197224577336219,0.660408825313113,1,0,0,3.0,0.0,3,3,1,4.0,0.0,48500.0,0.0,4.0,0.0,2200.0,8.854728504,0.6931471805599453,0,0,0,0,0.0,1.0,1,0.0,1.0,0,0,0.0,0.0,0.0,3.0,1,0,0,0,Far,Economy,Week,VeryHigh,Fair,0,0,2,0,2,0,4,2,2,9,18,31,0,1,0,1,1,0,3.5
951,419,240,4,Munnar,Kerala,Nature,8.16565426,Sep-Mar,700,2,"City, Historical",1,2,90500,5,18-25,Asthma,Family Vacation,"Nature & Relaxation, Photography",Post-Monsoon,"Curvy roads, limited medical facilities",Kerala Cuisine,1480,https://images.unsplash.com/photo-1491497895121-1334fc14d8c9,3,18100.0,30166.666666666668,6033.333333333333,1,0,0,1,0,0,3.0,2,1,0,32.66261704,16.33130852,0.6532523408,0.15706806282722513,0.42752116544502616,0.6,1.633130852,296.0,493.3333333333333,0,0,3.3333333333333335,1.1547005383792515,2,4,3,2.3333333333333335,0.5773502691896258,8.16565426,0.0,88833.33333333333,4725.815626252609,3.3333333333333335,1.5275252316519465,1470.0,1.6666666666666667,2.0,4.620981203732969,0.7970029257273941,1,1,1,4.0,0.0,4,4,2,1.5,0.7071067811865476,65250.0,35708.89244992065,5.5,0.7071067811865476,1000.0,8.777716979000001,1.0986122886681096,1,0,1,1,25250.0,0.6130327504559316,0,0.5,0.9230769230769231,0,0,0.0,-0.6120627190000008,480.0,4.0,1,0,0,0,Medium,Premium,Week,High,Good,4,4,1,0,0,2,1,1,1,5,7,26,1,4,0,0,2,0,3.0
164,317,862,5,Varkala Beach,Kerala,Beach,8.617795776,Nov-Mar,525,4,"Beaches, Historical",1,1,31500,2,26-35,Knee Pain,Honeymoon,"Relaxation, Nightlife, Water Sports",Winter,"Crowds, sun exposure",Seafood,1550,https://encrypted-tbn0.gstatic.com/images?q=tbn:ANd9GcQhhfqvS3M6-Q5xL-XOgqAbXut9hnDO4dA-_VCx1YCE79I6gDY3_C1Zv3dOXwu2pL_OmQVlumXjSSQ8I6p748JioJniT2Wxf2InPIObpQ&s=10,2,15750.0,15750.0,7875.0,1,0,0,1,0,0,4.5,1,1,1,43.08897888,34.471183104,1.7235591552,0.26865671641791045,0.5144952702089552,2.25,4.308897888,775.0,775.0,0,0,3.0,2.8284271247461903,1,5,2,3.5,0.7071067811865476,8.617795776,0.0,34250.0,3889.0872965260114,3.0,1.4142135623730951,1550.0,1.5,1.5,3.2958368660043287,0.3414802408943917,1,0,1,3.5,1.2909944487358056,2,5,4,2.5,1.0,41875.0,10061.270628835438,4.25,1.5,766.25,8.191379936,1.6094379124341003,1,0,0,1,10375.0,0.7522447225140892,1,2.25,0.5714285714285714,1,0,1.5,0.4264158399999989,783.75,5.0,1,0,0,0,Far,Economy,Weekend,VeryHigh,Excellent,1,2,0,1,2,3,2,3,0,14,7,38,0,1,1,1,0,1,4.5
978,831,20,3,Taj Mahal,Uttar Pradesh,Historical,8.771961835,Nov-Feb,311,4,"Nature, Adventure",2,0,36500,6,46-60,Knee Pain,Leisure,"Cultural Exploration, Photography",Winter,"Long walking distances, crowd congestion",Mughlai Cuisine,1470,https://upload.wikimedia.org/wikipedia/commons/1/1d/Taj_Mahal_%28Edited%29.jpeg,2,6083.333333333333,18250.0,3041.6666666666665,0,0,1,0,0,0,3.5,1,0,0,26.315885505000004,35.08784734,1.0526354202000001,0.49411764705882355,1.2383946120000002,0.5833333333333334,1.4619936391666668,245.0,735.0,0,0,3.0,0.0,3,3,1,4.0,0.0,8.771961835,0.0,36500.0,0.0,6.0,0.0,1470.0,2.0,0.0,2.0794415416798357,10.0,0,0,0,3.6,1.1401754250991378,2,5,5,4.4,0.5477225575051661,53100.0,12759.310326189265,5.2,0.44721359549995787,1722.0,8.377871876,1.791759469228055,1,0,1,1,16600.0,0.6873881847799477,0,0.7999999999999998,0.8709677419354839,0,1,-0.6000000000000001,0.39408995900000043,-252.0,4.0,2,1,0,0,Medium,Economy,Week,VeryHigh,Fair,3,1,2,3,2,4,0,3,3,7,16,34,1,1,0,1,1,0,3.5
758,717,199,5,Radhanagar Beach,Andaman,Beach,8.367306496,Nov-Mar,396,2,"Beaches, Historical",1,0,15000,4,46-60,Knee Pain,Honeymoon,"Relaxation, Nightlife, Water Sports",Winter,"Crowds, sun exposure",Seafood,2500,https://dynamic-media-cdn.tripadvisor.com/media/photo-o/05/76/7a/1d/radhanagar-beach.jpg,1,3750.0,15000.0,3750.0,0,1,0,0,0,0,3.5,3,1,1,41.836532479999995,16.734612992,0.8367306495999999,0.7368421052631579,1.7615382096842105,0.875,2.091826624,625.0,2500.0,0,1,5.0,0.0,5,5,1,2.0,0.0,8.367306496,0.0,15000.0,0.0,4.0,0.0,2500.0,1.0,0.0,3.4657359027997265,10.0,0,0,0,5.0,0.0,5,5,1,2.0,0.0,15000.0,0.0,4.0,0.0,2500.0,8.367306496,0.6931471805599453,1,0,0,0,0.0,1.0,1,0.0,1.0,0,0,0.0,0.0,0.0,5.0,1,0,0,0,Far,Budget,Week,High,Excellent,1,2,0,3,2,3,2,3,0,14,0,28,0,0,0,0,0,0,3.5
109,103,99,3,Jaipur,Rajasthan,City,9.293866271,Oct-Mar,37,3,"City, Historical",2,0,52000,4,36-45,High Blood Pressure,Business,"Shopping, Food & Local Cuisine",All seasons,"Traffic congestion, pollution",Rajasthani Cuisine,1140,https://t4.ftcdn.net/jpg/05/84/76/73/360_F_584767353_EXYOkE8NcX37UwV4WfBw7AjBaEtU6mMy.jpg,2,13000.0,26000.0,6500.0,0,0,1,0,0,0,3.0,0,0,0,27.881598813000004,27.881598813000004,0.83644796439,0.21428571428571427,0.6638475907857143,0.75,2.32346656775,285.0,570.0,0,0,3.6666666666666665,0.5773502691896258,3,4,3,2.6666666666666665,1.5275252316519468,9.293866271,0.0,55333.333333333336,13316.656236958785,2.6666666666666665,1.1547005383792515,1176.6666666666667,1.6666666666666667,0.6666666666666666,5.083079324106265,1.4763410387308011,1,1,1,3.0,0.0,3,3,1,3.0,0.0,52000.0,0.0,4.0,0.0,1140.0,9.293866271,0.6931471805599453,0,0,0,0,0.0,1.0,1,0.0,1.0,0,0,0.0,0.0,0.0,3.0,1,0,0,0,Medium,Moderate,Week,VeryHigh,Fair,2,3,1,2,1,1,3,0,4,13,13,15,1,3,0,1,1,0,3.0
797,517,70,3,Baga Beach,Goa,Beach,8.715019439,Nov-Mar,41,3,"Beaches, Historical",1,2,52000,5,26-35,Knee Pain,Honeymoon,"Relaxation, Nightlife, Water Sports",Winter,"Crowds, sun exposure",Seafood,590,https://encrypted-tbn0.gstatic.com/images?q=tbn:ANd9GcQeseYB8OMIYAnzRmlYP6matYpojVkK9lRx0Wgn7x8BYcxvxjfwm4QrUxM&s=10,3,10400.0,17333.333333333332,3466.6666666666665,1,0,0,1,0,0,3.0,0,0,0,26.145058317,26.145058317,0.7843517495100001,0.2631578947368421,0.7644753893859649,0.6,1.7430038878,118.0,196.66666666666666,0,0,3.5,0.7071067811865476,3,4,2,4.0,1.4142135623730951,8.715019439,0.0,44500.0,10606.601717798212,5.0,0.0,590.0,1.5,2.0,3.8451430103383837,1.238993430992954,1,0,1,3.5,1.0,3,5,4,3.0,0.0,58625.0,18803.257696473767,5.0,1.4142135623730951,1055.0,8.23058033825,1.6094379124341003,1,0,1,1,6625.0,0.8869955309930747,1,0.0,1.0,0,1,-0.5,0.4844391007500004,-465.0,3.0,3,1,0,0,Near,Moderate,Week,VeryHigh,Fair,1,2,0,1,2,3,2,3,0,14,3,3,2,3,0,1,1,0,3.0
252,915,484,2,Zanskar Valley,Ladakh,Adventure,7.851121958,Apr-Jun,850,1,"Beaches, Historical",2,0,43500,6,26-35,Knee Pain,Adventure,"Trekking, Adventure Sports",Summer,"High altitude, physical exertion",Tibetan Cuisine,2400,https://www.swantour.com/blogs/wp-content/uploads/2019/05/Zanskar-Valley-tourism.jpg,2,7250.0,21750.0,3625.0,0,0,1,0,0,0,1.5,1,0,0,15.702243916,7.851121958,0.15702243916,0.18181818181818182,0.9516511464242424,0.25,1.3085203263333334,400.0,1200.0,0,1,3.5,2.1213203435596424,2,5,2,2.0,1.4142135623730951,7.851121958,0.0,60750.0,24395.18395093589,4.5,2.1213203435596424,1850.0,1.5,1.0,3.8451430103383837,0.450182704578985,1,1,1,2.0,0.0,2,2,1,1.0,0.0,43500.0,0.0,6.0,0.0,2400.0,7.851121958,0.6931471805599453,0,1,0,1,0.0,1.0,1,0.0,1.0,0,0,0.0,0.0,0.0,2.0,1,0,0,0,Far,Economy,Week,High,Poor,0,0,0,1,2,0,4,2,2,17,8,39,0,1,0,0,3,0,1.5
188,722,240,4,Tarkarli Beach,Maharashtra,Beach,9.389779698,Nov-Mar,700,1,"City, Historical",1,2,40000,6,46-60,Knee Pain,Honeymoon,"Relaxation, Nightlife, Water Sports",Winter,"Crowds, sun exposure",Seafood,520,https://encrypted-tbn0.gstatic.com/images?q=tbn:ANd9GcRmtn0Vsfvni1NmF01OGM9ahIFZcrRqMoNKSjV1xzIEbR5CCG-tr4PumVg&s=10,3,6666.666666666667,13333.333333333334,2222.222222222222,1,0,0,1,0,0,2.5,3,1,0,37.559118792,9.389779698,0.37559118792,0.32608695652173914,1.224753873652174,0.4166666666666667,1.564963283,86.66666666666667,173.33333333333334,0,0,4.0,0.0,4,4,1,1.0,0.0,9.389779698,0.0,40000.0,0.0,6.0,0.0,520.0,1.0,2.0,2.772588722239781,10.0,0,0,1,4.0,0.0,4,4,2,1.5,0.7071067811865476,65250.0,35708.89244992065,5.5,0.7071067811865476,1000.0,8.777716979000001,1.0986122886681096,1,0,1,1,25250.0,0.6130327504559316,0,0.5,0.9230769230769231,0,0,0.0,0.612062718999999,-480.0,4.0,1,0,0,0,Near,Economy,Week,VeryHigh,Good,1,2,1,3,2,3,2,3,0,14,10,35,2,1,0,1,2,0,2.5
506,910,752,3,Tawang,Arunachal Pradesh,Nature,8.569335477,Apr-Jun,799,4,"Nature, Adventure",1,2,71000,2,36-45,Knee Pain,Adventure,"Trekking, Adventure Sports",Summer,"High altitude, physical exertion",North East Cuisine,3000,https://s7ap1.scene7.com/is/image/incredibleindia/sela-pass-tawang-arunachal-pradesh-blog-ntr-hero,3,35500.0,23666.666666666668,11833.333333333334,1,0,0,1,0,0,3.5,1,0,0,25.708006430999998,34.277341908,1.0283202572399999,0.0958904109589041,0.23477631443835614,1.75,4.2846677385,1500.0,1000.0,0,1,3.0,0.0,3,3,1,4.0,0.0,8.569335477,0.0,71000.0,0.0,2.0,0.0,3000.0,1.0,2.0,2.0794415416798357,10.0,0,1,1,2.6666666666666665,1.5275252316519468,1,4,3,3.3333333333333335,1.1547005383792517,72500.0,17298.843892006193,3.0,1.7320508075688772,1810.0,9.045054208,1.3862943611198906,0,1,1,0,1500.0,0.9793106301982042,1,1.0,0.75,1,0,0.3333333333333335,-0.4757187310000006,1190.0,2.6666666666666665,3,1,0,0,Far,Moderate,Weekend,VeryHigh,Fair,4,0,2,2,2,0,4,2,2,9,1,36,0,3,1,1,1,0,3.5
809,535,872,3,Kodaikanal,Tamil Nadu,Nature,9.17762404,Apr-Jun,782,1,"Nature, Adventure",1,1,48000,5,18-25,Knee Pain,Adventure,"Trekking, Adventure Sports",Summer,"High altitude, physical exertion",South Indian Cuisine,1300,https://encrypted-tbn0.gstatic.com/images?q=tbn:ANd9GcRR1MrvitA-PthZ_UMPeUYOYvzHFu6Olty-pnoL9EqaCl31ZwvMHSvu9OQ&s=10,2,9600.0,24000.0,4800.0,1,0,0,1,0,0,2.0,2,0,0,27.53287212,9.17762404,0.2753287212,0.18867924528301888,0.8658135886792453,0.4,1.835524808,260.0,650.0,0,0,3.0,0.0,3,3,1,1.0,0.0,9.17762404,0.0,48000.0,0.0,5.0,0.0,1300.0,1.0,1.0,2.0794415416798357,10.0,0,0,1,3.6666666666666665,1.1547005383792515,3,5,3,1.0,0.0,55166.666666666664,9169.696468985945,5.333333333333333,1.5275252316519465,1866.6666666666667,8.896883131666668,1.3862943611198906,1,0,1,1,7166.666666666664,0.8700929892509501,1,0.33333333333333304,0.9473684210526316,0,1,-0.6666666666666665,0.2807409083333319,-566.6666666666667,3.6666666666666665,3,1,0,0,Medium,Economy,Week,VeryHigh,Fair,4,0,2,0,2,0,4,2,2,15,14,18,1,1,0,1,1,0,2.0
815,95,324,5,Munnar,Kerala,Nature,8.187165617,Apr-Jun,38,4,"City, Historical",1,1,58000,2,26-35,Knee Pain,Adventure,"Trekking, Adventure Sports",Summer,"High altitude, physical exertion",Kerala Cuisine,1480,https://images.unsplash.com/photo-1491497895121-1334fc14d8c9,2,29000.0,29000.0,14500.0,1,0,0,1,0,0,4.5,1,1,1,40.935828085,32.748662468,1.6374331234,0.15,0.27290552056666667,2.25,4.0935828085,740.0,740.0,0,0,5.0,0.0,5,5,1,4.0,0.0,8.187165617,0.0,58000.0,0.0,2.0,0.0,1480.0,1.0,1.0,3.4657359027997265,10.0,0,1,1,4.0,1.4142135623730951,3,5,2,4.0,0.0,49000.0,12727.922061357855,3.5,2.1213203435596424,1110.0,8.562171047,1.0986122886681096,1,0,0,0,9000.0,0.8163302789738984,1,1.5,0.6666666666666667,1,0,1.0,-0.37500542999999986,370.0,5.0,1,0,0,0,Medium,Moderate,Weekend,High,Excellent,4,0,1,1,2,0,4,2,2,5,7,26,1,3,1,0,0,1,4.5
38,204,551,4,Coorg,Karnataka,Nature,7.963483704,Sep-Mar,944,1,"Nature, Adventure",2,2,74000,6,18-25,Asthma,Family Vacation,"Nature & Relaxation, Photography",Post-Monsoon,"Curvy roads, limited medical facilities",Coorgi Cuisine,1030,https://images.unsplash.com/photo-1710612198146-77512950a4b7,4,12333.333333333334,18500.0,3083.3333333333335,1,0,0,1,1,0,2.5,3,1,0,31.853934816,7.963483704,0.31853934816,0.1875,0.5972612777999999,0.4166666666666667,1.327247284,171.66666666666666,257.5,0,0,3.0,1.4142135623730951,2,4,2,2.5,2.1213203435596424,7.963483704,0.0,65500.0,12020.815280171308,6.0,0.0,1515.0,2.0,1.0,3.2958368660043287,0.660408825313113,1,1,1,2.5,2.1213203435596424,1,4,2,1.0,0.0,75500.0,2121.3203435596424,4.5,2.1213203435596424,532.5,8.639716872000001,1.0986122886681096,0,1,1,1,1500.0,0.9801327134739937,1,1.5,0.7272727272727273,1,0,1.5,-0.6762331680000013,497.5,4.0,1,0,0,0,Medium,Moderate,Week,High,Good,4,4,2,0,0,2,1,1,1,1,6,8,1,3,0,0,2,0,2.5
317,844,781,2,Tawang,Arunachal Pradesh,Nature,9.173580627,Sep-Mar,284,2,"Beaches, Historical",1,0,27000,6,26-35,Asthma,Family Vacation,"Nature & Relaxation, Photography",Post-Monsoon,"Curvy roads, limited medical facilities",North East Cuisine,3000,https://s7ap1.scene7.com/is/image/incredibleindia/sela-pass-tawang-arunachal-pradesh-blog-ntr-hero,1,4500.0,27000.0,4500.0,0,1,0,0,0,0,2.0,0,0,0,18.347161254,18.347161254,0.36694322508,0.36363636363636365,1.6679237503636364,0.3333333333333333,1.5289301044999999,500.0,3000.0,0,1,2.0,0.0,2,2,1,2.0,0.0,9.173580627,0.0,27000.0,0.0,6.0,0.0,3000.0,1.0,0.0,1.3862943611198906,10.0,0,0,0,2.0,0.0,2,2,2,3.0,1.4142135623730951,23750.0,4596.194077712559,5.5,0.7071067811865476,2450.0,8.375108305,1.0986122886681096,0,1,0,1,3250.0,0.8631636562671046,1,0.5,0.9230769230769231,0,0,0.0,0.7984723220000003,550.0,2.0,2,1,0,0,Far,Economy,Week,VeryHigh,Poor,4,4,0,1,0,2,1,1,1,9,1,36,0,1,0,1,3,0,2.0
744,859,746,3,Ooty,Tamil Nadu,Nature,7.921623279,Sep-Mar,807,5,"Nature, Adventure",2,1,70000,6,18-25,Asthma,Family Vacation,"Nature & Relaxation, Photography",Post-Monsoon,"Curvy roads, limited medical facilities",South Indian Cuisine,1180,https://t3.ftcdn.net/jpg/05/09/58/00/360_F_509580096_YjyHXMHyTm9OOkjUQS4kOxDXkxbOMWYi.jpg,3,11666.666666666666,23333.333333333332,3888.8888888888887,1,0,0,1,0,0,4.0,2,0,0,23.764869837,39.608116395,1.18824349185,0.31578947368421056,0.6253913115,0.6666666666666666,1.3202705465,196.66666666666666,393.3333333333333,0,0,3.0,0.0,3,3,1,5.0,0.0,7.921623279,0.0,70000.0,0.0,6.0,0.0,1180.0,2.0,1.0,2.0794415416798357,10.0,0,1,1,3.0,0.0,3,3,1,5.0,0.0,70000.0,0.0,6.0,0.0,1180.0,7.921623279,0.6931471805599453,0,0,1,1,0.0,1.0,1,0.0,1.0,0,0,0.0,0.0,0.0,3.0,1,0,0,0,Medium,Moderate,Week,High,Fair,4,4,2,0,0,2,1,1,1,15,14,27,1,3,0,0,1,0,4.0
349,746,778,4,Ellora Caves,Maharashtra,Historical,9.059361289,Nov-Feb,429,5,"Beaches, Historical",1,0,32000,2,26-35,Knee Pain,Leisure,"Cultural Exploration, Photography",Winter,"Long walking distances, crowd congestion",Maharashtrian Cuisine,340,https://indiaholidaymall.com/images/blog/Ellora-Caves-Unesco-World-Heritage-Site.jpg,1,16000.0,32000.0,16000.0,0,1,0,0,0,0,4.5,1,1,0,36.237445156,45.296806445,1.8118722578000002,0.2647058823529412,0.5329036052352941,2.25,4.5296806445,170.0,340.0,1,0,4.0,0.0,4,4,1,5.0,0.0,9.059361289,0.0,32000.0,0.0,2.0,0.0,340.0,1.0,0.0,2.772588722239781,10.0,0,0,0,4.0,0.0,4,4,2,4.5,0.7071067811865476,32000.0,0.0,4.0,2.8284271247461903,1170.0,9.1074443425,1.0986122886681096,1,0,0,0,0.0,1.0,1,2.0,0.6,0,0,0.0,-0.048083053499999195,-830.0,4.0,1,0,0,0,Near,Economy,Weekend,VeryHigh,Good,3,1,0,1,2,4,0,3,3,6,10,10,2,1,1,1,2,1,4.5
820,29,961,1,Ooty,Tamil Nadu,Nature,8.32051439,Sep-Mar,355,2,"Beaches, Historical",1,2,83500,3,36-45,Asthma,Family Vacation,"Nature & Relaxation, Photography",Post-Monsoon,"Curvy roads, limited medical facilities",South Indian Cuisine,1180,https://t3.ftcdn.net/jpg/05/09/58/00/360_F_509580096_YjyHXMHyTm9OOkjUQS4kOxDXkxbOMWYi.jpg,3,27833.333333333332,27833.333333333332,9277.777777777777,1,0,0,1,0,0,1.5,1,0,0,8.32051439,16.64102878,0.1664102878,0.05202312138728324,0.2885727534104046,0.5,2.7735047966666664,393.3333333333333,393.3333333333333,0,0,1.0,0.0,1,1,1,2.0,0.0,8.32051439,0.0,83500.0,0.0,3.0,0.0,1180.0,1.0,2.0,0.6931471805599453,10.0,0,1,1,2.75,1.4999999999999998,1,4,4,1.5,0.5773502691896257,80875.0,7295.832143536931,4.5,2.3804761428476167,950.0,8.454006516,1.6094379124341003,0,1,1,1,2625.0,0.9675429051881893,1,1.5,0.7272727272727273,0,1,-1.75,-0.13349212600000016,230.0,1.5,2,1,0,0,Medium,Premium,Weekend,High,Poor,4,4,0,2,0,2,1,1,1,15,14,27,1,4,1,0,3,0,1.5
841,132,971,5,Baga Beach,Goa,Beach,8.188672008,Nov-Mar,767,3,"Nature, Adventure",2,2,53000,5,18-25,Knee Pain,Honeymoon,"Relaxation, Nightlife, Water Sports",Winter,"Crowds, sun exposure",Seafood,590,https://encrypted-tbn0.gstatic.com/images?q=tbn:ANd9GcQeseYB8OMIYAnzRmlYP6matYpojVkK9lRx0Wgn7x8BYcxvxjfwm4QrUxM&s=10,4,10600.0,13250.0,2650.0,1,0,0,1,1,0,4.0,2,1,1,40.943360039999995,24.566016024,1.2283008011999998,0.3448275862068966,0.7059200006896551,0.8,1.6377344016,118.0,147.5,0,0,5.0,0.0,5,5,2,3.0,0.0,8.188672008,0.0,48500.0,6363.961030678927,6.0,1.4142135623730951,1070.0,2.0,1.0,5.493061443340547,10.0,1,0,1,5.0,0.0,5,5,1,3.0,0.0,53000.0,0.0,5.0,0.0,590.0,8.188672008,0.6931471805599453,1,0,1,1,0.0,1.0,1,0.0,1.0,0,0,0.0,0.0,0.0,5.0,1,0,0,0,Near,Moderate,Week,High,Excellent,1,2,2,0,2,3,2,3,0,14,3,3,2,3,0,0,0,0,4.0
54,665,321,5,Valley of Flowers,Uttarakhand,Nature,8.175473129,Apr-Jun,805,4,"City, Historical",2,2,113500,3,18-25,Knee Pain,Adventure,"Trekking, Adventure Sports",Summer,"High altitude, physical exertion",North Indian Cuisine,1900,https://encrypted-tbn0.gstatic.com/images?q=tbn:ANd9GcSKohlQ-J1CgxwCnc1mL62LM__eo7IDPvD9Hm4v1DnS8PQfNYx8O_lBtpoE&s=10,4,37833.333333333336,28375.0,9458.333333333334,1,0,0,1,1,0,4.5,1,1,1,40.877365645,32.701892516,1.6350946257999999,0.11587982832618025,0.2105272050386266,1.5,2.7251577096666666,633.3333333333334,475.0,0,0,5.0,0.0,5,5,1,4.0,0.0,8.175473129,0.0,113500.0,0.0,3.0,0.0,1900.0,2.0,2.0,3.4657359027997265,10.0,0,1,1,5.0,0.0,5,5,2,4.0,0.0,111250.0,3181.9805153394636,3.0,0.0,1440.0,7.965096954,1.0986122886681096,1,0,1,0,2250.0,0.9797754626924702,1,0.0,1.0,0,0,0.0,0.2103761750000004,460.0,5.0,1,0,0,0,Far,Premium,Weekend,High,Excellent,4,0,1,0,2,0,4,2,2,10,17,37,0,4,1,0,0,1,4.5
642,983,531,3,Ahmedabad,Gujarat,City,9.08021632,Oct-Mar,367,4,"City, Historical",1,1,31500,2,18-25,High Blood Pressure,Business,"Shopping, Food & Local Cuisine",All seasons,"Traffic congestion, pollution",Gujarati Cuisine,520,https://encrypted-tbn0.gstatic.com/images?q=tbn:ANd9GcTjjS0tleUkYu3JCgQn5BM0ooo_ueYok5FwDld1RJJHOQ&s=10,2,15750.0,15750.0,7875.0,1,0,0,1,0,0,3.5,1,0,0,27.24064896,36.32086528,1.0896259584,0.208955223880597,0.5421024668656717,1.75,4.54010816,260.0,260.0,0,0,2.5,0.7071067811865476,2,3,2,4.5,0.7071067811865476,9.08021632,0.0,35750.0,6010.407640085654,2.5,0.7071067811865476,1085.0,1.5,0.5,2.7465307216702737,1.238993430992954,1,0,0,3.0,0.0,3,3,1,4.0,0.0,31500.0,0.0,2.0,0.0,520.0,9.08021632,0.6931471805599453,0,0,0,0,0.0,1.0,1,0.0,1.0,0,0,0.0,0.0,0.0,3.0,1,0,0,0,Near,Economy,Weekend,VeryHigh,Fair,2,3,1,0,1,1,3,0,4,2,4,0,2,1,1,1,1,0,3.5
548,410,608,1,Bir Billing,Himachal Pradesh,Adventure,9.056239629,Apr-Jun,694,1,"Nature, Adventure",1,0,18000,4,26-35,Knee Pain,Adventure,"Trekking, Adventure Sports",Summer,"High altitude, physical exertion",Himachali Cuisine,1800,https://media-cdn.tripadvisor.com/media/attractions-splice-spp-674x446/0a/c6/99/67.jpg,1,4500.0,18000.0,4500.0,0,1,0,0,0,0,1.0,0,0,0,9.056239629,9.056239629,0.09056239629,0.18181818181818182,1.6465890234545455,0.25,2.26405990725,450.0,1800.0,0,0,1.0,0.0,1,1,1,1.0,0.0,9.056239629,0.0,18000.0,0.0,4.0,0.0,1800.0,1.0,0.0,0.6931471805599453,10.0,0,0,0,1.0,0.0,1,1,2,1.0,0.0,16500.0,2121.3203435596424,3.5,0.7071067811865476,1192.5,8.7976738825,1.0986122886681096,0,1,0,0,1500.0,0.9090964183988849,1,0.5,0.8888888888888888,0,0,0.0,0.2585657465000004,607.5,1.0,1,0,0,0,Far,Budget,Week,VeryHigh,Poor,0,0,2,1,2,0,4,2,2,3,5,5,0,0,0,1,3,0,1.0
129,9,509,4,Spiti Valley,Himachal Pradesh,Nature,9.260450137,Sep-Mar,849,1,"Nature, Adventure",1,0,32000,3,46-60,Asthma,Family Vacation,"Nature & Relaxation, Photography",Post-Monsoon,"Curvy roads, limited medical facilities",Himachali Cuisine,2000,https://storage.googleapis.com/stateless-www-justwravel-com/2021/05/1550217293_shutterstock_1129297934.jpg.jpg,1,10666.666666666666,32000.0,10666.666666666666,0,1,0,0,0,0,2.5,3,1,0,37.041800548,9.260450137,0.37041800548,0.2142857142857143,0.7937528688857143,0.8333333333333334,3.086816712333333,666.6666666666666,2000.0,0,0,4.0,0.0,4,4,1,1.0,0.0,9.260450137,0.0,32000.0,0.0,3.0,0.0,2000.0,1.0,0.0,2.772588722239781,10.0,0,0,0,4.0,0.0,4,4,2,1.5,0.7071067811865476,30000.0,2828.42712474619,4.5,2.1213203435596424,1850.0,8.768803495499998,1.0986122886681096,1,0,0,1,2000.0,0.933335555481484,1,1.5,0.7272727272727273,0,0,0.0,0.4916466415000009,150.0,4.0,1,0,0,0,Far,Economy,Weekend,VeryHigh,Good,4,4,2,3,0,2,1,1,1,3,5,33,0,1,1,1,2,0,2.5
157,358,524,2,Hyderabad,Telangana,City,7.738761293,Oct-Mar,476,5,"Nature, Adventure",2,2,77000,3,26-35,High Blood Pressure,Business,"Shopping, Food & Local Cuisine",All seasons,"Traffic congestion, pollution",Hyderabadi Cuisine,710,https://t4.ftcdn.net/jpg/03/60/89/09/360_F_360890991_Ykybj5JO5HYBaqWeROz9cR2jWXN8HZxf.jpg,4,25666.666666666668,19250.0,6416.666666666667,1,0,0,1,1,0,3.5,3,0,0,15.477522586,38.693806464999994,0.7738761292999999,0.13125,0.29020354848749996,1.1666666666666667,2.5795870976666664,236.66666666666666,177.5,0,0,2.5,0.7071067811865476,2,3,2,4.5,0.7071067811865476,7.738761293,0.0,54250.0,32173.358543987913,2.0,1.4142135623730951,1060.0,1.5,1.5,2.7465307216702737,1.238993430992954,1,1,1,4.0,1.7320508075688772,2,5,3,5.0,0.0,83500.0,26358.110706194402,3.3333333333333335,2.516611478423583,730.0,8.240112024333333,1.3862943611198906,1,0,1,0,6500.0,0.9221566208787919,1,0.3333333333333335,0.923076923076923,0,1,-2.0,-0.5013507313333339,-20.0,3.5,2,1,0,0,Near,Moderate,Weekend,High,Poor,2,3,2,1,1,1,3,0,4,4,15,14,2,3,1,0,3,0,3.5
308,685,88,5,Kerala Backwaters,Kerala,Nature,7.598827165,Apr-Jun,889,2,"Beaches, Historical",2,1,42000,6,46-60,Knee Pain,Adventure,"Trekking, Adventure Sports",Summer,"High altitude, physical exertion",Kerala Cuisine,1400,https://www.backpackadventures.org/wp-content/uploads/2020/08/india0898.jpg,3,7000.0,14000.0,2333.3333333333335,1,0,0,1,0,0,3.5,3,1,1,37.994135825,15.19765433,0.7598827165,0.4375,0.949853395625,0.5833333333333334,1.2664711941666666,233.33333333333334,466.6666666666667,0,0,5.0,0.0,5,5,1,2.0,0.0,7.598827165,0.0,42000.0,0.0,6.0,0.0,1400.0,2.0,1.0,3.4657359027997265,10.0,0,0,1,5.0,0.0,5,5,1,2.0,0.0,42000.0,0.0,6.0,0.0,1400.0,7.598827165,0.6931471805599453,1,0,0,1,0.0,1.0,1,0.0,1.0,0,0,0.0,0.0,0.0,5.0,1,0,0,0,Medium,Economy,Week,High,Excellent,4,0,0,3,2,0,4,2,2,5,7,16,1,1,0,0,0,0,3.5
667,978,961,4,Hyderabad,Telangana,City,8.519173371,Oct-Mar,355,1,"Beaches, Historical",1,2,70000,6,18-25,High Blood Pressure,Business,"Shopping, Food & Local Cuisine",All seasons,"Traffic congestion, pollution",Hyderabadi Cuisine,710,https://t4.ftcdn.net/jpg/03/60/89/09/360_F_360890991_Ykybj5JO5HYBaqWeROz9cR2jWXN8HZxf.jpg,3,11666.666666666666,23333.333333333332,3888.8888888888887,1,0,0,1,0,0,2.5,3,1,0,34.076693484,8.519173371,0.34076693484000004,0.19736842105263158,0.672566318763158,0.4166666666666667,1.4198622285000002,118.33333333333333,236.66666666666666,0,0,2.5,2.1213203435596424,1,4,2,2.5,2.1213203435596424,8.519173371,0.0,64000.0,8485.28137423857,4.5,2.1213203435596424,372.5,1.0,2.0,2.7465307216702737,0.450182704578985,1,1,1,2.75,1.4999999999999998,1,4,4,1.5,0.5773502691896257,80875.0,7295.832143536931,4.5,2.3804761428476167,950.0,8.454006516,1.6094379124341003,0,1,1,1,10875.0,0.8655348929224986,1,1.5,0.7272727272727273,1,0,1.25,0.06516685500000108,-240.0,4.0,1,0,0,0,Near,Moderate,Week,VeryHigh,Good,2,3,0,0,1,1,3,0,4,4,15,14,2,3,0,1,2,0,2.5
657,703,331,4,Delhi,Delhi,City,8.563698042,Oct-Mar,723,1,"Beaches, Historical",1,2,58000,2,26-35,High Blood Pressure,Business,"Shopping, Food & Local Cuisine",All seasons,"Traffic congestion, pollution",Street Food,1410,https://encrypted-tbn0.gstatic.com/images?q=tbn:ANd9GcTFxblF-zkMM4NsiVuRyJ1Yx76TMcpdDWzU6zEf57y1aQ&s=10,3,29000.0,19333.333333333332,9666.666666666666,1,0,0,1,0,0,2.5,3,1,0,34.254792168,8.563698042,0.34254792168000003,0.08333333333333333,0.2854566014,1.25,4.281849021,705.0,470.0,0,0,4.0,0.0,4,4,1,1.0,0.0,8.563698042,0.0,58000.0,0.0,2.0,0.0,1410.0,1.0,2.0,2.772588722239781,10.0,0,1,1,4.0,0.0,4,4,1,1.0,0.0,58000.0,0.0,2.0,0.0,1410.0,8.563698042,0.6931471805599453,1,0,1,0,0.0,1.0,1,0.0,1.0,0,0,0.0,0.0,0.0,4.0,1,0,0,0,Medium,Moderate,Weekend,VeryHigh,Good,2,3,0,1,1,1,3,0,4,16,2,9,1,3,1,1,2,0,2.5
754,188,626,2,Hyderabad,Telangana,City,8.202625979,Oct-Mar,952,5,"Nature, Adventure",2,0,40000,6,26-35,High Blood Pressure,Business,"Shopping, Food & Local Cuisine",All seasons,"Traffic congestion, pollution",Hyderabadi Cuisine,710,https://t4.ftcdn.net/jpg/03/60/89/09/360_F_360890991_Ykybj5JO5HYBaqWeROz9cR2jWXN8HZxf.jpg,2,6666.666666666667,20000.0,3333.3333333333335,0,0,1,0,0,0,3.5,3,0,0,16.405251958,41.013129895000006,0.8202625979000001,0.45652173913043476,1.0699077363913043,0.5833333333333334,1.3671043298333334,118.33333333333333,355.0,0,0,3.5,2.1213203435596424,2,5,2,3.5,2.1213203435596424,8.202625979,0.0,52250.0,17324.116139070415,5.0,1.4142135623730951,1180.0,2.0,0.5,3.8451430103383837,0.450182704578985,1,0,0,1.5,0.7071067811865476,1,2,2,4.5,0.7071067811865476,44250.0,6010.407640085654,5.5,0.7071067811865476,1280.0,8.0009124305,1.0986122886681096,0,1,0,1,4250.0,0.9039569727237803,1,0.5,0.9230769230769231,1,0,0.5,0.20171354850000078,-570.0,2.0,1,0,0,0,Near,Economy,Week,High,Poor,2,3,2,1,1,1,3,0,4,4,15,14,2,1,0,0,3,0,3.5
56,204,499,2,Spiti Valley,Himachal Pradesh,Nature,7.963483704,Sep-Mar,830,4,"Beaches, Historical",2,0,57000,6,36-45,Asthma,Family Vacation,"Nature & Relaxation, Photography",Post-Monsoon,"Curvy roads, limited medical facilities",Himachali Cuisine,2000,https://storage.googleapis.com/stateless-www-justwravel-com/2021/05/1550217293_shutterstock_1129297934.jpg.jpg,2,9500.0,28500.0,4750.0,0,0,1,0,0,0,3.0,2,0,0,15.926967408,31.853934816,0.63707869632,0.2857142857142857,0.7584270194285714,0.5,1.327247284,333.3333333333333,1000.0,0,0,3.0,1.4142135623730951,2,4,2,2.5,2.1213203435596424,7.963483704,0.0,65500.0,12020.815280171308,6.0,0.0,1515.0,2.0,1.0,3.2958368660043287,0.660408825313113,1,1,1,2.5,0.7071067811865476,2,3,2,3.5,0.7071067811865476,55250.0,2474.8737341529163,5.5,0.7071067811865476,1735.0,7.842263540499999,1.0986122886681096,0,1,1,1,1750.0,0.9683263651336628,1,0.5,0.9230769230769231,0,1,-0.5,0.12122016350000031,265.0,2.0,1,0,0,0,Far,Moderate,Week,High,Poor,4,4,0,2,0,2,1,1,1,3,5,33,0,3,0,0,3,0,3.0
420,456,215,5,Red Fort,Delhi,Historical,7.509850241,Nov-Feb,242,5,"Nature, Adventure",1,0,28000,3,46-60,Knee Pain,Leisure,"Cultural Exploration, Photography",Winter,"Long walking distances, crowd congestion",Mughlai Cuisine,1410,https://upload.wikimedia.org/wikipedia/commons/d/d6/Delhi%2C_India%2C_Red_Fort_Facade.jpg,1,9333.333333333334,28000.0,9333.333333333334,0,1,0,0,0,0,5.0,0,1,1,37.549251205,37.549251205,1.8774625602499997,0.48387096774193544,0.7267597007419354,1.6666666666666667,2.5032834136666664,470.0,1410.0,0,0,3.3333333333333335,1.5275252316519468,2,5,3,5.0,0.0,7.509850241,0.0,49500.0,18661.457606521522,5.0,2.0,1103.3333333333333,1.0,1.0,4.620981203732969,0.614429798415472,1,0,1,5.0,0.0,5,5,1,5.0,0.0,28000.0,0.0,3.0,0.0,1410.0,7.509850241,0.6931471805599453,1,0,0,0,0.0,1.0,1,0.0,1.0,0,0,0.0,0.0,0.0,5.0,1,0,0,0,Medium,Economy,Weekend,High,Excellent,3,1,2,3,2,4,0,3,3,7,2,29,1,1,1,0,0,1,5.0
997,823,858,5,Mumbai,Maharashtra,City,8.501224869,Oct-Mar,250,4,"City, Historical",1,2,58000,6,36-45,High Blood Pressure,Business,"Shopping, Food & Local Cuisine",All seasons,"Traffic congestion, pollution",Street Food,35,https://t4.ftcdn.net/jpg/01/46/43/87/360_F_146438747_3XYwVkfnYZuukBZYmDM8xeoqENzyhAqa.jpg,3,9666.666666666666,19333.333333333332,3222.222222222222,1,0,0,1,0,0,4.5,1,1,1,42.506124344999996,34.004899476,1.7002449737999998,0.421875,0.79698983146875,0.75,1.4168708115,5.833333333333333,11.666666666666666,1,0,5.0,0.0,5,5,1,4.0,0.0,8.501224869,0.0,58000.0,0.0,6.0,0.0,35.0,1.0,2.0,3.4657359027997265,10.0,0,1,1,5.0,0.0,5,5,2,3.0,1.4142135623730951,63750.0,8131.727983645296,6.0,0.0,757.5,8.581504816999999,1.0986122886681096,1,0,1,1,5750.0,0.9098053363868802,1,0.0,1.0,0,0,0.0,-0.08027994799999938,-722.5,5.0,1,0,0,0,VeryNear,Moderate,Week,VeryHigh,Excellent,2,3,1,2,1,1,3,0,4,16,10,25,3,3,0,1,0,1,4.5
266,130,133,5,Coorg,Karnataka,Nature,9.460634458,Apr-Jun,242,5,"Beaches, Historical",2,2,84000,3,26-35,Knee Pain,Adventure,"Trekking, Adventure Sports",Summer,"High altitude, physical exertion",Coorgi Cuisine,1030,https://images.unsplash.com/photo-1710612198146-77512950a4b7,4,28000.0,21000.0,7000.0,1,0,0,1,1,0,5.0,0,1,1,47.30317229,47.30317229,2.3651586145,0.1724137931034483,0.3262287744137931,1.6666666666666667,3.1535448193333333,343.3333333333333,257.5,0,0,5.0,0.0,5,5,1,5.0,0.0,9.460634458,0.0,84000.0,0.0,3.0,0.0,1030.0,2.0,2.0,3.4657359027997265,10.0,0,1,1,3.5,2.1213203435596424,2,5,2,4.0,1.4142135623730951,83750.0,353.5533905932738,3.5,0.7071067811865476,1105.0,9.3971915005,1.0986122886681096,1,0,1,0,250.0,0.9970149610153909,1,0.5,0.8888888888888888,1,0,1.5,0.06344295749999951,-75.0,3.5,2,1,0,0,Medium,Premium,Weekend,VeryHigh,Excellent,4,0,0,1,2,0,4,2,2,1,6,8,1,4,1,1,0,1,5.0
55,503,903,1,Mumbai,Maharashtra,City,8.918823544,Oct-Mar,16,5,"City, Historical",2,1,58500,6,46-60,High Blood Pressure,Business,"Shopping, Food & Local Cuisine",All seasons,"Traffic congestion, pollution",Street Food,35,https://t4.ftcdn.net/jpg/01/46/43/87/360_F_146438747_3XYwVkfnYZuukBZYmDM8xeoqENzyhAqa.jpg,3,9750.0,19500.0,3250.0,1,0,0,1,0,0,3.0,4,0,0,8.918823544,44.59411772,0.4459411772,0.27906976744186046,0.8296580040930233,0.5,1.4864705906666666,5.833333333333333,11.666666666666666,1,0,3.0,2.8284271247461903,1,5,2,3.0,2.8284271247461903,8.918823544,0.0,51250.0,10253.048327204939,4.0,2.8284271247461903,372.5,2.0,0.5,3.2958368660043287,0.3414802408943917,1,0,0,1.0,0.0,1,1,1,5.0,0.0,58500.0,0.0,6.0,0.0,35.0,8.918823544,0.6931471805599453,0,1,1,1,0.0,1.0,1,0.0,1.0,0,0,0.0,0.0,0.0,1.0,1,0,0,0,VeryNear,Moderate,Week,VeryHigh,Poor,2,3,1,3,1,1,3,0,4,16,10,25,3,3,0,1,3,0,3.0
542,176,80,1,Khajuraho Temples,Madhya Pradesh,Historical,8.165093922,Nov-Feb,49,2,"Nature, Adventure",1,2,52500,3,26-35,Knee Pain,Leisure,"Cultural Exploration, Photography",Winter,"Long walking distances, crowd congestion",North Indian Cuisine,1100,https://st2.depositphotos.com/1000434/7761/i/450/depositphotos_77615282-stock-photo-lakshmana-temple-in-khajuraho-madhya.jpg,3,17500.0,17500.0,5833.333333333333,1,0,0,1,0,0,1.5,1,0,0,8.165093922,16.330187844,0.16330187844000002,0.08108108108108109,0.44135642821621623,0.5,2.721697974,366.6666666666667,366.6666666666667,0,0,2.0,1.4142135623730951,1,3,2,3.5,2.1213203435596424,8.165093922,0.0,68750.0,22980.970388562793,3.5,0.7071067811865476,720.0,1.5,1.5,2.197224577336219,0.660408825313113,1,1,1,1.0,0.0,1,1,1,2.0,0.0,52500.0,0.0,3.0,0.0,1100.0,8.165093922,0.6931471805599453,0,1,0,0,0.0,1.0,1,0.0,1.0,0,0,0.0,0.0,0.0,1.0,1,0,0,0,Medium,Moderate,Weekend,High,Poor,3,1,2,1,2,4,0,3,3,10,9,17,1,3,1,0,3,0,1.5
596,688,814,3,Ahmedabad,Gujarat,City,8.056619012,Oct-Mar,137,2,"Beaches, Historical",1,2,82000,5,36-45,High Blood Pressure,Business,"Shopping, Food & Local Cuisine",All seasons,"Traffic congestion, pollution",Gujarati Cuisine,520,https://encrypted-tbn0.gstatic.com/images?q=tbn:ANd9GcTjjS0tleUkYu3JCgQn5BM0ooo_ueYok5FwDld1RJJHOQ&s=10,3,16400.0,27333.333333333332,5466.666666666667,1,0,0,1,0,0,2.5,1,0,0,24.169857036000003,16.113238024,0.48339714072000006,0.14367816091954025,0.46302408114942534,0.5,1.6113238024,104.0,173.33333333333334,0,0,3.0,0.0,3,3,1,2.0,0.0,8.056619012,0.0,82000.0,0.0,5.0,0.0,520.0,1.0,2.0,2.0794415416798357,10.0,0,1,1,2.6666666666666665,1.5275252316519465,1,4,3,3.6666666666666665,1.5275252316519468,59833.333333333336,28268.062072475597,4.666666666666667,1.5275252316519468,801.6666666666666,8.489368804,1.3862943611198906,0,1,1,1,22166.666666666664,0.6295326540503502,0,0.33333333333333304,0.9411764705882354,1,0,0.3333333333333335,-0.4327497919999992,-281.66666666666663,3.0,1,0,0,0,Near,Premium,Week,High,Fair,2,3,0,2,1,1,3,0,4,2,4,0,2,4,0,0,1,0,2.5
108,648,397,5,Bangalore,Karnataka,City,8.771306422,Oct-Mar,85,4,"Beaches, Historical",2,0,52000,5,18-25,High Blood Pressure,Business,"Shopping, Food & Local Cuisine",All seasons,"Traffic congestion, pollution",Multi Cuisine,980,https://media.istockphoto.com/id/1382384282/photo/bangalore-or-bengaluru.jpg,2,10400.0,26000.0,5200.0,0,0,1,0,0,0,4.5,1,1,1,43.85653211,35.085225688,1.7542612844,0.39473684210526316,0.7694128440350877,0.9,1.7542612844,196.0,490.0,0,0,5.0,0.0,5,5,1,4.0,0.0,8.771306422,0.0,52000.0,0.0,5.0,0.0,980.0,2.0,0.0,3.4657359027997265,10.0,0,0,0,4.333333333333333,0.5773502691896258,4,5,3,3.3333333333333335,0.5773502691896257,47333.333333333336,21385.353243127254,4.666666666666667,2.516611478423583,1186.6666666666667,8.488019635,1.3862943611198906,1,0,0,1,4666.666666666664,0.9014105335802766,1,0.33333333333333304,0.9411764705882354,1,0,0.666666666666667,0.28328678699999976,-206.66666666666674,5.0,1,0,0,0,Medium,Moderate,Week,VeryHigh,Excellent,2,3,0,0,1,1,3,0,4,8,6,4,1,3,0,1,0,1,4.5
742,103,454,4,Delhi,Delhi,City,9.293866271,Oct-Mar,457,1,"Beaches, Historical",2,0,44000,2,36-45,High Blood Pressure,Business,"Shopping, Food & Local Cuisine",All seasons,"Traffic congestion, pollution",Street Food,1410,https://encrypted-tbn0.gstatic.com/images?q=tbn:ANd9GcTFxblF-zkMM4NsiVuRyJ1Yx76TMcpdDWzU6zEf57y1aQ&s=10,2,22000.0,22000.0,11000.0,0,0,1,0,0,0,2.5,3,1,0,37.175465084,9.293866271,0.37175465084000003,0.10869565217391304,0.40408114221739133,1.25,4.6469331355,705.0,705.0,0,0,3.6666666666666665,0.5773502691896258,3,4,3,2.6666666666666665,1.5275252316519468,9.293866271,0.0,55333.333333333336,13316.656236958785,2.6666666666666665,1.1547005383792515,1176.6666666666667,1.6666666666666667,0.6666666666666666,5.083079324106265,1.4763410387308011,1,1,1,4.0,1.7320508075688772,1,5,5,1.8,0.8366600265340756,49700.0,9852.664614204627,4.0,1.8708286933869707,1768.0,8.3048899352,1.791759469228055,1,0,0,0,5700.0,0.8853141787891592,1,2.0,0.6,0,0,0.0,0.9889763358000003,-358.0,4.5,2,1,0,0,Medium,Economy,Weekend,VeryHigh,Good,2,3,0,2,1,1,3,0,4,16,2,9,1,1,1,1,2,0,2.5
995,231,346,4,Red Fort,Delhi,Historical,7.78825614,Nov-Feb,128,5,"Beaches, Historical",2,2,112500,5,26-35,Knee Pain,Leisure,"Cultural Exploration, Photography",Winter,"Long walking distances, crowd congestion",Mughlai Cuisine,1410,https://upload.wikimedia.org/wikipedia/commons/d/d6/Delhi%2C_India%2C_Red_Fort_Facade.jpg,4,22500.0,28125.0,5625.0,1,0,0,1,1,0,4.5,1,1,0,31.15302456,38.9412807,1.557651228,0.19148936170212766,0.331415154893617,0.9,1.5576512279999999,282.0,352.5,0,0,4.0,0.0,4,4,1,5.0,0.0,7.78825614,0.0,112500.0,0.0,5.0,0.0,1410.0,2.0,2.0,2.772588722239781,10.0,0,1,1,4.0,0.0,4,4,1,5.0,0.0,112500.0,0.0,5.0,0.0,1410.0,7.78825614,0.6931471805599453,1,0,1,1,0.0,1.0,1,0.0,1.0,0,0,0.0,0.0,0.0,4.0,1,0,0,0,Medium,Premium,Week,High,Good,3,1,0,1,2,4,0,3,3,7,2,29,1,4,0,0,2,1,4.5
872,782,274,1,Kovalam Beach,Kerala,Beach,8.997832251,Nov-Mar,772,4,"Beaches, Historical",1,2,34000,2,18-25,Knee Pain,Honeymoon,"Relaxation, Nightlife, Water Sports",Winter,"Crowds, sun exposure",Seafood,1650,https://eastindiantraveller.com/wp-content/uploads/2021/01/kovalambeach.jpg,3,17000.0,11333.333333333334,5666.666666666667,1,0,0,1,0,0,2.5,3,0,0,8.997832251,35.991329004,0.35991329004,0.1388888888888889,0.4998795695,1.25,4.4989161255,825.0,550.0,0,0,2.0,1.4142135623730951,1,3,2,3.0,1.4142135623730951,8.997832251,0.0,30750.0,4596.194077712559,2.5,0.7071067811865476,1600.0,1.0,1.5,2.197224577336219,0.660408825313113,1,0,1,2.5,2.1213203435596424,1,4,2,4.0,0.0,31000.0,4242.640687119285,1.5,0.7071067811865476,1650.0,8.323556664,1.0986122886681096,0,1,0,0,3000.0,0.9032289280990936,1,0.5,0.8,0,1,-1.5,0.6742755870000003,0.0,2.5,2,1,0,0,Far,Economy,Weekend,VeryHigh,Poor,1,2,0,0,2,3,2,3,0,14,7,21,0,1,1,1,3,0,2.5
813,222,258,4,Tarkarli Beach,Maharashtra,Beach,8.240843057,Nov-Mar,721,2,"City, Historical",2,1,52500,4,26-35,Knee Pain,Honeymoon,"Relaxation, Nightlife, Water Sports",Winter,"Crowds, sun exposure",Seafood,520,https://encrypted-tbn0.gstatic.com/images?q=tbn:ANd9GcRmtn0Vsfvni1NmF01OGM9ahIFZcrRqMoNKSjV1xzIEbR5CCG-tr4PumVg&s=10,3,13125.0,17500.0,4375.0,1,0,0,1,0,0,3.0,2,1,0,32.963372228,16.481686114,0.65926744456,0.21238938053097345,0.5834225173097345,0.75,2.06021076425,130.0,173.33333333333334,0,0,4.0,0.0,4,4,1,2.0,0.0,8.240843057,0.0,52500.0,0.0,4.0,0.0,520.0,2.0,1.0,2.772588722239781,10.0,0,1,1,2.5,2.1213203435596424,1,4,2,2.0,0.0,46500.0,8485.28137423857,5.0,1.4142135623730951,600.0,8.692803849499999,1.0986122886681096,0,1,0,1,6000.0,0.8709705167630803,1,1.0,0.8333333333333334,1,0,1.5,-0.45196079249999954,-80.0,2.5,2,1,0,0,Near,Moderate,Week,High,Good,1,2,1,1,2,3,2,3,0,14,10,35,2,3,0,0,2,0,3.0
811,454,727,5,Kerala Backwaters,Kerala,Nature,8.250765566,Sep-Mar,732,2,"Beaches, Historical",1,1,65500,3,18-25,Asthma,Family Vacation,"Nature & Relaxation, Photography",Post-Monsoon,"Curvy roads, limited medical facilities",Kerala Cuisine,1400,https://www.backpackadventures.org/wp-content/uploads/2020/08/india0898.jpg,2,21833.333333333332,32750.0,10916.666666666666,1,0,0,1,0,0,3.5,3,1,1,41.25382783,16.501531132,0.8250765566,0.15328467153284672,0.3613473970510949,1.1666666666666667,2.750255188666667,466.6666666666667,700.0,0,0,5.0,0.0,5,5,1,2.0,0.0,8.250765566,0.0,65500.0,0.0,3.0,0.0,1400.0,1.0,1.0,3.4657359027997265,10.0,0,1,1,5.0,0.0,5,5,1,2.0,0.0,65500.0,0.0,3.0,0.0,1400.0,8.250765566,0.6931471805599453,1,0,1,0,0.0,1.0,1,0.0,1.0,0,0,0.0,0.0,0.0,5.0,1,0,0,0,Medium,Moderate,Weekend,High,Excellent,4,4,0,0,0,2,1,1,1,5,7,16,1,3,1,0,0,0,3.5
608,395,847,4,Bir Billing,Himachal Pradesh,Adventure,8.879069809,Apr-Jun,931,4,"Beaches, Historical",1,0,27500,2,18-25,Knee Pain,Adventure,"Trekking, Adventure Sports",Summer,"High altitude, physical exertion",Himachali Cuisine,1800,https://media-cdn.tripadvisor.com/media/attractions-splice-spp-674x446/0a/c6/99/67.jpg,1,13750.0,27500.0,13750.0,0,1,0,0,0,0,4.0,0,1,0,35.516279236,35.516279236,1.4206511694400001,0.2711864406779661,0.6019708345084747,2.0,4.4395349045,900.0,1800.0,0,0,4.0,0.0,4,4,1,4.0,0.0,8.879069809,0.0,27500.0,0.0,2.0,0.0,1800.0,1.0,0.0,2.772588722239781,10.0,0,0,0,2.6666666666666665,1.5275252316519468,1,4,3,3.6666666666666665,0.5773502691896257,24500.0,2598.076211353316,4.0,2.0,1453.3333333333333,8.462801635,1.3862943611198906,0,1,0,0,3000.0,0.8775560181217094,1,2.0,0.6,1,0,1.3333333333333335,0.4162681740000007,346.66666666666674,2.5,2,1,0,0,Far,Economy,Weekend,VeryHigh,Good,0,0,0,0,2,0,4,2,2,3,5,5,0,1,1,1,2,1,4.0
110,715,474,1,Kodaikanal,Tamil Nadu,Nature,8.402277983,Apr-Jun,273,4,"City, Historical",2,2,64500,4,46-60,Knee Pain,Adventure,"Trekking, Adventure Sports",Summer,"High altitude, physical exertion",South Indian Cuisine,1300,https://encrypted-tbn0.gstatic.com/images?q=tbn:ANd9GcRR1MrvitA-PthZ_UMPeUYOYvzHFu6Olty-pnoL9EqaCl31ZwvMHSvu9OQ&s=10,4,16125.0,16125.0,4031.25,1,0,0,1,1,0,2.5,3,0,0,8.402277983,33.609111932,0.33609111931999996,0.145985401459854,0.49064396981021896,0.625,2.10056949575,325.0,325.0,0,0,1.0,0.0,1,1,1,4.0,0.0,8.402277983,0.0,64500.0,0.0,4.0,0.0,1300.0,2.0,2.0,0.6931471805599453,10.0,0,1,1,2.0,1.0,1,3,3,3.3333333333333335,2.0816659994661326,71166.66666666667,30059.662894539142,4.333333333333333,1.5275252316519468,1093.3333333333333,8.008267972666667,1.3862943611198906,0,1,1,1,6666.6666666666715,0.9063245012950637,1,0.33333333333333304,0.9375,0,1,-1.0,0.39401001033333216,206.66666666666674,2.0,2,1,0,0,Medium,Moderate,Week,High,Poor,4,0,1,3,2,0,4,2,2,15,14,18,1,3,0,0,3,0,2.5
126,503,682,5,Hyderabad,Telangana,City,8.918823544,Oct-Mar,335,1,"Beaches, Historical",2,0,44000,2,18-25,High Blood Pressure,Business,"Shopping, Food & Local Cuisine",All seasons,"Traffic congestion, pollution",Hyderabadi Cuisine,710,https://t4.ftcdn.net/jpg/03/60/89/09/360_F_360890991_Ykybj5JO5HYBaqWeROz9cR2jWXN8HZxf.jpg,2,22000.0,22000.0,11000.0,0,0,1,0,0,0,3.0,4,1,1,44.59411772,8.918823544,0.4459411772,0.13043478260869565,0.38777493669565216,1.5,4.459411772,355.0,355.0,0,0,3.0,2.8284271247461903,1,5,2,3.0,2.8284271247461903,8.918823544,0.0,51250.0,10253.048327204939,4.0,2.8284271247461903,372.5,2.0,0.5,3.2958368660043287,0.3414802408943917,1,0,0,4.0,1.4142135623730951,3,5,2,1.5,0.7071067811865476,48750.0,6717.514421272202,3.0,1.4142135623730951,1205.0,8.94438708,1.0986122886681096,1,0,0,0,4750.0,0.9025661012081804,1,1.0,0.75,1,0,1.0,-0.025563535999999942,-495.0,5.0,1,0,0,0,Near,Economy,Weekend,VeryHigh,Excellent,2,3,0,0,1,1,3,0,4,4,15,14,2,1,1,1,0,0,3.0
818,102,470,2,Baga Beach,Goa,Beach,7.901206475,Nov-Mar,660,2,"Nature, Adventure",2,1,52500,2,46-60,Knee Pain,Honeymoon,"Relaxation, Nightlife, Water Sports",Winter,"Crowds, sun exposure",Seafood,590,https://encrypted-tbn0.gstatic.com/images?q=tbn:ANd9GcQeseYB8OMIYAnzRmlYP6matYpojVkK9lRx0Wgn7x8BYcxvxjfwm4QrUxM&s=10,3,26250.0,17500.0,8750.0,1,0,0,1,0,0,2.0,0,0,0,15.80241295,15.80241295,0.316048259,0.07339449541284404,0.28995253119266057,1.0,3.9506032375,295.0,196.66666666666666,0,0,2.0,0.0,2,2,1,2.0,0.0,7.901206475,0.0,52500.0,0.0,2.0,0.0,590.0,2.0,1.0,1.3862943611198906,10.0,0,1,1,2.0,0.0,2,2,1,2.0,0.0,52500.0,0.0,2.0,0.0,590.0,7.901206475,0.6931471805599453,0,1,0,0,0.0,1.0,1,0.0,1.0,0,0,0.0,0.0,0.0,2.0,1,0,0,0,Near,Moderate,Weekend,High,Poor,1,2,2,3,2,3,2,3,0,14,3,3,2,3,1,0,3,0,2.0
578,998,287,4,Jaipur,Rajasthan,City,8.30843543,Oct-Mar,253,4,"Nature, Adventure",1,2,82000,3,36-45,High Blood Pressure,Business,"Shopping, Food & Local Cuisine",All seasons,"Traffic congestion, pollution",Rajasthani Cuisine,1140,https://t4.ftcdn.net/jpg/05/84/76/73/360_F_584767353_EXYOkE8NcX37UwV4WfBw7AjBaEtU6mMy.jpg,3,27333.333333333332,27333.333333333332,9111.111111111111,1,0,0,1,0,0,4.0,0,1,0,33.23374172,33.23374172,1.3293496688,0.1411764705882353,0.29323889752941174,1.3333333333333333,2.7694784766666665,380.0,380.0,0,0,4.0,0.0,4,4,1,4.0,0.0,8.30843543,0.0,82000.0,0.0,3.0,0.0,1140.0,1.0,2.0,2.772588722239781,10.0,0,1,1,4.0,0.0,4,4,2,4.0,0.0,72500.0,13435.028842544403,2.5,0.7071067811865476,2070.0,8.375158046,1.0986122886681096,1,0,1,0,9500.0,0.8689673245886264,1,0.5,0.8571428571428572,0,0,0.0,-0.06672261599999985,-930.0,4.0,1,0,0,0,Medium,Premium,Weekend,High,Good,2,3,2,2,1,1,3,0,4,13,13,15,1,4,1,0,2,1,4.0
935,683,847,3,Hyderabad,Telangana,City,8.41904082,Oct-Mar,931,3,"Beaches, Historical",1,0,23000,6,18-25,High Blood Pressure,Business,"Shopping, Food & Local Cuisine",All seasons,"Traffic congestion, pollution",Hyderabadi Cuisine,710,https://t4.ftcdn.net/jpg/03/60/89/09/360_F_360890991_Ykybj5JO5HYBaqWeROz9cR2jWXN8HZxf.jpg,1,3833.3333333333335,23000.0,3833.3333333333335,0,1,0,0,0,0,3.0,0,0,0,25.257122459999998,25.257122459999998,0.7577136737999999,0.6206896551724137,1.7418705144827582,0.5,1.4031734699999998,118.33333333333333,710.0,0,0,3.0,0.0,3,3,1,3.0,0.0,8.41904082,0.0,23000.0,0.0,6.0,0.0,710.0,1.0,0.0,2.0794415416798357,10.0,0,0,0,2.6666666666666665,1.5275252316519468,1,4,3,3.6666666666666665,0.5773502691896257,24500.0,2598.076211353316,4.0,2.0,1453.3333333333333,8.462801635,1.3862943611198906,0,1,0,0,1500.0,0.9387780090608546,1,2.0,0.6,1,0,0.3333333333333335,-0.04376081500000062,-743.3333333333333,3.0,1,0,0,0,Near,Budget,Week,High,Fair,2,3,0,0,1,1,3,0,4,4,15,14,2,0,0,0,1,0,3.0
345,709,778,4,Spiti Valley,Himachal Pradesh,Nature,9.155527396,Sep-Mar,429,4,"Beaches, Historical",1,0,32000,6,46-60,Asthma,Family Vacation,"Nature & Relaxation, Photography",Post-Monsoon,"Curvy roads, limited medical facilities",Himachali Cuisine,2000,https://storage.googleapis.com/stateless-www-justwravel-com/2021/05/1550217293_shutterstock_1129297934.jpg.jpg,1,5333.333333333333,32000.0,5333.333333333333,0,1,0,0,0,0,4.0,0,1,0,36.622109584,36.622109584,1.46488438336,0.6315789473684211,1.4456095888421054,0.6666666666666666,1.5259212326666667,333.3333333333333,2000.0,0,0,4.5,0.7071067811865476,4,5,2,3.0,1.4142135623730951,9.155527396,0.0,62250.0,42779.960261786124,5.5,0.7071067811865476,1950.0,1.5,1.0,4.943755299006493,1.238993430992954,1,1,1,4.0,0.0,4,4,2,4.5,0.7071067811865476,32000.0,0.0,4.0,2.8284271247461903,1170.0,9.1074443425,1.0986122886681096,1,0,0,0,0.0,1.0,1,2.0,0.6,0,0,0.0,0.04808305350000097,830.0,4.0,1,0,0,0,Far,Economy,Week,VeryHigh,Good,4,4,0,3,0,2,1,1,1,3,5,33,0,1,0,1,2,1,4.0
711,343,469,4,Mumbai,Maharashtra,City,7.873481446,Oct-Mar,715,3,"Beaches, Historical",2,0,52000,5,18-25,High Blood Pressure,Business,"Shopping, Food & Local Cuisine",All seasons,"Traffic congestion, pollution",Street Food,35,https://t4.ftcdn.net/jpg/01/46/43/87/360_F_146438747_3XYwVkfnYZuukBZYmDM8xeoqENzyhAqa.jpg,2,10400.0,26000.0,5200.0,0,0,1,0,0,0,3.5,1,1,0,31.493925784,23.620444338000002,0.9448177735200001,0.30701754385964913,0.6906562671929825,0.7,1.5746962892,7.0,17.5,1,0,3.5,0.7071067811865476,3,4,2,2.0,1.4142135623730951,7.873481446,0.0,72500.0,28991.378028648447,3.5,2.1213203435596424,722.5,2.0,1.0,3.8451430103383837,1.238993430992954,1,1,1,4.0,0.0,4,4,1,3.0,0.0,52000.0,0.0,5.0,0.0,35.0,7.873481446,0.6931471805599453,1,0,0,1,0.0,1.0,1,0.0,1.0,0,0,0.0,0.0,0.0,4.0,1,0,0,0,VeryNear,Moderate,Week,High,Good,2,3,0,0,1,1,3,0,4,16,10,25,3,3,0,0,2,0,3.5
817,598,917,1,Chandigarh,Punjab,City,7.754720779,Oct-Mar,601,1,"Nature, Adventure",2,2,77000,3,18-25,High Blood Pressure,Business,"Shopping, Food & Local Cuisine",All seasons,"Traffic congestion, pollution",Punjabi Cuisine,1650,https://s7ap1.scene7.com/is/image/incredibleindia/chandigarh-union-territory-1-city-ff,4,25666.666666666668,19250.0,6416.666666666667,1,0,0,1,1,0,1.0,0,0,0,7.754720779,7.754720779,0.07754720779,0.0375,0.2908020292125,0.3333333333333333,2.5849069263333333,550.0,412.5,0,0,3.25,1.707825127659933,1,5,4,2.0,1.4142135623730951,7.754720779,0.0,84750.0,16894.27911059441,3.75,0.9574271077563381,1200.0,2.0,1.5,5.2306732154108255,0.5531508466719953,1,1,1,3.0,2.8284271247461903,1,5,2,1.5,0.7071067811865476,85500.0,12020.815280171308,4.0,1.4142135623730951,1475.0,8.3165517335,1.0986122886681096,0,0,1,0,8500.0,0.9005859580589701,1,1.0,0.8,0,1,-2.0,-0.5618309545000004,175.0,1.0,1,0,0,0,Far,Moderate,Weekend,High,Poor,2,3,2,0,1,1,3,0,4,12,12,7,0,3,1,0,3,0,1.0
383,108,364,5,Mumbai,Maharashtra,City,8.180179995,Oct-Mar,262,4,"Beaches, Historical",2,2,61000,4,18-25,High Blood Pressure,Business,"Shopping, Food & Local Cuisine",All seasons,"Traffic congestion, pollution",Street Food,35,https://t4.ftcdn.net/jpg/01/46/43/87/360_F_146438747_3XYwVkfnYZuukBZYmDM8xeoqENzyhAqa.jpg,4,15250.0,15250.0,3812.5,1,0,0,1,1,0,4.5,1,1,1,40.900899975,32.72071998,1.636035999,0.27692307692307694,0.503395692,1.125,2.04504499875,8.75,8.75,1,0,5.0,0.0,5,5,1,4.0,0.0,8.180179995,0.0,61000.0,0.0,4.0,0.0,35.0,2.0,2.0,3.4657359027997265,10.0,0,1,1,4.5,0.5773502691896257,4,5,4,3.5,0.5773502691896257,88375.0,22024.13448923703,3.5,1.2909944487358056,1291.25,8.295658941,1.6094379124341003,1,0,1,0,27375.0,0.6902439576355572,0,0.5,0.8888888888888888,1,0,0.5,-0.11547894599999964,-1256.25,5.0,1,0,0,0,VeryNear,Moderate,Week,High,Excellent,2,3,0,0,1,1,3,0,4,16,10,25,3,3,0,0,0,1,4.5
617,652,798,1,Kovalam Beach,Kerala,Beach,7.956162813,Nov-Mar,394,4,"City, Historical",2,1,52500,6,26-35,Knee Pain,Honeymoon,"Relaxation, Nightlife, Water Sports",Winter,"Crowds, sun exposure",Seafood,1650,https://eastindiantraveller.com/wp-content/uploads/2021/01/kovalambeach.jpg,3,8750.0,17500.0,2916.6666666666665,1,0,0,1,0,0,2.5,3,0,0,7.956162813,31.824651252,0.31824651251999997,0.2564102564102564,0.8160166987692308,0.4166666666666667,1.3260271355,275.0,550.0,0,0,1.0,0.0,1,1,1,4.0,0.0,7.956162813,0.0,52500.0,0.0,6.0,0.0,1650.0,2.0,1.0,0.6931471805599453,10.0,0,1,1,1.5,1.0,1,3,4,4.0,0.816496580927726,62500.0,21106.870919205434,4.75,1.2583057392117916,1607.5,8.531605262,1.6094379124341003,0,1,1,1,10000.0,0.8400025599590406,1,1.25,0.782608695652174,0,1,-0.5,-0.5754424489999996,42.5,1.0,1,0,0,0,Far,Moderate,Week,High,Poor,1,2,1,1,2,3,2,3,0,14,7,21,0,3,0,0,3,0,2.5
98,343,937,3,Delhi,Delhi,City,7.873481446,Oct-Mar,712,1,"Beaches, Historical",2,2,93000,2,26-35,High Blood Pressure,Business,"Shopping, Food & Local Cuisine",All seasons,"Traffic congestion, pollution",Street Food,1410,https://encrypted-tbn0.gstatic.com/images?q=tbn:ANd9GcTFxblF-zkMM4NsiVuRyJ1Yx76TMcpdDWzU6zEf57y1aQ&s=10,4,46500.0,23250.0,11625.0,1,0,0,1,1,0,2.0,2,0,0,23.620444338000002,7.873481446,0.23620444338000002,0.042105263157894736,0.1657575041263158,1.0,3.936740723,705.0,352.5,0,0,3.5,0.7071067811865476,3,4,2,2.0,1.4142135623730951,7.873481446,0.0,72500.0,28991.378028648447,3.5,2.1213203435596424,722.5,2.0,1.0,3.8451430103383837,1.238993430992954,1,1,1,4.0,1.4142135623730951,3,5,2,1.0,0.0,103250.0,14495.689014324224,4.5,3.5355339059327378,1655.0,8.342884438,1.0986122886681096,1,0,1,1,10250.0,0.9007273537302303,1,2.5,0.5454545454545454,0,1,-1.0,-0.469402992,-245.0,3.0,1,0,0,0,Medium,Premium,Weekend,High,Fair,2,3,0,1,1,1,3,0,4,16,2,9,1,4,1,0,1,0,2.0
124,206,128,5,Ajanta Caves,Maharashtra,Historical,9.282226276,Nov-Feb,330,4,"Nature, Adventure",2,2,69500,6,26-35,Knee Pain,Leisure,"Cultural Exploration, Photography",Winter,"Long walking distances, crowd congestion",Maharashtrian Cuisine,430,https://plus.unsplash.com/premium_photo-1697729588019-20a1f5a325d1,4,11583.333333333334,17375.0,2895.8333333333335,1,0,0,1,1,0,4.5,1,1,1,46.41113138,37.128905104,1.8564452552,0.3576158940397351,0.7376603663046357,0.75,1.5470377126666666,71.66666666666667,107.5,1,0,5.0,0.0,5,5,1,4.0,0.0,9.282226276,0.0,69500.0,0.0,6.0,0.0,430.0,2.0,2.0,3.4657359027997265,10.0,0,1,1,3.3333333333333335,1.5275252316519468,2,5,3,3.0,1.0,88833.33333333333,22479.620400116488,4.666666666666667,2.3094010767585034,1303.3333333333333,8.608198786,1.3862943611198906,1,0,1,1,19333.33333333333,0.7823664273948137,1,1.333333333333333,0.7647058823529412,1,0,1.6666666666666665,0.6740274899999985,-873.3333333333333,5.0,1,0,0,0,Near,Moderate,Week,VeryHigh,Excellent,3,1,2,1,2,4,0,3,3,6,10,1,2,3,0,1,0,1,4.5
535,335,126,4,Rishikesh,Uttarakhand,Adventure,9.310237104,Apr-Jun,983,4,"City, Historical",1,0,27500,4,18-25,Knee Pain,Adventure,"Trekking, Adventure Sports",Summer,"High altitude, physical exertion",North Indian Cuisine,1600,https://dynamic-media-cdn.tripadvisor.com/media/photo-o/2c/31/c5/45/caption.jpg,1,6875.0,27500.0,6875.0,0,1,0,0,0,0,4.0,0,1,0,37.240948416,37.240948416,1.48963793664,0.5079365079365079,1.1822523306666668,1.0,2.327559276,400.0,1600.0,0,0,4.0,0.0,4,4,1,4.0,0.0,9.310237104,0.0,27500.0,0.0,4.0,0.0,1600.0,1.0,0.0,2.772588722239781,10.0,0,0,0,3.75,0.9574271077563381,3,5,4,2.5,1.0,22000.0,4020.7793606049395,3.25,0.957427107756338,1582.5,8.763474082,1.6094379124341003,1,0,0,0,5500.0,0.7500113631198582,1,0.75,0.8235294117647058,1,0,0.25,0.5467630220000004,17.5,4.0,1,0,0,0,Far,Economy,Week,VeryHigh,Good,0,0,1,0,2,0,4,2,2,10,17,30,0,1,0,1,2,1,4.0
458,630,252,2,Kerala Backwaters,Kerala,Nature,9.264541565,Apr-Jun,504,1,"City, Historical",2,2,55000,3,46-60,Knee Pain,Adventure,"Trekking, Adventure Sports",Summer,"High altitude, physical exertion",Kerala Cuisine,1400,https://www.backpackadventures.org/wp-content/uploads/2020/08/india0898.jpg,4,18333.333333333332,13750.0,4583.333333333333,1,0,0,1,1,0,1.5,1,0,0,18.52908313,9.264541565,0.18529083130000001,0.07758620689655173,0.4792004257758621,0.5,3.0881805216666667,466.6666666666667,350.0,0,0,2.0,0.0,2,2,1,1.0,0.0,9.264541565,0.0,55000.0,0.0,3.0,0.0,1400.0,2.0,2.0,1.3862943611198906,10.0,0,1,1,2.3333333333333335,0.5773502691896257,2,3,3,2.3333333333333335,1.5275252316519468,74666.66666666667,17039.170558842743,4.333333333333333,1.1547005383792517,1086.6666666666667,8.835739315333333,1.3862943611198906,0,1,1,1,19666.66666666667,0.7366106703928073,1,1.333333333333333,0.75,0,1,-0.3333333333333335,0.428802249666667,313.33333333333326,2.0,2,1,0,0,Medium,Moderate,Weekend,VeryHigh,Poor,4,0,1,3,2,0,4,2,2,5,7,16,1,3,1,1,3,0,1.5
238,613,874,3,Jaipur,Rajasthan,City,7.893422692,Oct-Mar,315,2,"Beaches, Historical",2,0,56000,4,46-60,High Blood Pressure,Business,"Shopping, Food & Local Cuisine",All seasons,"Traffic congestion, pollution",Rajasthani Cuisine,1140,https://t4.ftcdn.net/jpg/05/84/76/73/360_F_584767353_EXYOkE8NcX37UwV4WfBw7AjBaEtU6mMy.jpg,2,14000.0,28000.0,7000.0,0,0,1,0,0,0,2.5,1,0,0,23.680268075999997,15.786845384,0.47360536151999993,0.16666666666666666,0.5262281794666667,0.625,1.973355673,285.0,570.0,0,0,3.0,0.0,3,3,1,2.0,0.0,7.893422692,0.0,56000.0,0.0,4.0,0.0,1140.0,2.0,0.0,2.0794415416798357,10.0,0,1,0,3.0,0.0,3,3,1,2.0,0.0,56000.0,0.0,4.0,0.0,1140.0,7.893422692,0.6931471805599453,0,0,1,0,0.0,1.0,1,0.0,1.0,0,0,0.0,0.0,0.0,3.0,1,0,0,0,Medium,Moderate,Week,High,Fair,2,3,0,3,1,1,3,0,4,13,13,15,1,3,0,0,1,0,2.5
199,855,503,3,Kerala Backwaters,Kerala,Nature,8.913268955,Apr-Jun,139,4,"Nature, Adventure",1,2,41500,3,36-45,Knee Pain,Adventure,"Trekking, Adventure Sports",Summer,"High altitude, physical exertion",Kerala Cuisine,1400,https://www.backpackadventures.org/wp-content/uploads/2020/08/india0898.jpg,3,13833.333333333334,13833.333333333334,4611.111111111111,1,0,0,1,0,0,3.5,1,0,0,26.739806865,35.65307582,1.0695922746,0.23595505617977527,0.6008945362921347,1.1666666666666667,2.9710896516666665,466.6666666666667,466.6666666666667,0,0,3.0,0.0,3,3,1,4.0,0.0,8.913268955,0.0,41500.0,0.0,3.0,0.0,1400.0,1.0,2.0,2.0794415416798357,10.0,0,0,1,2.5,0.7071067811865476,2,3,2,4.5,0.7071067811865476,49750.0,11667.261889578034,4.0,1.4142135623730951,1190.0,8.22106274,1.0986122886681096,0,1,0,0,8250.0,0.8341741874535185,1,1.0,0.8,1,0,0.5,0.6922062149999988,210.0,3.0,1,0,0,0,Medium,Economy,Weekend,VeryHigh,Fair,4,0,2,2,2,0,4,2,2,5,7,16,1,1,1,1,1,0,3.5
423,153,148,4,Kolkata,West Bengal,City,9.072635914,Oct-Mar,368,5,"Beaches, Historical",2,1,76500,6,36-45,High Blood Pressure,Business,"Shopping, Food & Local Cuisine",All seasons,"Traffic congestion, pollution",Bengali Cuisine,2050,https://encrypted-tbn0.gstatic.com/images?q=tbn:ANd9GcR7RyEWQTvFgkgjKGGCyk4MsFgdUZhpvExLEydL8FmtvfqAtgLceIK1K2mg&s=10,3,12750.0,25500.0,4250.0,1,0,0,1,0,0,4.5,1,1,0,36.290543656,45.36317957,1.8145271828,0.32727272727272727,0.6598280664727272,0.75,1.5121059856666665,341.6666666666667,683.3333333333334,0,1,4.0,0.0,4,4,1,5.0,0.0,9.072635914,0.0,76500.0,0.0,6.0,0.0,2050.0,2.0,1.0,2.772588722239781,10.0,0,1,1,4.0,0.0,4,4,1,5.0,0.0,76500.0,0.0,6.0,0.0,2050.0,9.072635914,0.6931471805599453,1,0,1,1,0.0,1.0,1,0.0,1.0,0,0,0.0,0.0,0.0,4.0,1,0,0,0,Far,Moderate,Week,VeryHigh,Good,2,3,0,2,1,1,3,0,4,0,18,19,0,3,0,1,2,1,4.5
555,639,627,5,Kerala Backwaters,Kerala,Nature,9.081925622,Sep-Mar,499,3,"City, Historical",2,0,38500,3,26-35,Asthma,Family Vacation,"Nature & Relaxation, Photography",Post-Monsoon,"Curvy roads, limited medical facilities",Kerala Cuisine,1400,https://www.backpackadventures.org/wp-content/uploads/2020/08/india0898.jpg,2,12833.333333333334,19250.0,6416.666666666667,0,0,1,0,0,0,4.0,2,1,1,45.40962811,27.245776866,1.3622888433,0.2891566265060241,0.6565247437590361,1.3333333333333333,3.0273085406666667,466.6666666666667,700.0,0,0,5.0,0.0,5,5,1,3.0,0.0,9.081925622,0.0,38500.0,0.0,3.0,0.0,1400.0,2.0,0.0,3.4657359027997265,10.0,0,0,0,4.5,0.7071067811865476,4,5,2,2.5,0.7071067811865476,45500.0,9899.494936611665,3.5,0.7071067811865476,2200.0,8.3886249365,1.0986122886681096,1,0,0,0,7000.0,0.8461572273136855,1,0.5,0.8888888888888888,1,0,0.5,0.6933006855000006,-800.0,4.5,2,1,0,0,Medium,Economy,Weekend,VeryHigh,Excellent,4,4,1,1,0,2,1,1,1,5,7,16,1,1,1,1,0,0,4.0
763,362,315,1,Kovalam Beach,Kerala,Beach,8.908499372,Nov-Mar,496,2,"City, Historical",2,0,20000,6,26-35,Knee Pain,Honeymoon,"Relaxation, Nightlife, Water Sports",Winter,"Crowds, sun exposure",Seafood,1650,https://eastindiantraveller.com/wp-content/uploads/2021/01/kovalambeach.jpg,2,3333.3333333333335,10000.0,1666.6666666666667,0,0,1,0,0,0,1.5,1,0,0,8.908499372,17.816998744,0.17816998743999998,0.3461538461538461,2.055807547384615,0.25,1.4847498953333333,275.0,825.0,0,0,1.0,0.0,1,1,1,2.0,0.0,8.908499372,0.0,20000.0,0.0,6.0,0.0,1650.0,2.0,0.0,0.6931471805599453,10.0,0,0,0,1.0,0.0,1,1,2,1.5,0.7071067811865476,28000.0,11313.70849898476,4.0,2.8284271247461903,842.5,8.922724594,1.0986122886681096,0,1,0,0,8000.0,0.7142959180029285,1,2.0,0.6,0,0,0.0,-0.014225222000000315,807.5,1.0,1,0,0,0,Far,Budget,Week,VeryHigh,Poor,1,2,1,1,2,3,2,3,0,14,7,21,0,0,0,1,3,0,1.5
253,969,117,5,Kodaikanal,Tamil Nadu,Nature,9.409359527,Sep-Mar,366,2,"City, Historical",2,1,70000,2,46-60,Asthma,Family Vacation,"Nature & Relaxation, Photography",Post-Monsoon,"Curvy roads, limited medical facilities",South Indian Cuisine,1300,https://encrypted-tbn0.gstatic.com/images?q=tbn:ANd9GcRR1MrvitA-PthZ_UMPeUYOYvzHFu6Olty-pnoL9EqaCl31ZwvMHSvu9OQ&s=10,3,35000.0,23333.333333333332,11666.666666666666,1,0,0,1,0,0,3.5,3,1,1,47.046797635,18.818719054,0.9409359527,0.09722222222222222,0.2613710979722222,1.75,4.7046797635,650.0,433.3333333333333,0,0,3.3333333333333335,1.5275252316519468,2,5,3,3.6666666666666665,1.5275252316519468,9.409359527,0.0,44500.0,24784.067462787458,4.666666666666667,2.309401076758503,2066.6666666666665,1.6666666666666667,0.3333333333333333,4.620981203732969,0.614429798415472,1,0,0,4.0,1.4142135623730951,3,5,2,1.5,0.7071067811865476,74500.0,6363.961030678927,3.0,1.4142135623730951,1200.0,8.891925618,1.0986122886681096,1,0,1,0,4500.0,0.9395981261996483,1,1.0,0.75,1,0,1.0,0.5174339089999993,100.0,5.0,1,0,0,0,Medium,Moderate,Weekend,VeryHigh,Excellent,4,4,1,3,0,2,1,1,1,15,14,18,1,3,1,1,0,0,3.5
953,429,78,2,Coorg,Karnataka,Nature,8.1864846,Sep-Mar,61,3,"City, Historical",1,0,20500,6,18-25,Asthma,Family Vacation,"Nature & Relaxation, Photography",Post-Monsoon,"Curvy roads, limited medical facilities",Coorgi Cuisine,1030,https://images.unsplash.com/photo-1710612198146-77512950a4b7,1,3416.6666666666665,20500.0,3416.6666666666665,0,1,0,0,0,0,2.5,1,0,0,16.3729692,24.5594538,0.491189076,0.5660377358490567,1.853543683018868,0.4166666666666667,1.3644141,171.66666666666666,1030.0,0,0,3.0,1.4142135623730951,2,4,2,4.0,1.4142135623730951,8.1864846,0.0,43250.0,32173.358543987913,5.5,0.7071067811865476,1030.0,1.5,0.0,3.2958368660043287,0.660408825313113,1,0,0,2.0,0.0,2,2,1,3.0,0.0,20500.0,0.0,6.0,0.0,1030.0,8.1864846,0.6931471805599453,0,1,0,1,0.0,1.0,1,0.0,1.0,0,0,0.0,0.0,0.0,2.0,1,0,0,0,Medium,Budget,Week,High,Poor,4,4,1,0,0,2,1,1,1,1,6,8,1,0,0,0,3,0,2.5
162,405,399,3,Kerala Backwaters,Kerala,Nature,8.26630952,Apr-Jun,953,2,"City, Historical",1,1,58000,4,46-60,Knee Pain,Adventure,"Trekking, Adventure Sports",Summer,"High altitude, physical exertion",Kerala Cuisine,1400,https://www.backpackadventures.org/wp-content/uploads/2020/08/india0898.jpg,2,14500.0,29000.0,7250.0,1,0,0,1,0,0,2.5,1,0,0,24.79892856,16.53261904,0.4959785712,0.16129032258064516,0.5333102916129032,0.625,2.06657738,350.0,700.0,0,0,4.0,1.4142135623730951,3,5,2,1.5,0.7071067811865476,8.26630952,0.0,72000.0,19798.98987322333,3.0,1.4142135623730951,1350.0,1.5,1.0,4.394449154672438,0.660408825313113,1,1,1,3.0,1.4142135623730951,2,5,4,2.5,0.5773502691896257,43125.0,13683.170928796682,2.75,1.2583057392117916,942.5,8.15975442875,1.6094379124341003,0,0,0,0,14875.0,0.6550804619023327,0,1.25,0.6666666666666667,0,0,0.0,0.10655509124999973,457.5,3.0,1,0,0,0,Medium,Moderate,Week,High,Fair,4,0,1,3,2,0,4,2,2,5,7,16,1,3,0,0,1,0,2.5
414,323,360,5,Mumbai,Maharashtra,City,8.130587469,Oct-Mar,555,2,"City, Historical",2,2,69000,6,26-35,High Blood Pressure,Business,"Shopping, Food & Local Cuisine",All seasons,"Traffic congestion, pollution",Street Food,35,https://t4.ftcdn.net/jpg/01/46/43/87/360_F_146438747_3XYwVkfnYZuukBZYmDM8xeoqENzyhAqa.jpg,4,11500.0,17250.0,2875.0,1,0,0,1,1,0,3.5,3,1,1,40.652937345,16.261174938,0.8130587468999999,0.28,0.65044699752,0.5833333333333334,1.3550979115,5.833333333333333,8.75,1,0,5.0,0.0,5,5,1,2.0,0.0,8.130587469,0.0,69000.0,0.0,6.0,0.0,35.0,2.0,2.0,3.4657359027997265,10.0,0,1,1,5.0,0.0,5,5,1,2.0,0.0,69000.0,0.0,6.0,0.0,35.0,8.130587469,0.6931471805599453,1,0,1,1,0.0,1.0,1,0.0,1.0,0,0,0.0,0.0,0.0,5.0,1,0,0,0,VeryNear,Moderate,Week,High,Excellent,2,3,1,1,1,1,3,0,4,16,10,25,3,3,0,0,0,0,3.5
85,867,757,1,Calangute Beach,Goa,Beach,7.54478424,Nov-Mar,36,5,"Beaches, Historical",1,0,15000,2,26-35,Knee Pain,Honeymoon,"Relaxation, Nightlife, Water Sports",Winter,"Crowds, sun exposure",Seafood,585,https://encrypted-tbn0.gstatic.com/images?q=tbn:ANd9GcQawETYRiYBsH6-h7nyRef7D05VLNnIS00HBpFyaZdOJDehCXzhEkUfAY5Vf_tWlUzd5qaIpJnkr2vAOF1xcvRS_dDd2Lq-Y2B30QDq-g&s=10,1,7500.0,15000.0,7500.0,0,1,0,0,0,0,3.0,4,0,0,7.54478424,37.7239212,0.377239212,0.35294117647058826,0.8876216752941177,1.5,3.77239212,292.5,585.0,0,0,3.0,1.7320508075688772,1,4,3,4.333333333333333,1.1547005383792517,7.544784240000001,0.0,24833.333333333332,10275.375094532235,3.0,1.7320508075688772,1545.0,1.3333333333333333,0.3333333333333333,4.1588830833596715,0.5458363904912633,1,0,0,1.0,0.0,1,1,1,5.0,0.0,15000.0,0.0,2.0,0.0,585.0,7.54478424,0.6931471805599453,0,1,0,0,0.0,1.0,1,0.0,1.0,0,0,0.0,0.0,0.0,1.0,1,0,0,0,Near,Budget,Weekend,High,Poor,1,2,0,1,2,3,2,3,0,14,3,6,2,0,1,0,3,0,3.0
676,14,953,4,Spiti Valley,Himachal Pradesh,Nature,8.551426231,Sep-Mar,421,1,"Nature, Adventure",1,1,56500,3,18-25,Asthma,Family Vacation,"Nature & Relaxation, Photography",Post-Monsoon,"Curvy roads, limited medical facilities",Himachali Cuisine,2000,https://storage.googleapis.com/stateless-www-justwravel-com/2021/05/1550217293_shutterstock_1129297934.jpg.jpg,2,18833.333333333332,28250.0,9416.666666666666,1,0,0,1,0,0,2.5,3,1,0,34.205704924,8.551426231,0.34205704924,0.12605042016806722,0.4311643477815127,0.8333333333333334,2.8504754103333334,666.6666666666666,1000.0,0,0,3.0,1.0,2,4,3,3.0,1.7320508075688772,8.551426231,0.0,53333.333333333336,24901.472513354172,4.333333333333333,1.5275252316519465,2160.0,1.0,1.0,4.1588830833596715,0.9090909090909091,1,1,1,4.0,0.0,4,4,1,1.0,0.0,56500.0,0.0,3.0,0.0,2000.0,8.551426231,0.6931471805599453,1,0,1,0,0.0,1.0,1,0.0,1.0,0,0,0.0,0.0,0.0,4.0,1,0,0,0,Far,Moderate,Weekend,VeryHigh,Good,4,4,2,0,0,2,1,1,1,3,5,33,0,3,1,1,2,0,2.5
961,769,781,2,Valley of Flowers,Uttarakhand,Nature,7.576635983,Sep-Mar,284,4,"Beaches, Historical",1,0,20500,5,26-35,Asthma,Family Vacation,"Nature & Relaxation, Photography",Post-Monsoon,"Curvy roads, limited medical facilities",North Indian Cuisine,1900,https://encrypted-tbn0.gstatic.com/images?q=tbn:ANd9GcSKohlQ-J1CgxwCnc1mL62LM__eo7IDPvD9Hm4v1DnS8PQfNYx8O_lBtpoE&s=10,1,4100.0,20500.0,4100.0,0,1,0,0,0,0,3.0,2,0,0,15.153271966,30.306543932,0.60613087864,0.5882352941176471,1.485614898627451,0.6,1.5153271966,380.0,1900.0,0,0,2.0,0.0,2,2,1,4.0,0.0,7.576635983,0.0,20500.0,0.0,5.0,0.0,1900.0,1.0,0.0,1.3862943611198906,10.0,0,0,0,2.0,0.0,2,2,2,3.0,1.4142135623730951,23750.0,4596.194077712559,5.5,0.7071067811865476,2450.0,8.375108305,1.0986122886681096,0,1,0,1,3250.0,0.8631636562671046,1,0.5,0.9230769230769231,0,0,0.0,-0.7984723219999994,-550.0,2.0,2,1,0,0,Far,Budget,Week,High,Poor,4,4,0,1,0,2,1,1,1,10,17,37,0,0,0,0,3,0,3.0
96,671,700,4,Konark Sun Temple,Odisha,Historical,9.406991631,Nov-Feb,535,4,"Beaches, Historical",1,2,78000,3,18-25,Knee Pain,Leisure,"Cultural Exploration, Photography",Winter,"Long walking distances, crowd congestion",Odia Cuisine,1700,https://cdn.britannica.com/19/251919-050-D3E64798/konark-sun-temple-orissa-india-unesco-heritage-site.jpg,3,26000.0,26000.0,8666.666666666666,1,0,0,1,0,0,4.0,0,1,0,37.627966524,37.627966524,1.50511866096,0.14814814814814814,0.3484070974444445,1.3333333333333333,3.1356638770000003,566.6666666666666,566.6666666666666,0,0,4.0,0.0,4,4,1,4.0,0.0,9.406991631,0.0,78000.0,0.0,3.0,0.0,1700.0,1.0,2.0,2.772588722239781,10.0,0,1,1,4.5,0.7071067811865476,4,5,2,3.5,0.7071067811865476,78000.0,0.0,3.0,0.0,1500.0,8.6290567945,1.0986122886681096,1,0,1,0,0.0,1.0,1,0.0,1.0,0,1,-0.5,0.7779348365000001,200.0,4.0,1,0,0,0,Far,Moderate,Weekend,VeryHigh,Good,3,1,0,0,2,4,0,3,3,11,11,20,0,3,1,1,2,1,4.0
716,274,745,4,Munnar,Kerala,Nature,7.777024607,Sep-Mar,114,1,"Beaches, Historical",1,2,63000,3,36-45,Asthma,Family Vacation,"Nature & Relaxation, Photography",Post-Monsoon,"Curvy roads, limited medical facilities",Kerala Cuisine,1480,https://images.unsplash.com/photo-1491497895121-1334fc14d8c9,3,21000.0,21000.0,7000.0,1,0,0,1,0,0,2.5,3,1,0,31.108098428,7.777024607,0.31108098428000003,0.11363636363636363,0.35350111850000004,0.8333333333333334,2.592341535666667,493.3333333333333,493.3333333333333,0,0,4.0,0.0,4,4,1,1.0,0.0,7.777024607,0.0,63000.0,0.0,3.0,0.0,1480.0,1.0,2.0,2.772588722239781,10.0,0,1,1,4.0,0.0,4,4,2,3.0,2.8284271247461903,57750.0,7424.621202458749,2.5,0.7071067811865476,910.0,7.722833656000001,1.0986122886681096,1,0,1,0,5250.0,0.9090924832470433,1,0.5,0.8571428571428572,0,0,0.0,0.05419095099999982,570.0,4.0,1,0,0,0,Medium,Moderate,Weekend,High,Good,4,4,0,2,0,2,1,1,1,5,7,26,1,3,1,0,2,0,2.5
430,256,852,3,Hampi Ruins,Karnataka,Historical,8.403655362,Nov-Feb,874,5,"City, Historical",2,2,121000,6,36-45,Knee Pain,Leisure,"Cultural Exploration, Photography",Winter,"Long walking distances, crowd congestion",South Indian Cuisine,740,https://wegobond.com/wp-content/uploads/2018/01/hampi-banner.jpg,4,20166.666666666668,30250.0,5041.666666666667,1,0,0,1,1,0,4.0,2,0,0,25.210966086,42.01827681,1.2605483043,0.1889763779527559,0.39702308796850394,0.6666666666666666,1.4006092270000001,123.33333333333333,185.0,0,0,3.0,0.0,3,3,1,5.0,0.0,8.403655362,0.0,121000.0,0.0,6.0,0.0,740.0,2.0,2.0,2.0794415416798357,10.0,0,1,1,2.0,1.4142135623730951,1,3,2,4.0,1.4142135623730951,79000.0,59396.969619669995,5.0,1.4142135623730951,1145.0,8.510725569,1.0986122886681096,0,1,1,1,42000.0,0.4683611599853167,0,1.0,0.8333333333333334,1,0,1.0,-0.10707020699999958,-405.0,3.0,1,0,0,0,Near,Luxury,Week,High,Fair,3,1,1,2,2,4,0,3,3,15,6,13,2,2,0,0,1,0,4.0
216,518,336,4,Ahmedabad,Gujarat,City,8.927901484,Oct-Mar,986,2,"City, Historical",2,1,76500,3,26-35,High Blood Pressure,Business,"Shopping, Food & Local Cuisine",All seasons,"Traffic congestion, pollution",Gujarati Cuisine,520,https://encrypted-tbn0.gstatic.com/images?q=tbn:ANd9GcTjjS0tleUkYu3JCgQn5BM0ooo_ueYok5FwDld1RJJHOQ&s=10,3,25500.0,25500.0,8500.0,1,0,0,1,0,0,3.0,2,1,0,35.711605936,17.855802968,0.7142321187199999,0.11320754716981132,0.33690194279245284,1.0,2.975967161333333,173.33333333333334,173.33333333333334,0,0,4.5,0.7071067811865476,4,5,2,3.5,2.1213203435596424,8.927901484,0.0,56000.0,28991.378028648447,4.5,2.1213203435596424,1285.0,1.5,1.0,4.943755299006493,1.238993430992954,1,1,1,4.0,0.0,4,4,1,2.0,0.0,76500.0,0.0,3.0,0.0,520.0,8.927901484,0.6931471805599453,1,0,1,0,0.0,1.0,1,0.0,1.0,0,0,0.0,0.0,0.0,4.0,1,0,0,0,Near,Moderate,Weekend,VeryHigh,Good,2,3,1,1,1,1,3,0,4,2,4,0,2,3,1,1,2,0,3.0
899,645,579,5,Tawang,Arunachal Pradesh,Nature,9.161029661,Apr-Jun,211,4,"City, Historical",2,1,86000,6,46-60,Knee Pain,Adventure,"Trekking, Adventure Sports",Summer,"High altitude, physical exertion",North East Cuisine,3000,https://s7ap1.scene7.com/is/image/incredibleindia/sela-pass-tawang-arunachal-pradesh-blog-ntr-hero,3,14333.333333333334,28666.666666666668,4777.777777777778,1,0,0,1,0,0,4.5,1,1,1,45.805148305,36.644118644,1.8322059322000002,0.2934782608695652,0.597458456152174,0.75,1.5268382768333335,500.0,1000.0,0,1,3.6666666666666665,1.1547005383792515,3,5,3,2.3333333333333335,1.5275252316519468,9.161029661,0.0,59166.666666666664,29547.983574743866,5.333333333333333,1.1547005383792517,2226.6666666666665,1.6666666666666667,0.6666666666666666,5.083079324106265,0.7970029257273941,1,1,1,3.6,1.9493588689617927,1,5,5,4.0,0.7071067811865476,66000.0,13833.835332256922,4.2,1.7888543819998317,1450.0,8.7290480806,1.791759469228055,1,0,1,1,20000.0,0.6969742882683596,0,1.7999999999999998,0.653846153846154,1,0,1.4,0.43198158040000045,1550.0,5.0,2,1,0,0,Far,Premium,Week,VeryHigh,Excellent,4,0,1,3,2,0,4,2,2,9,1,36,0,4,0,1,0,1,4.5
411,795,259,3,Rishikesh,Uttarakhand,Adventure,8.189514728,Apr-Jun,336,3,"Beaches, Historical",1,0,23000,4,18-25,Knee Pain,Adventure,"Trekking, Adventure Sports",Summer,"High altitude, physical exertion",North Indian Cuisine,1600,https://dynamic-media-cdn.tripadvisor.com/media/photo-o/2c/31/c5/45/caption.jpg,1,5750.0,23000.0,5750.0,0,1,0,0,0,0,3.0,0,0,0,24.568544184000004,24.568544184000004,0.7370563255200001,0.4444444444444444,1.2132614411851852,0.75,2.047378682,400.0,1600.0,0,0,3.0,1.0,2,4,3,3.0,1.0,8.189514728,0.0,49000.0,32546.121120649692,4.666666666666667,2.081665999466133,2150.0,1.3333333333333333,0.6666666666666666,4.1588830833596715,0.9090909090909091,1,0,1,4.0,1.4142135623730951,3,5,2,3.0,0.0,21000.0,2828.42712474619,4.5,0.7071067811865476,1155.0,8.752732384000002,1.0986122886681096,1,0,0,1,2000.0,0.9047664396933479,1,0.5,0.9090909090909091,0,1,-1.0,-0.5632176560000008,445.0,3.0,1,0,0,0,Far,Budget,Week,High,Fair,0,0,0,0,2,0,4,2,2,10,17,30,0,0,0,0,1,0,3.0
341,604,733,5,Valley of Flowers,Uttarakhand,Nature,9.298998287,Sep-Mar,676,5,"Beaches, Historical",1,1,61000,4,46-60,Asthma,Family Vacation,"Nature & Relaxation, Photography",Post-Monsoon,"Curvy roads, limited medical facilities",North Indian Cuisine,1900,https://encrypted-tbn0.gstatic.com/images?q=tbn:ANd9GcSKohlQ-J1CgxwCnc1mL62LM__eo7IDPvD9Hm4v1DnS8PQfNYx8O_lBtpoE&s=10,2,15250.0,30500.0,7625.0,1,0,0,1,0,0,5.0,0,1,1,46.494991435,46.494991435,2.32474957175,0.3076923076923077,0.5722460484307692,1.25,2.32474957175,475.0,950.0,0,0,5.0,0.0,5,5,1,5.0,0.0,9.298998287,0.0,61000.0,0.0,4.0,0.0,1900.0,1.0,1.0,3.4657359027997265,10.0,0,1,1,4.0,1.4142135623730951,3,5,2,4.5,0.7071067811865476,57000.0,5656.85424949238,4.5,0.7071067811865476,1900.0,9.140984152,1.0986122886681096,1,0,1,1,4000.0,0.9298257925299556,1,0.5,0.9090909090909091,1,0,1.0,0.15801413500000017,0.0,4.0,2,1,0,0,Far,Moderate,Week,VeryHigh,Excellent,4,4,0,3,0,2,1,1,1,10,17,37,0,3,0,1,0,1,5.0
521,546,44,3,Hampi Ruins,Karnataka,Historical,8.994067311,Nov-Feb,670,5,"Nature, Adventure",2,2,104000,5,18-25,Knee Pain,Leisure,"Cultural Exploration, Photography",Winter,"Long walking distances, crowd congestion",South Indian Cuisine,740,https://wegobond.com/wp-content/uploads/2018/01/hampi-banner.jpg,4,20800.0,26000.0,5200.0,1,0,0,1,1,0,4.0,2,0,0,26.982201933,44.970336555,1.34911009665,0.18348623853211007,0.412571895,0.8,1.7988134622,148.0,185.0,0,0,3.0,0.0,3,3,1,5.0,0.0,8.994067311,0.0,104000.0,0.0,5.0,0.0,740.0,2.0,2.0,2.0794415416798357,10.0,0,1,1,3.0,0.0,3,3,1,5.0,0.0,104000.0,0.0,5.0,0.0,740.0,8.994067311,0.6931471805599453,0,0,1,1,0.0,1.0,1,0.0,1.0,0,0,0.0,0.0,0.0,3.0,1,0,0,0,Near,Premium,Week,VeryHigh,Fair,3,1,2,0,2,4,0,3,3,15,6,13,2,4,0,1,1,0,4.0
287,468,855,3,Delhi,Delhi,City,9.479101518,Oct-Mar,371,4,"City, Historical",1,1,43500,4,18-25,High Blood Pressure,Business,"Shopping, Food & Local Cuisine",All seasons,"Traffic congestion, pollution",Street Food,1410,https://encrypted-tbn0.gstatic.com/images?q=tbn:ANd9GcTFxblF-zkMM4NsiVuRyJ1Yx76TMcpdDWzU6zEf57y1aQ&s=10,2,10875.0,21750.0,5437.5,1,0,0,1,0,0,3.5,1,0,0,28.437304554,37.916406072,1.13749218216,0.29473684210526313,0.7982401278315789,0.875,2.3697753795,352.5,705.0,0,0,3.0,0.0,3,3,1,4.0,0.0,9.479101518,0.0,43500.0,0.0,4.0,0.0,1410.0,1.0,1.0,2.0794415416798357,10.0,0,0,1,2.5,0.7071067811865476,2,3,2,4.5,0.7071067811865476,47750.0,6010.407640085654,5.0,1.4142135623730951,2205.0,9.335624903,1.0986122886681096,0,1,0,1,4250.0,0.9109966283428619,1,1.0,0.8333333333333334,1,0,0.5,0.14347661500000086,-795.0,3.0,1,0,0,0,Medium,Economy,Week,VeryHigh,Fair,2,3,1,0,1,1,3,0,4,16,2,9,1,1,0,1,1,0,3.5
353,344,310,1,Munnar,Kerala,Nature,9.162324692,Sep-Mar,948,1,"Beaches, Historical",2,0,52500,6,26-35,Asthma,Family Vacation,"Nature & Relaxation, Photography",Post-Monsoon,"Curvy roads, limited medical facilities",Kerala Cuisine,1480,https://images.unsplash.com/photo-1491497895121-1334fc14d8c9,2,8750.0,26250.0,4375.0,0,0,1,0,0,0,1.0,0,0,0,9.162324692,9.162324692,0.09162324692,0.10256410256410256,0.9397256094358974,0.16666666666666666,1.5270541153333335,246.66666666666666,740.0,0,0,1.0,0.0,1,1,1,1.0,0.0,9.162324692,0.0,52500.0,0.0,6.0,0.0,1480.0,2.0,0.0,0.6931471805599453,10.0,0,1,0,1.0,0.0,1,1,1,1.0,0.0,52500.0,0.0,6.0,0.0,1480.0,9.162324692,0.6931471805599453,0,1,0,1,0.0,1.0,1,0.0,1.0,0,0,0.0,0.0,0.0,1.0,1,0,0,0,Medium,Moderate,Week,VeryHigh,Poor,4,4,0,1,0,2,1,1,1,5,7,26,1,3,0,1,3,0,1.0
28,56,982,3,Red Fort,Delhi,Historical,8.779339175,Nov-Feb,544,1,"Beaches, Historical",2,2,78000,3,46-60,Knee Pain,Leisure,"Cultural Exploration, Photography",Winter,"Long walking distances, crowd congestion",Mughlai Cuisine,1410,https://upload.wikimedia.org/wikipedia/commons/d/d6/Delhi%2C_India%2C_Red_Fort_Facade.jpg,4,26000.0,19500.0,6500.0,1,0,0,1,1,0,2.0,2,0,0,26.338017525,8.779339175,0.26338017525,0.07407407407407407,0.3251607101851852,0.6666666666666666,2.926446391666667,470.0,352.5,0,0,2.5,0.7071067811865476,2,3,2,2.5,2.1213203435596424,8.779339175,0.0,65750.0,17324.116139070415,3.0,0.0,1430.0,2.0,1.0,2.7465307216702737,1.238993430992954,1,1,1,3.0,0.0,3,3,1,1.0,0.0,78000.0,0.0,3.0,0.0,1410.0,8.779339175,0.6931471805599453,0,0,1,0,0.0,1.0,1,0.0,1.0,0,0,0.0,0.0,0.0,3.0,1,0,0,0,Medium,Moderate,Weekend,VeryHigh,Fair,3,1,0,3,2,4,0,3,3,7,2,29,1,3,1,1,1,0,2.0
491,677,352,4,Baga Beach,Goa,Beach,8.565346616,Nov-Mar,149,4,"Beaches, Historical",1,0,15000,5,36-45,Knee Pain,Honeymoon,"Relaxation, Nightlife, Water Sports",Winter,"Crowds, sun exposure",Seafood,590,https://encrypted-tbn0.gstatic.com/images?q=tbn:ANd9GcQeseYB8OMIYAnzRmlYP6matYpojVkK9lRx0Wgn7x8BYcxvxjfwm4QrUxM&s=10,1,3000.0,15000.0,3000.0,0,1,0,0,0,0,4.0,0,1,0,34.261386464,34.261386464,1.37045545856,1.0,2.141336654,0.8,1.7130693231999998,118.0,590.0,0,0,3.0,1.4142135623730951,2,4,2,2.5,2.1213203435596424,8.565346616,0.0,42000.0,38183.76618407357,5.0,0.0,555.0,1.5,1.0,3.2958368660043287,0.660408825313113,1,0,1,4.0,0.0,4,4,1,4.0,0.0,15000.0,0.0,5.0,0.0,590.0,8.565346616,0.6931471805599453,1,0,0,1,0.0,1.0,1,0.0,1.0,0,0,0.0,0.0,0.0,4.0,1,0,0,0,Near,Budget,Week,VeryHigh,Good,1,2,0,2,2,3,2,3,0,14,3,3,2,0,0,1,2,1,4.0
726,94,225,1,Kodaikanal,Tamil Nadu,Nature,7.67865796,Sep-Mar,64,5,"City, Historical",2,0,61500,4,36-45,Asthma,Family Vacation,"Nature & Relaxation, Photography",Post-Monsoon,"Curvy roads, limited medical facilities",South Indian Cuisine,1300,https://encrypted-tbn0.gstatic.com/images?q=tbn:ANd9GcRR1MrvitA-PthZ_UMPeUYOYvzHFu6Olty-pnoL9EqaCl31ZwvMHSvu9OQ&s=10,2,15375.0,30750.0,7687.5,0,0,1,0,0,0,3.0,4,0,0,7.67865796,38.3932898,0.38393289799999997,0.183206106870229,0.4689256769465649,0.75,1.91966449,325.0,650.0,0,0,1.5,0.7071067811865476,1,2,2,5.0,0.0,7.67865796,0.0,61250.0,353.5533905932738,5.0,1.4142135623730951,1350.0,1.5,0.5,1.6479184330021643,1.238993430992954,1,1,0,1.6666666666666667,1.1547005383792517,1,3,3,4.666666666666667,0.5773502691896257,56000.0,13610.657588816199,4.333333333333333,0.5773502691896258,1410.0,8.08579548,1.3862943611198906,0,1,1,1,5500.0,0.9017874680809271,1,0.33333333333333304,0.9375,0,1,-0.6666666666666667,-0.40713752000000003,-110.0,2.0,2,1,0,0,Medium,Moderate,Week,High,Poor,4,4,1,2,0,2,1,1,1,15,14,18,1,3,0,0,3,0,3.0
823,415,878,3,Kodaikanal,Tamil Nadu,Nature,8.650437609,Apr-Jun,239,2,"Nature, Adventure",1,2,78000,4,18-25,Knee Pain,Adventure,"Trekking, Adventure Sports",Summer,"High altitude, physical exertion",South Indian Cuisine,1300,https://encrypted-tbn0.gstatic.com/images?q=tbn:ANd9GcRR1MrvitA-PthZ_UMPeUYOYvzHFu6Olty-pnoL9EqaCl31ZwvMHSvu9OQ&s=10,3,19500.0,26000.0,6500.0,1,0,0,1,0,0,2.5,1,0,0,25.951312827000002,17.300875218,0.51902625654,0.12195121951219512,0.421972566292683,0.625,2.16260940225,325.0,433.3333333333333,0,0,2.0,1.4142135623730951,1,3,2,3.0,1.4142135623730951,8.650437609,0.0,95750.0,25102.290732122437,3.0,1.4142135623730951,1390.0,1.5,2.0,2.197224577336219,0.660408825313113,1,1,1,3.5,0.7071067811865476,3,4,2,1.5,0.7071067811865476,78000.0,0.0,3.0,1.4142135623730951,1500.0,8.3921279,1.0986122886681096,1,0,1,0,0.0,1.0,1,1.0,0.75,0,1,-0.5,0.2583097090000006,-200.0,3.0,1,0,0,0,Medium,Moderate,Week,VeryHigh,Fair,4,0,2,0,2,0,4,2,2,15,14,18,1,3,0,1,1,0,2.5
892,586,76,4,Konark Sun Temple,Odisha,Historical,7.569722658,Nov-Feb,29,4,"Beaches, Historical",2,0,45000,4,36-45,Knee Pain,Leisure,"Cultural Exploration, Photography",Winter,"Long walking distances, crowd congestion",Odia Cuisine,1700,https://cdn.britannica.com/19/251919-050-D3E64798/konark-sun-temple-orissa-india-unesco-heritage-site.jpg,2,11250.0,22500.0,5625.0,0,0,1,0,0,0,4.0,0,1,0,30.278890632,30.278890632,1.21115562528,0.32653061224489793,0.6179365435102041,1.0,1.8924306645,425.0,850.0,0,0,2.5,2.1213203435596424,1,4,2,4.0,0.0,7.569722658,0.0,53500.0,12020.815280171308,4.0,0.0,1400.0,2.0,0.0,2.7465307216702737,0.450182704578985,1,1,0,3.6666666666666665,1.5275252316519468,2,5,3,3.6666666666666665,1.5275252316519465,54666.666666666664,8736.894948054105,4.0,1.0,1203.3333333333333,8.012650463666667,1.3862943611198906,1,0,1,0,9666.666666666664,0.8231739663298843,1,0.0,1.0,1,0,0.3333333333333335,-0.4429278056666668,496.66666666666674,4.5,2,1,0,0,Far,Economy,Week,High,Good,3,1,0,2,2,4,0,3,3,11,11,20,0,1,0,0,2,1,4.0
419,863,503,2,Bangalore,Karnataka,City,7.528856525,Oct-Mar,926,5,"Nature, Adventure",1,2,58000,5,18-25,High Blood Pressure,Business,"Shopping, Food & Local Cuisine",All seasons,"Traffic congestion, pollution",Multi Cuisine,980,https://media.istockphoto.com/id/1382384282/photo/bangalore-or-bengaluru.jpg,3,11600.0,19333.333333333332,3866.6666666666665,1,0,0,1,0,0,3.5,3,0,0,15.05771305,37.644282625,0.7528856525000001,0.2777777777777778,0.5975282956349207,0.7,1.5057713050000001,196.0,326.6666666666667,0,0,2.0,0.0,2,2,1,5.0,0.0,7.528856525,0.0,58000.0,0.0,5.0,0.0,980.0,1.0,2.0,1.3862943611198906,10.0,0,1,1,2.5,0.7071067811865476,2,3,2,4.5,0.7071067811865476,49750.0,11667.261889578034,4.0,1.4142135623730951,1190.0,8.22106274,1.0986122886681096,0,1,0,0,8250.0,0.8341741874535185,1,1.0,0.8,0,1,-0.5,-0.6922062150000006,-210.0,2.0,1,0,0,0,Medium,Moderate,Week,High,Poor,2,3,2,0,1,1,3,0,4,8,6,4,1,3,0,0,3,0,3.5
585,734,929,2,Spiti Valley,Himachal Pradesh,Nature,8.248600726,Sep-Mar,770,3,"Nature, Adventure",1,1,65500,5,26-35,Asthma,Family Vacation,"Nature & Relaxation, Photography",Post-Monsoon,"Curvy roads, limited medical facilities",Himachali Cuisine,2000,https://storage.googleapis.com/stateless-www-justwravel-com/2021/05/1550217293_shutterstock_1129297934.jpg.jpg,2,13100.0,32750.0,6550.0,1,0,0,1,0,0,2.5,1,0,0,16.497201452,24.745802177999998,0.49491604355999996,0.1773049645390071,0.5850071436879433,0.5,1.6497201451999999,400.0,1000.0,0,0,2.0,0.0,2,2,1,3.0,0.0,8.248600726,0.0,65500.0,0.0,5.0,0.0,2000.0,1.0,1.0,1.3862943611198906,10.0,0,1,1,2.0,0.0,2,2,1,3.0,0.0,65500.0,0.0,5.0,0.0,2000.0,8.248600726,0.6931471805599453,0,1,1,1,0.0,1.0,1,0.0,1.0,0,0,0.0,0.0,0.0,2.0,1,0,0,0,Far,Moderate,Week,High,Poor,4,4,2,1,0,2,1,1,1,3,5,33,0,3,0,0,3,0,2.5
736,638,762,1,Chandigarh,Punjab,City,9.31511956,Oct-Mar,964,5,"City, Historical",2,0,32000,2,26-35,High Blood Pressure,Business,"Shopping, Food & Local Cuisine",All seasons,"Traffic congestion, pollution",Punjabi Cuisine,1650,https://s7ap1.scene7.com/is/image/incredibleindia/chandigarh-union-territory-1-city-ff,2,16000.0,16000.0,8000.0,0,0,1,0,0,0,3.0,4,0,0,9.31511956,46.5755978,0.46575597799999996,0.17647058823529413,0.5479482094117647,1.5,4.65755978,825.0,825.0,0,0,1.0,0.0,1,1,1,5.0,0.0,9.31511956,0.0,32000.0,0.0,2.0,0.0,1650.0,2.0,0.0,0.6931471805599453,10.0,0,0,0,1.0,0.0,1,1,1,5.0,0.0,32000.0,0.0,2.0,0.0,1650.0,9.31511956,0.6931471805599453,0,1,0,0,0.0,1.0,1,0.0,1.0,0,0,0.0,0.0,0.0,1.0,1,0,0,0,Far,Economy,Weekend,VeryHigh,Poor,2,3,1,1,1,1,3,0,4,12,12,7,0,1,1,1,3,0,3.0
322,905,516,4,Spiti Valley,Himachal Pradesh,Nature,8.13644499,Apr-Jun,921,4,"City, Historical",1,1,28500,6,36-45,Knee Pain,Adventure,"Trekking, Adventure Sports",Summer,"High altitude, physical exertion",Himachali Cuisine,2000,https://storage.googleapis.com/stateless-www-justwravel-com/2021/05/1550217293_shutterstock_1129297934.jpg.jpg,2,4750.0,14250.0,2375.0,1,0,0,1,0,0,4.0,0,1,0,32.54577996,32.54577996,1.3018311984,0.6956521739130435,1.4150339113043477,0.6666666666666666,1.3560741649999999,333.3333333333333,1000.0,0,0,4.0,0.0,4,4,1,4.0,0.0,8.13644499,0.0,28500.0,0.0,6.0,0.0,2000.0,1.0,1.0,2.772588722239781,10.0,0,0,1,4.0,0.0,4,4,1,4.0,0.0,28500.0,0.0,6.0,0.0,2000.0,8.13644499,0.6931471805599453,1,0,0,1,0.0,1.0,1,0.0,1.0,0,0,0.0,0.0,0.0,4.0,1,0,0,0,Far,Economy,Week,High,Good,4,0,1,2,2,0,4,2,2,3,5,33,0,1,0,0,2,1,4.0
486,456,968,2,Ajanta Caves,Maharashtra,Historical,7.509850241,Nov-Feb,567,5,"Nature, Adventure",1,2,59000,5,36-45,Knee Pain,Leisure,"Cultural Exploration, Photography",Winter,"Long walking distances, crowd congestion",Maharashtrian Cuisine,430,https://plus.unsplash.com/premium_photo-1697729588019-20a1f5a325d1,3,11800.0,19666.666666666668,3933.3333333333335,1,0,0,1,0,0,3.5,3,0,0,15.019700482,37.549251205,0.7509850240999999,0.2734375,0.586707050078125,0.7,1.5019700482,86.0,143.33333333333334,1,0,3.3333333333333335,1.5275252316519468,2,5,3,5.0,0.0,7.509850241,0.0,49500.0,18661.457606521522,5.0,2.0,1103.3333333333333,1.0,1.0,4.620981203732969,0.614429798415472,1,0,1,2.0,0.0,2,2,1,5.0,0.0,59000.0,0.0,5.0,0.0,430.0,7.509850241,0.6931471805599453,0,1,1,1,0.0,1.0,1,0.0,1.0,0,0,0.0,0.0,0.0,2.0,1,0,0,0,Near,Moderate,Week,High,Poor,3,1,2,2,2,4,0,3,3,6,10,1,2,3,0,0,3,0,3.5
19,849,69,1,Kodaikanal,Tamil Nadu,Nature,8.749274376,Sep-Mar,92,2,"City, Historical",1,0,25000,5,36-45,Asthma,Family Vacation,"Nature & Relaxation, Photography",Post-Monsoon,"Curvy roads, limited medical facilities",South Indian Cuisine,1300,https://encrypted-tbn0.gstatic.com/images?q=tbn:ANd9GcRR1MrvitA-PthZ_UMPeUYOYvzHFu6Olty-pnoL9EqaCl31ZwvMHSvu9OQ&s=10,1,5000.0,25000.0,5000.0,0,1,0,0,0,0,1.5,1,0,0,8.749274376,17.498548752,0.17498548752,0.25,1.4582123960000002,0.3,1.7498548752,260.0,1300.0,0,0,1.0,0.0,1,1,1,2.0,0.0,8.749274376,0.0,25000.0,0.0,5.0,0.0,1300.0,1.0,0.0,0.6931471805599453,10.0,0,0,0,1.0,0.0,1,1,1,2.0,0.0,25000.0,0.0,5.0,0.0,1300.0,8.749274376,0.6931471805599453,0,1,0,1,0.0,1.0,1,0.0,1.0,0,0,0.0,0.0,0.0,1.0,1,0,0,0,Medium,Budget,Week,VeryHigh,Poor,4,4,1,2,0,2,1,1,1,15,14,18,1,0,0,1,3,0,1.5
334,792,434,1,Kovalam Beach,Kerala,Beach,7.505628741,Nov-Mar,396,2,"Nature, Adventure",2,2,45000,5,26-35,Knee Pain,Honeymoon,"Relaxation, Nightlife, Water Sports",Winter,"Crowds, sun exposure",Seafood,1650,https://eastindiantraveller.com/wp-content/uploads/2021/01/kovalambeach.jpg,4,9000.0,11250.0,2250.0,1,0,0,1,1,0,1.5,1,0,0,7.505628741,15.011257482,0.15011257481999998,0.15,0.7505628741,0.3,1.5011257482,330.0,412.5,0,0,1.0,0.0,1,1,1,2.0,0.0,7.505628741,0.0,45000.0,0.0,5.0,0.0,1650.0,2.0,2.0,0.6931471805599453,10.0,0,0,1,1.0,0.0,1,1,1,2.0,0.0,45000.0,0.0,5.0,0.0,1650.0,7.505628741,0.6931471805599453,0,1,0,1,0.0,1.0,1,0.0,1.0,0,0,0.0,0.0,0.0,1.0,1,0,0,0,Far,Economy,Week,High,Poor,1,2,2,1,2,3,2,3,0,14,7,21,0,1,0,0,3,0,1.5
728,865,344,5,Spiti Valley,Himachal Pradesh,Nature,8.989187748,Apr-Jun,565,3,"Nature, Adventure",2,1,49000,3,46-60,Knee Pain,Adventure,"Trekking, Adventure Sports",Summer,"High altitude, physical exertion",Himachali Cuisine,2000,https://storage.googleapis.com/stateless-www-justwravel-com/2021/05/1550217293_shutterstock_1129297934.jpg.jpg,3,16333.333333333334,16333.333333333334,5444.444444444444,1,0,0,1,0,0,4.0,2,1,1,44.94593874,26.967563244000004,1.3483781622000002,0.23076923076923073,0.5186069854615385,1.3333333333333333,2.9963959160000004,666.6666666666666,666.6666666666666,0,0,4.0,1.4142135623730951,3,5,2,3.5,0.7071067811865476,8.989187748,0.0,43750.0,7424.621202458749,2.5,0.7071067811865476,1850.0,2.0,0.5,4.394449154672438,0.660408825313113,1,0,0,5.0,0.0,5,5,1,3.0,0.0,49000.0,0.0,3.0,0.0,2000.0,8.989187748,0.6931471805599453,1,0,0,0,0.0,1.0,1,0.0,1.0,0,0,0.0,0.0,0.0,5.0,1,0,0,0,Far,Economy,Weekend,VeryHigh,Excellent,4,0,2,3,2,0,4,2,2,3,5,33,0,1,1,1,0,0,4.0
261,180,544,5,Spiti Valley,Himachal Pradesh,Nature,8.091363134,Apr-Jun,763,4,"Beaches, Historical",1,1,28500,5,46-60,Knee Pain,Adventure,"Trekking, Adventure Sports",Summer,"High altitude, physical exertion",Himachali Cuisine,2000,https://storage.googleapis.com/stateless-www-justwravel-com/2021/05/1550217293_shutterstock_1129297934.jpg.jpg,2,5700.0,14250.0,2850.0,1,0,0,1,0,0,4.5,1,1,1,40.45681567,32.365452536,1.6182726267999998,0.6716417910447761,1.207666139402985,0.9,1.6182726268,400.0,1000.0,0,0,4.0,1.4142135623730951,3,5,2,3.0,1.4142135623730951,8.091363134,0.0,42500.0,19798.98987322333,5.5,0.7071067811865476,2000.0,1.5,1.0,4.394449154672438,0.660408825313113,1,0,1,5.0,0.0,5,5,2,4.5,0.7071067811865476,43000.0,20506.096654409877,5.5,0.7071067811865476,1735.0,8.357737676,1.0986122886681096,1,0,0,1,14500.0,0.6627985395688472,0,0.5,0.9230769230769231,0,0,0.0,-0.26637454199999944,265.0,5.0,1,0,0,0,Far,Economy,Week,High,Excellent,4,0,0,3,2,0,4,2,2,3,5,33,0,1,0,0,0,1,4.5
989,469,858,5,Munnar,Kerala,Nature,8.661784765,Sep-Mar,250,2,"City, Historical",1,2,69500,6,36-45,Asthma,Family Vacation,"Nature & Relaxation, Photography",Post-Monsoon,"Curvy roads, limited medical facilities",Kerala Cuisine,1480,https://images.unsplash.com/photo-1491497895121-1334fc14d8c9,3,11583.333333333334,23166.666666666668,3861.1111111111113,1,0,0,1,0,0,3.5,3,1,1,43.308923825,17.32356953,0.8661784765,0.2781456953642384,0.6883537561589403,0.5833333333333334,1.4436307941666666,246.66666666666666,493.3333333333333,0,0,5.0,0.0,5,5,1,2.0,0.0,8.661784765,0.0,69500.0,0.0,6.0,0.0,1480.0,1.0,2.0,3.4657359027997265,10.0,0,1,1,5.0,0.0,5,5,2,3.0,1.4142135623730951,63750.0,8131.727983645296,6.0,0.0,757.5,8.581504816999999,1.0986122886681096,1,0,1,1,5750.0,0.9098053363868802,1,0.0,1.0,0,0,0.0,0.08027994800000116,722.5,5.0,1,0,0,0,Medium,Moderate,Week,VeryHigh,Excellent,4,4,1,2,0,2,1,1,1,5,7,26,1,3,0,1,0,0,3.5
884,76,821,4,Ellora Caves,Maharashtra,Historical,9.019776841,Nov-Feb,469,2,"Nature, Adventure",1,2,72000,6,36-45,Knee Pain,Leisure,"Cultural Exploration, Photography",Winter,"Long walking distances, crowd congestion",Maharashtrian Cuisine,340,https://indiaholidaymall.com/images/blog/Ellora-Caves-Unesco-World-Heritage-Site.jpg,3,12000.0,24000.0,4000.0,1,0,0,1,0,0,3.0,2,1,0,36.079107364,18.039553682,0.72158214728,0.23076923076923078,0.6938289877692309,0.5,1.5032961401666667,56.666666666666664,113.33333333333333,1,0,4.0,0.0,4,4,1,2.0,0.0,9.019776841,0.0,72000.0,0.0,6.0,0.0,340.0,1.0,2.0,2.772588722239781,10.0,0,1,1,3.5,0.7071067811865476,3,4,2,2.5,0.7071067811865476,62000.0,14142.13562373095,5.5,0.7071067811865476,1420.0,8.332120136,1.0986122886681096,1,0,1,1,10000.0,0.8387122788342123,1,0.5,0.9230769230769231,1,0,0.5,0.6876567050000002,-1080.0,4.0,1,0,0,0,Near,Moderate,Week,VeryHigh,Good,3,1,2,2,2,4,0,3,3,6,10,10,2,3,0,1,2,0,3.0
168,426,338,1,Fatehpur Sikri,Uttar Pradesh,Historical,7.742346086,Nov-Feb,436,5,"Nature, Adventure",2,1,53000,6,46-60,Knee Pain,Leisure,"Cultural Exploration, Photography",Winter,"Long walking distances, crowd congestion",Mughlai Cuisine,1450,https://images.unsplash.com/photo-1717761558642-32cbeccbee7e,3,8833.333333333334,17666.666666666668,2944.444444444445,1,0,0,1,0,0,3.0,4,0,0,7.742346086,38.71173043,0.3871173043,0.30508474576271183,0.7873572290847457,0.5,1.2903910143333335,241.66666666666666,483.3333333333333,0,0,1.0,0.0,1,1,1,5.0,0.0,7.742346086,0.0,53000.0,0.0,6.0,0.0,1450.0,2.0,1.0,0.6931471805599453,10.0,0,1,1,1.0,0.0,1,1,2,5.0,0.0,40750.0,17324.116139070415,3.5,3.5355339059327378,1975.0,8.464696692,1.0986122886681096,0,1,0,0,12250.0,0.6993938799047876,0,2.5,0.4444444444444444,0,0,0.0,-0.722350606,-525.0,1.0,1,0,0,0,Medium,Moderate,Week,High,Poor,3,1,2,3,2,4,0,3,3,7,16,11,1,3,0,0,3,0,3.0
447,138,989,5,Kolkata,West Bengal,City,9.195643437,Oct-Mar,779,4,"Nature, Adventure",2,1,52500,6,26-35,High Blood Pressure,Business,"Shopping, Food & Local Cuisine",All seasons,"Traffic congestion, pollution",Bengali Cuisine,2050,https://encrypted-tbn0.gstatic.com/images?q=tbn:ANd9GcR7RyEWQTvFgkgjKGGCyk4MsFgdUZhpvExLEydL8FmtvfqAtgLceIK1K2mg&s=10,3,8750.0,17500.0,2916.6666666666665,1,0,0,1,0,0,4.5,1,1,1,45.978217185,36.782573748,1.8391286874,0.46153846153846156,0.9431429166153845,0.75,1.5326072394999999,341.6666666666667,683.3333333333334,0,1,5.0,0.0,5,5,1,4.0,0.0,9.195643437,0.0,52500.0,0.0,6.0,0.0,2050.0,2.0,1.0,3.4657359027997265,10.0,0,1,1,4.0,1.7320508075688772,2,5,3,4.333333333333333,0.5773502691896258,44500.0,9165.15138991168,5.333333333333333,0.5773502691896257,1456.6666666666667,8.2653845,1.3862943611198906,1,0,0,1,8000.0,0.8202287589042943,1,0.666666666666667,0.894736842105263,1,0,1.0,0.9302589369999996,593.3333333333333,3.5,2,1,0,0,Far,Moderate,Week,VeryHigh,Excellent,2,3,2,1,1,1,3,0,4,0,18,19,0,3,0,1,0,1,4.5
835,668,794,2,Ahmedabad,Gujarat,City,7.593849734,Oct-Mar,853,4,"Nature, Adventure",2,1,70500,6,46-60,High Blood Pressure,Business,"Shopping, Food & Local Cuisine",All seasons,"Traffic congestion, pollution",Gujarati Cuisine,520,https://encrypted-tbn0.gstatic.com/images?q=tbn:ANd9GcTjjS0tleUkYu3JCgQn5BM0ooo_ueYok5FwDld1RJJHOQ&s=10,3,11750.0,23500.0,3916.6666666666665,1,0,0,1,0,0,3.0,2,0,0,15.187699468,30.375398936,0.60750797872,0.23529411764705882,0.5955960575686274,0.5,1.2656416223333333,86.66666666666667,173.33333333333334,0,0,2.0,0.0,2,2,1,4.0,0.0,7.593849734,0.0,70500.0,0.0,6.0,0.0,520.0,2.0,1.0,1.3862943611198906,10.0,0,1,1,2.0,0.0,2,2,1,4.0,0.0,70500.0,0.0,6.0,0.0,520.0,7.593849734,0.6931471805599453,0,1,1,1,0.0,1.0,1,0.0,1.0,0,0,0.0,0.0,0.0,2.0,1,0,0,0,Near,Moderate,Week,High,Poor,2,3,2,3,1,1,3,0,4,2,4,0,2,3,0,0,3,0,3.0
893,686,916,1,Taj Mahal,Uttar Pradesh,Historical,8.260858752,Nov-Feb,627,2,"Beaches, Historical",1,2,91000,4,36-45,Knee Pain,Leisure,"Cultural Exploration, Photography",Winter,"Long walking distances, crowd congestion",Mughlai Cuisine,1470,https://upload.wikimedia.org/wikipedia/commons/1/1d/Taj_Mahal_%28Edited%29.jpeg,3,22750.0,30333.333333333332,7583.333333333333,1,0,0,1,0,0,1.5,1,0,0,8.260858752,16.521717504,0.16521717504000002,0.06315789473684211,0.34782563166315794,0.375,2.065214688,367.5,490.0,0,0,1.0,0.0,1,1,1,2.0,0.0,8.260858752,0.0,91000.0,0.0,4.0,0.0,1470.0,1.0,2.0,0.6931471805599453,10.0,0,1,1,2.6666666666666665,1.5275252316519468,1,4,3,1.6666666666666667,0.5773502691896257,82500.0,10331.989159885912,4.333333333333333,0.5773502691896258,1266.6666666666667,8.522248025666666,1.3862943611198906,0,1,1,1,8500.0,0.8969709458067174,1,0.33333333333333304,0.9375,0,1,-1.6666666666666665,-0.26138927366666564,203.33333333333326,1.0,1,0,0,0,Medium,Premium,Week,High,Poor,3,1,0,2,2,4,0,3,3,7,16,34,1,4,0,0,3,0,1.5
650,547,828,1,Tarkarli Beach,Maharashtra,Beach,8.645510419,Nov-Mar,434,2,"City, Historical",2,2,85000,2,46-60,Knee Pain,Honeymoon,"Relaxation, Nightlife, Water Sports",Winter,"Crowds, sun exposure",Seafood,520,https://encrypted-tbn0.gstatic.com/images?q=tbn:ANd9GcRmtn0Vsfvni1NmF01OGM9ahIFZcrRqMoNKSjV1xzIEbR5CCG-tr4PumVg&s=10,4,42500.0,21250.0,10625.0,1,0,0,1,1,0,1.5,1,0,0,8.645510419,17.291020838,0.17291020838,0.034482758620689655,0.198747365954023,0.75,4.3227552095,260.0,130.0,0,0,1.5,0.7071067811865476,1,2,2,1.5,0.7071067811865476,8.645510419,0.0,50000.0,49497.474683058324,2.5,0.7071067811865476,930.0,1.5,1.0,1.6479184330021643,1.238993430992954,1,0,1,1.0,0.0,1,1,2,2.0,0.0,81000.0,5656.85424949238,3.0,1.4142135623730951,555.0,8.2350606645,1.0986122886681096,0,1,1,0,4000.0,0.9506178936062518,1,1.0,0.75,0,0,0.0,0.4104497545000001,-35.0,1.0,2,1,0,0,Near,Premium,Weekend,VeryHigh,Poor,1,2,1,3,2,3,2,3,0,14,10,35,2,4,1,1,3,0,1.5
514,31,418,3,Fatehpur Sikri,Uttar Pradesh,Historical,8.534267494,Nov-Feb,373,4,"Beaches, Historical",1,2,65500,6,18-25,Knee Pain,Leisure,"Cultural Exploration, Photography",Winter,"Long walking distances, crowd congestion",Mughlai Cuisine,1450,https://images.unsplash.com/photo-1717761558642-32cbeccbee7e,3,10916.666666666666,21833.333333333332,3638.8888888888887,1,0,0,1,0,0,3.5,1,0,0,25.602802482,34.137069976,1.0241120992800001,0.2937062937062937,0.7161623071888112,0.5833333333333334,1.4223779156666667,241.66666666666666,483.3333333333333,0,0,3.0,0.0,3,3,1,4.0,0.0,8.534267494,0.0,65500.0,0.0,6.0,0.0,1450.0,1.0,2.0,2.0794415416798357,10.0,0,1,1,2.25,0.5,2,3,4,4.25,0.5,71375.0,12099.41458638943,5.5,1.2909944487358056,1758.75,8.1969980655,1.6094379124341003,0,1,1,1,5875.0,0.9176894194126878,1,0.5,0.9230769230769231,1,0,0.75,0.3372694284999991,-308.75,3.0,1,0,0,0,Medium,Moderate,Week,VeryHigh,Fair,3,1,0,0,2,4,0,3,3,7,16,11,1,3,0,1,1,0,3.5
946,626,446,1,Fatehpur Sikri,Uttar Pradesh,Historical,7.649857558,Nov-Feb,105,2,"Nature, Adventure",2,2,78000,4,46-60,Knee Pain,Leisure,"Cultural Exploration, Photography",Winter,"Long walking distances, crowd congestion",Mughlai Cuisine,1450,https://images.unsplash.com/photo-1717761558642-32cbeccbee7e,4,19500.0,19500.0,4875.0,1,0,0,1,1,0,1.5,1,0,0,7.649857558,15.299715116,0.15299715116,0.07317073170731707,0.37316378331707317,0.375,1.9124643895,362.5,362.5,0,0,1.0,0.0,1,1,1,2.0,0.0,7.649857558,0.0,78000.0,0.0,4.0,0.0,1450.0,2.0,2.0,0.6931471805599453,10.0,0,1,1,1.0,0.0,1,1,2,2.5,0.7071067811865476,73750.0,6010.407640085654,3.0,1.4142135623730951,1275.0,7.831053751500001,1.0986122886681096,0,1,1,0,4250.0,0.9423736627299969,1,1.0,0.75,0,0,0.0,-0.18119619350000082,175.0,1.0,2,1,0,0,Medium,Moderate,Week,High,Poor,3,1,2,3,2,4,0,3,3,7,16,11,1,3,0,0,3,0,1.5
665,364,165,3,Kodaikanal,Tamil Nadu,Nature,8.029543991,Sep-Mar,519,2,"City, Historical",2,0,48000,2,46-60,Asthma,Family Vacation,"Nature & Relaxation, Photography",Post-Monsoon,"Curvy roads, limited medical facilities",South Indian Cuisine,1300,https://encrypted-tbn0.gstatic.com/images?q=tbn:ANd9GcRR1MrvitA-PthZ_UMPeUYOYvzHFu6Olty-pnoL9EqaCl31ZwvMHSvu9OQ&s=10,2,24000.0,24000.0,12000.0,0,0,1,0,0,0,2.5,1,0,0,24.088631973000002,16.059087982,0.48177263946000004,0.1,0.32118175964,1.25,4.0147719955,650.0,650.0,0,0,4.0,1.4142135623730951,3,5,2,1.5,0.7071067811865476,8.029543991,0.0,48000.0,0.0,2.5,0.7071067811865476,1240.0,2.0,0.0,4.394449154672438,0.660408825313113,1,0,0,3.8,1.3038404810405297,2,5,5,3.4,0.8944271909999159,49600.0,4560.701700396552,4.4,2.3021728866442674,1222.0,8.294879187000001,1.791759469228055,1,0,0,1,1600.0,0.967742585834963,1,2.4000000000000004,0.5555555555555556,0,1,-0.7999999999999998,-0.26533519600000055,78.0,3.5,2,1,0,0,Medium,Economy,Weekend,High,Fair,4,4,1,3,0,2,1,1,1,15,14,18,1,1,1,0,1,0,2.5
409,795,537,4,Manali,Himachal Pradesh,Adventure,8.189514728,Apr-Jun,287,2,"City, Historical",2,0,38500,3,36-45,Knee Pain,Adventure,"Trekking, Adventure Sports",Summer,"High altitude, physical exertion",Himachali Cuisine,1850,https://dynamic-media-cdn.tripadvisor.com/media/photo-o/0c/b2/79/37/solang-valley-manali.jpg,2,12833.333333333334,19250.0,6416.666666666667,0,0,1,0,0,0,3.0,2,1,0,32.758058912,16.379029456,0.6551611782400001,0.21686746987951808,0.5920131128674699,1.0,2.7298382426666667,616.6666666666666,925.0,0,0,3.0,1.0,2,4,3,3.0,1.0,8.189514728,0.0,49000.0,32546.121120649692,4.666666666666667,2.081665999466133,2150.0,1.3333333333333333,0.6666666666666666,4.1588830833596715,0.9090909090909091,1,0,1,4.0,0.0,4,4,1,2.0,0.0,38500.0,0.0,3.0,0.0,1850.0,8.189514728,0.6931471805599453,1,0,0,0,0.0,1.0,1,0.0,1.0,0,0,0.0,0.0,0.0,4.0,1,0,0,0,Far,Economy,Weekend,High,Good,0,0,1,2,2,0,4,2,2,3,5,23,0,1,1,0,2,0,3.0
271,635,769,1,Ooty,Tamil Nadu,Nature,8.512680032,Apr-Jun,236,1,"Beaches, Historical",2,1,42000,5,36-45,Knee Pain,Adventure,"Trekking, Adventure Sports",Summer,"High altitude, physical exertion",South Indian Cuisine,1180,https://t3.ftcdn.net/jpg/05/09/58/00/360_F_509580096_YjyHXMHyTm9OOkjUQS4kOxDXkxbOMWYi.jpg,3,8400.0,14000.0,2800.0,1,0,0,1,0,0,1.0,0,0,0,8.512680032,8.512680032,0.08512680032,0.10638297872340426,0.9056042587234042,0.2,1.7025360064000001,236.0,393.3333333333333,0,0,1.0,0.0,1,1,1,1.0,0.0,8.512680032,0.0,42000.0,0.0,5.0,0.0,1180.0,2.0,1.0,0.6931471805599453,10.0,0,0,1,1.0,0.0,1,1,1,1.0,0.0,42000.0,0.0,5.0,0.0,1180.0,8.512680032,0.6931471805599453,0,1,0,1,0.0,1.0,1,0.0,1.0,0,0,0.0,0.0,0.0,1.0,1,0,0,0,Medium,Economy,Week,VeryHigh,Poor,4,0,0,2,2,0,4,2,2,15,14,27,1,1,0,1,3,0,1.0
550,915,700,5,Kodaikanal,Tamil Nadu,Nature,7.851121958,Apr-Jun,535,3,"Beaches, Historical",1,2,78000,3,18-25,Knee Pain,Adventure,"Trekking, Adventure Sports",Summer,"High altitude, physical exertion",South Indian Cuisine,1300,https://encrypted-tbn0.gstatic.com/images?q=tbn:ANd9GcRR1MrvitA-PthZ_UMPeUYOYvzHFu6Olty-pnoL9EqaCl31ZwvMHSvu9OQ&s=10,3,26000.0,26000.0,8666.666666666666,1,0,0,1,0,0,4.0,2,1,1,39.25560979,23.553365874,1.1776682937,0.14814814814814814,0.29078229474074074,1.3333333333333333,2.6170406526666667,433.3333333333333,433.3333333333333,0,0,3.5,2.1213203435596424,2,5,2,2.0,1.4142135623730951,7.851121958,0.0,60750.0,24395.18395093589,4.5,2.1213203435596424,1850.0,1.5,1.0,3.8451430103383837,0.450182704578985,1,1,1,4.5,0.7071067811865476,4,5,2,3.5,0.7071067811865476,78000.0,0.0,3.0,0.0,1500.0,8.6290567945,1.0986122886681096,1,0,1,0,0.0,1.0,1,0.0,1.0,1,0,0.5,-0.7779348365000001,-200.0,5.0,1,0,0,0,Medium,Moderate,Weekend,High,Excellent,4,0,0,0,2,0,4,2,2,15,14,18,1,3,1,0,0,0,4.0
400,463,104,3,Ahmedabad,Gujarat,City,8.981270231,Oct-Mar,635,2,"Nature, Adventure",2,1,76500,2,18-25,High Blood Pressure,Business,"Shopping, Food & Local Cuisine",All seasons,"Traffic congestion, pollution",Gujarati Cuisine,520,https://encrypted-tbn0.gstatic.com/images?q=tbn:ANd9GcTjjS0tleUkYu3JCgQn5BM0ooo_ueYok5FwDld1RJJHOQ&s=10,3,38250.0,25500.0,12750.0,1,0,0,1,0,0,2.5,1,0,0,26.943810693,17.962540462,0.53887621386,0.06369426751592357,0.22882217149044587,1.25,4.4906351155,260.0,173.33333333333334,0,0,3.0,0.0,3,3,1,2.0,0.0,8.981270231,0.0,76500.0,0.0,2.0,0.0,520.0,2.0,1.0,2.0794415416798357,10.0,0,1,1,3.0,0.0,3,3,1,2.0,0.0,76500.0,0.0,2.0,0.0,520.0,8.981270231,0.6931471805599453,0,0,1,0,0.0,1.0,1,0.0,1.0,0,0,0.0,0.0,0.0,3.0,1,0,0,0,Near,Moderate,Weekend,VeryHigh,Fair,2,3,2,0,1,1,3,0,4,2,4,0,2,3,1,1,1,0,2.5
45,763,535,3,Kolkata,West Bengal,City,8.902575504,Oct-Mar,317,5,"Beaches, Historical",1,2,46000,5,26-35,High Blood Pressure,Business,"Shopping, Food & Local Cuisine",All seasons,"Traffic congestion, pollution",Bengali Cuisine,2050,https://encrypted-tbn0.gstatic.com/images?q=tbn:ANd9GcR7RyEWQTvFgkgjKGGCyk4MsFgdUZhpvExLEydL8FmtvfqAtgLceIK1K2mg&s=10,3,9200.0,15333.333333333334,3066.6666666666665,1,0,0,1,0,0,4.0,2,0,0,26.707726512,44.512877519999996,1.3353863256,0.3921568627450981,0.87280152,0.8,1.7805151008,410.0,683.3333333333334,0,1,3.0,0.0,3,3,1,5.0,0.0,8.902575504,0.0,46000.0,0.0,5.0,0.0,2050.0,1.0,2.0,2.0794415416798357,10.0,0,0,1,3.0,0.0,3,3,1,5.0,0.0,46000.0,0.0,5.0,0.0,2050.0,8.902575504,0.6931471805599453,0,0,0,1,0.0,1.0,1,0.0,1.0,0,0,0.0,0.0,0.0,3.0,1,0,0,0,Far,Economy,Week,VeryHigh,Fair,2,3,0,1,1,1,3,0,4,0,18,19,0,1,0,1,1,0,4.0
284,693,316,1,Chandigarh,Punjab,City,8.397475309,Oct-Mar,975,4,"Beaches, Historical",2,0,56000,4,46-60,High Blood Pressure,Business,"Shopping, Food & Local Cuisine",All seasons,"Traffic congestion, pollution",Punjabi Cuisine,1650,https://s7ap1.scene7.com/is/image/incredibleindia/chandigarh-union-territory-1-city-ff,2,14000.0,28000.0,7000.0,0,0,1,0,0,0,2.5,3,0,0,8.397475309,33.589901236,0.33589901236,0.16666666666666666,0.5598316872666668,0.625,2.09936882725,412.5,825.0,0,0,3.3333333333333335,2.0816659994661326,1,5,3,2.0,1.7320508075688772,8.397475309,0.0,33333.333333333336,20256.68613898466,5.0,1.0,1613.3333333333333,1.3333333333333333,0.0,4.620981203732969,0.458365304425474,1,0,0,1.0,0.0,1,1,1,4.0,0.0,56000.0,0.0,4.0,0.0,1650.0,8.397475309,0.6931471805599453,0,1,1,0,0.0,1.0,1,0.0,1.0,0,0,0.0,0.0,0.0,1.0,1,0,0,0,Far,Moderate,Week,High,Poor,2,3,0,3,1,1,3,0,4,12,12,7,0,3,0,0,3,0,2.5
584,902,295,1,Baga Beach,Goa,Beach,9.115849499,Nov-Mar,916,2,"Beaches, Historical",1,0,17000,6,36-45,Knee Pain,Honeymoon,"Relaxation, Nightlife, Water Sports",Winter,"Crowds, sun exposure",Seafood,590,https://encrypted-tbn0.gstatic.com/images?q=tbn:ANd9GcQeseYB8OMIYAnzRmlYP6matYpojVkK9lRx0Wgn7x8BYcxvxjfwm4QrUxM&s=10,1,2833.3333333333335,17000.0,2833.3333333333335,0,1,0,0,0,0,1.5,1,0,0,9.115849499,18.231698998,0.18231698997999998,0.3913043478260869,2.378047695391304,0.25,1.5193082498333332,98.33333333333333,590.0,0,0,1.0,0.0,1,1,1,2.0,0.0,9.115849499,0.0,17000.0,0.0,6.0,0.0,590.0,1.0,0.0,0.6931471805599453,10.0,0,0,0,1.5,0.7071067811865476,1,2,2,1.5,0.7071067811865476,16000.0,1414.213562373095,4.5,2.1213203435596424,965.0,8.880679959,1.0986122886681096,0,1,0,1,1000.0,0.9375039060058746,1,1.5,0.7272727272727273,0,1,-0.5,0.23516953999999934,-375.0,1.5,2,1,0,0,Near,Budget,Week,VeryHigh,Poor,1,2,0,2,2,3,2,3,0,14,3,3,2,0,0,1,3,0,1.5
885,920,40,3,Munnar,Kerala,Nature,7.58467963,Apr-Jun,654,5,"Beaches, Historical",1,1,28500,4,36-45,Knee Pain,Adventure,"Trekking, Adventure Sports",Summer,"High altitude, physical exertion",Kerala Cuisine,1480,https://images.unsplash.com/photo-1491497895121-1334fc14d8c9,2,7125.0,14250.0,3562.5,1,0,0,1,0,0,4.0,2,0,0,22.75403889,37.92339815,1.1377019445,0.49230769230769234,0.9334990313846154,1.0,1.8961699075,370.0,740.0,0,0,3.0,0.0,3,3,1,5.0,0.0,7.58467963,0.0,28500.0,0.0,4.0,0.0,1480.0,1.0,1.0,2.0794415416798357,10.0,0,0,1,2.5,0.7071067811865476,2,3,2,5.0,0.0,34250.0,8131.727983645296,5.0,1.4142135623730951,1590.0,7.656396853,1.0986122886681096,0,1,0,1,5750.0,0.8321216898776678,1,1.0,0.8333333333333334,1,0,0.5,-0.07171722300000027,-110.0,3.0,1,0,0,0,Medium,Economy,Week,High,Fair,4,0,0,2,2,0,4,2,2,5,7,26,1,1,0,0,1,0,4.0
37,390,560,1,Munnar,Kerala,Nature,8.854728504,Apr-Jun,657,4,"Nature, Adventure",1,1,43000,6,46-60,Knee Pain,Adventure,"Trekking, Adventure Sports",Summer,"High altitude, physical exertion",Kerala Cuisine,1480,https://images.unsplash.com/photo-1491497895121-1334fc14d8c9,2,7166.666666666667,21500.0,3583.3333333333335,1,0,0,1,0,0,2.5,3,0,0,8.854728504,35.418914016,0.35418914016,0.3061224489795918,1.0842524698775509,0.4166666666666667,1.4757880840000002,246.66666666666666,740.0,0,0,2.0,1.4142135623730951,1,3,2,4.0,0.0,8.854728504,0.0,45750.0,3889.0872965260114,5.0,1.4142135623730951,1840.0,1.5,0.5,2.197224577336219,0.660408825313113,1,0,0,2.0,1.4142135623730951,1,3,2,4.5,0.7071067811865476,38250.0,6717.514421272202,6.0,0.0,1690.0,8.749819935000001,1.0986122886681096,0,1,0,1,4750.0,0.8758202399937256,1,0.0,1.0,0,1,-1.0,0.10490856899999912,-210.0,2.0,2,1,0,0,Medium,Economy,Week,VeryHigh,Poor,4,0,2,3,2,0,4,2,2,5,7,26,1,1,0,1,3,0,2.5
831,287,126,3,Gokarna Beach,Karnataka,Beach,9.171525351,Nov-Mar,983,2,"City, Historical",1,0,19000,4,18-25,Knee Pain,Honeymoon,"Relaxation, Nightlife, Water Sports",Winter,"Crowds, sun exposure",Seafood,680,https://realtalktravel.com/wp-content/uploads/Om-Beach-Gokarna.webp,1,4750.0,19000.0,4750.0,0,1,0,0,0,0,2.5,1,0,0,27.514576053,18.343050702,0.55029152106,0.43478260869565216,1.5950478871304348,0.625,2.29288133775,170.0,680.0,0,0,3.0,0.0,3,3,1,2.0,0.0,9.171525351,0.0,19000.0,0.0,4.0,0.0,680.0,1.0,0.0,2.0794415416798357,10.0,0,0,0,3.75,0.9574271077563381,3,5,4,2.5,1.0,22000.0,4020.7793606049395,3.25,0.957427107756338,1582.5,8.763474082,1.6094379124341003,1,0,0,0,3000.0,0.8636425617017408,1,0.75,0.8235294117647058,0,1,-0.75,0.40805126899999955,-902.5,3.0,1,0,0,0,Near,Budget,Week,VeryHigh,Fair,1,2,1,0,2,3,2,3,0,14,6,12,2,0,0,1,1,0,2.5
580,384,320,2,Valley of Flowers,Uttarakhand,Nature,8.632562616,Sep-Mar,168,1,"Nature, Adventure",2,0,38500,6,18-25,Asthma,Family Vacation,"Nature & Relaxation, Photography",Post-Monsoon,"Curvy roads, limited medical facilities",North Indian Cuisine,1900,https://encrypted-tbn0.gstatic.com/images?q=tbn:ANd9GcSKohlQ-J1CgxwCnc1mL62LM__eo7IDPvD9Hm4v1DnS8PQfNYx8O_lBtpoE&s=10,2,6416.666666666667,19250.0,3208.3333333333335,0,0,1,0,0,0,1.5,1,0,0,17.265125232,8.632562616,0.17265125232,0.20224719101123595,1.1639410268764043,0.25,1.438760436,316.6666666666667,950.0,0,0,2.0,0.0,2,2,1,1.0,0.0,8.632562616,0.0,38500.0,0.0,6.0,0.0,1900.0,2.0,0.0,1.3862943611198906,10.0,0,0,0,2.0,0.0,2,2,1,1.0,0.0,38500.0,0.0,6.0,0.0,1900.0,8.632562616,0.6931471805599453,0,1,0,1,0.0,1.0,1,0.0,1.0,0,0,0.0,0.0,0.0,2.0,1,0,0,0,Far,Economy,Week,VeryHigh,Poor,4,4,2,0,0,2,1,1,1,10,17,37,0,1,0,1,3,0,1.5
958,249,620,3,Tawang,Arunachal Pradesh,Nature,8.894284044,Sep-Mar,624,3,"Nature, Adventure",2,0,43000,2,18-25,Asthma,Family Vacation,"Nature & Relaxation, Photography",Post-Monsoon,"Curvy roads, limited medical facilities",North East Cuisine,3000,https://s7ap1.scene7.com/is/image/incredibleindia/sela-pass-tawang-arunachal-pradesh-blog-ntr-hero,2,21500.0,21500.0,10750.0,0,0,1,0,0,0,3.0,0,0,0,26.682852132,26.682852132,0.8004855639600001,0.13333333333333333,0.3953015130666667,1.5,4.447142022,1500.0,1500.0,0,1,3.0,0.0,3,3,1,3.0,0.0,8.894284044,0.0,43000.0,0.0,2.0,0.0,3000.0,2.0,0.0,2.0794415416798357,10.0,0,0,0,3.0,2.0,1,5,3,4.0,1.0,52500.0,12010.412149464313,4.0,1.7320508075688772,2060.0,8.598006613666668,1.3862943611198906,0,0,0,0,9500.0,0.8190510656939868,1,2.0,0.6,0,0,0.0,0.2962774303333333,940.0,4.0,2,1,0,0,Far,Economy,Weekend,VeryHigh,Fair,4,4,2,0,0,2,1,1,1,9,1,36,0,1,1,1,1,0,3.0
576,134,35,4,Ooty,Tamil Nadu,Nature,7.743269418,Sep-Mar,977,3,"Nature, Adventure",2,1,56500,4,36-45,Asthma,Family Vacation,"Nature & Relaxation, Photography",Post-Monsoon,"Curvy roads, limited medical facilities",South Indian Cuisine,1180,https://t3.ftcdn.net/jpg/05/09/58/00/360_F_509580096_YjyHXMHyTm9OOkjUQS4kOxDXkxbOMWYi.jpg,3,14125.0,18833.333333333332,4708.333333333333,1,0,0,1,0,0,3.5,1,1,0,30.973077672,23.229808253999998,0.9291923301599999,0.23140495867768596,0.5119516970578513,0.875,1.9358173545,295.0,393.3333333333333,0,0,4.0,0.0,4,4,1,3.0,0.0,7.743269418,0.0,56500.0,0.0,4.0,0.0,1180.0,2.0,1.0,2.772588722239781,10.0,0,1,1,4.0,0.0,4,4,1,3.0,0.0,56500.0,0.0,4.0,0.0,1180.0,7.743269418,0.6931471805599453,1,0,1,0,0.0,1.0,1,0.0,1.0,0,0,0.0,0.0,0.0,4.0,1,0,0,0,Medium,Moderate,Week,High,Good,4,4,2,2,0,2,1,1,1,15,14,27,1,3,0,0,2,0,3.5
401,714,291,5,Ooty,Tamil Nadu,Nature,8.655670235,Sep-Mar,675,1,"City, Historical",2,1,91000,4,46-60,Asthma,Family Vacation,"Nature & Relaxation, Photography",Post-Monsoon,"Curvy roads, limited medical facilities",South Indian Cuisine,1180,https://t3.ftcdn.net/jpg/05/09/58/00/360_F_509580096_YjyHXMHyTm9OOkjUQS4kOxDXkxbOMWYi.jpg,3,22750.0,30333.333333333332,7583.333333333333,1,0,0,1,0,0,3.0,4,1,1,43.278351175000005,8.655670235,0.43278351175000007,0.12631578947368421,0.3644492730526316,0.75,2.16391755875,295.0,393.3333333333333,0,0,5.0,0.0,5,5,1,1.0,0.0,8.655670235,0.0,91000.0,0.0,4.0,0.0,1180.0,2.0,1.0,3.4657359027997265,10.0,0,1,1,5.0,0.0,5,5,1,1.0,0.0,91000.0,0.0,4.0,0.0,1180.0,8.655670235,0.6931471805599453,1,0,1,0,0.0,1.0,1,0.0,1.0,0,0,0.0,0.0,0.0,5.0,1,0,0,0,Medium,Premium,Week,VeryHigh,Excellent,4,4,1,3,0,2,1,1,1,15,14,27,1,4,0,1,0,0,3.0
121,486,415,5,Hampi Ruins,Karnataka,Historical,9.250030402,Nov-Feb,216,4,"Beaches, Historical",1,2,65500,2,18-25,Knee Pain,Leisure,"Cultural Exploration, Photography",Winter,"Long walking distances, crowd congestion",South Indian Cuisine,740,https://wegobond.com/wp-content/uploads/2018/01/hampi-banner.jpg,3,32750.0,21833.333333333332,10916.666666666666,1,0,0,1,0,0,4.5,1,1,1,46.25015201,37.000121608,1.8500060804,0.13333333333333333,0.27407497487407406,2.25,4.625015201,370.0,246.66666666666666,0,0,5.0,0.0,5,5,2,2.5,2.1213203435596424,9.250030402,0.0,46750.0,26516.50429449553,2.5,0.7071067811865476,740.0,1.0,1.0,5.493061443340547,10.0,1,0,1,5.0,0.0,5,5,1,4.0,0.0,65500.0,0.0,2.0,0.0,740.0,9.250030402,0.6931471805599453,1,0,1,0,0.0,1.0,1,0.0,1.0,0,0,0.0,0.0,0.0,5.0,1,0,0,0,Near,Moderate,Weekend,VeryHigh,Excellent,3,1,0,0,2,4,0,3,3,15,6,13,2,3,1,1,0,1,4.5
595,278,623,3,Hyderabad,Telangana,City,9.120385789,Oct-Mar,470,1,"Nature, Adventure",1,0,29000,2,26-35,High Blood Pressure,Business,"Shopping, Food & Local Cuisine",All seasons,"Traffic congestion, pollution",Hyderabadi Cuisine,710,https://t4.ftcdn.net/jpg/03/60/89/09/360_F_360890991_Ykybj5JO5HYBaqWeROz9cR2jWXN8HZxf.jpg,1,14500.0,29000.0,14500.0,0,1,0,0,0,0,2.0,2,0,0,27.361157367,9.120385789,0.27361157367,0.12903225806451613,0.5884119863870968,1.0,4.5601928945,355.0,710.0,0,0,3.0,0.0,3,3,1,1.0,0.0,9.120385789,0.0,29000.0,0.0,2.0,0.0,710.0,1.0,0.0,2.0794415416798357,10.0,0,0,0,3.0,0.0,3,3,1,1.0,0.0,29000.0,0.0,2.0,0.0,710.0,9.120385789,0.6931471805599453,0,0,0,0,0.0,1.0,1,0.0,1.0,0,0,0.0,0.0,0.0,3.0,1,0,0,0,Near,Economy,Weekend,VeryHigh,Fair,2,3,2,1,1,1,3,0,4,4,15,14,2,1,1,1,1,0,2.0
889,373,996,5,Delhi,Delhi,City,9.276956976,Oct-Mar,452,3,"City, Historical",1,1,51500,3,46-60,High Blood Pressure,Business,"Shopping, Food & Local Cuisine",All seasons,"Traffic congestion, pollution",Street Food,1410,https://encrypted-tbn0.gstatic.com/images?q=tbn:ANd9GcTFxblF-zkMM4NsiVuRyJ1Yx76TMcpdDWzU6zEf57y1aQ&s=10,2,17166.666666666668,25750.0,8583.333333333334,1,0,0,1,0,0,4.0,2,1,1,46.38478488,27.830870927999996,1.3915435463999999,0.2201834862385321,0.5106581821651376,1.3333333333333333,3.0923189919999996,470.0,705.0,0,0,4.5,0.7071067811865476,4,5,2,4.0,1.4142135623730951,9.276956976,0.0,51750.0,353.5533905932738,2.5,0.7071067811865476,1275.0,1.0,1.5,4.943755299006493,1.238993430992954,1,0,1,5.0,0.0,5,5,1,3.0,0.0,51500.0,0.0,3.0,0.0,1410.0,9.276956976,0.6931471805599453,1,0,0,0,0.0,1.0,1,0.0,1.0,0,0,0.0,0.0,0.0,5.0,1,0,0,0,Medium,Moderate,Weekend,VeryHigh,Excellent,2,3,1,3,1,1,3,0,4,16,2,9,1,3,1,1,0,0,4.0
209,214,949,1,Tawang,Arunachal Pradesh,Nature,8.3782447,Sep-Mar,509,5,"Beaches, Historical",2,2,111000,6,26-35,Asthma,Family Vacation,"Nature & Relaxation, Photography",Post-Monsoon,"Curvy roads, limited medical facilities",North East Cuisine,3000,https://s7ap1.scene7.com/is/image/incredibleindia/sela-pass-tawang-arunachal-pradesh-blog-ntr-hero,4,18500.0,27750.0,4625.0,1,0,0,1,1,0,3.0,4,0,0,8.3782447,41.891223499999995,0.41891223499999997,0.15384615384615385,0.42965357435897433,0.5,1.3963741166666666,500.0,750.0,0,1,1.0,0.0,1,1,1,5.0,0.0,8.3782447,0.0,111000.0,0.0,6.0,0.0,3000.0,2.0,2.0,0.6931471805599453,10.0,0,1,1,1.0,0.0,1,1,1,5.0,0.0,111000.0,0.0,6.0,0.0,3000.0,8.3782447,0.6931471805599453,0,1,1,1,0.0,1.0,1,0.0,1.0,0,0,0.0,0.0,0.0,1.0,1,0,0,0,Far,Premium,Week,High,Poor,4,4,0,1,0,2,1,1,1,9,1,36,0,4,0,0,3,0,3.0
599,154,752,4,Kerala Backwaters,Kerala,Nature,9.484797547,Sep-Mar,799,2,"Nature, Adventure",1,2,90500,5,36-45,Asthma,Family Vacation,"Nature & Relaxation, Photography",Post-Monsoon,"Curvy roads, limited medical facilities",Kerala Cuisine,1400,https://www.backpackadventures.org/wp-content/uploads/2020/08/india0898.jpg,3,18100.0,30166.666666666668,6033.333333333333,1,0,0,1,0,0,3.0,2,1,0,37.939190188,18.969595094,0.75878380376,0.15706806282722513,0.4965862590052355,0.6,1.8969595093999998,280.0,466.6666666666667,0,0,4.0,0.0,4,4,1,2.0,0.0,9.484797547,0.0,90500.0,0.0,5.0,0.0,1400.0,1.0,2.0,2.772588722239781,10.0,0,1,1,2.6666666666666665,1.5275252316519468,1,4,3,3.3333333333333335,1.1547005383792517,72500.0,17298.843892006193,3.0,1.7320508075688772,1810.0,9.045054208,1.3862943611198906,0,1,1,0,18000.0,0.75172756237845,1,2.0,0.5,1,0,1.3333333333333335,0.4397433389999996,-410.0,2.6666666666666665,3,1,0,0,Medium,Premium,Week,VeryHigh,Good,4,4,2,2,0,2,1,1,1,5,7,16,1,4,0,1,2,0,3.0
76,140,548,5,Spiti Trek,Himachal Pradesh,Adventure,8.907807741,Apr-Jun,880,3,"Nature, Adventure",1,0,30000,4,36-45,Knee Pain,Adventure,"Trekking, Adventure Sports",Summer,"High altitude, physical exertion",Himachali Cuisine,2000,https://encrypted-tbn0.gstatic.com/images?q=tbn:ANd9GcSVhMTWqQOcmNTuyOBBWk2yd5Mz2ESU1_YGVNdtOk9y5DMIs2TGizrpcCBE&s=10,1,7500.0,30000.0,7500.0,0,1,0,0,0,0,4.0,2,1,1,44.539038704999996,26.723423222999998,1.3361711611499998,0.47058823529411764,1.0479773812941175,1.0,2.22695193525,500.0,2000.0,0,0,3.0,2.8284271247461903,1,5,2,3.5,0.7071067811865476,8.907807741,0.0,39250.0,13081.47545195113,4.5,0.7071067811865476,2000.0,1.5,0.0,3.2958368660043287,0.3414802408943917,1,0,0,3.0,2.8284271247461903,1,5,2,3.5,0.7071067811865476,22750.0,10253.048327204939,4.5,0.7071067811865476,1850.0,8.812577267,1.0986122886681096,0,0,0,1,7250.0,0.6813326886730253,0,0.5,0.9090909090909091,1,0,2.0,0.09523047399999918,150.0,3.0,2,1,0,0,Far,Economy,Week,VeryHigh,Excellent,0,0,2,2,2,0,4,2,2,3,5,32,0,1,0,1,0,0,4.0
371,405,718,5,Kodaikanal,Tamil Nadu,Nature,8.26630952,Apr-Jun,555,1,"Beaches, Historical",2,1,86000,2,46-60,Knee Pain,Adventure,"Trekking, Adventure Sports",Summer,"High altitude, physical exertion",South Indian Cuisine,1300,https://encrypted-tbn0.gstatic.com/images?q=tbn:ANd9GcRR1MrvitA-PthZ_UMPeUYOYvzHFu6Olty-pnoL9EqaCl31ZwvMHSvu9OQ&s=10,3,43000.0,28666.666666666668,14333.333333333334,1,0,0,1,0,0,3.0,4,1,1,41.3315476,8.26630952,0.413315476,0.06818181818181818,0.1878706709090909,1.5,4.13315476,650.0,433.3333333333333,0,0,4.0,1.4142135623730951,3,5,2,1.5,0.7071067811865476,8.26630952,0.0,72000.0,19798.98987322333,3.0,1.4142135623730951,1350.0,1.5,1.0,4.394449154672438,0.660408825313113,1,1,1,5.0,0.0,5,5,1,1.0,0.0,86000.0,0.0,2.0,0.0,1300.0,8.26630952,0.6931471805599453,1,0,1,0,0.0,1.0,1,0.0,1.0,0,0,0.0,0.0,0.0,5.0,1,0,0,0,Medium,Premium,Weekend,High,Excellent,4,0,0,3,2,0,4,2,2,15,14,18,1,4,1,0,0,0,3.0
403,969,890,3,Valley of Flowers,Uttarakhand,Nature,9.409359527,Sep-Mar,655,4,"Nature, Adventure",1,0,20500,6,46-60,Asthma,Family Vacation,"Nature & Relaxation, Photography",Post-Monsoon,"Curvy roads, limited medical facilities",North Indian Cuisine,1900,https://encrypted-tbn0.gstatic.com/images?q=tbn:ANd9GcSKohlQ-J1CgxwCnc1mL62LM__eo7IDPvD9Hm4v1DnS8PQfNYx8O_lBtpoE&s=10,1,3416.6666666666665,20500.0,3416.6666666666665,0,1,0,0,0,0,3.5,1,0,0,28.228078581,37.637438108,1.12912314324,0.7924528301886794,2.1304210249811324,0.5833333333333334,1.5682265878333332,316.6666666666667,1900.0,0,0,3.3333333333333335,1.5275252316519468,2,5,3,3.6666666666666665,1.5275252316519468,9.409359527,0.0,44500.0,24784.067462787458,4.666666666666667,2.309401076758503,2066.6666666666665,1.6666666666666667,0.3333333333333333,4.620981203732969,0.614429798415472,1,0,0,2.5,0.7071067811865476,2,3,2,4.0,0.0,23750.0,4596.194077712559,6.0,0.0,1690.0,8.980392879,1.0986122886681096,0,1,0,1,3250.0,0.8631636562671046,1,0.0,1.0,1,0,0.5,0.4289666479999994,210.0,2.5,2,1,0,0,Far,Budget,Week,VeryHigh,Fair,4,4,2,3,0,2,1,1,1,10,17,37,0,0,0,1,1,0,3.5
276,218,100,3,Bangalore,Karnataka,City,9.034168574,Oct-Mar,53,2,"Beaches, Historical",1,1,51500,4,46-60,High Blood Pressure,Business,"Shopping, Food & Local Cuisine",All seasons,"Traffic congestion, pollution",Multi Cuisine,980,https://media.istockphoto.com/id/1382384282/photo/bangalore-or-bengaluru.jpg,2,12875.0,25750.0,6437.5,1,0,0,1,0,0,2.5,1,0,0,27.102505722000004,18.068337148,0.5420501144400001,0.18018018018018017,0.6511112485765767,0.625,2.2585421435,245.0,490.0,0,0,3.0,0.0,3,3,1,2.0,0.0,9.034168574,0.0,51500.0,0.0,4.0,0.0,980.0,1.0,1.0,2.0794415416798357,10.0,0,0,1,3.0,0.0,3,3,2,2.5,0.7071067811865476,45500.0,8485.28137423857,3.5,0.7071067811865476,1315.0,8.645030887,1.0986122886681096,0,0,0,0,6000.0,0.8681347662688732,1,0.5,0.8888888888888888,0,0,0.0,0.38913768699999984,-335.0,3.0,2,1,0,0,Medium,Moderate,Week,VeryHigh,Fair,2,3,0,3,1,1,3,0,4,8,6,4,1,3,0,1,1,0,2.5
729,608,158,1,Delhi,Delhi,City,8.443802952,Oct-Mar,552,4,"Nature, Adventure",2,1,82500,3,36-45,High Blood Pressure,Business,"Shopping, Food & Local Cuisine",All seasons,"Traffic congestion, pollution",Street Food,1410,https://encrypted-tbn0.gstatic.com/images?q=tbn:ANd9GcTFxblF-zkMM4NsiVuRyJ1Yx76TMcpdDWzU6zEf57y1aQ&s=10,3,27500.0,27500.0,9166.666666666666,1,0,0,1,0,0,2.5,3,0,0,8.443802952,33.775211808,0.33775211808,0.08771929824561403,0.2962737877894737,0.8333333333333334,2.814600984,470.0,470.0,0,0,2.5,2.1213203435596424,1,4,2,4.5,0.7071067811865476,8.443802952,0.0,50750.0,44901.28060534577,3.5,0.7071067811865476,1410.0,1.5,0.5,2.7465307216702737,0.450182704578985,1,0,0,1.0,0.0,1,1,1,4.0,0.0,82500.0,0.0,3.0,0.0,1410.0,8.443802952,0.6931471805599453,0,1,1,0,0.0,1.0,1,0.0,1.0,0,0,0.0,0.0,0.0,1.0,1,0,0,0,Medium,Premium,Weekend,High,Poor,2,3,2,2,1,1,3,0,4,16,2,9,1,4,1,0,3,0,2.5
384,458,973,1,Delhi,Delhi,City,9.048845046,Oct-Mar,628,4,"Beaches, Historical",1,2,76000,3,46-60,High Blood Pressure,Business,"Shopping, Food & Local Cuisine",All seasons,"Traffic congestion, pollution",Street Food,1410,https://encrypted-tbn0.gstatic.com/images?q=tbn:ANd9GcTFxblF-zkMM4NsiVuRyJ1Yx76TMcpdDWzU6zEf57y1aQ&s=10,3,25333.333333333332,25333.333333333332,8444.444444444443,1,0,0,1,0,0,2.5,3,0,0,9.048845046,36.195380184,0.36195380184000003,0.0949367088607595,0.3436270270632912,0.8333333333333334,3.0162816820000002,470.0,470.0,0,0,1.0,0.0,1,1,1,4.0,0.0,9.048845046,0.0,76000.0,0.0,3.0,0.0,1410.0,1.0,2.0,0.6931471805599453,10.0,0,1,1,1.5,0.7071067811865476,1,2,2,3.5,0.7071067811865476,58750.0,24395.18395093589,2.0,1.4142135623730951,1295.0,8.5418311595,1.0986122886681096,0,1,1,0,17250.0,0.7063879763748702,1,1.0,0.6666666666666667,0,1,-0.5,0.5070138865000011,115.0,1.0,1,0,0,0,Medium,Moderate,Weekend,VeryHigh,Poor,2,3,0,3,1,1,3,0,4,16,2,9,1,3,1,1,3,0,2.5
432,899,635,1,Coorg,Karnataka,Nature,8.57530472,Sep-Mar,803,3,"Nature, Adventure",1,0,29500,2,36-45,Asthma,Family Vacation,"Nature & Relaxation, Photography",Post-Monsoon,"Curvy roads, limited medical facilities",Coorgi Cuisine,1030,https://images.unsplash.com/photo-1710612198146-77512950a4b7,1,14750.0,29500.0,14750.0,0,1,0,0,0,0,2.0,2,0,0,8.57530472,25.725914160000002,0.2572591416,0.12698412698412698,0.5444637917460318,1.0,4.28765236,515.0,1030.0,0,0,1.0,0.0,1,1,1,3.0,0.0,8.57530472,0.0,29500.0,0.0,2.0,0.0,1030.0,1.0,0.0,0.6931471805599453,10.0,0,0,0,1.0,0.0,1,1,2,3.5,0.7071067811865476,28500.0,1414.213562373095,2.5,0.7071067811865476,1365.0,8.156506105,1.0986122886681096,0,1,0,0,1000.0,0.9649135118066032,1,0.5,0.8571428571428572,0,0,0.0,0.41879861500000004,-335.0,1.0,1,0,0,0,Medium,Economy,Weekend,VeryHigh,Poor,4,4,2,2,0,2,1,1,1,1,6,8,1,1,1,1,3,0,2.0
203,244,556,4,Coorg,Karnataka,Nature,9.011521245,Sep-Mar,387,1,"Beaches, Historical",1,0,29500,3,26-35,Asthma,Family Vacation,"Nature & Relaxation, Photography",Post-Monsoon,"Curvy roads, limited medical facilities",Coorgi Cuisine,1030,https://images.unsplash.com/photo-1710612198146-77512950a4b7,1,9833.333333333334,29500.0,9833.333333333334,0,1,0,0,0,0,2.5,3,1,0,36.04608498,9.011521245,0.36046084980000004,0.23076923076923075,0.8318327303076923,0.8333333333333334,3.0038404150000004,343.3333333333333,1030.0,0,0,4.0,0.0,4,4,1,1.0,0.0,9.011521245,0.0,29500.0,0.0,3.0,0.0,1030.0,1.0,0.0,2.772588722239781,10.0,0,0,0,4.5,0.7071067811865476,4,5,2,1.5,0.7071067811865476,22500.0,9899.494936611665,2.0,1.4142135623730951,1765.0,9.026848881,1.0986122886681096,1,0,0,0,7000.0,0.6889027154348696,0,1.0,0.6666666666666667,0,1,-0.5,-0.015327635999998535,-735.0,4.0,1,0,0,0,Medium,Economy,Weekend,VeryHigh,Good,4,4,0,1,0,2,1,1,1,1,6,8,1,1,1,1,2,0,2.5
710,211,351,1,Ellora Caves,Maharashtra,Historical,8.188261258,Nov-Feb,636,2,"City, Historical",2,2,121000,4,46-60,Knee Pain,Leisure,"Cultural Exploration, Photography",Winter,"Long walking distances, crowd congestion",Maharashtrian Cuisine,340,https://indiaholidaymall.com/images/blog/Ellora-Caves-Unesco-World-Heritage-Site.jpg,4,30250.0,30250.0,7562.5,1,0,0,1,1,0,1.5,1,0,0,8.188261258,16.376522516,0.16376522516000003,0.048,0.262024360256,0.375,2.0470653145,85.0,85.0,1,0,1.0,0.0,1,1,1,2.0,0.0,8.188261258,0.0,121000.0,0.0,4.0,0.0,340.0,2.0,2.0,0.6931471805599453,10.0,0,1,1,1.0,0.0,1,1,1,2.0,0.0,121000.0,0.0,4.0,0.0,340.0,8.188261258,0.6931471805599453,0,1,1,0,0.0,1.0,1,0.0,1.0,0,0,0.0,0.0,0.0,1.0,1,0,0,0,Near,Luxury,Week,High,Poor,3,1,1,3,2,4,0,3,3,6,10,10,2,2,0,0,3,0,1.5
664,47,220,5,Marina Beach,Tamil Nadu,Beach,7.726020725,Nov-Mar,606,4,"Beaches, Historical",2,0,36000,4,46-60,Knee Pain,Honeymoon,"Relaxation, Nightlife, Water Sports",Winter,"Crowds, sun exposure",Seafood,1340,https://encrypted-tbn0.gstatic.com/licensed-image?q=tbn:ANd9GcQct7UyX_Oev4c9kXNkRrH7cu6JRlW5Xs6MNpuB-CTQjXyNxWdF7V64hL9ANP93g9qVVT1kg12v0L1opGDTWLdmYNf-&s=19,2,9000.0,18000.0,4500.0,0,0,1,0,0,0,4.5,1,1,1,38.630103625,30.9040829,1.5452041449999998,0.45,0.7726020725,1.125,1.93150518125,335.0,670.0,0,0,3.5,2.1213203435596424,2,5,2,3.0,1.4142135623730951,7.726020725,0.0,50250.0,20152.543263816606,5.5,2.1213203435596424,930.0,2.0,0.5,3.8451430103383837,0.450182704578985,1,0,0,4.5,0.7071067811865476,4,5,2,4.5,0.7071067811865476,42250.0,8838.834764831845,3.0,1.4142135623730951,1870.0,8.2533714145,1.0986122886681096,1,0,0,0,6250.0,0.8520745071122577,1,1.0,0.75,1,0,0.5,-0.5273506895000004,-530.0,5.0,1,0,0,0,Medium,Economy,Week,High,Excellent,1,2,0,3,2,3,2,3,0,14,14,24,1,1,0,0,0,1,4.5
519,879,381,3,Munnar,Kerala,Nature,8.309631134,Sep-Mar,432,5,"City, Historical",2,0,52500,5,18-25,Asthma,Family Vacation,"Nature & Relaxation, Photography",Post-Monsoon,"Curvy roads, limited medical facilities",Kerala Cuisine,1480,https://images.unsplash.com/photo-1491497895121-1334fc14d8c9,2,10500.0,26250.0,5250.0,0,0,1,0,0,0,4.0,2,0,0,24.928893402,41.54815567,1.2464446701,0.34782608695652173,0.7225766203478261,0.8,1.6619262268,296.0,740.0,0,0,3.0,0.0,3,3,1,5.0,0.0,8.309631134,0.0,52500.0,0.0,5.0,0.0,1480.0,2.0,0.0,2.0794415416798357,10.0,0,1,0,3.0,0.0,3,3,1,5.0,0.0,52500.0,0.0,5.0,0.0,1480.0,8.309631134,0.6931471805599453,0,0,0,1,0.0,1.0,1,0.0,1.0,0,0,0.0,0.0,0.0,3.0,1,0,0,0,Medium,Moderate,Week,High,Fair,4,4,1,0,0,2,1,1,1,5,7,26,1,3,0,0,1,0,4.0
966,935,454,1,Leh Ladakh,Ladakh,Adventure,8.473490132,Apr-Jun,457,2,"Beaches, Historical",2,0,53500,5,18-25,Knee Pain,Adventure,"Trekking, Adventure Sports",Summer,"High altitude, physical exertion",Tibetan Cuisine,2500,https://encrypted-tbn0.gstatic.com/images?q=tbn:ANd9GcR6syC-08_34gV3HDUrcoT836XfFU1TJFrrucb9MfdLPiXz7ULyfUkGJEq2&s=10,2,10700.0,26750.0,5350.0,0,0,1,0,0,0,1.5,1,0,0,8.473490132,16.946980264,0.16946980264,0.12820512820512822,0.7242299258119659,0.3,1.6946980264,500.0,1250.0,0,1,1.0,0.0,1,1,1,2.0,0.0,8.473490132,0.0,53500.0,0.0,5.0,0.0,2500.0,2.0,0.0,0.6931471805599453,10.0,0,1,0,4.0,1.7320508075688772,1,5,5,1.8,0.8366600265340756,49700.0,9852.664614204627,4.0,1.8708286933869707,1768.0,8.3048899352,1.791759469228055,1,0,0,0,3800.0,0.9235427858594394,1,1.0,0.8,0,1,-3.0,0.16860019679999994,732.0,3.0,2,1,0,0,Far,Moderate,Week,High,Poor,0,0,0,0,2,0,4,2,2,17,8,22,0,3,0,0,3,0,1.5
641,269,209,4,Spiti Valley,Himachal Pradesh,Nature,7.588087849,Sep-Mar,357,5,"Nature, Adventure",1,1,47500,2,18-25,Asthma,Family Vacation,"Nature & Relaxation, Photography",Post-Monsoon,"Curvy roads, limited medical facilities",Himachali Cuisine,2000,https://storage.googleapis.com/stateless-www-justwravel-com/2021/05/1550217293_shutterstock_1129297934.jpg.jpg,2,23750.0,23750.0,11875.0,1,0,0,1,0,0,4.5,1,1,0,30.352351396,37.940439245,1.5176175698,0.18181818181818182,0.306589408040404,2.25,3.7940439245,1000.0,1000.0,0,0,4.0,0.0,4,4,1,5.0,0.0,7.588087849,0.0,47500.0,0.0,2.0,0.0,2000.0,1.0,1.0,2.772588722239781,10.0,0,0,1,4.0,0.0,4,4,1,5.0,0.0,47500.0,0.0,2.0,0.0,2000.0,7.588087849,0.6931471805599453,1,0,0,0,0.0,1.0,1,0.0,1.0,0,0,0.0,0.0,0.0,4.0,1,0,0,0,Far,Economy,Weekend,High,Good,4,4,2,0,0,2,1,1,1,3,5,33,0,1,1,0,2,1,4.5
39,84,133,2,Ooty,Tamil Nadu,Nature,9.333748543,Sep-Mar,242,3,"Beaches, Historical",2,2,83500,4,36-45,Asthma,Family Vacation,"Nature & Relaxation, Photography",Post-Monsoon,"Curvy roads, limited medical facilities",South Indian Cuisine,1180,https://t3.ftcdn.net/jpg/05/09/58/00/360_F_509580096_YjyHXMHyTm9OOkjUQS4kOxDXkxbOMWYi.jpg,4,20875.0,20875.0,5218.75,1,0,0,1,1,0,2.5,1,0,0,18.667497086,28.001245629000003,0.5600249125800001,0.11428571428571428,0.42668564768,0.625,2.33343713575,295.0,295.0,0,0,3.5,2.1213203435596424,2,5,2,2.5,0.7071067811865476,9.333748543,0.0,83500.0,0.0,5.0,1.4142135623730951,1540.0,2.0,2.0,3.8451430103383837,0.450182704578985,1,1,1,3.5,2.1213203435596424,2,5,2,4.0,1.4142135623730951,83750.0,353.5533905932738,3.5,0.7071067811865476,1105.0,9.3971915005,1.0986122886681096,1,0,1,0,250.0,0.9970149610153909,1,0.5,0.8888888888888888,0,1,-1.5,-0.06344295749999951,75.0,3.5,2,1,0,0,Medium,Premium,Week,VeryHigh,Poor,4,4,0,2,0,2,1,1,1,15,14,27,1,4,0,1,3,0,2.5
750,646,832,1,Ajanta Caves,Maharashtra,Historical,8.903494513,Nov-Feb,122,1,"Beaches, Historical",2,1,72500,5,18-25,Knee Pain,Leisure,"Cultural Exploration, Photography",Winter,"Long walking distances, crowd congestion",Maharashtrian Cuisine,430,https://plus.unsplash.com/premium_photo-1697729588019-20a1f5a325d1,3,14500.0,24166.666666666668,4833.333333333333,1,0,0,1,0,0,1.0,0,0,0,8.903494513,8.903494513,0.08903494513,0.06451612903225806,0.5744190008387097,0.2,1.7806989026,86.0,143.33333333333334,1,0,1.0,0.0,1,1,1,1.0,0.0,8.903494513,0.0,72500.0,0.0,5.0,0.0,430.0,2.0,1.0,0.6931471805599453,10.0,0,1,1,1.0,0.0,1,1,1,1.0,0.0,72500.0,0.0,5.0,0.0,430.0,8.903494513,0.6931471805599453,0,1,1,1,0.0,1.0,1,0.0,1.0,0,0,0.0,0.0,0.0,1.0,1,0,0,0,Near,Moderate,Week,VeryHigh,Poor,3,1,0,0,2,4,0,3,3,6,10,1,2,3,0,1,3,0,1.0
367,969,79,2,Tawang,Arunachal Pradesh,Nature,9.409359527,Sep-Mar,493,5,"Beaches, Historical",2,0,43000,6,46-60,Asthma,Family Vacation,"Nature & Relaxation, Photography",Post-Monsoon,"Curvy roads, limited medical facilities",North East Cuisine,3000,https://s7ap1.scene7.com/is/image/incredibleindia/sela-pass-tawang-arunachal-pradesh-blog-ntr-hero,2,7166.666666666667,21500.0,3583.3333333333335,0,0,1,0,0,0,3.5,3,0,0,18.818719054,47.046797635,0.9409359527,0.4285714285714285,1.1521664726938774,0.5833333333333334,1.5682265878333332,500.0,1500.0,0,1,3.3333333333333335,1.5275252316519468,2,5,3,3.6666666666666665,1.5275252316519468,9.409359527,0.0,44500.0,24784.067462787458,4.666666666666667,2.309401076758503,2066.6666666666665,1.6666666666666667,0.3333333333333333,4.620981203732969,0.614429798415472,1,0,0,2.0,0.0,2,2,1,5.0,0.0,43000.0,0.0,6.0,0.0,3000.0,9.409359527,0.6931471805599453,0,1,0,1,0.0,1.0,1,0.0,1.0,0,0,0.0,0.0,0.0,2.0,1,0,0,0,Far,Economy,Week,VeryHigh,Poor,4,4,0,3,0,2,1,1,1,9,1,36,0,1,0,1,3,0,3.5
669,711,174,2,Taj Mahal,Uttar Pradesh,Historical,8.636551596,Nov-Feb,175,3,"City, Historical",1,1,44500,4,46-60,Knee Pain,Leisure,"Cultural Exploration, Photography",Winter,"Long walking distances, crowd congestion",Mughlai Cuisine,1470,https://upload.wikimedia.org/wikipedia/commons/1/1d/Taj_Mahal_%28Edited%29.jpeg,2,11125.0,22250.0,5562.5,1,0,0,1,0,0,2.5,1,0,0,17.273103192,25.909654788,0.51819309576,0.20618556701030927,0.7122929151340206,0.625,2.159137899,367.5,735.0,0,0,3.0,1.4142135623730951,2,4,2,2.5,0.7071067811865476,8.636551596,0.0,64750.0,28637.824638055175,4.5,0.7071067811865476,1105.0,1.5,1.0,3.2958368660043287,0.660408825313113,1,1,1,3.5,2.1213203435596424,2,5,2,3.0,0.0,44000.0,707.1067811865476,4.0,0.0,1760.0,8.920005912,1.0986122886681096,1,0,0,0,500.0,0.9886366218949569,1,0.0,1.0,0,1,-1.5,-0.28345431600000026,-290.0,2.0,1,0,0,0,Medium,Economy,Week,VeryHigh,Poor,3,1,1,3,2,4,0,3,3,7,16,34,1,1,0,1,3,0,2.5
492,918,82,2,Mumbai,Maharashtra,City,9.371201914,Oct-Mar,360,5,"Beaches, Historical",2,0,48000,3,46-60,High Blood Pressure,Business,"Shopping, Food & Local Cuisine",All seasons,"Traffic congestion, pollution",Street Food,35,https://t4.ftcdn.net/jpg/01/46/43/87/360_F_146438747_3XYwVkfnYZuukBZYmDM8xeoqENzyhAqa.jpg,2,16000.0,24000.0,8000.0,0,0,1,0,0,0,3.5,3,0,0,18.742403828,46.85600957,0.9371201913999999,0.20588235294117646,0.5512471714117647,1.1666666666666667,3.1237339713333334,11.666666666666666,17.5,1,0,1.5,0.7071067811865476,1,2,2,5.0,0.0,9.371201914,0.0,59250.0,15909.90257669732,4.5,2.1213203435596424,507.5,2.0,0.5,1.6479184330021643,1.238993430992954,1,1,0,2.0,0.0,2,2,1,5.0,0.0,48000.0,0.0,3.0,0.0,35.0,9.371201914,0.6931471805599453,0,1,0,0,0.0,1.0,1,0.0,1.0,0,0,0.0,0.0,0.0,2.0,1,0,0,0,VeryNear,Economy,Weekend,VeryHigh,Poor,2,3,0,3,1,1,3,0,4,16,10,25,3,1,1,1,3,0,3.5
278,548,373,5,Jaipur,Rajasthan,City,8.086168022,Oct-Mar,867,5,"Beaches, Historical",2,2,85000,2,46-60,High Blood Pressure,Business,"Shopping, Food & Local Cuisine",All seasons,"Traffic congestion, pollution",Rajasthani Cuisine,1140,https://t4.ftcdn.net/jpg/05/84/76/73/360_F_584767353_EXYOkE8NcX37UwV4WfBw7AjBaEtU6mMy.jpg,4,42500.0,21250.0,10625.0,1,0,0,1,1,0,5.0,0,1,1,40.430840110000005,40.430840110000005,2.0215420055,0.11494252873563218,0.18588892004597704,2.5,4.043084011,570.0,285.0,0,0,5.0,0.0,5,5,1,5.0,0.0,8.086168022,0.0,85000.0,0.0,2.0,0.0,1140.0,2.0,2.0,3.4657359027997265,10.0,0,1,1,3.5,2.1213203435596424,2,5,2,5.0,0.0,81000.0,5656.85424949238,3.5,2.1213203435596424,830.0,8.766532400500001,1.0986122886681096,1,0,1,0,4000.0,0.9506178936062518,1,1.5,0.6666666666666667,1,0,1.5,-0.6803643785000002,310.0,5.0,1,0,0,0,Medium,Premium,Weekend,High,Excellent,2,3,0,3,1,1,3,0,4,13,13,15,1,4,1,0,0,1,5.0
853,207,538,4,Radhanagar Beach,Andaman,Beach,8.560557284,Nov-Mar,30,4,"Beaches, Historical",2,1,34500,4,36-45,Knee Pain,Honeymoon,"Relaxation, Nightlife, Water Sports",Winter,"Crowds, sun exposure",Seafood,2500,https://dynamic-media-cdn.tripadvisor.com/media/photo-o/05/76/7a/1d/radhanagar-beach.jpg,3,8625.0,11500.0,2875.0,1,0,0,1,0,0,4.0,0,1,0,34.242229136,34.242229136,1.3696891654399999,0.4155844155844156,0.8894085489870129,1.0,2.140139321,625.0,833.3333333333334,0,1,3.5,0.7071067811865476,3,4,2,3.5,0.7071067811865476,8.560557284,0.0,37250.0,3889.0872965260114,3.5,0.7071067811865476,1920.0,1.5,1.5,3.8451430103383837,1.238993430992954,1,0,1,2.0,1.7320508075688772,1,4,3,2.0,1.7320508075688772,55000.0,25821.502667350713,4.333333333333333,1.5275252316519465,2010.0,8.634601325,1.3862943611198906,0,1,1,1,20500.0,0.627279504009018,0,0.33333333333333304,0.9375,1,0,2.0,-0.0740440410000005,490.0,2.5,2,1,0,0,Far,Economy,Week,VeryHigh,Good,1,2,0,2,2,3,2,3,0,14,0,28,0,1,0,1,2,1,4.0
859,850,560,3,Valley of Flowers,Uttarakhand,Nature,8.644911366,Apr-Jun,349,5,"Nature, Adventure",1,1,33500,6,18-25,Knee Pain,Adventure,"Trekking, Adventure Sports",Summer,"High altitude, physical exertion",North Indian Cuisine,1900,https://encrypted-tbn0.gstatic.com/images?q=tbn:ANd9GcSKohlQ-J1CgxwCnc1mL62LM__eo7IDPvD9Hm4v1DnS8PQfNYx8O_lBtpoE&s=10,2,5583.333333333333,16750.0,2791.6666666666665,1,0,0,1,0,0,4.0,2,0,0,25.934734098,43.224556830000004,1.2967367049,0.6075949367088608,1.3131510935696205,0.6666666666666666,1.4408185610000002,316.6666666666667,950.0,0,0,3.0,0.0,3,3,1,5.0,0.0,8.644911366,0.0,33500.0,0.0,6.0,0.0,1900.0,1.0,1.0,2.0794415416798357,10.0,0,0,1,2.0,1.4142135623730951,1,3,2,4.5,0.7071067811865476,38250.0,6717.514421272202,6.0,0.0,1690.0,8.749819935000001,1.0986122886681096,0,1,0,1,4750.0,0.8758202399937256,1,0.0,1.0,1,0,1.0,-0.1049085690000009,210.0,2.0,2,1,0,0,Far,Economy,Week,VeryHigh,Fair,4,0,2,0,2,0,4,2,2,10,17,37,0,1,0,1,1,0,4.0
272,442,834,4,Gokarna Beach,Karnataka,Beach,8.459808777,Nov-Mar,245,2,"City, Historical",2,1,58500,2,46-60,Knee Pain,Honeymoon,"Relaxation, Nightlife, Water Sports",Winter,"Crowds, sun exposure",Seafood,680,https://realtalktravel.com/wp-content/uploads/Om-Beach-Gokarna.webp,3,29250.0,19500.0,9750.0,1,0,0,1,0,0,3.0,2,1,0,33.839235108,16.919617554,0.67678470216,0.09917355371900827,0.27966310006611567,1.5,4.2299043885,340.0,226.66666666666666,0,0,4.0,0.0,4,4,1,2.0,0.0,8.459808777,0.0,58500.0,0.0,2.0,0.0,680.0,2.0,1.0,2.772588722239781,10.0,0,1,1,3.5,0.7071067811865476,3,4,2,2.0,0.0,57500.0,1414.213562373095,2.5,0.7071067811865476,990.0,8.200234755499999,1.0986122886681096,1,0,1,0,1000.0,0.9826089981043808,1,0.5,0.8571428571428572,1,0,0.5,0.25957402150000064,-310.0,4.0,1,0,0,0,Near,Moderate,Weekend,High,Good,1,2,1,3,2,3,2,3,0,14,6,12,2,3,1,0,2,0,3.0
869,4,126,5,Spiti Valley,Himachal Pradesh,Nature,7.977385536,Sep-Mar,983,2,"City, Historical",1,0,22500,3,26-35,Asthma,Family Vacation,"Nature & Relaxation, Photography",Post-Monsoon,"Curvy roads, limited medical facilities",Himachali Cuisine,2000,https://storage.googleapis.com/stateless-www-justwravel-com/2021/05/1550217293_shutterstock_1129297934.jpg.jpg,1,7500.0,22500.0,7500.0,0,1,0,0,0,0,3.5,3,1,1,39.88692768,15.954771072,0.7977385536,0.4117647058823529,0.9385159454117646,1.1666666666666667,2.659128512,666.6666666666666,2000.0,0,0,5.0,0.0,5,5,1,2.0,0.0,7.977385536,0.0,22500.0,0.0,3.0,0.0,2000.0,1.0,0.0,3.4657359027997265,10.0,0,0,0,3.75,0.9574271077563381,3,5,4,2.5,1.0,22000.0,4020.7793606049395,3.25,0.957427107756338,1582.5,8.763474082,1.6094379124341003,1,0,0,0,500.0,0.9772737602836234,1,0.25,0.9411764705882353,1,0,1.25,-0.7860885460000002,417.5,5.0,1,0,0,0,Far,Budget,Weekend,High,Excellent,4,4,1,1,0,2,1,1,1,3,5,33,0,0,1,0,0,0,3.5
62,517,572,4,Baga Beach,Goa,Beach,8.715019439,Nov-Mar,699,5,"Nature, Adventure",2,2,37000,5,36-45,Knee Pain,Honeymoon,"Relaxation, Nightlife, Water Sports",Winter,"Crowds, sun exposure",Seafood,590,https://encrypted-tbn0.gstatic.com/images?q=tbn:ANd9GcQeseYB8OMIYAnzRmlYP6matYpojVkK9lRx0Wgn7x8BYcxvxjfwm4QrUxM&s=10,4,7400.0,9250.0,1850.0,1,0,0,1,1,0,4.5,1,1,0,34.860077756,43.575097195000005,1.7430038878000003,0.5357142857142857,1.0375023141666666,0.9,1.7430038878,118.0,147.5,0,0,3.5,0.7071067811865476,3,4,2,4.0,1.4142135623730951,8.715019439,0.0,44500.0,10606.601717798212,5.0,0.0,590.0,1.5,2.0,3.8451430103383837,1.238993430992954,1,0,1,4.0,0.0,4,4,1,5.0,0.0,37000.0,0.0,5.0,0.0,590.0,8.715019439,0.6931471805599453,1,0,0,1,0.0,1.0,1,0.0,1.0,0,0,0.0,0.0,0.0,4.0,1,0,0,0,Near,Economy,Week,VeryHigh,Good,1,2,2,2,2,3,2,3,0,14,3,3,2,1,0,1,2,1,4.5
570,502,945,5,Tarkarli Beach,Maharashtra,Beach,9.314545773,Nov-Mar,839,3,"City, Historical",2,0,44000,4,46-60,Knee Pain,Honeymoon,"Relaxation, Nightlife, Water Sports",Winter,"Crowds, sun exposure",Seafood,520,https://encrypted-tbn0.gstatic.com/images?q=tbn:ANd9GcRmtn0Vsfvni1NmF01OGM9ahIFZcrRqMoNKSjV1xzIEbR5CCG-tr4PumVg&s=10,2,11000.0,22000.0,5500.0,0,0,1,0,0,0,4.0,2,1,1,46.572728865,27.943637319000004,1.3971818659500002,0.3333333333333333,0.77621214775,1.0,2.32863644325,130.0,260.0,0,0,5.0,0.0,5,5,2,3.0,0.0,9.314545773,0.0,42000.0,2828.42712474619,3.5,0.7071067811865476,930.0,1.5,1.0,5.493061443340547,10.0,1,0,1,4.5,0.7071067811865476,4,5,2,3.0,0.0,43500.0,707.1067811865476,3.0,1.4142135623730951,1260.0,9.299981516999999,1.0986122886681096,1,0,0,0,500.0,0.9885060113560608,1,1.0,0.75,1,0,0.5,0.014564256000001663,-740.0,5.0,1,0,0,0,Near,Economy,Week,VeryHigh,Excellent,1,2,1,3,2,3,2,3,0,14,10,35,2,1,0,1,0,0,4.0
865,741,328,4,Taj Mahal,Uttar Pradesh,Historical,7.727775532,Nov-Feb,292,1,"Beaches, Historical",2,0,45000,4,18-25,Knee Pain,Leisure,"Cultural Exploration, Photography",Winter,"Long walking distances, crowd congestion",Mughlai Cuisine,1470,https://upload.wikimedia.org/wikipedia/commons/1/1d/Taj_Mahal_%28Edited%29.jpeg,2,11250.0,22500.0,5625.0,0,0,1,0,0,0,2.5,3,1,0,30.911102128,7.727775532,0.30911102128,0.20408163265306123,0.6308388189387755,0.625,1.931943883,367.5,735.0,0,0,4.0,0.0,4,4,1,1.0,0.0,7.727775532,0.0,45000.0,0.0,4.0,0.0,1470.0,2.0,0.0,2.772588722239781,10.0,0,0,0,4.0,0.0,4,4,1,1.0,0.0,45000.0,0.0,4.0,0.0,1470.0,7.727775532,0.6931471805599453,1,0,0,0,0.0,1.0,1,0.0,1.0,0,0,0.0,0.0,0.0,4.0,1,0,0,0,Medium,Economy,Week,High,Good,3,1,0,0,2,4,0,3,3,7,16,34,1,1,0,0,2,0,2.5
703,386,594,2,Hampi Ruins,Karnataka,Historical,9.463332001,Nov-Feb,277,2,"City, Historical",1,0,23500,3,36-45,Knee Pain,Leisure,"Cultural Exploration, Photography",Winter,"Long walking distances, crowd congestion",South Indian Cuisine,740,https://wegobond.com/wp-content/uploads/2018/01/hampi-banner.jpg,1,7833.333333333333,23500.0,7833.333333333333,0,1,0,0,0,0,2.0,0,0,0,18.926664002,18.926664002,0.37853328004,0.22641509433962267,1.0713206038867926,0.6666666666666666,3.154444000333333,246.66666666666666,740.0,0,0,2.5,0.7071067811865476,2,3,2,1.5,0.7071067811865476,9.463332001,0.0,68000.0,62932.50352560273,3.5,0.7071067811865476,1220.0,1.5,1.0,2.7465307216702737,1.238993430992954,1,1,1,2.0,0.0,2,2,1,2.0,0.0,23500.0,0.0,3.0,0.0,740.0,9.463332001,0.6931471805599453,0,1,0,0,0.0,1.0,1,0.0,1.0,0,0,0.0,0.0,0.0,2.0,1,0,0,0,Near,Budget,Weekend,VeryHigh,Poor,3,1,1,2,2,4,0,3,3,15,6,13,2,0,1,1,3,0,2.0
342,176,567,3,Ellora Caves,Maharashtra,Historical,8.165093922,Nov-Feb,996,5,"City, Historical",2,1,85000,4,26-35,Knee Pain,Leisure,"Cultural Exploration, Photography",Winter,"Long walking distances, crowd congestion",Maharashtrian Cuisine,340,https://indiaholidaymall.com/images/blog/Ellora-Caves-Unesco-World-Heritage-Site.jpg,3,21250.0,28333.333333333332,7083.333333333333,1,0,0,1,0,0,4.0,2,0,0,24.495281766,40.82546961,1.2247640883000002,0.1797752808988764,0.36697051334831465,1.0,2.0412734805,85.0,113.33333333333333,1,0,2.0,1.4142135623730951,1,3,2,3.5,2.1213203435596424,8.165093922,0.0,68750.0,22980.970388562793,3.5,0.7071067811865476,720.0,1.5,1.5,2.197224577336219,0.660408825313113,1,1,1,3.0,0.0,3,3,1,5.0,0.0,85000.0,0.0,4.0,0.0,340.0,8.165093922,0.6931471805599453,0,0,1,0,0.0,1.0,1,0.0,1.0,0,0,0.0,0.0,0.0,3.0,1,0,0,0,Near,Premium,Week,High,Fair,3,1,1,1,2,4,0,3,3,6,10,10,2,4,0,0,1,0,4.0
26,966,591,5,Ellora Caves,Maharashtra,Historical,9.140527124,Nov-Feb,893,1,"City, Historical",1,1,61500,5,18-25,Knee Pain,Leisure,"Cultural Exploration, Photography",Winter,"Long walking distances, crowd congestion",Maharashtrian Cuisine,340,https://indiaholidaymall.com/images/blog/Ellora-Caves-Unesco-World-Heritage-Site.jpg,2,12300.0,30750.0,6150.0,1,0,0,1,0,0,3.0,4,1,1,45.70263562,9.140527124,0.45702635620000004,0.22556390977443608,0.6872576784962405,0.6,1.8281054248,68.0,170.0,1,0,5.0,0.0,5,5,1,1.0,0.0,9.140527124,0.0,61500.0,0.0,5.0,0.0,340.0,1.0,1.0,3.4657359027997265,10.0,0,1,1,4.5,0.7071067811865476,4,5,2,2.5,2.1213203435596424,48500.0,18384.776310850237,5.0,0.0,465.0,8.383262672499999,1.0986122886681096,1,0,0,1,13000.0,0.7319642893960949,1,0.0,1.0,1,0,0.5,0.7572644515000011,-125.0,5.0,1,0,0,0,Near,Moderate,Week,VeryHigh,Excellent,3,1,1,0,2,4,0,3,3,6,10,10,2,3,0,1,0,0,3.0
592,326,647,3,Fatehpur Sikri,Uttar Pradesh,Historical,8.206421939,Nov-Feb,366,3,"Nature, Adventure",2,1,66000,6,26-35,Knee Pain,Leisure,"Cultural Exploration, Photography",Winter,"Long walking distances, crowd congestion",Mughlai Cuisine,1450,https://images.unsplash.com/photo-1717761558642-32cbeccbee7e,3,11000.0,22000.0,3666.6666666666665,1,0,0,1,0,0,3.0,0,0,0,24.619265817,24.619265817,0.73857797451,0.25,0.6838684949166667,0.5,1.3677369898333334,241.66666666666666,483.3333333333333,0,0,3.0,0.0,3,3,1,3.0,0.0,8.206421939,0.0,66000.0,0.0,6.0,0.0,1450.0,2.0,1.0,2.0794415416798357,10.0,0,1,1,3.0,0.0,3,3,1,3.0,0.0,66000.0,0.0,6.0,0.0,1450.0,8.206421939,0.6931471805599453,0,0,1,1,0.0,1.0,1,0.0,1.0,0,0,0.0,0.0,0.0,3.0,1,0,0,0,Medium,Moderate,Week,High,Fair,3,1,2,1,2,4,0,3,3,7,16,11,1,3,0,0,1,0,3.0
903,391,443,5,Hampi Ruins,Karnataka,Historical,8.937176477,Nov-Feb,67,3,"Nature, Adventure",2,1,66000,4,18-25,Knee Pain,Leisure,"Cultural Exploration, Photography",Winter,"Long walking distances, crowd congestion",South Indian Cuisine,740,https://wegobond.com/wp-content/uploads/2018/01/hampi-banner.jpg,3,16500.0,22000.0,5500.0,1,0,0,1,0,0,4.0,2,1,1,44.685882385,26.811529430999997,1.34057647155,0.22857142857142856,0.5106957986857142,1.0,2.23429411925,185.0,246.66666666666666,0,0,3.6666666666666665,1.1547005383792517,3,5,3,3.0,1.0,8.937176477,0.0,67166.66666666667,27768.38730163013,4.333333333333333,0.5773502691896257,606.6666666666666,1.6666666666666667,1.3333333333333333,5.083079324106265,0.797002925727394,1,1,1,5.0,0.0,5,5,1,3.0,0.0,66000.0,0.0,4.0,0.0,740.0,8.937176477,0.6931471805599453,1,0,1,0,0.0,1.0,1,0.0,1.0,0,0,0.0,0.0,0.0,5.0,1,0,0,0,Near,Moderate,Week,VeryHigh,Excellent,3,1,2,0,2,4,0,3,3,15,6,13,2,3,0,1,0,0,4.0
78,590,340,5,Zanskar Valley,Ladakh,Adventure,8.171090109,Apr-Jun,645,2,"Beaches, Historical",1,0,23000,5,36-45,Knee Pain,Adventure,"Trekking, Adventure Sports",Summer,"High altitude, physical exertion",Tibetan Cuisine,2400,https://www.swantour.com/blogs/wp-content/uploads/2019/05/Zanskar-Valley-tourism.jpg,1,4600.0,23000.0,4600.0,0,1,0,0,0,0,3.5,3,1,1,40.855450545,16.342180218,0.8171090108999999,0.625,1.45912323375,0.7,1.6342180218,480.0,2400.0,0,1,5.0,0.0,5,5,1,2.0,0.0,8.171090109,0.0,23000.0,0.0,5.0,0.0,2400.0,1.0,0.0,3.4657359027997265,10.0,0,0,0,4.333333333333333,1.1547005383792517,3,5,3,2.3333333333333335,0.5773502691896258,17333.333333333332,6027.713773341709,3.0,1.7320508075688772,2366.6666666666665,7.933623114333333,1.3862943611198906,1,0,0,0,5666.666666666668,0.6730957829355998,0,2.0,0.5,1,0,0.666666666666667,0.23746699466666676,33.333333333333485,5.0,2,1,0,0,Far,Budget,Week,High,Excellent,0,0,0,2,2,0,4,2,2,17,8,39,0,0,0,0,0,0,3.5
267,592,285,1,Varkala Beach,Kerala,Beach,9.168100701,Nov-Mar,167,3,"City, Historical",1,0,21000,6,26-35,Knee Pain,Honeymoon,"Relaxation, Nightlife, Water Sports",Winter,"Crowds, sun exposure",Seafood,1550,https://encrypted-tbn0.gstatic.com/images?q=tbn:ANd9GcQhhfqvS3M6-Q5xL-XOgqAbXut9hnDO4dA-_VCx1YCE79I6gDY3_C1Zv3dOXwu2pL_OmQVlumXjSSQ8I6p748JioJniT2Wxf2InPIObpQ&s=10,1,3500.0,21000.0,3500.0,0,1,0,0,0,0,2.0,2,0,0,9.168100701,27.504302103,0.27504302103,0.4444444444444444,2.0373557113333334,0.3333333333333333,1.5280167835,258.3333333333333,1550.0,0,0,1.0,0.0,1,1,1,3.0,0.0,9.168100701,0.0,21000.0,0.0,6.0,0.0,1550.0,1.0,0.0,0.6931471805599453,10.0,0,0,0,1.0,0.0,1,1,1,3.0,0.0,21000.0,0.0,6.0,0.0,1550.0,9.168100701,0.6931471805599453,0,1,0,1,0.0,1.0,1,0.0,1.0,0,0,0.0,0.0,0.0,1.0,1,0,0,0,Far,Budget,Week,VeryHigh,Poor,1,2,1,1,2,3,2,3,0,14,7,38,0,0,0,1,3,0,2.0
772,445,465,2,Kodaikanal,Tamil Nadu,Nature,7.845173227,Apr-Jun,511,3,"City, Historical",1,1,33500,4,26-35,Knee Pain,Adventure,"Trekking, Adventure Sports",Summer,"High altitude, physical exertion",South Indian Cuisine,1300,https://encrypted-tbn0.gstatic.com/images?q=tbn:ANd9GcRR1MrvitA-PthZ_UMPeUYOYvzHFu6Olty-pnoL9EqaCl31ZwvMHSvu9OQ&s=10,2,8375.0,16750.0,4187.5,1,0,0,1,0,0,2.5,1,0,0,15.690346454,23.535519681,0.47071039362,0.26666666666666666,0.8368184775466667,0.625,1.96129330675,325.0,650.0,0,0,2.0,0.0,2,2,1,3.0,0.0,7.845173227,0.0,33500.0,0.0,4.0,0.0,1300.0,1.0,1.0,1.3862943611198906,10.0,0,0,1,2.0,0.0,2,2,1,3.0,0.0,33500.0,0.0,4.0,0.0,1300.0,7.845173227,0.6931471805599453,0,1,0,0,0.0,1.0,1,0.0,1.0,0,0,0.0,0.0,0.0,2.0,1,0,0,0,Medium,Economy,Week,High,Poor,4,0,1,1,2,0,4,2,2,15,14,18,1,1,0,0,3,0,2.5
696,455,916,4,Coorg,Karnataka,Nature,7.889359194,Apr-Jun,753,2,"Beaches, Historical",1,2,85500,5,18-25,Knee Pain,Adventure,"Trekking, Adventure Sports",Summer,"High altitude, physical exertion",Coorgi Cuisine,1030,https://images.unsplash.com/photo-1710612198146-77512950a4b7,3,17100.0,28500.0,5700.0,1,0,0,1,0,0,3.0,2,1,0,31.557436776,15.778718388,0.63114873552,0.16574585635359115,0.4358761985635359,0.6,1.5778718388,206.0,343.3333333333333,0,0,4.0,0.0,4,4,1,2.0,0.0,7.889359194,0.0,85500.0,0.0,5.0,0.0,1030.0,1.0,2.0,2.772588722239781,10.0,0,1,1,2.6666666666666665,1.5275252316519468,1,4,3,1.6666666666666667,0.5773502691896257,82500.0,10331.989159885912,4.333333333333333,0.5773502691896258,1266.6666666666667,8.522248025666666,1.3862943611198906,0,1,1,1,3000.0,0.9636368044023709,1,0.666666666666667,0.875,1,0,1.3333333333333335,-0.6328888316666665,-236.66666666666674,3.5,2,1,0,0,Medium,Premium,Week,High,Good,4,0,0,0,2,0,4,2,2,1,6,8,1,4,0,0,2,0,3.0
706,890,454,5,Bir Billing,Himachal Pradesh,Adventure,7.743039575,Apr-Jun,457,2,"Beaches, Historical",2,0,53500,5,46-60,Knee Pain,Adventure,"Trekking, Adventure Sports",Summer,"High altitude, physical exertion",Himachali Cuisine,1800,https://media-cdn.tripadvisor.com/media/attractions-splice-spp-674x446/0a/c6/99/67.jpg,2,10700.0,26750.0,5350.0,0,0,1,0,0,0,3.5,3,1,1,38.715197875,15.48607915,0.7743039575,0.29914529914529914,0.6617982542735044,0.7,1.548607915,360.0,900.0,0,0,5.0,0.0,5,5,1,2.0,0.0,7.743039575,0.0,53500.0,0.0,5.0,0.0,1800.0,2.0,0.0,3.4657359027997265,10.0,0,1,0,4.0,1.7320508075688772,1,5,5,1.8,0.8366600265340756,49700.0,9852.664614204627,4.0,1.8708286933869707,1768.0,8.3048899352,1.791759469228055,1,0,0,0,3800.0,0.9235427858594394,1,1.0,0.8,1,0,1.0,-0.5618503602000002,32.0,3.0,2,1,0,0,Far,Moderate,Week,High,Excellent,0,0,0,3,2,0,4,2,2,3,5,5,0,3,0,0,0,0,3.5
374,8,322,3,Jaipur,Rajasthan,City,9.458704539,Oct-Mar,424,2,"Beaches, Historical",2,0,44000,4,18-25,High Blood Pressure,Business,"Shopping, Food & Local Cuisine",All seasons,"Traffic congestion, pollution",Rajasthani Cuisine,1140,https://t4.ftcdn.net/jpg/05/84/76/73/360_F_584767353_EXYOkE8NcX37UwV4WfBw7AjBaEtU6mMy.jpg,2,11000.0,22000.0,5500.0,0,0,1,0,0,0,2.5,1,0,0,28.376113616999998,18.917409078,0.56752227234,0.20833333333333334,0.7882253782499999,0.625,2.36467613475,285.0,570.0,0,0,3.0,0.0,3,3,1,2.0,0.0,9.458704539,0.0,44000.0,0.0,4.0,0.0,1140.0,2.0,0.0,2.0794415416798357,10.0,0,0,0,2.0,1.0,1,3,3,3.3333333333333335,1.1547005383792517,53166.666666666664,9004.6284394934,3.6666666666666665,0.5773502691896258,1230.0,8.602588790666667,1.3862943611198906,0,1,1,0,9166.666666666664,0.8275894497282184,1,0.3333333333333335,0.9285714285714285,1,0,1.0,0.8561157483333321,-90.0,3.0,1,0,0,0,Medium,Economy,Week,VeryHigh,Fair,2,3,0,0,1,1,3,0,4,13,13,15,1,1,0,1,1,0,2.5
833,436,40,2,Konark Sun Temple,Odisha,Historical,7.728114076,Nov-Feb,654,5,"Beaches, Historical",1,1,40000,6,46-60,Knee Pain,Leisure,"Cultural Exploration, Photography",Winter,"Long walking distances, crowd congestion",Odia Cuisine,1700,https://cdn.britannica.com/19/251919-050-D3E64798/konark-sun-temple-orissa-india-unesco-heritage-site.jpg,2,6666.666666666667,20000.0,3333.3333333333335,1,0,0,1,0,0,3.5,3,0,0,15.456228152,38.64057038,0.7728114076,0.45652173913043476,1.0080148794782609,0.5833333333333334,1.2880190126666666,283.3333333333333,850.0,0,0,3.5,2.1213203435596424,2,5,2,4.0,1.4142135623730951,7.728114076,0.0,67750.0,39244.426355853386,5.5,0.7071067811865476,1400.0,1.5,1.5,3.8451430103383837,0.450182704578985,1,1,1,2.5,0.7071067811865476,2,3,2,5.0,0.0,34250.0,8131.727983645296,5.0,1.4142135623730951,1590.0,7.656396853,1.0986122886681096,0,1,0,1,5750.0,0.8321216898776678,1,1.0,0.8333333333333334,0,1,-0.5,0.07171722299999939,110.0,2.0,1,0,0,0,Far,Economy,Week,High,Poor,3,1,0,3,2,4,0,3,3,11,11,20,0,1,0,0,3,0,3.5
473,796,893,2,Fatehpur Sikri,Uttar Pradesh,Historical,9.243698789,Nov-Feb,146,3,"Nature, Adventure",2,1,91500,2,46-60,Knee Pain,Leisure,"Cultural Exploration, Photography",Winter,"Long walking distances, crowd congestion",Mughlai Cuisine,1450,https://images.unsplash.com/photo-1717761558642-32cbeccbee7e,3,45750.0,30500.0,15250.0,1,0,0,1,0,0,2.5,1,0,0,18.487397578,27.731096367,0.5546219273399999,0.053475935828877004,0.19772617730481282,1.25,4.6218493945,725.0,483.3333333333333,0,0,1.5,0.7071067811865476,1,2,2,3.5,0.7071067811865476,9.243698789,0.0,78750.0,18031.22292025696,2.5,0.7071067811865476,1575.0,2.0,1.0,1.6479184330021643,1.238993430992954,1,1,1,2.0,0.0,2,2,1,3.0,0.0,91500.0,0.0,2.0,0.0,1450.0,9.243698789,0.6931471805599453,0,1,1,0,0.0,1.0,1,0.0,1.0,0,0,0.0,0.0,0.0,2.0,1,0,0,0,Medium,Premium,Weekend,VeryHigh,Poor,3,1,2,3,2,4,0,3,3,7,16,11,1,4,1,1,3,0,2.5
365,195,565,3,Ooty,Tamil Nadu,Nature,9.092972455,Apr-Jun,106,5,"Beaches, Historical",2,1,42000,5,46-60,Knee Pain,Adventure,"Trekking, Adventure Sports",Summer,"High altitude, physical exertion",South Indian Cuisine,1180,https://t3.ftcdn.net/jpg/05/09/58/00/360_F_509580096_YjyHXMHyTm9OOkjUQS4kOxDXkxbOMWYi.jpg,3,8400.0,14000.0,2800.0,1,0,0,1,0,0,4.0,2,0,0,27.278917364999998,45.464862275,1.36394586825,0.425531914893617,0.9673374952127659,0.8,1.818594491,236.0,393.3333333333333,0,0,3.0,0.0,3,3,1,5.0,0.0,9.092972455,0.0,42000.0,0.0,5.0,0.0,1180.0,2.0,1.0,2.0794415416798357,10.0,0,0,1,2.0,1.4142135623730951,1,3,2,5.0,0.0,56250.0,20152.543263816606,4.5,0.7071067811865476,1415.0,8.527660163,1.0986122886681096,0,1,1,1,14250.0,0.7466711702903059,1,0.5,0.9090909090909091,1,0,1.0,0.5653122919999998,-235.0,3.0,1,0,0,0,Medium,Economy,Week,VeryHigh,Fair,4,0,0,3,2,0,4,2,2,15,14,27,1,1,0,1,1,0,4.0
874,378,579,5,Ahmedabad,Gujarat,City,9.364747011,Oct-Mar,211,3,"City, Historical",2,1,58500,4,46-60,High Blood Pressure,Business,"Shopping, Food & Local Cuisine",All seasons,"Traffic congestion, pollution",Gujarati Cuisine,520,https://encrypted-tbn0.gstatic.com/images?q=tbn:ANd9GcTjjS0tleUkYu3JCgQn5BM0ooo_ueYok5FwDld1RJJHOQ&s=10,3,14625.0,19500.0,4875.0,1,0,0,1,0,0,4.0,2,1,1,46.823735055,28.094241033000003,1.4047120516500002,0.256,0.5993438087040001,1.0,2.34118675275,130.0,173.33333333333334,0,0,5.0,0.0,5,5,1,3.0,0.0,9.364747011,0.0,58500.0,0.0,4.0,0.0,520.0,2.0,1.0,3.4657359027997265,10.0,0,1,1,3.6,1.9493588689617927,1,5,5,4.0,0.7071067811865476,66000.0,13833.835332256922,4.2,1.7888543819998317,1450.0,8.7290480806,1.791759469228055,1,0,1,1,7500.0,0.8863653581006349,1,0.20000000000000018,0.9615384615384615,1,0,1.4,0.6356989304000003,-930.0,3.0,2,1,0,0,Near,Moderate,Week,VeryHigh,Excellent,2,3,1,3,1,1,3,0,4,2,4,0,2,3,0,1,0,0,4.0
106,917,944,2,Marina Beach,Tamil Nadu,Beach,7.545108072,Nov-Mar,749,5,"Nature, Adventure",2,0,36000,6,26-35,Knee Pain,Honeymoon,"Relaxation, Nightlife, Water Sports",Winter,"Crowds, sun exposure",Seafood,1340,https://encrypted-tbn0.gstatic.com/licensed-image?q=tbn:ANd9GcQct7UyX_Oev4c9kXNkRrH7cu6JRlW5Xs6MNpuB-CTQjXyNxWdF7V64hL9ANP93g9qVVT1kg12v0L1opGDTWLdmYNf-&s=19,2,6000.0,18000.0,3000.0,0,0,1,0,0,0,3.5,3,0,0,15.090216144,37.72554036,0.7545108072,0.5,1.0778725817142856,0.5833333333333334,1.257518012,223.33333333333334,670.0,0,0,2.5,0.7071067811865476,2,3,2,3.5,2.1213203435596424,7.545108072,0.0,33750.0,3181.9805153394636,5.0,1.4142135623730951,1495.0,1.5,0.5,2.7465307216702737,1.238993430992954,1,0,0,1.5,0.7071067811865476,1,2,2,4.5,0.7071067811865476,36000.0,0.0,5.0,1.4142135623730951,1160.0,7.7917247185,1.0986122886681096,0,1,0,1,0.0,1.0,1,1.0,0.8333333333333334,1,0,0.5,-0.2466166465000006,180.0,2.0,1,0,0,0,Medium,Economy,Week,High,Poor,1,2,2,1,2,3,2,3,0,14,14,24,1,1,0,0,3,0,3.5
387,898,222,2,Bangalore,Karnataka,City,8.311533772,Oct-Mar,223,3,"City, Historical",1,1,35500,2,36-45,High Blood Pressure,Business,"Shopping, Food & Local Cuisine",All seasons,"Traffic congestion, pollution",Multi Cuisine,980,https://media.istockphoto.com/id/1382384282/photo/bangalore-or-bengaluru.jpg,2,17750.0,17750.0,8875.0,1,0,0,1,0,0,2.5,1,0,0,16.623067544,24.934601316000002,0.49869202632000004,0.13333333333333333,0.4432818011733334,1.25,4.155766886,490.0,490.0,0,0,2.0,0.0,2,2,1,3.0,0.0,8.311533772,0.0,35500.0,0.0,2.0,0.0,980.0,1.0,1.0,1.3862943611198906,10.0,0,0,1,2.0,0.0,2,2,1,3.0,0.0,35500.0,0.0,2.0,0.0,980.0,8.311533772,0.6931471805599453,0,1,0,0,0.0,1.0,1,0.0,1.0,0,0,0.0,0.0,0.0,2.0,1,0,0,0,Medium,Economy,Weekend,High,Poor,2,3,1,2,1,1,3,0,4,8,6,4,1,1,1,0,3,0,2.5
30,160,356,2,Ooty,Tamil Nadu,Nature,8.03668464,Apr-Jun,436,2,"Nature, Adventure",1,1,28500,2,18-25,Knee Pain,Adventure,"Trekking, Adventure Sports",Summer,"High altitude, physical exertion",South Indian Cuisine,1180,https://t3.ftcdn.net/jpg/05/09/58/00/360_F_509580096_YjyHXMHyTm9OOkjUQS4kOxDXkxbOMWYi.jpg,2,14250.0,14250.0,7125.0,1,0,0,1,0,0,2.0,0,0,0,16.07336928,16.07336928,0.32146738560000004,0.13114754098360656,0.5269957140983607,1.0,4.01834232,590.0,590.0,0,0,2.6666666666666665,1.1547005383792515,2,4,3,1.3333333333333333,0.5773502691896258,8.03668464,0.0,54333.333333333336,24821.026033049748,3.6666666666666665,2.0816659994661326,1230.0,1.3333333333333333,1.3333333333333333,3.6967849629863747,0.7970029257273941,1,1,1,2.0,0.0,2,2,1,2.0,0.0,28500.0,0.0,2.0,0.0,1180.0,8.03668464,0.6931471805599453,0,1,0,0,0.0,1.0,1,0.0,1.0,0,0,0.0,0.0,0.0,2.0,1,0,0,0,Medium,Economy,Weekend,High,Poor,4,0,2,0,2,0,4,2,2,15,14,27,1,1,1,0,3,0,2.0
932,975,220,4,Zanskar Valley,Ladakh,Adventure,8.780722104,Apr-Jun,273,5,"Beaches, Historical",2,0,48500,2,26-35,Knee Pain,Adventure,"Trekking, Adventure Sports",Summer,"High altitude, physical exertion",Tibetan Cuisine,2400,https://www.swantour.com/blogs/wp-content/uploads/2019/05/Zanskar-Valley-tourism.jpg,2,24250.0,24250.0,12125.0,0,0,1,0,0,0,4.5,1,1,0,35.122888416,43.90361052,1.7561444208,0.1782178217821782,0.3477513704554456,2.25,4.390361052,1200.0,1200.0,0,1,4.0,0.0,4,4,1,5.0,0.0,8.780722104,0.0,48500.0,0.0,2.0,0.0,2400.0,2.0,0.0,2.772588722239781,10.0,0,0,0,4.5,0.7071067811865476,4,5,2,4.5,0.7071067811865476,42250.0,8838.834764831845,3.0,1.4142135623730951,1870.0,8.2533714145,1.0986122886681096,1,0,0,0,6250.0,0.8520745071122577,1,1.0,0.75,0,1,-0.5,0.5273506895000004,530.0,4.0,1,0,0,0,Far,Economy,Weekend,VeryHigh,Good,0,0,0,1,2,0,4,2,2,17,8,39,0,1,1,1,2,1,4.5
880,497,799,3,Calangute Beach,Goa,Beach,8.698828828,Nov-Mar,390,4,"Beaches, Historical",1,2,28000,2,26-35,Knee Pain,Honeymoon,"Relaxation, Nightlife, Water Sports",Winter,"Crowds, sun exposure",Seafood,585,https://encrypted-tbn0.gstatic.com/images?q=tbn:ANd9GcQawETYRiYBsH6-h7nyRef7D05VLNnIS00HBpFyaZdOJDehCXzhEkUfAY5Vf_tWlUzd5qaIpJnkr2vAOF1xcvRS_dDd2Lq-Y2B30QDq-g&s=10,3,14000.0,9333.333333333334,4666.666666666667,1,0,0,1,0,0,3.5,1,0,0,26.096486484,34.795315312,1.04385945936,0.23333333333333334,0.5799219218666667,1.75,4.349414414,292.5,195.0,0,0,4.0,1.4142135623730951,3,5,2,3.5,0.7071067811865476,8.698828828,0.0,21500.0,9192.388155425118,2.5,0.7071067811865476,1542.5,1.0,1.0,4.394449154672438,0.660408825313113,1,0,1,3.5,0.7071067811865476,3,4,2,4.0,0.0,49000.0,29698.484809834998,2.0,0.0,782.5,8.996347549500001,1.0986122886681096,1,0,0,0,21000.0,0.5714373176057632,0,0.0,1.0,0,1,-0.5,-0.29751872150000125,-197.5,3.0,1,0,0,0,Near,Economy,Weekend,VeryHigh,Fair,1,2,0,1,2,3,2,3,0,14,3,6,2,1,1,1,1,0,3.5
443,94,708,2,Kerala Backwaters,Kerala,Nature,7.67865796,Sep-Mar,127,5,"City, Historical",1,1,61000,6,46-60,Asthma,Family Vacation,"Nature & Relaxation, Photography",Post-Monsoon,"Curvy roads, limited medical facilities",Kerala Cuisine,1400,https://www.backpackadventures.org/wp-content/uploads/2020/08/india0898.jpg,2,10166.666666666666,30500.0,5083.333333333333,1,0,0,1,0,0,3.5,3,0,0,15.35731592,38.3932898,0.7678657959999999,0.31343283582089554,0.6876410113432836,0.5833333333333334,1.2797763266666666,233.33333333333334,700.0,0,0,1.5,0.7071067811865476,1,2,2,5.0,0.0,7.67865796,0.0,61250.0,353.5533905932738,5.0,1.4142135623730951,1350.0,1.5,0.5,1.6479184330021643,1.238993430992954,1,1,0,3.0,1.0,2,4,3,2.6666666666666665,2.0816659994661326,47333.333333333336,20714.32676514816,5.333333333333333,1.1547005383792517,1028.3333333333333,8.428416745666667,1.3862943611198906,0,0,0,1,13666.666666666664,0.7112737054850955,1,0.666666666666667,0.894736842105263,0,1,-1.0,-0.7497587856666668,371.66666666666674,2.0,1,0,0,0,Medium,Moderate,Week,High,Poor,4,4,1,3,0,2,1,1,1,5,7,16,1,3,0,0,3,0,3.5
456,336,976,5,Red Fort,Delhi,Historical,9.268792308,Nov-Feb,611,5,"Beaches, Historical",1,1,36000,2,46-60,Knee Pain,Leisure,"Cultural Exploration, Photography",Winter,"Long walking distances, crowd congestion",Mughlai Cuisine,1410,https://upload.wikimedia.org/wikipedia/commons/d/d6/Delhi%2C_India%2C_Red_Fort_Facade.jpg,2,18000.0,18000.0,9000.0,1,0,0,1,0,0,5.0,0,1,1,46.34396154,46.34396154,2.317198077,0.2631578947368421,0.48783117410526317,2.5,4.634396154,705.0,705.0,0,0,5.0,0.0,5,5,1,5.0,0.0,9.268792308,0.0,36000.0,0.0,2.0,0.0,1410.0,1.0,1.0,3.4657359027997265,10.0,0,0,1,3.5,2.1213203435596424,2,5,2,5.0,0.0,48750.0,18031.22292025696,4.0,2.8284271247461903,1440.0,8.952432771,1.0986122886681096,1,0,0,0,12750.0,0.7384669032430105,1,2.0,0.6,1,0,1.5,0.3163595370000003,-30.0,3.5,2,1,0,0,Medium,Economy,Weekend,VeryHigh,Excellent,3,1,0,3,2,4,0,3,3,7,2,29,1,1,1,1,0,1,5.0
540,351,954,3,Red Fort,Delhi,Historical,8.488999182,Nov-Feb,584,3,"City, Historical",2,2,69500,5,46-60,Knee Pain,Leisure,"Cultural Exploration, Photography",Winter,"Long walking distances, crowd congestion",Mughlai Cuisine,1410,https://upload.wikimedia.org/wikipedia/commons/d/d6/Delhi%2C_India%2C_Red_Fort_Facade.jpg,4,13900.0,17375.0,3475.0,1,0,0,1,1,0,3.0,0,0,0,25.466997546,25.466997546,0.7640099263800001,0.20134228187919462,0.5697314887248323,0.6,1.6977998364000002,282.0,352.5,0,0,2.0,1.0,1,3,3,3.3333333333333335,1.5275252316519465,8.488999182,0.0,69833.33333333333,17002.450803732187,4.666666666666667,1.5275252316519465,1526.6666666666667,1.6666666666666667,1.6666666666666667,2.772588722239781,0.9090909090909091,1,1,1,3.0,0.0,3,3,2,4.0,1.4142135623730951,85750.0,22980.970388562793,4.5,0.7071067811865476,2205.0,8.7811855245,1.0986122886681096,0,0,1,1,16250.0,0.8104978367599212,1,0.5,0.9090909090909091,0,0,0.0,-0.2921863424999991,-795.0,3.0,1,0,0,0,Medium,Moderate,Week,High,Fair,3,1,1,3,2,4,0,3,3,7,2,29,1,3,0,0,1,0,3.0
115,707,2,5,Tarkarli Beach,Maharashtra,Beach,8.62911875,Nov-Mar,385,5,"Nature, Adventure",2,2,61000,3,18-25,Knee Pain,Honeymoon,"Relaxation, Nightlife, Water Sports",Winter,"Crowds, sun exposure",Seafood,520,https://encrypted-tbn0.gstatic.com/images?q=tbn:ANd9GcRmtn0Vsfvni1NmF01OGM9ahIFZcrRqMoNKSjV1xzIEbR5CCG-tr4PumVg&s=10,4,20333.333333333332,15250.0,5083.333333333333,1,0,0,1,1,0,5.0,0,1,1,43.14559375,43.14559375,2.1572796875,0.234375,0.40448994140625,1.6666666666666667,2.8763729166666665,173.33333333333334,130.0,0,0,5.0,0.0,5,5,1,5.0,0.0,8.62911875,0.0,61000.0,0.0,3.0,0.0,520.0,2.0,2.0,3.4657359027997265,10.0,0,1,1,5.0,0.0,5,5,1,5.0,0.0,61000.0,0.0,3.0,0.0,520.0,8.62911875,0.6931471805599453,1,0,1,0,0.0,1.0,1,0.0,1.0,0,0,0.0,0.0,0.0,5.0,1,0,0,0,Near,Moderate,Weekend,VeryHigh,Excellent,1,2,2,0,2,3,2,3,0,14,10,35,2,3,1,1,0,1,5.0
668,681,426,1,Konark Sun Temple,Odisha,Historical,8.748130653,Nov-Feb,966,1,"City, Historical",1,1,61500,5,46-60,Knee Pain,Leisure,"Cultural Exploration, Photography",Winter,"Long walking distances, crowd congestion",Odia Cuisine,1700,https://cdn.britannica.com/19/251919-050-D3E64798/konark-sun-temple-orissa-india-unesco-heritage-site.jpg,2,12300.0,30750.0,6150.0,1,0,0,1,0,0,1.0,0,0,0,8.748130653,8.748130653,0.08748130653000001,0.07518796992481203,0.6577541844360902,0.2,1.7496261306,340.0,850.0,0,0,1.0,0.0,1,1,1,1.0,0.0,8.748130653,0.0,61500.0,0.0,5.0,0.0,1700.0,1.0,1.0,0.6931471805599453,10.0,0,1,1,1.0,0.0,1,1,1,1.0,0.0,61500.0,0.0,5.0,0.0,1700.0,8.748130653,0.6931471805599453,0,1,1,1,0.0,1.0,1,0.0,1.0,0,0,0.0,0.0,0.0,1.0,1,0,0,0,Far,Moderate,Week,VeryHigh,Poor,3,1,1,3,2,4,0,3,3,11,11,20,0,3,0,1,3,0,1.0
198,116,101,1,Fatehpur Sikri,Uttar Pradesh,Historical,8.636073234,Nov-Feb,537,3,"Nature, Adventure",2,0,36500,2,36-45,Knee Pain,Leisure,"Cultural Exploration, Photography",Winter,"Long walking distances, crowd congestion",Mughlai Cuisine,1450,https://images.unsplash.com/photo-1717761558642-32cbeccbee7e,2,18250.0,18250.0,9125.0,0,0,1,0,0,0,2.0,2,0,0,8.636073234,25.908219701999997,0.25908219701999996,0.1038961038961039,0.448627180987013,1.0,4.318036617,725.0,725.0,0,0,1.5,0.7071067811865476,1,2,2,4.0,1.4142135623730951,8.636073234,0.0,49000.0,17677.66952966369,4.0,2.8284271247461903,1460.0,1.5,0.5,1.6479184330021643,1.238993430992954,1,0,0,3.5,1.7320508075688772,1,5,4,3.0,0.0,39250.0,3570.7142142714238,3.5,1.7320508075688772,1111.25,8.26800916975,1.6094379124341003,1,0,0,0,2750.0,0.9299380907492802,1,1.5,0.6666666666666667,0,1,-2.5,0.3680640642499995,338.75,2.5,2,1,0,0,Medium,Economy,Weekend,VeryHigh,Poor,3,1,2,2,2,4,0,3,3,7,16,11,1,1,1,1,3,0,2.0
388,742,218,3,Gokarna Beach,Karnataka,Beach,8.532765537,Nov-Mar,484,3,"Nature, Adventure",2,2,69000,5,26-35,Knee Pain,Honeymoon,"Relaxation, Nightlife, Water Sports",Winter,"Crowds, sun exposure",Seafood,680,https://realtalktravel.com/wp-content/uploads/Om-Beach-Gokarna.webp,4,13800.0,17250.0,3450.0,1,0,0,1,1,0,3.0,0,0,0,25.598296611,25.598296611,0.76794889833,0.2027027027027027,0.5765382119594594,0.6,1.7065531074,136.0,170.0,0,0,3.0,0.0,3,3,1,3.0,0.0,8.532765537,0.0,69000.0,0.0,5.0,0.0,680.0,2.0,2.0,2.0794415416798357,10.0,0,1,1,4.0,1.4142135623730951,3,5,2,2.5,0.7071067811865476,80750.0,16617.009357883868,5.0,0.0,1290.0,8.8441464665,1.0986122886681096,1,0,1,1,11750.0,0.8544909660561479,1,0.0,1.0,0,1,-1.0,-0.3113809295000003,-610.0,3.0,1,0,0,0,Near,Moderate,Week,VeryHigh,Fair,1,2,2,1,2,3,2,3,0,14,6,12,2,3,0,1,1,0,3.0
134,209,764,3,Kerala Backwaters,Kerala,Nature,7.65054329,Sep-Mar,735,4,"Nature, Adventure",2,1,70000,5,36-45,Asthma,Family Vacation,"Nature & Relaxation, Photography",Post-Monsoon,"Curvy roads, limited medical facilities",Kerala Cuisine,1400,https://www.backpackadventures.org/wp-content/uploads/2020/08/india0898.jpg,3,14000.0,23333.333333333332,4666.666666666667,1,0,0,1,0,0,3.5,1,0,0,22.951629869999998,30.60217316,0.9180651947999999,0.23333333333333334,0.5100362193333333,0.7,1.530108658,280.0,466.6666666666667,0,0,3.0,0.0,3,3,1,4.0,0.0,7.65054329,0.0,70000.0,0.0,5.0,0.0,1400.0,2.0,1.0,2.0794415416798357,10.0,0,1,1,3.0,0.0,3,3,1,4.0,0.0,70000.0,0.0,5.0,0.0,1400.0,7.65054329,0.6931471805599453,0,0,1,1,0.0,1.0,1,0.0,1.0,0,0,0.0,0.0,0.0,3.0,1,0,0,0,Medium,Moderate,Week,High,Fair,4,4,2,2,0,2,1,1,1,5,7,16,1,3,0,0,1,0,3.5
172,596,992,2,Ajanta Caves,Maharashtra,Historical,7.865548979,Nov-Feb,259,1,"Nature, Adventure",1,2,52500,4,36-45,Knee Pain,Leisure,"Cultural Exploration, Photography",Winter,"Long walking distances, crowd congestion",Maharashtrian Cuisine,430,https://plus.unsplash.com/premium_photo-1697729588019-20a1f5a325d1,3,13125.0,17500.0,4375.0,1,0,0,1,0,0,1.5,1,0,0,15.731097958,7.865548979,0.15731097957999998,0.10619469026548672,0.5568530250619469,0.375,1.96638724475,107.5,143.33333333333334,1,0,2.0,0.0,2,2,1,1.0,0.0,7.865548979,0.0,52500.0,0.0,4.0,0.0,430.0,1.0,2.0,1.3862943611198906,10.0,0,1,1,2.0,0.0,2,2,1,1.0,0.0,52500.0,0.0,4.0,0.0,430.0,7.865548979,0.6931471805599453,0,1,0,0,0.0,1.0,1,0.0,1.0,0,0,0.0,0.0,0.0,2.0,1,0,0,0,Near,Moderate,Week,High,Poor,3,1,2,2,2,4,0,3,3,6,10,1,2,3,0,0,3,0,1.5
224,237,564,4,Radhanagar Beach,Andaman,Beach,8.160740974,Nov-Mar,188,2,"City, Historical",2,0,24000,4,26-35,Knee Pain,Honeymoon,"Relaxation, Nightlife, Water Sports",Winter,"Crowds, sun exposure",Seafood,2500,https://dynamic-media-cdn.tripadvisor.com/media/photo-o/05/76/7a/1d/radhanagar-beach.jpg,2,6000.0,12000.0,3000.0,0,0,1,0,0,0,3.0,2,1,0,32.642963896,16.321481948,0.65285927792,0.42857142857142855,1.165820139142857,0.75,2.0401852435,625.0,1250.0,0,1,3.5,0.7071067811865476,3,4,2,2.5,0.7071067811865476,8.160740974,0.0,21750.0,3181.9805153394636,4.5,0.7071067811865476,1920.0,1.5,0.5,3.8451430103383837,1.238993430992954,1,0,0,4.0,0.0,4,4,1,2.0,0.0,24000.0,0.0,4.0,0.0,2500.0,8.160740974,0.6931471805599453,1,0,0,0,0.0,1.0,1,0.0,1.0,0,0,0.0,0.0,0.0,4.0,1,0,0,0,Far,Budget,Week,High,Good,1,2,1,1,2,3,2,3,0,14,0,28,0,0,0,0,2,0,3.0
236,415,169,1,Munnar,Kerala,Nature,8.650437609,Apr-Jun,196,4,"Beaches, Historical",2,2,113500,2,46-60,Knee Pain,Adventure,"Trekking, Adventure Sports",Summer,"High altitude, physical exertion",Kerala Cuisine,1480,https://images.unsplash.com/photo-1491497895121-1334fc14d8c9,4,56750.0,28375.0,14187.5,1,0,0,1,1,0,2.5,3,0,0,8.650437609,34.601750436,0.34601750436,0.04329004329004329,0.14979112742857145,1.25,4.3252188045,740.0,370.0,0,0,2.0,1.4142135623730951,1,3,2,3.0,1.4142135623730951,8.650437609,0.0,95750.0,25102.290732122437,3.0,1.4142135623730951,1390.0,1.5,2.0,2.197224577336219,0.660408825313113,1,1,1,2.0,1.4142135623730951,1,3,2,3.0,1.4142135623730951,87250.0,37123.10601229374,4.0,2.8284271247461903,1080.0,8.149859343000001,1.0986122886681096,0,1,1,0,26250.0,0.6991438493541622,0,2.0,0.6,0,1,-1.0,0.5005782659999998,400.0,1.0,1,0,0,0,Medium,Premium,Weekend,VeryHigh,Poor,4,0,0,3,2,0,4,2,2,5,7,26,1,4,1,1,3,0,2.5
827,712,242,3,Kovalam Beach,Kerala,Beach,8.810464389,Nov-Mar,459,5,"Nature, Adventure",2,1,40500,3,46-60,Knee Pain,Honeymoon,"Relaxation, Nightlife, Water Sports",Winter,"Crowds, sun exposure",Seafood,1650,https://eastindiantraveller.com/wp-content/uploads/2021/01/kovalambeach.jpg,3,13500.0,13500.0,4500.0,1,0,0,1,0,0,4.0,2,0,0,26.431393167,44.052321945,1.3215696583499998,0.27586206896551724,0.6076182337241379,1.3333333333333333,2.936821463,550.0,550.0,0,0,3.0,0.0,3,3,1,5.0,0.0,8.810464389,0.0,40500.0,0.0,3.0,0.0,1650.0,2.0,1.0,2.0794415416798357,10.0,0,0,1,3.6666666666666665,1.1547005383792515,3,5,3,5.0,0.0,54000.0,16575.584454250777,3.0,1.0,1500.0,8.687084512666667,1.3862943611198906,1,0,1,0,13500.0,0.7500046295438973,1,0.0,1.0,0,1,-0.6666666666666665,0.12337987633333292,150.0,3.0,1,0,0,0,Far,Economy,Weekend,VeryHigh,Fair,1,2,2,3,2,3,2,3,0,14,7,21,0,1,1,1,1,0,4.0
11,253,386,5,Hyderabad,Telangana,City,8.125034099,Oct-Mar,290,4,"Nature, Adventure",2,0,52000,2,26-35,High Blood Pressure,Business,"Shopping, Food & Local Cuisine",All seasons,"Traffic congestion, pollution",Hyderabadi Cuisine,710,https://t4.ftcdn.net/jpg/03/60/89/09/360_F_360890991_Ykybj5JO5HYBaqWeROz9cR2jWXN8HZxf.jpg,2,26000.0,26000.0,13000.0,0,0,1,0,0,0,4.5,1,1,1,40.625170495000006,32.500136396,1.6250068198000003,0.16666666666666666,0.3009271888518519,2.25,4.0625170495,355.0,355.0,0,0,5.0,0.0,5,5,1,4.0,0.0,8.125034099,0.0,52000.0,0.0,2.0,0.0,710.0,2.0,0.0,3.4657359027997265,10.0,0,0,0,4.333333333333333,1.1547005383792515,3,5,3,4.0,0.0,43000.0,12288.205727444507,2.3333333333333335,1.5275252316519465,1540.0,8.476757671,1.3862943611198906,1,0,0,0,9000.0,0.7907025418013535,1,0.3333333333333335,0.8999999999999999,1,0,0.666666666666667,-0.35172357199999915,-830.0,4.0,2,1,0,0,Near,Moderate,Weekend,High,Excellent,2,3,2,1,1,1,3,0,4,4,15,14,2,3,1,0,0,1,4.5
459,632,474,2,Gokarna Beach,Karnataka,Beach,7.876158567,Nov-Mar,24,5,"City, Historical",2,2,45000,3,46-60,Knee Pain,Honeymoon,"Relaxation, Nightlife, Water Sports",Winter,"Crowds, sun exposure",Seafood,680,https://realtalktravel.com/wp-content/uploads/Om-Beach-Gokarna.webp,4,15000.0,11250.0,3750.0,1,0,0,1,1,0,3.5,3,0,0,15.752317134,39.380792835,0.7876158567,0.21875,0.4922599104375,1.1666666666666667,2.625386189,226.66666666666666,170.0,0,0,3.0,1.7320508075688772,2,5,3,4.0,1.0,7.876158567,0.0,30166.666666666668,14074.208089030562,3.3333333333333335,2.516611478423583,971.6666666666666,1.6666666666666667,1.0,4.1588830833596715,0.5458363904912633,1,0,1,2.0,1.0,1,3,3,3.3333333333333335,2.0816659994661326,71166.66666666667,30059.662894539142,4.333333333333333,1.5275252316519468,1093.3333333333333,8.008267972666667,1.3862943611198906,0,1,1,1,26166.66666666667,0.6323236675831252,0,1.333333333333333,0.75,0,0,0.0,-0.13210940566666718,-413.33333333333326,2.0,1,0,0,0,Near,Economy,Weekend,High,Poor,1,2,1,3,2,3,2,3,0,14,6,12,2,1,1,0,3,0,3.5
902,805,480,5,Rishikesh,Uttarakhand,Adventure,8.41014171,Apr-Jun,389,1,"City, Historical",2,0,43500,6,36-45,Knee Pain,Adventure,"Trekking, Adventure Sports",Summer,"High altitude, physical exertion",North Indian Cuisine,1600,https://dynamic-media-cdn.tripadvisor.com/media/photo-o/2c/31/c5/45/caption.jpg,2,7250.0,21750.0,3625.0,0,0,1,0,0,0,3.0,4,1,1,42.050708549999996,8.41014171,0.42050708549999993,0.36363636363636365,1.0194111163636363,0.5,1.401690285,266.6666666666667,800.0,0,0,5.0,0.0,5,5,1,1.0,0.0,8.41014171,0.0,43500.0,0.0,6.0,0.0,1600.0,2.0,0.0,3.4657359027997265,10.0,0,0,0,4.0,1.7320508075688772,2,5,3,1.6666666666666667,0.5773502691896257,40666.666666666664,19405.75516008932,5.666666666666667,1.5275252316519468,1240.0,8.644088841333334,1.3862943611198906,1,0,0,1,2833.3333333333358,0.9303295820594575,1,0.33333333333333304,0.9500000000000001,1,0,1.0,-0.2339471313333341,360.0,5.0,2,1,0,0,Far,Economy,Week,High,Excellent,0,0,1,2,2,0,4,2,2,10,17,30,0,1,0,0,0,0,3.0
233,144,777,4,Tawang,Arunachal Pradesh,Nature,7.830541228,Sep-Mar,590,1,"City, Historical",1,2,56000,2,18-25,Asthma,Family Vacation,"Nature & Relaxation, Photography",Post-Monsoon,"Curvy roads, limited medical facilities",North East Cuisine,3000,https://s7ap1.scene7.com/is/image/incredibleindia/sela-pass-tawang-arunachal-pradesh-blog-ntr-hero,3,28000.0,18666.666666666668,9333.333333333334,1,0,0,1,0,0,2.5,3,1,0,31.322164912,7.830541228,0.31322164912,0.08620689655172414,0.2700186630344828,1.25,3.915270614,1500.0,1000.0,0,1,4.0,0.0,4,4,1,1.0,0.0,7.830541228,0.0,56000.0,0.0,2.0,0.0,3000.0,1.0,2.0,2.772588722239781,10.0,0,1,1,4.0,0.0,4,4,1,1.0,0.0,56000.0,0.0,2.0,0.0,3000.0,7.830541228,0.6931471805599453,1,0,1,0,0.0,1.0,1,0.0,1.0,0,0,0.0,0.0,0.0,4.0,1,0,0,0,Far,Moderate,Weekend,High,Good,4,4,1,0,0,2,1,1,1,9,1,36,0,3,1,0,2,0,2.5
489,261,452,4,Ellora Caves,Maharashtra,Historical,8.083688761,Nov-Feb,991,1,"Nature, Adventure",2,1,53000,2,18-25,Knee Pain,Leisure,"Cultural Exploration, Photography",Winter,"Long walking distances, crowd congestion",Maharashtrian Cuisine,340,https://indiaholidaymall.com/images/blog/Ellora-Caves-Unesco-World-Heritage-Site.jpg,3,26500.0,17666.666666666668,8833.333333333334,1,0,0,1,0,0,2.5,3,1,0,32.334755044,8.083688761,0.32334755043999996,0.09090909090909091,0.29395231858181814,1.25,4.0418443805,170.0,113.33333333333333,1,0,4.0,0.0,4,4,1,1.0,0.0,8.083688761,0.0,53000.0,0.0,2.0,0.0,340.0,2.0,1.0,2.772588722239781,10.0,0,1,1,2.3333333333333335,1.5275252316519465,1,4,3,1.3333333333333333,0.5773502691896257,66833.33333333333,21001.9840332606,3.6666666666666665,2.0816659994661326,850.0,8.033669754333333,1.3862943611198906,0,1,1,0,13833.333333333328,0.7930205533084294,1,1.6666666666666665,0.6428571428571428,1,0,1.6666666666666665,0.050019006666666144,-510.0,4.0,1,0,0,0,Near,Moderate,Weekend,High,Good,3,1,2,0,2,4,0,3,3,6,10,10,2,3,1,0,2,0,2.5
179,886,333,4,Khajuraho Temples,Madhya Pradesh,Historical,7.713067195,Nov-Feb,685,5,"City, Historical",2,0,53500,6,26-35,Knee Pain,Leisure,"Cultural Exploration, Photography",Winter,"Long walking distances, crowd congestion",North Indian Cuisine,1100,https://st2.depositphotos.com/1000434/7761/i/450/depositphotos_77615282-stock-photo-lakshmana-temple-in-khajuraho-madhya.jpg,2,8916.666666666666,26750.0,4458.333333333333,0,0,1,0,0,0,4.5,1,1,0,30.85226878,38.565335974999996,1.542613439,0.45378151260504207,0.7777882885714286,0.75,1.2855111991666666,183.33333333333334,550.0,0,0,4.0,0.0,4,4,2,5.0,0.0,7.713067195,0.0,62750.0,13081.47545195113,5.0,1.4142135623730951,1255.0,1.5,1.0,4.394449154672438,10.0,1,1,1,4.0,0.0,4,4,1,5.0,0.0,53500.0,0.0,6.0,0.0,1100.0,7.713067195,0.6931471805599453,1,0,1,1,0.0,1.0,1,0.0,1.0,0,0,0.0,0.0,0.0,4.0,1,0,0,0,Medium,Moderate,Week,High,Good,3,1,1,1,2,4,0,3,3,10,9,17,1,3,0,0,2,1,4.5
931,40,252,2,Ooty,Tamil Nadu,Nature,9.451473448,Apr-Jun,997,4,"City, Historical",2,2,84000,5,18-25,Knee Pain,Adventure,"Trekking, Adventure Sports",Summer,"High altitude, physical exertion",South Indian Cuisine,1180,https://t3.ftcdn.net/jpg/05/09/58/00/360_F_509580096_YjyHXMHyTm9OOkjUQS4kOxDXkxbOMWYi.jpg,4,16800.0,21000.0,4200.0,1,0,0,1,1,0,3.0,2,0,0,18.902946896,37.805893792,0.75611787584,0.16853932584269662,0.5309816543820224,0.6,1.8902946896,236.0,295.0,0,0,2.0,0.0,2,2,1,4.0,0.0,9.451473448,0.0,84000.0,0.0,5.0,0.0,1180.0,2.0,2.0,1.3862943611198906,10.0,0,1,1,2.3333333333333335,0.5773502691896257,2,3,3,2.3333333333333335,1.5275252316519468,74666.66666666667,17039.170558842743,4.333333333333333,1.1547005383792517,1086.6666666666667,8.835739315333333,1.3862943611198906,0,1,1,1,9333.333333333328,0.8750016740847222,1,0.666666666666667,0.875,0,1,-0.3333333333333335,0.6157341326666668,93.33333333333326,2.0,2,1,0,0,Medium,Premium,Week,VeryHigh,Poor,4,0,1,0,2,0,4,2,2,15,14,27,1,4,0,1,3,0,3.0
771,782,869,3,Varkala Beach,Kerala,Beach,8.997832251,Nov-Mar,217,2,"Nature, Adventure",1,1,27500,3,46-60,Knee Pain,Honeymoon,"Relaxation, Nightlife, Water Sports",Winter,"Crowds, sun exposure",Seafood,1550,https://encrypted-tbn0.gstatic.com/images?q=tbn:ANd9GcQhhfqvS3M6-Q5xL-XOgqAbXut9hnDO4dA-_VCx1YCE79I6gDY3_C1Zv3dOXwu2pL_OmQVlumXjSSQ8I6p748JioJniT2Wxf2InPIObpQ&s=10,2,9166.666666666666,13750.0,4583.333333333333,1,0,0,1,0,0,2.5,1,0,0,26.993496753000002,17.995664502,0.53986993506,0.24590163934426232,0.8850326804262296,0.8333333333333334,2.999277417,516.6666666666666,775.0,0,0,2.0,1.4142135623730951,1,3,2,3.0,1.4142135623730951,8.997832251,0.0,30750.0,4596.194077712559,2.5,0.7071067811865476,1600.0,1.0,1.5,2.197224577336219,0.660408825313113,1,0,1,3.0,0.0,3,3,1,2.0,0.0,27500.0,0.0,3.0,0.0,1550.0,8.997832251,0.6931471805599453,0,0,0,0,0.0,1.0,1,0.0,1.0,0,0,0.0,0.0,0.0,3.0,1,0,0,0,Far,Economy,Weekend,VeryHigh,Fair,1,2,2,3,2,3,2,3,0,14,7,38,0,1,1,1,1,0,2.5
604,420,233,1,Munnar,Kerala,Nature,9.333012518,Apr-Jun,120,5,"Nature, Adventure",1,1,38000,4,36-45,Knee Pain,Adventure,"Trekking, Adventure Sports",Summer,"High altitude, physical exertion",Kerala Cuisine,1480,https://images.unsplash.com/photo-1491497895121-1334fc14d8c9,2,9500.0,19000.0,4750.0,1,0,0,1,0,0,3.0,4,0,0,9.333012518,46.665062590000005,0.46665062590000006,0.2857142857142857,0.8888583350476191,0.75,2.3332531295,370.0,740.0,0,0,3.0,2.8284271247461903,1,5,2,4.0,1.4142135623730951,9.333012518,0.0,33250.0,6717.514421272202,3.5,0.7071067811865476,1330.0,1.0,1.0,3.2958368660043287,0.3414802408943917,1,0,1,1.0,0.0,1,1,2,4.5,0.7071067811865476,39000.0,1414.213562373095,4.0,0.0,1590.0,9.073520577,1.0986122886681096,0,1,0,0,1000.0,0.9743596318043127,1,0.0,1.0,0,0,0.0,0.2594919410000003,-110.0,1.0,1,0,0,0,Medium,Economy,Week,VeryHigh,Poor,4,0,2,2,2,0,4,2,2,5,7,26,1,1,0,1,3,0,3.0
206,767,114,4,Gokarna Beach,Karnataka,Beach,8.243622218,Nov-Mar,485,5,"City, Historical",1,0,23000,2,18-25,Knee Pain,Honeymoon,"Relaxation, Nightlife, Water Sports",Winter,"Crowds, sun exposure",Seafood,680,https://realtalktravel.com/wp-content/uploads/Om-Beach-Gokarna.webp,1,11500.0,23000.0,11500.0,0,1,0,0,0,0,4.5,1,1,0,32.974488872,41.21811109,1.6487244436,0.36,0.65948977744,2.25,4.121811109,340.0,680.0,0,0,4.0,0.0,4,4,1,5.0,0.0,8.243622218,0.0,23000.0,0.0,2.0,0.0,680.0,1.0,0.0,2.772588722239781,10.0,0,0,0,4.0,0.0,4,4,1,5.0,0.0,23000.0,0.0,2.0,0.0,680.0,8.243622218,0.6931471805599453,1,0,0,0,0.0,1.0,1,0.0,1.0,0,0,0.0,0.0,0.0,4.0,1,0,0,0,Near,Budget,Weekend,High,Good,1,2,1,0,2,3,2,3,0,14,6,12,2,0,1,0,2,1,4.5
487,818,60,2,Hyderabad,Telangana,City,8.385706717,Oct-Mar,320,4,"City, Historical",2,1,70500,4,18-25,High Blood Pressure,Business,"Shopping, Food & Local Cuisine",All seasons,"Traffic congestion, pollution",Hyderabadi Cuisine,710,https://t4.ftcdn.net/jpg/03/60/89/09/360_F_360890991_Ykybj5JO5HYBaqWeROz9cR2jWXN8HZxf.jpg,3,17625.0,23500.0,5875.0,1,0,0,1,0,0,3.0,2,0,0,16.771413434,33.542826868,0.67085653736,0.1610738255033557,0.45023928681879194,0.75,2.09642667925,177.5,236.66666666666666,0,0,2.0,0.0,2,2,1,4.0,0.0,8.385706717,0.0,70500.0,0.0,4.0,0.0,710.0,2.0,1.0,1.3862943611198906,10.0,0,1,1,2.0,0.0,2,2,1,4.0,0.0,70500.0,0.0,4.0,0.0,710.0,8.385706717,0.6931471805599453,0,1,1,0,0.0,1.0,1,0.0,1.0,0,0,0.0,0.0,0.0,2.0,1,0,0,0,Near,Moderate,Week,High,Poor,2,3,1,0,1,1,3,0,4,4,15,14,2,3,0,0,3,0,3.0
34,780,979,4,Valley of Flowers,Uttarakhand,Nature,9.291685938,Apr-Jun,68,2,"Beaches, Historical",1,2,41500,5,18-25,Knee Pain,Adventure,"Trekking, Adventure Sports",Summer,"High altitude, physical exertion",North Indian Cuisine,1900,https://encrypted-tbn0.gstatic.com/images?q=tbn:ANd9GcSKohlQ-J1CgxwCnc1mL62LM__eo7IDPvD9Hm4v1DnS8PQfNYx8O_lBtpoE&s=10,3,8300.0,13833.333333333334,2766.6666666666665,1,0,0,1,0,0,3.0,2,1,0,37.166743752,18.583371876,0.7433348750400001,0.3225806451612903,0.9991060148387096,0.6,1.8583371876,380.0,633.3333333333334,0,0,4.5,0.7071067811865476,4,5,2,3.0,1.4142135623730951,9.291685938,0.0,35250.0,8838.834764831845,3.0,2.8284271247461903,2200.0,1.5,1.0,4.943755299006493,1.238993430992954,1,0,1,4.0,0.0,4,4,1,2.0,0.0,41500.0,0.0,5.0,0.0,1900.0,9.291685938,0.6931471805599453,1,0,0,1,0.0,1.0,1,0.0,1.0,0,0,0.0,0.0,0.0,4.0,1,0,0,0,Far,Economy,Week,VeryHigh,Good,4,0,0,0,2,0,4,2,2,10,17,37,0,1,0,1,2,0,3.0
175,492,326,3,Marina Beach,Tamil Nadu,Beach,8.128286959,Nov-Mar,986,1,"Nature, Adventure",1,0,17000,4,46-60,Knee Pain,Honeymoon,"Relaxation, Nightlife, Water Sports",Winter,"Crowds, sun exposure",Seafood,1340,https://encrypted-tbn0.gstatic.com/licensed-image?q=tbn:ANd9GcQct7UyX_Oev4c9kXNkRrH7cu6JRlW5Xs6MNpuB-CTQjXyNxWdF7V64hL9ANP93g9qVVT1kg12v0L1opGDTWLdmYNf-&s=19,1,4250.0,17000.0,4250.0,0,1,0,0,0,0,2.0,2,0,0,24.384860877,8.128286959,0.24384860877,0.38095238095238093,1.5482451350476192,0.5,2.03207173975,335.0,1340.0,0,0,3.0,0.0,3,3,1,1.0,0.0,8.128286959,0.0,17000.0,0.0,4.0,0.0,1340.0,1.0,0.0,2.0794415416798357,10.0,0,0,0,3.0,0.0,3,3,1,1.0,0.0,17000.0,0.0,4.0,0.0,1340.0,8.128286959,0.6931471805599453,0,0,0,0,0.0,1.0,1,0.0,1.0,0,0,0.0,0.0,0.0,3.0,1,0,0,0,Medium,Budget,Week,High,Fair,1,2,2,3,2,3,2,3,0,14,14,24,1,0,0,0,1,0,2.0
338,821,297,1,Ajanta Caves,Maharashtra,Historical,8.853137683,Nov-Feb,659,2,"City, Historical",1,1,57500,4,26-35,Knee Pain,Leisure,"Cultural Exploration, Photography",Winter,"Long walking distances, crowd congestion",Maharashtrian Cuisine,430,https://plus.unsplash.com/premium_photo-1697729588019-20a1f5a325d1,2,14375.0,28750.0,7187.5,1,0,0,1,0,0,1.5,1,0,0,8.853137683,17.706275366,0.17706275366,0.0975609756097561,0.5758138330406504,0.375,2.21328442075,107.5,215.0,1,0,1.0,0.0,1,1,1,2.0,0.0,8.853137683,0.0,57500.0,0.0,4.0,0.0,430.0,1.0,1.0,0.6931471805599453,10.0,0,1,1,2.5,2.1213203435596424,1,4,2,1.5,0.7071067811865476,52750.0,6717.514421272202,4.5,0.7071067811865476,805.0,8.351060244500001,1.0986122886681096,0,1,1,1,4750.0,0.9099543136623003,1,0.5,0.9090909090909091,0,1,-1.5,0.5020774384999989,-375.0,1.0,1,0,0,0,Near,Moderate,Week,VeryHigh,Poor,3,1,1,1,2,4,0,3,3,6,10,1,2,3,0,1,3,0,1.5
463,806,684,5,Ajanta Caves,Maharashtra,Historical,8.576757877,Nov-Feb,281,2,"City, Historical",1,0,28000,2,18-25,Knee Pain,Leisure,"Cultural Exploration, Photography",Winter,"Long walking distances, crowd congestion",Maharashtrian Cuisine,430,https://plus.unsplash.com/premium_photo-1697729588019-20a1f5a325d1,1,14000.0,28000.0,14000.0,0,1,0,0,0,0,3.5,3,1,1,42.883789385,17.153515754,0.8576757877,0.23333333333333334,0.5717838584666667,1.75,4.2883789385,215.0,430.0,1,0,4.5,0.7071067811865476,4,5,2,2.5,0.7071067811865476,8.576757877,0.0,32000.0,5656.85424949238,2.5,0.7071067811865476,920.0,1.0,0.5,4.943755299006493,1.238993430992954,1,0,0,4.0,1.4142135623730951,3,5,2,2.0,0.0,23500.0,6363.961030678927,3.5,2.1213203435596424,570.0,8.2300537645,1.0986122886681096,1,0,0,0,4500.0,0.8085187864346198,1,1.5,0.6666666666666667,1,0,1.0,0.3467041125000012,-140.0,5.0,1,0,0,0,Near,Economy,Weekend,VeryHigh,Excellent,3,1,1,0,2,4,0,3,3,6,10,1,2,1,1,1,0,0,3.5
364,123,259,5,Hyderabad,Telangana,City,9.31595004,Oct-Mar,336,3,"Beaches, Historical",1,0,19000,5,36-45,High Blood Pressure,Business,"Shopping, Food & Local Cuisine",All seasons,"Traffic congestion, pollution",Hyderabadi Cuisine,710,https://t4.ftcdn.net/jpg/03/60/89/09/360_F_360890991_Ykybj5JO5HYBaqWeROz9cR2jWXN8HZxf.jpg,1,3800.0,19000.0,3800.0,0,1,0,0,0,0,4.0,2,1,1,46.57975020000001,27.947850120000002,1.397392506,0.8333333333333334,1.9408229250000002,0.8,1.8631900080000001,142.0,710.0,0,0,2.5,1.9148542155126762,1,5,4,3.0,1.632993161855452,9.31595004,0.0,54750.0,25048.28670122303,3.75,1.4999999999999998,676.25,1.75,1.0,4.023594781085251,0.4963138237500482,1,1,1,4.0,1.4142135623730951,3,5,2,3.0,0.0,21000.0,2828.42712474619,4.5,0.7071067811865476,1155.0,8.752732384000002,1.0986122886681096,1,0,0,1,2000.0,0.9047664396933479,1,0.5,0.9090909090909091,1,0,1.0,0.5632176559999991,-445.0,5.0,1,0,0,0,Near,Budget,Week,VeryHigh,Excellent,2,3,0,2,1,1,3,0,4,4,15,14,2,0,0,1,0,0,4.0
819,317,852,1,Varkala Beach,Kerala,Beach,8.617795776,Nov-Mar,79,3,"City, Historical",2,2,37000,4,18-25,Knee Pain,Honeymoon,"Relaxation, Nightlife, Water Sports",Winter,"Crowds, sun exposure",Seafood,1550,https://encrypted-tbn0.gstatic.com/images?q=tbn:ANd9GcQhhfqvS3M6-Q5xL-XOgqAbXut9hnDO4dA-_VCx1YCE79I6gDY3_C1Zv3dOXwu2pL_OmQVlumXjSSQ8I6p748JioJniT2Wxf2InPIObpQ&s=10,4,9250.0,9250.0,2312.5,1,0,0,1,1,0,2.0,2,0,0,8.617795776,25.853387327999997,0.25853387328,0.1951219512195122,0.8407605635121951,0.5,2.154448944,387.5,387.5,0,0,3.0,2.8284271247461903,1,5,2,3.5,0.7071067811865476,8.617795776,0.0,34250.0,3889.0872965260114,3.0,1.4142135623730951,1550.0,1.5,1.5,3.2958368660043287,0.3414802408943917,1,0,1,2.0,1.4142135623730951,1,3,2,4.0,1.4142135623730951,79000.0,59396.969619669995,5.0,1.4142135623730951,1145.0,8.510725569,1.0986122886681096,0,1,1,1,42000.0,0.4683611599853167,0,1.0,0.8333333333333334,0,1,-1.0,0.10707020699999958,405.0,1.0,1,0,0,0,Far,Economy,Week,VeryHigh,Poor,1,2,1,0,2,3,2,3,0,14,7,38,0,1,0,1,3,0,2.0
467,491,20,5,Konark Sun Temple,Odisha,Historical,8.208032333,Nov-Feb,674,4,"Nature, Adventure",2,0,49000,5,36-45,Knee Pain,Leisure,"Cultural Exploration, Photography",Winter,"Long walking distances, crowd congestion",Odia Cuisine,1700,https://cdn.britannica.com/19/251919-050-D3E64798/konark-sun-temple-orissa-india-unesco-heritage-site.jpg,2,9800.0,24500.0,4900.0,0,0,1,0,0,0,4.5,1,1,1,41.040161665,32.832129332,1.6416064665999999,0.41666666666666663,0.7600029937962963,0.9,1.6416064666,340.0,850.0,0,0,3.0,2.8284271247461903,1,5,2,3.5,0.7071067811865476,8.208032333,0.0,47000.0,2828.42712474619,4.0,1.4142135623730951,1700.0,2.0,0.0,3.2958368660043287,0.3414802408943917,1,0,0,3.6,1.1401754250991378,2,5,5,4.4,0.5477225575051661,53100.0,12759.310326189265,5.2,0.44721359549995787,1722.0,8.377871876,1.791759469228055,1,0,1,1,4100.0,0.9227886480480594,1,0.20000000000000018,0.967741935483871,1,0,1.4,-0.16983954300000015,-22.0,4.0,2,1,0,0,Far,Economy,Week,High,Excellent,3,1,2,2,2,4,0,3,3,11,11,20,0,1,0,0,0,1,4.5
633,516,365,4,Ellora Caves,Maharashtra,Historical,7.890656668,Nov-Feb,872,3,"Nature, Adventure",1,1,48500,3,26-35,Knee Pain,Leisure,"Cultural Exploration, Photography",Winter,"Long walking distances, crowd congestion",Maharashtrian Cuisine,340,https://indiaholidaymall.com/images/blog/Ellora-Caves-Unesco-World-Heritage-Site.jpg,2,16166.666666666666,24250.0,8083.333333333333,1,0,0,1,0,0,3.5,1,1,0,31.562626672,23.671970004000002,0.94687880016,0.2038834951456311,0.45964990299029135,1.1666666666666667,2.6302188893333334,113.33333333333333,170.0,1,0,4.0,0.0,4,4,1,3.0,0.0,7.890656668,0.0,48500.0,0.0,3.0,0.0,340.0,1.0,1.0,2.772588722239781,10.0,0,0,1,4.5,0.7071067811865476,4,5,2,3.0,0.0,43250.0,7424.621202458749,2.5,0.7071067811865476,685.0,8.4148464385,1.0986122886681096,1,0,0,0,5250.0,0.8786155233405009,1,0.5,0.8571428571428572,0,1,-0.5,-0.5241897704999996,-345.0,4.0,1,0,0,0,Near,Economy,Weekend,High,Good,3,1,2,1,2,4,0,3,3,6,10,10,2,1,1,0,2,0,3.5
323,20,330,2,Munnar,Kerala,Nature,8.930902395,Apr-Jun,208,4,"City, Historical",2,1,64000,5,18-25,Knee Pain,Adventure,"Trekking, Adventure Sports",Summer,"High altitude, physical exertion",Kerala Cuisine,1480,https://images.unsplash.com/photo-1491497895121-1334fc14d8c9,3,12800.0,21333.333333333332,4266.666666666667,1,0,0,1,0,0,3.0,2,0,0,17.86180479,35.72360958,0.7144721916000001,0.21739130434782608,0.6471668402173913,0.6,1.786180479,296.0,493.3333333333333,0,0,2.0,0.0,2,2,1,4.0,0.0,8.930902395,0.0,64000.0,0.0,5.0,0.0,1480.0,2.0,1.0,1.3862943611198906,10.0,0,1,1,1.6666666666666667,0.5773502691896258,1,2,3,3.3333333333333335,0.5773502691896258,58666.666666666664,5795.112883571237,4.0,1.7320508075688772,1240.0,8.598847223666667,1.3862943611198906,0,1,1,0,5333.333333333336,0.909092458651273,1,1.0,0.8,1,0,0.33333333333333326,0.33205517133333373,240.0,2.0,1,0,0,0,Medium,Moderate,Week,VeryHigh,Poor,4,0,1,0,2,0,4,2,2,5,7,26,1,3,0,1,3,0,3.0
225,995,474,3,Kodaikanal,Tamil Nadu,Nature,7.746367368,Apr-Jun,899,1,"City, Historical",2,2,104000,6,26-35,Knee Pain,Adventure,"Trekking, Adventure Sports",Summer,"High altitude, physical exertion",South Indian Cuisine,1300,https://encrypted-tbn0.gstatic.com/images?q=tbn:ANd9GcRR1MrvitA-PthZ_UMPeUYOYvzHFu6Olty-pnoL9EqaCl31ZwvMHSvu9OQ&s=10,4,17333.333333333332,26000.0,4333.333333333333,1,0,0,1,1,0,2.0,2,0,0,23.239102103999997,7.746367368,0.23239102103999998,0.1090909090909091,0.4225291291636364,0.3333333333333333,1.291061228,216.66666666666666,325.0,0,0,3.0,0.0,3,3,1,1.0,0.0,7.746367368,0.0,104000.0,0.0,6.0,0.0,1300.0,2.0,2.0,2.0794415416798357,10.0,0,1,1,2.0,1.0,1,3,3,3.3333333333333335,2.0816659994661326,71166.66666666667,30059.662894539142,4.333333333333333,1.5275252316519468,1093.3333333333333,8.008267972666667,1.3862943611198906,0,1,1,1,32833.33333333333,0.5386481688781892,0,1.666666666666667,0.6875,1,0,1.0,-0.26190060466666765,206.66666666666674,2.0,2,1,0,0,Medium,Premium,Week,High,Fair,4,0,1,1,2,0,4,2,2,15,14,18,1,4,0,0,1,0,2.0
293,178,653,4,Ahmedabad,Gujarat,City,8.544351694,Oct-Mar,756,5,"Nature, Adventure",2,1,52500,2,18-25,High Blood Pressure,Business,"Shopping, Food & Local Cuisine",All seasons,"Traffic congestion, pollution",Gujarati Cuisine,520,https://encrypted-tbn0.gstatic.com/images?q=tbn:ANd9GcTjjS0tleUkYu3JCgQn5BM0ooo_ueYok5FwDld1RJJHOQ&s=10,3,26250.0,17500.0,8750.0,1,0,0,1,0,0,4.5,1,1,0,34.177406776,42.72175847,1.7088703388,0.1651376146788991,0.31355419060550455,2.25,4.272175847,260.0,173.33333333333334,0,0,3.5,0.7071067811865476,3,4,2,3.5,2.1213203435596424,8.544351694,0.0,50000.0,3535.5339059327375,4.0,2.8284271247461903,277.5,1.5,1.0,3.8451430103383837,1.238993430992954,1,0,1,2.5,2.1213203435596424,1,4,2,4.0,1.4142135623730951,71750.0,27223.611075682078,3.5,2.1213203435596424,910.0,8.627508532,1.0986122886681096,0,1,1,0,19250.0,0.7317110562918984,1,1.5,0.6666666666666667,1,0,1.5,-0.08315683800000073,-390.0,4.0,1,0,0,0,Near,Moderate,Weekend,VeryHigh,Good,2,3,2,0,1,1,3,0,4,2,4,0,2,3,1,1,2,1,4.5
133,302,169,3,Gokarna Beach,Karnataka,Beach,7.649281077,Nov-Mar,392,2,"Beaches, Historical",2,2,61000,6,26-35,Knee Pain,Honeymoon,"Relaxation, Nightlife, Water Sports",Winter,"Crowds, sun exposure",Seafood,680,https://realtalktravel.com/wp-content/uploads/Om-Beach-Gokarna.webp,4,10166.666666666666,15250.0,2541.6666666666665,1,0,0,1,1,0,2.5,1,0,0,22.947843231,15.298562154,0.45895686462,0.22388059701492538,0.6850102457014926,0.4166666666666667,1.2748801795,113.33333333333333,170.0,0,0,3.5,0.7071067811865476,3,4,2,3.0,1.4142135623730951,7.649281077,0.0,44500.0,23334.52377915607,3.5,3.5355339059327378,1165.0,1.5,2.0,3.8451430103383837,1.238993430992954,1,0,1,2.0,1.4142135623730951,1,3,2,3.0,1.4142135623730951,87250.0,37123.10601229374,4.0,2.8284271247461903,1080.0,8.149859343000001,1.0986122886681096,0,1,1,0,26250.0,0.6991438493541622,0,2.0,0.6,1,0,1.0,-0.5005782660000007,-400.0,3.0,1,0,0,0,Near,Moderate,Week,High,Fair,1,2,0,1,2,3,2,3,0,14,6,12,2,3,0,0,1,0,2.5
777,645,859,3,Munnar,Kerala,Nature,9.161029661,Apr-Jun,955,2,"Beaches, Historical",2,1,64000,4,46-60,Knee Pain,Adventure,"Trekking, Adventure Sports",Summer,"High altitude, physical exertion",Kerala Cuisine,1480,https://images.unsplash.com/photo-1491497895121-1334fc14d8c9,3,16000.0,21333.333333333332,5333.333333333333,1,0,0,1,0,0,2.5,1,0,0,27.483088983000002,18.322059322,0.5496617796600001,0.14705882352941177,0.5388840977058824,0.625,2.29025741525,370.0,493.3333333333333,0,0,3.6666666666666665,1.1547005383792515,3,5,3,2.3333333333333335,1.5275252316519468,9.161029661,0.0,59166.666666666664,29547.983574743866,5.333333333333333,1.1547005383792517,2226.6666666666665,1.6666666666666667,0.6666666666666666,5.083079324106265,0.7970029257273941,1,1,1,3.0,0.0,3,3,1,2.0,0.0,64000.0,0.0,4.0,0.0,1480.0,9.161029661,0.6931471805599453,0,0,1,0,0.0,1.0,1,0.0,1.0,0,0,0.0,0.0,0.0,3.0,1,0,0,0,Medium,Moderate,Week,VeryHigh,Fair,4,0,0,3,2,0,4,2,2,5,7,26,1,3,0,1,1,0,2.5
70,817,989,5,Marina Beach,Tamil Nadu,Beach,7.999026975,Nov-Mar,779,4,"Nature, Adventure",2,1,34500,5,46-60,Knee Pain,Honeymoon,"Relaxation, Nightlife, Water Sports",Winter,"Crowds, sun exposure",Seafood,1340,https://encrypted-tbn0.gstatic.com/licensed-image?q=tbn:ANd9GcQct7UyX_Oev4c9kXNkRrH7cu6JRlW5Xs6MNpuB-CTQjXyNxWdF7V64hL9ANP93g9qVVT1kg12v0L1opGDTWLdmYNf-&s=19,3,6900.0,11500.0,2300.0,1,0,0,1,0,0,4.5,1,1,1,39.995134875,31.9961079,1.599805395,0.5696202531645569,1.0125350601265821,0.9,1.599805395,268.0,446.6666666666667,0,0,5.0,0.0,5,5,1,4.0,0.0,7.999026975,0.0,34500.0,0.0,5.0,0.0,1340.0,2.0,1.0,3.4657359027997265,10.0,0,0,1,4.0,1.7320508075688772,2,5,3,4.333333333333333,0.5773502691896258,44500.0,9165.15138991168,5.333333333333333,0.5773502691896257,1456.6666666666667,8.2653845,1.3862943611198906,1,0,0,1,10000.0,0.7752859486303678,1,0.33333333333333304,0.9473684210526316,1,0,1.0,-0.2663575250000001,-116.66666666666674,5.0,1,0,0,0,Medium,Economy,Week,High,Excellent,1,2,2,3,2,3,2,3,0,14,14,24,1,1,0,0,0,1,4.5
256,436,364,5,Khajuraho Temples,Madhya Pradesh,Historical,7.728114076,Nov-Feb,262,3,"Beaches, Historical",2,2,95500,5,26-35,Knee Pain,Leisure,"Cultural Exploration, Photography",Winter,"Long walking distances, crowd congestion",North Indian Cuisine,1100,https://st2.depositphotos.com/1000434/7761/i/450/depositphotos_77615282-stock-photo-lakshmana-temple-in-khajuraho-madhya.jpg,4,19100.0,23875.0,4775.0,1,0,0,1,1,0,4.0,2,1,1,38.64057038,23.184342228,1.1592171114,0.1990049751243781,0.38448328736318405,0.8,1.5456228152,220.0,275.0,0,0,3.5,2.1213203435596424,2,5,2,4.0,1.4142135623730951,7.728114076,0.0,67750.0,39244.426355853386,5.5,0.7071067811865476,1400.0,1.5,1.5,3.8451430103383837,0.450182704578985,1,1,1,4.5,0.5773502691896257,4,5,4,3.5,0.5773502691896257,88375.0,22024.13448923703,3.5,1.2909944487358056,1291.25,8.295658941,1.6094379124341003,1,0,1,0,7125.0,0.9193785643161039,1,1.5,0.6666666666666667,1,0,0.5,-0.5675448649999995,-191.25,5.0,1,0,0,0,Medium,Premium,Week,High,Excellent,3,1,0,1,2,4,0,3,3,10,9,17,1,4,0,0,0,0,4.0
759,348,454,5,Chandigarh,Punjab,City,8.013552976,Oct-Mar,457,3,"Beaches, Historical",2,0,36000,6,46-60,High Blood Pressure,Business,"Shopping, Food & Local Cuisine",All seasons,"Traffic congestion, pollution",Punjabi Cuisine,1650,https://s7ap1.scene7.com/is/image/incredibleindia/chandigarh-union-territory-1-city-ff,2,6000.0,18000.0,3000.0,0,0,1,0,0,0,4.0,2,1,1,40.06776488,24.040658928,1.2020329464,0.5714285714285714,1.1447932822857143,0.6666666666666666,1.3355921626666667,275.0,825.0,0,0,3.0,2.0,1,5,3,4.0,1.0,8.013552976,0.0,34333.333333333336,14571.661996262928,4.0,2.0,1400.0,1.6666666666666667,0.0,4.1588830833596715,0.47619047619047616,1,0,0,4.0,1.7320508075688772,1,5,5,1.8,0.8366600265340756,49700.0,9852.664614204627,4.0,1.8708286933869707,1768.0,8.3048899352,1.791759469228055,1,0,0,0,13700.0,0.7243516227037685,1,2.0,0.6,1,0,1.0,-0.2913369592000006,-118.0,4.5,2,1,0,0,Far,Economy,Week,High,Excellent,2,3,0,3,1,1,3,0,4,12,12,7,0,1,0,0,0,0,4.0
422,826,509,4,Konark Sun Temple,Odisha,Historical,8.277156854,Nov-Feb,849,2,"Nature, Adventure",1,0,28000,6,26-35,Knee Pain,Leisure,"Cultural Exploration, Photography",Winter,"Long walking distances, crowd congestion",Odia Cuisine,1700,https://cdn.britannica.com/19/251919-050-D3E64798/konark-sun-temple-orissa-india-unesco-heritage-site.jpg,1,4666.666666666667,28000.0,4666.666666666667,0,1,0,0,0,0,3.0,2,1,0,33.108627416,16.554313708,0.6621725483199999,0.5294117647058824,1.4606747389411763,0.5,1.3795261423333331,283.3333333333333,1700.0,0,0,4.0,0.0,4,4,1,2.0,0.0,8.277156854,0.0,28000.0,0.0,6.0,0.0,1700.0,1.0,0.0,2.772588722239781,10.0,0,0,0,4.0,0.0,4,4,2,1.5,0.7071067811865476,30000.0,2828.42712474619,4.5,2.1213203435596424,1850.0,8.768803495499998,1.0986122886681096,1,0,0,1,2000.0,0.933335555481484,1,1.5,0.7272727272727273,0,0,0.0,-0.49164664149999915,-150.0,4.0,1,0,0,0,Far,Economy,Week,High,Good,3,1,2,1,2,4,0,3,3,11,11,20,0,1,0,0,2,0,3.0
861,946,446,1,Khajuraho Temples,Madhya Pradesh,Historical,8.012249945,Nov-Feb,115,3,"Nature, Adventure",2,2,69500,2,26-35,Knee Pain,Leisure,"Cultural Exploration, Photography",Winter,"Long walking distances, crowd congestion",North Indian Cuisine,1100,https://st2.depositphotos.com/1000434/7761/i/450/depositphotos_77615282-stock-photo-lakshmana-temple-in-khajuraho-madhya.jpg,4,34750.0,17375.0,8687.5,1,0,0,1,1,0,2.0,2,0,0,8.012249945,24.036749835000002,0.24036749835000001,0.055944055944055944,0.2241188795804196,1.0,4.0061249725,550.0,275.0,0,0,1.0,0.0,1,1,1,3.0,0.0,8.012249945,0.0,69500.0,0.0,2.0,0.0,1100.0,2.0,2.0,0.6931471805599453,10.0,0,1,1,1.0,0.0,1,1,2,2.5,0.7071067811865476,73750.0,6010.407640085654,3.0,1.4142135623730951,1275.0,7.831053751500001,1.0986122886681096,0,1,1,0,4250.0,0.9423736627299969,1,1.0,0.75,0,0,0.0,0.18119619349999994,-175.0,1.0,2,1,0,0,Medium,Moderate,Weekend,High,Poor,3,1,2,1,2,4,0,3,3,10,9,17,1,3,1,0,3,0,2.0
193,237,533,3,Marina Beach,Tamil Nadu,Beach,8.160740974,Nov-Mar,559,3,"Nature, Adventure",1,1,19500,5,26-35,Knee Pain,Honeymoon,"Relaxation, Nightlife, Water Sports",Winter,"Crowds, sun exposure",Seafood,1340,https://encrypted-tbn0.gstatic.com/licensed-image?q=tbn:ANd9GcQct7UyX_Oev4c9kXNkRrH7cu6JRlW5Xs6MNpuB-CTQjXyNxWdF7V64hL9ANP93g9qVVT1kg12v0L1opGDTWLdmYNf-&s=19,2,3900.0,9750.0,1950.0,1,0,0,1,0,0,3.0,0,0,0,24.482222922,24.482222922,0.7344666876599999,0.6122448979591836,1.6654573416326528,0.6,1.6321481947999998,268.0,670.0,0,0,3.5,0.7071067811865476,3,4,2,2.5,0.7071067811865476,8.160740974,0.0,21750.0,3181.9805153394636,4.5,0.7071067811865476,1920.0,1.5,0.5,3.8451430103383837,1.238993430992954,1,0,0,3.0,0.0,3,3,1,3.0,0.0,19500.0,0.0,5.0,0.0,1340.0,8.160740974,0.6931471805599453,0,0,0,1,0.0,1.0,1,0.0,1.0,0,0,0.0,0.0,0.0,3.0,1,0,0,0,Medium,Budget,Week,High,Fair,1,2,2,1,2,3,2,3,0,14,14,24,1,0,0,0,1,0,3.0
177,118,123,2,Chandigarh,Punjab,City,7.698985654,Oct-Mar,49,2,"City, Historical",2,1,58500,3,26-35,High Blood Pressure,Business,"Shopping, Food & Local Cuisine",All seasons,"Traffic congestion, pollution",Punjabi Cuisine,1650,https://s7ap1.scene7.com/is/image/incredibleindia/chandigarh-union-territory-1-city-ff,3,19500.0,19500.0,6500.0,1,0,0,1,0,0,2.0,0,0,0,15.397971308,15.397971308,0.30795942616,0.0975609756097561,0.37556027580487805,0.6666666666666666,2.5663285513333336,550.0,550.0,0,0,2.6666666666666665,1.1547005383792515,2,4,3,2.3333333333333335,0.5773502691896257,7.698985654,0.0,44500.0,18901.058171435798,3.3333333333333335,1.5275252316519465,1111.6666666666667,1.3333333333333333,1.0,3.6967849629863747,0.7970029257273941,1,0,1,2.0,0.0,2,2,1,2.0,0.0,58500.0,0.0,3.0,0.0,1650.0,7.698985654,0.6931471805599453,0,1,1,0,0.0,1.0,1,0.0,1.0,0,0,0.0,0.0,0.0,2.0,1,0,0,0,Far,Moderate,Weekend,High,Poor,2,3,1,1,1,1,3,0,4,12,12,7,0,3,1,0,3,0,2.0
94,234,538,1,Coorg,Karnataka,Nature,9.42096054,Sep-Mar,837,1,"Beaches, Historical",2,1,84000,3,18-25,Asthma,Family Vacation,"Nature & Relaxation, Photography",Post-Monsoon,"Curvy roads, limited medical facilities",Coorgi Cuisine,1030,https://images.unsplash.com/photo-1710612198146-77512950a4b7,3,28000.0,28000.0,9333.333333333334,1,0,0,1,0,0,1.0,0,0,0,9.42096054,9.42096054,0.0942096054,0.034482758620689655,0.32486070827586205,0.3333333333333333,3.14032018,343.3333333333333,343.3333333333333,0,0,1.0,0.0,1,1,1,1.0,0.0,9.42096054,0.0,84000.0,0.0,3.0,0.0,1030.0,2.0,1.0,0.6931471805599453,10.0,0,1,1,2.0,1.7320508075688772,1,4,3,2.0,1.7320508075688772,55000.0,25821.502667350713,4.333333333333333,1.5275252316519465,2010.0,8.634601325,1.3862943611198906,0,1,1,1,29000.0,0.47273685932983034,0,1.333333333333333,0.75,0,1,-1.0,0.7863592149999992,-980.0,1.0,1,0,0,0,Medium,Premium,Weekend,VeryHigh,Poor,4,4,0,0,0,2,1,1,1,1,6,8,1,4,1,1,3,0,1.0
690,629,797,5,Kerala Backwaters,Kerala,Nature,7.674024425,Sep-Mar,546,3,"Nature, Adventure",1,0,20500,3,26-35,Asthma,Family Vacation,"Nature & Relaxation, Photography",Post-Monsoon,"Curvy roads, limited medical facilities",Kerala Cuisine,1400,https://www.backpackadventures.org/wp-content/uploads/2020/08/india0898.jpg,1,6833.333333333333,20500.0,6833.333333333333,0,1,0,0,0,0,4.0,2,1,1,38.370122125,23.022073275,1.15110366375,0.5106382978723405,0.9796626925531915,1.3333333333333333,2.5580081416666665,466.6666666666667,1400.0,0,0,3.0,2.8284271247461903,1,5,2,4.0,1.4142135623730951,7.674024425,0.0,41750.0,30052.03820042827,3.0,0.0,1440.0,1.0,1.0,3.2958368660043287,0.3414802408943917,1,0,1,5.0,0.0,5,5,1,3.0,0.0,20500.0,0.0,3.0,0.0,1400.0,7.674024425,0.6931471805599453,1,0,0,0,0.0,1.0,1,0.0,1.0,0,0,0.0,0.0,0.0,5.0,1,0,0,0,Medium,Budget,Weekend,High,Excellent,4,4,2,1,0,2,1,1,1,5,7,16,1,0,1,0,0,0,4.0
850,103,799,4,Bangalore,Karnataka,City,9.293866271,Oct-Mar,404,4,"Beaches, Historical",1,2,70000,2,18-25,High Blood Pressure,Business,"Shopping, Food & Local Cuisine",All seasons,"Traffic congestion, pollution",Multi Cuisine,980,https://media.istockphoto.com/id/1382384282/photo/bangalore-or-bengaluru.jpg,3,35000.0,23333.333333333332,11666.666666666666,1,0,0,1,0,0,4.0,0,1,0,37.175465084,37.175465084,1.4870186033600001,0.1111111111111111,0.2581629519722222,2.0,4.6469331355,490.0,326.6666666666667,0,0,3.6666666666666665,0.5773502691896258,3,4,3,2.6666666666666665,1.5275252316519468,9.293866271,0.0,55333.333333333336,13316.656236958785,2.6666666666666665,1.1547005383792515,1176.6666666666667,1.6666666666666667,0.6666666666666666,5.083079324106265,1.4763410387308011,1,1,1,3.5,0.7071067811865476,3,4,2,4.0,0.0,49000.0,29698.484809834998,2.0,0.0,782.5,8.996347549500001,1.0986122886681096,1,0,0,0,21000.0,0.5714373176057632,0,0.0,1.0,1,0,0.5,0.2975187214999995,197.5,4.0,1,0,0,0,Medium,Moderate,Weekend,VeryHigh,Good,2,3,0,0,1,1,3,0,4,8,6,4,1,3,1,1,2,1,4.0
500,815,473,4,Spiti Valley,Himachal Pradesh,Nature,9.220824441,Apr-Jun,443,5,"Nature, Adventure",2,2,55000,4,46-60,Knee Pain,Adventure,"Trekking, Adventure Sports",Summer,"High altitude, physical exertion",Himachali Cuisine,2000,https://storage.googleapis.com/stateless-www-justwravel-com/2021/05/1550217293_shutterstock_1129297934.jpg.jpg,4,13750.0,13750.0,3437.5,1,0,0,1,1,0,4.5,1,1,0,36.883297764,46.104122204999996,1.8441648882,0.3050847457627119,0.6251406400677966,1.125,2.30520611025,500.0,500.0,0,0,4.0,0.0,4,4,1,5.0,0.0,9.220824441,0.0,55000.0,0.0,4.0,0.0,2000.0,2.0,2.0,2.772588722239781,10.0,0,1,1,4.5,0.7071067811865476,4,5,2,4.5,0.7071067811865476,66000.0,15556.349186104046,4.0,0.0,1017.5,9.212142334500001,1.0986122886681096,1,0,1,0,11000.0,0.8333358585475977,1,0.0,1.0,0,1,-0.5,0.008682106499998454,982.5,4.0,1,0,0,0,Far,Moderate,Week,VeryHigh,Good,4,0,2,3,2,0,4,2,2,3,5,33,0,3,0,1,2,1,4.5
40,711,497,4,Hampi Ruins,Karnataka,Historical,8.636551596,Nov-Feb,369,2,"Nature, Adventure",2,1,85000,5,18-25,Knee Pain,Leisure,"Cultural Exploration, Photography",Winter,"Long walking distances, crowd congestion",South Indian Cuisine,740,https://wegobond.com/wp-content/uploads/2018/01/hampi-banner.jpg,3,17000.0,28333.333333333332,5666.666666666667,1,0,0,1,0,0,3.0,2,1,0,34.546206384,17.273103192,0.69092412768,0.16666666666666666,0.479808422,0.6,1.7273103192,148.0,246.66666666666666,0,0,3.0,1.4142135623730951,2,4,2,2.5,0.7071067811865476,8.636551596,0.0,64750.0,28637.824638055175,4.5,0.7071067811865476,1105.0,1.5,1.0,3.2958368660043287,0.660408825313113,1,1,1,4.0,0.0,4,4,1,2.0,0.0,85000.0,0.0,5.0,0.0,740.0,8.636551596,0.6931471805599453,1,0,1,1,0.0,1.0,1,0.0,1.0,0,0,0.0,0.0,0.0,4.0,1,0,0,0,Near,Premium,Week,VeryHigh,Good,3,1,2,0,2,4,0,3,3,15,6,13,2,4,0,1,2,0,3.0
130,2,528,4,Calangute Beach,Goa,Beach,8.605031858,Nov-Mar,872,4,"City, Historical",2,1,34500,6,36-45,Knee Pain,Honeymoon,"Relaxation, Nightlife, Water Sports",Winter,"Crowds, sun exposure",Seafood,585,https://encrypted-tbn0.gstatic.com/images?q=tbn:ANd9GcQawETYRiYBsH6-h7nyRef7D05VLNnIS00HBpFyaZdOJDehCXzhEkUfAY5Vf_tWlUzd5qaIpJnkr2vAOF1xcvRS_dDd2Lq-Y2B30QDq-g&s=10,3,5750.0,11500.0,1916.6666666666667,1,0,0,1,0,0,4.0,0,1,0,34.420127432,34.420127432,1.3768050972800001,0.5925925925925926,1.2748195345185185,0.6666666666666666,1.4341719763333334,97.5,195.0,0,0,4.0,0.0,4,4,1,4.0,0.0,8.605031858,0.0,34500.0,0.0,6.0,0.0,585.0,2.0,1.0,2.772588722239781,10.0,0,0,1,4.0,0.0,4,4,1,4.0,0.0,34500.0,0.0,6.0,0.0,585.0,8.605031858,0.6931471805599453,1,0,0,1,0.0,1.0,1,0.0,1.0,0,0,0.0,0.0,0.0,4.0,1,0,0,0,Near,Economy,Week,VeryHigh,Good,1,2,1,2,2,3,2,3,0,14,3,6,2,1,0,1,2,1,4.0
429,876,463,1,Fatehpur Sikri,Uttar Pradesh,Historical,8.796715429,Nov-Feb,10,5,"Beaches, Historical",1,2,84500,4,36-45,Knee Pain,Leisure,"Cultural Exploration, Photography",Winter,"Long walking distances, crowd congestion",Mughlai Cuisine,1450,https://images.unsplash.com/photo-1717761558642-32cbeccbee7e,3,21125.0,28166.666666666668,7041.666666666667,1,0,0,1,0,0,3.0,4,0,0,8.796715429,43.983577145000005,0.4398357714500001,0.13559322033898305,0.3975916578079096,0.75,2.19917885725,362.5,483.3333333333333,0,0,1.0,0.0,1,1,1,5.0,0.0,8.796715429,0.0,84500.0,0.0,4.0,0.0,1450.0,1.0,2.0,0.6931471805599453,10.0,0,1,1,1.0,0.0,1,1,1,5.0,0.0,84500.0,0.0,4.0,0.0,1450.0,8.796715429,0.6931471805599453,0,1,1,0,0.0,1.0,1,0.0,1.0,0,0,0.0,0.0,0.0,1.0,1,0,0,0,Medium,Premium,Week,VeryHigh,Poor,3,1,0,2,2,4,0,3,3,7,16,11,1,4,0,1,3,0,3.0
628,11,468,4,Fatehpur Sikri,Uttar Pradesh,Historical,8.177709283,Nov-Feb,159,5,"City, Historical",1,0,32000,2,26-35,Knee Pain,Leisure,"Cultural Exploration, Photography",Winter,"Long walking distances, crowd congestion",Mughlai Cuisine,1450,https://images.unsplash.com/photo-1717761558642-32cbeccbee7e,1,16000.0,32000.0,16000.0,0,1,0,0,0,0,4.5,1,1,0,32.710837132,40.888546415,1.6355418566,0.2647058823529412,0.4810417225294118,2.25,4.0888546415,725.0,1450.0,0,0,4.0,0.0,4,4,1,5.0,0.0,8.177709283,0.0,32000.0,0.0,2.0,0.0,1450.0,1.0,0.0,2.772588722239781,10.0,0,0,0,2.6666666666666665,1.5275252316519468,1,4,3,5.0,0.0,24333.333333333332,7094.598884597588,3.6666666666666665,2.8867513459481287,1480.0,8.312782119333333,1.3862943611198906,0,1,0,0,7666.666666666668,0.684944454337493,0,1.6666666666666665,0.6428571428571428,1,0,1.3333333333333335,-0.13507283633333245,-30.0,4.0,1,0,0,0,Medium,Economy,Weekend,High,Good,3,1,1,1,2,4,0,3,3,7,16,11,1,1,1,0,2,1,4.5
226,369,128,3,Munnar,Kerala,Nature,7.526677668,Sep-Mar,330,2,"Nature, Adventure",2,2,83500,2,46-60,Asthma,Family Vacation,"Nature & Relaxation, Photography",Post-Monsoon,"Curvy roads, limited medical facilities",Kerala Cuisine,1480,https://images.unsplash.com/photo-1491497895121-1334fc14d8c9,4,41750.0,20875.0,10437.5,1,0,0,1,1,0,2.5,1,0,0,22.580033004,15.053355336,0.45160066008,0.05847953216374269,0.1760626355087719,1.25,3.763338834,740.0,370.0,0,0,3.0,0.0,3,3,1,2.0,0.0,7.526677668,0.0,83500.0,0.0,2.0,0.0,1480.0,2.0,2.0,2.0794415416798357,10.0,0,1,1,3.3333333333333335,1.5275252316519468,2,5,3,3.0,1.0,88833.33333333333,22479.620400116488,4.666666666666667,2.3094010767585034,1303.3333333333333,8.608198786,1.3862943611198906,1,0,1,1,5333.3333333333285,0.9399631523847762,1,2.666666666666667,0.5294117647058822,0,1,-0.3333333333333335,-1.0815211180000013,176.66666666666674,2.5,2,1,0,0,Medium,Premium,Weekend,High,Fair,4,4,2,3,0,2,1,1,1,5,7,26,1,4,1,0,1,0,2.5
611,757,821,3,Radhanagar Beach,Andaman,Beach,7.644463431,Nov-Mar,469,3,"Nature, Adventure",1,2,52000,5,36-45,Knee Pain,Honeymoon,"Relaxation, Nightlife, Water Sports",Winter,"Crowds, sun exposure",Seafood,2500,https://dynamic-media-cdn.tripadvisor.com/media/photo-o/05/76/7a/1d/radhanagar-beach.jpg,3,10400.0,17333.333333333332,3466.6666666666665,1,0,0,1,0,0,3.0,0,0,0,22.933390293000002,22.933390293000002,0.6880017087900001,0.2631578947368421,0.670566967631579,0.6,1.5288926862,500.0,833.3333333333334,0,1,3.0,0.0,3,3,1,3.0,0.0,7.644463431,0.0,52000.0,0.0,5.0,0.0,2500.0,1.0,2.0,2.0794415416798357,10.0,0,0,1,3.5,0.7071067811865476,3,4,2,2.5,0.7071067811865476,62000.0,14142.13562373095,5.5,0.7071067811865476,1420.0,8.332120136,1.0986122886681096,1,0,1,1,10000.0,0.8387122788342123,1,0.5,0.9230769230769231,0,1,-0.5,-0.6876567050000002,1080.0,3.0,1,0,0,0,Far,Moderate,Week,High,Fair,1,2,2,2,2,3,2,3,0,14,0,28,0,3,0,0,1,0,3.0
59,916,135,4,Konark Sun Temple,Odisha,Historical,9.396761498,Nov-Feb,818,4,"City, Historical",1,2,78000,2,46-60,Knee Pain,Leisure,"Cultural Exploration, Photography",Winter,"Long walking distances, crowd congestion",Odia Cuisine,1700,https://cdn.britannica.com/19/251919-050-D3E64798/konark-sun-temple-orissa-india-unesco-heritage-site.jpg,3,39000.0,26000.0,13000.0,1,0,0,1,0,0,4.0,0,1,0,37.587045992,37.587045992,1.50348183968,0.1,0.23491903745,2.0,4.698380749,850.0,566.6666666666666,0,0,4.0,0.0,4,4,1,4.0,0.0,9.396761498,0.0,78000.0,0.0,2.0,0.0,1700.0,1.0,2.0,2.772588722239781,10.0,0,1,1,2.5,2.1213203435596424,1,4,2,4.0,0.0,68000.0,14142.13562373095,2.5,0.7071067811865476,867.5,8.9579674345,1.0986122886681096,0,1,1,0,10000.0,0.8529433390685431,1,0.5,0.8571428571428572,1,0,1.5,0.4387940634999996,832.5,4.0,1,0,0,0,Far,Moderate,Weekend,VeryHigh,Good,3,1,1,3,2,4,0,3,3,11,11,20,0,3,1,1,2,1,4.0
638,873,121,1,Kolkata,West Bengal,City,9.231967797,Oct-Mar,945,5,"Beaches, Historical",2,2,61000,4,18-25,High Blood Pressure,Business,"Shopping, Food & Local Cuisine",All seasons,"Traffic congestion, pollution",Bengali Cuisine,2050,https://encrypted-tbn0.gstatic.com/images?q=tbn:ANd9GcR7RyEWQTvFgkgjKGGCyk4MsFgdUZhpvExLEydL8FmtvfqAtgLceIK1K2mg&s=10,4,15250.0,15250.0,3812.5,1,0,0,1,1,0,3.0,4,0,0,9.231967797,46.15983898499999,0.46159838984999996,0.18461538461538463,0.5681210952,0.75,2.30799194925,512.5,512.5,0,1,1.0,0.0,1,1,1,5.0,0.0,9.231967797,0.0,61000.0,0.0,4.0,0.0,2050.0,2.0,2.0,0.6931471805599453,10.0,0,1,1,1.0,0.0,1,1,1,5.0,0.0,61000.0,0.0,4.0,0.0,2050.0,9.231967797,0.6931471805599453,0,1,1,0,0.0,1.0,1,0.0,1.0,0,0,0.0,0.0,0.0,1.0,1,0,0,0,Far,Moderate,Week,VeryHigh,Poor,2,3,0,0,1,1,3,0,4,0,18,19,0,3,0,1,3,0,3.0
448,794,306,4,Coorg,Karnataka,Nature,8.531159788,Sep-Mar,223,2,"City, Historical",2,1,56500,6,46-60,Asthma,Family Vacation,"Nature & Relaxation, Photography",Post-Monsoon,"Curvy roads, limited medical facilities",Coorgi Cuisine,1030,https://images.unsplash.com/photo-1710612198146-77512950a4b7,3,9416.666666666666,18833.333333333332,3138.8888888888887,1,0,0,1,0,0,3.0,2,1,0,34.124639152,17.062319576,0.68249278304,0.28800000000000003,0.8189913396480001,0.5,1.4218599646666668,171.66666666666666,343.3333333333333,0,0,4.0,0.0,4,4,1,2.0,0.0,8.531159788,0.0,56500.0,0.0,6.0,0.0,1030.0,2.0,1.0,2.772588722239781,10.0,0,1,1,4.0,0.0,4,4,1,2.0,0.0,56500.0,0.0,6.0,0.0,1030.0,8.531159788,0.6931471805599453,1,0,1,1,0.0,1.0,1,0.0,1.0,0,0,0.0,0.0,0.0,4.0,1,0,0,0,Medium,Moderate,Week,VeryHigh,Good,4,4,1,3,0,2,1,1,1,1,6,8,1,3,0,1,2,0,3.0
431,414,431,3,Munnar,Kerala,Nature,8.418529332,Sep-Mar,97,5,"Nature, Adventure",1,1,47500,4,36-45,Asthma,Family Vacation,"Nature & Relaxation, Photography",Post-Monsoon,"Curvy roads, limited medical facilities",Kerala Cuisine,1480,https://images.unsplash.com/photo-1491497895121-1334fc14d8c9,2,11875.0,23750.0,5937.5,1,0,0,1,0,0,4.0,2,0,0,25.255587996000003,42.09264666,1.2627793998,0.3106796116504854,0.6538663558834952,1.0,2.104632333,370.0,740.0,0,0,3.0,0.0,3,3,1,5.0,0.0,8.418529332,0.0,47500.0,0.0,4.0,0.0,1480.0,1.0,1.0,2.0794415416798357,10.0,0,0,1,3.0,0.0,3,3,1,5.0,0.0,47500.0,0.0,4.0,0.0,1480.0,8.418529332,0.6931471805599453,0,0,0,0,0.0,1.0,1,0.0,1.0,0,0,0.0,0.0,0.0,3.0,1,0,0,0,Medium,Economy,Week,High,Fair,4,4,2,2,0,2,1,1,1,5,7,26,1,1,0,0,1,0,4.0
883,976,423,2,Ajanta Caves,Maharashtra,Historical,8.008536059,Nov-Feb,901,4,"City, Historical",1,2,65500,4,26-35,Knee Pain,Leisure,"Cultural Exploration, Photography",Winter,"Long walking distances, crowd congestion",Maharashtrian Cuisine,430,https://plus.unsplash.com/premium_photo-1697729588019-20a1f5a325d1,3,16375.0,21833.333333333332,5458.333333333333,1,0,0,1,0,0,3.0,2,0,0,16.017072118,32.034144236,0.64068288472,0.17266187050359713,0.46092293864748207,0.75,2.00213401475,107.5,143.33333333333334,1,0,2.0,0.0,2,2,1,4.0,0.0,8.008536059,0.0,65500.0,0.0,4.0,0.0,430.0,1.0,2.0,1.3862943611198906,10.0,0,1,1,2.0,0.0,2,2,1,4.0,0.0,65500.0,0.0,4.0,0.0,430.0,8.008536059,0.6931471805599453,0,1,1,0,0.0,1.0,1,0.0,1.0,0,0,0.0,0.0,0.0,2.0,1,0,0,0,Near,Moderate,Week,High,Poor,3,1,1,1,2,4,0,3,3,6,10,1,2,3,0,0,3,0,3.0
359,827,659,4,Calangute Beach,Goa,Beach,8.377495779,Nov-Mar,969,4,"Nature, Adventure",2,1,58500,6,18-25,Knee Pain,Honeymoon,"Relaxation, Nightlife, Water Sports",Winter,"Crowds, sun exposure",Seafood,585,https://encrypted-tbn0.gstatic.com/images?q=tbn:ANd9GcQawETYRiYBsH6-h7nyRef7D05VLNnIS00HBpFyaZdOJDehCXzhEkUfAY5Vf_tWlUzd5qaIpJnkr2vAOF1xcvRS_dDd2Lq-Y2B30QDq-g&s=10,3,9750.0,19500.0,3250.0,1,0,0,1,0,0,4.0,0,1,0,33.509983116,33.509983116,1.3403993246400001,0.37209302325581395,0.7793019329302325,0.6666666666666666,1.3962492965,97.5,195.0,0,0,4.0,0.0,4,4,1,4.0,0.0,8.377495779,0.0,58500.0,0.0,6.0,0.0,585.0,2.0,1.0,2.772588722239781,10.0,0,1,1,4.0,0.0,4,4,1,4.0,0.0,58500.0,0.0,6.0,0.0,585.0,8.377495779,0.6931471805599453,1,0,1,1,0.0,1.0,1,0.0,1.0,0,0,0.0,0.0,0.0,4.0,1,0,0,0,Near,Moderate,Week,High,Good,1,2,2,0,2,3,2,3,0,14,3,6,2,3,0,0,2,1,4.0
922,942,461,4,Gokarna Beach,Karnataka,Beach,8.702652456,Nov-Mar,329,1,"Nature, Adventure",1,0,23000,3,18-25,Knee Pain,Honeymoon,"Relaxation, Nightlife, Water Sports",Winter,"Crowds, sun exposure",Seafood,680,https://realtalktravel.com/wp-content/uploads/Om-Beach-Gokarna.webp,1,7666.666666666667,23000.0,7666.666666666667,0,1,0,0,0,0,2.5,3,1,0,34.810609824,8.702652456,0.34810609823999994,0.28846153846153844,1.0041522064615382,0.8333333333333334,2.9008841519999997,226.66666666666666,680.0,0,0,3.5,0.7071067811865476,3,4,2,1.0,0.0,8.702652456,0.0,18000.0,7071.067811865475,2.5,0.7071067811865476,600.0,1.0,0.0,3.8451430103383837,1.238993430992954,1,0,0,4.5,0.7071067811865476,4,5,2,3.0,2.8284271247461903,20000.0,4242.640687119285,2.5,0.7071067811865476,1365.0,8.1877360965,1.0986122886681096,1,0,0,0,3000.0,0.8500074996250188,1,0.5,0.8571428571428572,0,1,-0.5,0.514916359499999,-685.0,4.0,1,0,0,0,Near,Budget,Weekend,VeryHigh,Good,1,2,2,0,2,3,2,3,0,14,6,12,2,0,1,1,2,0,2.5
1,178,327,3,Mumbai,Maharashtra,City,8.544351694,Oct-Mar,175,2,"City, Historical",1,1,47500,6,46-60,High Blood Pressure,Business,"Shopping, Food & Local Cuisine",All seasons,"Traffic congestion, pollution",Street Food,35,https://t4.ftcdn.net/jpg/01/46/43/87/360_F_146438747_3XYwVkfnYZuukBZYmDM8xeoqENzyhAqa.jpg,2,7916.666666666667,23750.0,3958.3333333333335,1,0,0,1,0,0,2.5,1,0,0,25.633055082,17.088703388,0.51266110164,0.2803738317757009,0.9582450497943923,0.4166666666666667,1.4240586156666666,5.833333333333333,17.5,1,0,3.5,0.7071067811865476,3,4,2,3.5,2.1213203435596424,8.544351694,0.0,50000.0,3535.5339059327375,4.0,2.8284271247461903,277.5,1.5,1.0,3.8451430103383837,1.238993430992954,1,0,1,2.5,0.7071067811865476,2,3,2,2.5,0.7071067811865476,43750.0,5303.300858899106,4.0,2.8284271247461903,187.5,8.519587627,1.0986122886681096,0,1,0,0,3750.0,0.9142876734246075,1,2.0,0.6,1,0,0.5,0.024764066999999557,-152.5,3.0,1,0,0,0,VeryNear,Economy,Week,VeryHigh,Fair,2,3,1,3,1,1,3,0,4,16,10,25,3,1,0,1,1,0,2.5
377,718,174,5,Kolkata,West Bengal,City,9.203460228,Oct-Mar,175,3,"City, Historical",1,1,43500,4,36-45,High Blood Pressure,Business,"Shopping, Food & Local Cuisine",All seasons,"Traffic congestion, pollution",Bengali Cuisine,2050,https://encrypted-tbn0.gstatic.com/images?q=tbn:ANd9GcR7RyEWQTvFgkgjKGGCyk4MsFgdUZhpvExLEydL8FmtvfqAtgLceIK1K2mg&s=10,2,10875.0,21750.0,5437.5,1,0,0,1,0,0,4.0,2,1,1,46.01730114,27.610380684000003,1.3805190342,0.3368421052631579,0.7750282297263159,1.0,2.300865057,512.5,1025.0,0,1,5.0,0.0,5,5,2,3.5,0.7071067811865476,9.203460228,0.0,60250.0,23688.077169749344,4.0,0.0,1042.5,1.5,1.5,5.493061443340547,10.0,1,1,1,3.5,2.1213203435596424,2,5,2,3.0,0.0,44000.0,707.1067811865476,4.0,0.0,1760.0,8.920005912,1.0986122886681096,1,0,0,0,500.0,0.9886366218949569,1,0.0,1.0,1,0,1.5,0.28345431600000026,290.0,5.0,1,0,0,0,Far,Economy,Week,VeryHigh,Excellent,2,3,1,2,1,1,3,0,4,0,18,19,0,1,0,1,0,0,4.0
201,486,363,5,Hampi Ruins,Karnataka,Historical,9.250030402,Nov-Feb,152,1,"City, Historical",1,0,28000,3,18-25,Knee Pain,Leisure,"Cultural Exploration, Photography",Winter,"Long walking distances, crowd congestion",South Indian Cuisine,740,https://wegobond.com/wp-content/uploads/2018/01/hampi-banner.jpg,1,9333.333333333334,28000.0,9333.333333333334,0,1,0,0,0,0,3.0,4,1,1,46.25015201,9.250030402,0.4625015201,0.29032258064516125,0.8951642324516129,1.0,3.0833434673333335,246.66666666666666,740.0,0,0,5.0,0.0,5,5,2,2.5,2.1213203435596424,9.250030402,0.0,46750.0,26516.50429449553,2.5,0.7071067811865476,740.0,1.0,1.0,5.493061443340547,10.0,1,0,1,3.0,2.8284271247461903,1,5,2,1.5,0.7071067811865476,30000.0,2828.42712474619,5.0,2.8284271247461903,740.0,8.8546968575,1.0986122886681096,0,0,0,1,2000.0,0.933335555481484,1,2.0,0.6666666666666667,1,0,2.0,0.3953335444999997,0.0,3.0,2,1,0,0,Near,Economy,Weekend,VeryHigh,Excellent,3,1,1,0,2,4,0,3,3,15,6,13,2,1,1,1,0,0,3.0
472,587,399,2,Tarkarli Beach,Maharashtra,Beach,7.768523623,Nov-Mar,953,3,"City, Historical",1,1,31500,3,26-35,Knee Pain,Honeymoon,"Relaxation, Nightlife, Water Sports",Winter,"Crowds, sun exposure",Seafood,520,https://encrypted-tbn0.gstatic.com/images?q=tbn:ANd9GcRmtn0Vsfvni1NmF01OGM9ahIFZcrRqMoNKSjV1xzIEbR5CCG-tr4PumVg&s=10,2,10500.0,15750.0,5250.0,1,0,0,1,0,0,2.5,1,0,0,15.537047246,23.305570869,0.46611141738,0.21739130434782608,0.6755237933043479,0.8333333333333334,2.5895078743333335,173.33333333333334,260.0,0,0,2.0,0.0,2,2,2,4.0,1.4142135623730951,7.768523623,0.0,44750.0,18738.32970144351,4.0,1.4142135623730951,552.5,1.0,1.5,2.197224577336219,10.0,1,0,1,3.0,1.4142135623730951,2,5,4,2.5,0.5773502691896257,43125.0,13683.170928796682,2.75,1.2583057392117916,942.5,8.15975442875,1.6094379124341003,0,0,0,0,11625.0,0.7304410332514029,1,0.25,0.9333333333333333,0,1,-1.0,-0.39123080575000024,-422.5,2.0,1,0,0,0,Near,Economy,Weekend,High,Poor,1,2,1,1,2,3,2,3,0,14,10,35,2,1,1,0,3,0,2.5
202,70,71,1,Munnar,Kerala,Nature,8.302199786,Apr-Jun,840,3,"Nature, Adventure",2,2,84000,4,26-35,Knee Pain,Adventure,"Trekking, Adventure Sports",Summer,"High altitude, physical exertion",Kerala Cuisine,1480,https://images.unsplash.com/photo-1491497895121-1334fc14d8c9,4,21000.0,21000.0,5250.0,1,0,0,1,1,0,2.0,2,0,0,8.302199786,24.906599357999998,0.24906599357999998,0.09090909090909091,0.3773727175454545,0.5,2.0755499465,370.0,370.0,0,0,1.0,0.0,1,1,1,3.0,0.0,8.302199786,0.0,84000.0,0.0,4.0,0.0,1480.0,2.0,2.0,0.6931471805599453,10.0,0,1,1,1.0,0.0,1,1,2,4.0,1.4142135623730951,80500.0,4949.747468305833,5.0,1.4142135623730951,1445.0,8.6502534685,1.0986122886681096,0,1,1,1,3500.0,0.956522279226345,1,1.0,0.8333333333333334,0,0,0.0,-0.34805368250000157,35.0,1.0,1,0,0,0,Medium,Premium,Week,High,Poor,4,0,2,1,2,0,4,2,2,5,7,26,1,4,0,0,3,0,2.0
475,611,388,3,Taj Mahal,Uttar Pradesh,Historical,9.342123928,Nov-Feb,852,4,"Beaches, Historical",1,1,40000,3,26-35,Knee Pain,Leisure,"Cultural Exploration, Photography",Winter,"Long walking distances, crowd congestion",Mughlai Cuisine,1470,https://upload.wikimedia.org/wikipedia/commons/1/1d/Taj_Mahal_%28Edited%29.jpeg,2,13333.333333333334,20000.0,6666.666666666667,1,0,0,1,0,0,3.5,1,0,0,28.026371784,37.368495712,1.12105487136,0.2441860465116279,0.651776088,1.1666666666666667,3.114041309333333,490.0,735.0,0,0,3.0,0.0,3,3,1,4.0,0.0,9.342123928,0.0,40000.0,0.0,3.0,0.0,1470.0,1.0,1.0,2.0794415416798357,10.0,0,0,1,3.0,0.0,3,3,1,4.0,0.0,40000.0,0.0,3.0,0.0,1470.0,9.342123928,0.6931471805599453,0,0,0,0,0.0,1.0,1,0.0,1.0,0,0,0.0,0.0,0.0,3.0,1,0,0,0,Medium,Economy,Weekend,VeryHigh,Fair,3,1,0,1,2,4,0,3,3,7,16,34,1,1,1,1,1,0,3.5
921,660,674,4,Valley of Flowers,Uttarakhand,Nature,7.923387964,Apr-Jun,295,2,"Nature, Adventure",1,1,38000,3,26-35,Knee Pain,Adventure,"Trekking, Adventure Sports",Summer,"High altitude, physical exertion",North Indian Cuisine,1900,https://encrypted-tbn0.gstatic.com/images?q=tbn:ANd9GcSKohlQ-J1CgxwCnc1mL62LM__eo7IDPvD9Hm4v1DnS8PQfNYx8O_lBtpoE&s=10,2,12666.666666666666,19000.0,6333.333333333333,1,0,0,1,0,0,3.0,2,1,0,31.693551856,15.846775928,0.63387103712,0.21951219512195122,0.5797600949268292,1.0,2.641129321333333,633.3333333333334,950.0,0,0,4.0,0.0,4,4,1,2.0,0.0,7.923387964,0.0,38000.0,0.0,3.0,0.0,1900.0,1.0,1.0,2.772588722239781,10.0,0,0,1,2.5,2.1213203435596424,1,4,2,1.5,0.7071067811865476,49500.0,16263.455967290593,4.5,2.1213203435596424,1540.0,7.9496601835,1.0986122886681096,0,1,0,1,11500.0,0.7676814609805862,1,1.5,0.7272727272727273,1,0,1.5,-0.026272219500000027,360.0,2.5,2,1,0,0,Far,Economy,Weekend,High,Good,4,0,2,1,2,0,4,2,2,10,17,37,0,1,1,0,2,0,3.0
123,709,218,5,Valley of Flowers,Uttarakhand,Nature,9.155527396,Sep-Mar,484,2,"Nature, Adventure",2,2,92500,5,36-45,Asthma,Family Vacation,"Nature & Relaxation, Photography",Post-Monsoon,"Curvy roads, limited medical facilities",North Indian Cuisine,1900,https://encrypted-tbn0.gstatic.com/images?q=tbn:ANd9GcSKohlQ-J1CgxwCnc1mL62LM__eo7IDPvD9Hm4v1DnS8PQfNYx8O_lBtpoE&s=10,4,18500.0,23125.0,4625.0,1,0,0,1,1,0,3.5,3,1,1,45.77763698,18.311054792,0.9155527395999999,0.1794871794871795,0.46951422543589744,0.7,1.8311054792,380.0,475.0,0,0,4.5,0.7071067811865476,4,5,2,3.0,1.4142135623730951,9.155527396,0.0,62250.0,42779.960261786124,5.5,0.7071067811865476,1950.0,1.5,1.0,4.943755299006493,1.238993430992954,1,1,1,4.0,1.4142135623730951,3,5,2,2.5,0.7071067811865476,80750.0,16617.009357883868,5.0,0.0,1290.0,8.8441464665,1.0986122886681096,1,0,1,1,11750.0,0.8544909660561479,1,0.0,1.0,1,0,1.0,0.3113809295000003,610.0,5.0,1,0,0,0,Far,Premium,Week,VeryHigh,Excellent,4,4,2,2,0,2,1,1,1,10,17,37,0,4,0,1,0,0,3.5
135,700,919,1,Munnar,Kerala,Nature,8.878652899,Apr-Jun,413,3,"Beaches, Historical",1,1,33500,2,18-25,Knee Pain,Adventure,"Trekking, Adventure Sports",Summer,"High altitude, physical exertion",Kerala Cuisine,1480,https://images.unsplash.com/photo-1491497895121-1334fc14d8c9,2,16750.0,16750.0,8375.0,1,0,0,1,0,0,2.0,2,0,0,8.878652899,26.635958697,0.26635958697,0.11267605633802817,0.5002057971267606,1.0,4.4393264495,740.0,740.0,0,0,1.0,0.0,1,1,1,3.0,0.0,8.878652899,0.0,33500.0,0.0,2.0,0.0,1480.0,1.0,1.0,0.6931471805599453,10.0,0,0,1,1.5,0.7071067811865476,1,2,2,2.0,1.4142135623730951,40750.0,10253.048327204939,2.0,0.0,1740.0,8.3717508855,1.0986122886681096,0,1,0,0,7250.0,0.8220902554538538,1,0.0,1.0,0,1,-0.5,0.5069020135000013,-260.0,1.5,2,1,0,0,Medium,Economy,Weekend,VeryHigh,Poor,4,0,0,0,2,0,4,2,2,5,7,26,1,1,1,1,3,0,2.0
526,194,522,3,Ooty,Tamil Nadu,Nature,7.764994889,Sep-Mar,97,3,"City, Historical",2,0,38500,3,18-25,Asthma,Family Vacation,"Nature & Relaxation, Photography",Post-Monsoon,"Curvy roads, limited medical facilities",South Indian Cuisine,1180,https://t3.ftcdn.net/jpg/05/09/58/00/360_F_509580096_YjyHXMHyTm9OOkjUQS4kOxDXkxbOMWYi.jpg,2,12833.333333333334,19250.0,6416.666666666667,0,0,1,0,0,0,3.0,0,0,0,23.294984666999998,23.294984666999998,0.69884954001,0.21686746987951808,0.5613249317349397,1.0,2.5883316296666665,393.3333333333333,590.0,0,0,3.0,0.0,3,3,1,3.0,0.0,7.764994889,0.0,38500.0,0.0,3.0,0.0,1180.0,2.0,0.0,2.0794415416798357,10.0,0,0,0,3.0,0.0,3,3,1,3.0,0.0,38500.0,0.0,3.0,0.0,1180.0,7.764994889,0.6931471805599453,0,0,0,0,0.0,1.0,1,0.0,1.0,0,0,0.0,0.0,0.0,3.0,1,0,0,0,Medium,Economy,Weekend,High,Fair,4,4,1,0,0,2,1,1,1,15,14,27,1,1,1,0,1,0,3.0
660,408,92,3,Bangalore,Karnataka,City,7.78975361,Oct-Mar,477,1,"Nature, Adventure",2,0,56000,3,36-45,High Blood Pressure,Business,"Shopping, Food & Local Cuisine",All seasons,"Traffic congestion, pollution",Multi Cuisine,980,https://media.istockphoto.com/id/1382384282/photo/bangalore-or-bengaluru.jpg,2,18666.666666666668,28000.0,9333.333333333334,0,0,1,0,0,0,2.0,2,0,0,23.36926083,7.78975361,0.23369260830000002,0.10169491525423728,0.39608916661016946,0.6666666666666666,2.5965845366666667,326.6666666666667,490.0,0,0,3.0,0.0,3,3,1,1.0,0.0,7.78975361,0.0,56000.0,0.0,3.0,0.0,980.0,2.0,0.0,2.0794415416798357,10.0,0,1,0,3.0,0.0,3,3,1,1.0,0.0,56000.0,0.0,3.0,0.0,980.0,7.78975361,0.6931471805599453,0,0,1,0,0.0,1.0,1,0.0,1.0,0,0,0.0,0.0,0.0,3.0,1,0,0,0,Medium,Moderate,Weekend,High,Fair,2,3,2,2,1,1,3,0,4,8,6,4,1,3,1,0,1,0,2.0
647,334,653,1,Kodaikanal,Tamil Nadu,Nature,8.71066537,Sep-Mar,756,3,"Nature, Adventure",2,1,91000,5,46-60,Asthma,Family Vacation,"Nature & Relaxation, Photography",Post-Monsoon,"Curvy roads, limited medical facilities",South Indian Cuisine,1300,https://encrypted-tbn0.gstatic.com/images?q=tbn:ANd9GcRR1MrvitA-PthZ_UMPeUYOYvzHFu6Olty-pnoL9EqaCl31ZwvMHSvu9OQ&s=10,3,18200.0,30333.333333333332,6066.666666666667,1,0,0,1,0,0,2.0,2,0,0,8.71066537,26.131996109999996,0.26131996109999994,0.10416666666666667,0.45368048802083333,0.4,1.7421330739999998,260.0,433.3333333333333,0,0,2.0,1.4142135623730951,1,3,2,3.0,0.0,8.71066537,0.0,90750.0,353.5533905932738,5.5,0.7071067811865476,2150.0,1.5,1.5,2.197224577336219,0.660408825313113,1,1,1,2.5,2.1213203435596424,1,4,2,4.0,1.4142135623730951,71750.0,27223.611075682078,3.5,2.1213203435596424,910.0,8.627508532,1.0986122886681096,0,1,1,0,19250.0,0.7317110562918984,1,1.5,0.6666666666666667,0,1,-1.5,0.08315683799999896,390.0,1.0,1,0,0,0,Medium,Premium,Week,VeryHigh,Poor,4,4,2,3,0,2,1,1,1,15,14,18,1,4,0,1,3,0,2.0
187,448,91,2,Delhi,Delhi,City,8.531272859,Oct-Mar,153,5,"Beaches, Historical",2,1,82500,3,36-45,High Blood Pressure,Business,"Shopping, Food & Local Cuisine",All seasons,"Traffic congestion, pollution",Street Food,1410,https://encrypted-tbn0.gstatic.com/images?q=tbn:ANd9GcTFxblF-zkMM4NsiVuRyJ1Yx76TMcpdDWzU6zEf57y1aQ&s=10,3,27500.0,27500.0,9166.666666666666,1,0,0,1,0,0,3.5,3,0,0,17.062545718,42.656364294999996,0.8531272858999999,0.12280701754385964,0.2993429073333333,1.1666666666666667,2.8437576196666665,470.0,470.0,0,0,2.6666666666666665,2.0816659994661326,1,5,3,5.0,0.0,8.531272859,0.0,75166.66666666667,12271.240089466643,3.3333333333333335,2.516611478423583,1023.3333333333334,1.6666666666666667,1.6666666666666667,3.6967849629863747,0.458365304425474,1,1,1,2.0,0.0,2,2,1,5.0,0.0,82500.0,0.0,3.0,0.0,1410.0,8.531272859,0.6931471805599453,0,1,1,0,0.0,1.0,1,0.0,1.0,0,0,0.0,0.0,0.0,2.0,1,0,0,0,Medium,Premium,Weekend,VeryHigh,Poor,2,3,0,2,1,1,3,0,4,16,2,9,1,4,1,1,3,0,3.5
816,164,709,3,Coorg,Karnataka,Nature,7.818366934,Sep-Mar,984,4,"Beaches, Historical",2,1,63500,6,46-60,Asthma,Family Vacation,"Nature & Relaxation, Photography",Post-Monsoon,"Curvy roads, limited medical facilities",Coorgi Cuisine,1030,https://images.unsplash.com/photo-1710612198146-77512950a4b7,3,10583.333333333334,21166.666666666668,3527.777777777778,1,0,0,1,0,0,3.5,1,0,0,23.455100802,31.273467736,0.93820403208,0.302158273381295,0.6749669295539568,0.5833333333333334,1.3030611556666667,171.66666666666666,343.3333333333333,0,0,3.0,0.0,3,3,1,4.0,0.0,7.818366934,0.0,63500.0,0.0,6.0,0.0,1030.0,2.0,1.0,2.0794415416798357,10.0,0,1,1,3.0,0.0,3,3,1,4.0,0.0,63500.0,0.0,6.0,0.0,1030.0,7.818366934,0.6931471805599453,0,0,1,1,0.0,1.0,1,0.0,1.0,0,0,0.0,0.0,0.0,3.0,1,0,0,0,Medium,Moderate,Week,High,Fair,4,4,0,3,0,2,1,1,1,1,6,8,1,3,0,0,1,0,3.5
156,702,708,4,Calangute Beach,Goa,Beach,9.111768717,Nov-Mar,395,2,"City, Historical",1,1,23500,4,26-35,Knee Pain,Honeymoon,"Relaxation, Nightlife, Water Sports",Winter,"Crowds, sun exposure",Seafood,585,https://encrypted-tbn0.gstatic.com/images?q=tbn:ANd9GcQawETYRiYBsH6-h7nyRef7D05VLNnIS00HBpFyaZdOJDehCXzhEkUfAY5Vf_tWlUzd5qaIpJnkr2vAOF1xcvRS_dDd2Lq-Y2B30QDq-g&s=10,2,5875.0,11750.0,2937.5,1,0,0,1,0,0,3.0,2,1,0,36.447074868,18.223537434,0.72894149736,0.43636363636363634,1.3253481770181819,0.75,2.27794217925,146.25,292.5,0,0,4.0,0.0,4,4,1,2.0,0.0,9.111768717,0.0,23500.0,0.0,4.0,0.0,585.0,1.0,1.0,2.772588722239781,10.0,0,0,1,3.0,1.0,2,4,3,2.6666666666666665,2.0816659994661326,47333.333333333336,20714.32676514816,5.333333333333333,1.1547005383792517,1028.3333333333333,8.428416745666667,1.3862943611198906,0,0,0,1,23833.333333333336,0.4964895107849834,0,1.333333333333333,0.7894736842105263,1,0,1.0,0.6833519713333338,-443.33333333333326,4.0,1,0,0,0,Near,Budget,Week,VeryHigh,Good,1,2,1,1,2,3,2,3,0,14,3,6,2,0,0,1,2,0,3.0
81,507,359,3,Kovalam Beach,Kerala,Beach,8.240547501,Nov-Mar,864,3,"Nature, Adventure",2,1,28500,5,26-35,Knee Pain,Honeymoon,"Relaxation, Nightlife, Water Sports",Winter,"Crowds, sun exposure",Seafood,1650,https://eastindiantraveller.com/wp-content/uploads/2021/01/kovalambeach.jpg,3,5700.0,9500.0,1900.0,1,0,0,1,0,0,3.0,0,0,0,24.721642502999998,24.721642502999998,0.7416492750899999,0.44776119402985076,1.2299324628358208,0.6,1.6481095002,330.0,550.0,0,0,3.5,0.7071067811865476,3,4,2,3.0,0.0,8.240547501,0.0,36250.0,10960.155108391487,5.0,0.0,1117.5,2.0,0.5,3.8451430103383837,1.238993430992954,1,0,0,3.0,0.0,3,3,2,3.0,0.0,57250.0,40658.63991822648,5.0,0.0,1525.0,8.200800405999999,1.0986122886681096,0,0,1,1,28750.0,0.49782536549579925,0,0.0,1.0,0,0,0.0,0.039747095000000954,125.0,3.0,1,0,0,0,Far,Economy,Week,High,Fair,1,2,2,1,2,3,2,3,0,14,7,21,0,1,0,0,1,0,3.0
875,900,180,2,Kerala Backwaters,Kerala,Nature,8.81228743,Apr-Jun,960,2,"City, Historical",1,2,41500,4,26-35,Knee Pain,Adventure,"Trekking, Adventure Sports",Summer,"High altitude, physical exertion",Kerala Cuisine,1400,https://www.backpackadventures.org/wp-content/uploads/2020/08/india0898.jpg,3,10375.0,13833.333333333334,3458.3333333333335,1,0,0,1,0,0,2.0,0,0,0,17.62457486,17.62457486,0.3524914972,0.17582417582417584,0.7747065872527472,0.5,2.2030718575,350.0,466.6666666666667,0,0,3.5,2.1213203435596424,2,5,2,1.5,0.7071067811865476,8.81228743,0.0,77500.0,50911.68824543142,5.5,2.1213203435596424,1650.0,1.5,2.0,3.8451430103383837,0.450182704578985,1,1,1,3.0,1.7320508075688772,2,5,3,2.6666666666666665,0.5773502691896257,48333.333333333336,13156.113914577258,3.6666666666666665,0.5773502691896258,1306.6666666666667,8.739042493,1.3862943611198906,0,0,0,0,6833.333333333336,0.8586236146838341,1,0.3333333333333335,0.9285714285714285,0,1,-1.0,0.07324493700000012,93.33333333333326,2.0,2,1,0,0,Medium,Economy,Week,VeryHigh,Poor,4,0,1,1,2,0,4,2,2,5,7,16,1,1,0,1,3,0,2.0
223,182,814,1,Calangute Beach,Goa,Beach,8.332585022,Nov-Mar,853,4,"Beaches, Historical",1,2,28000,3,26-35,Knee Pain,Honeymoon,"Relaxation, Nightlife, Water Sports",Winter,"Crowds, sun exposure",Seafood,585,https://encrypted-tbn0.gstatic.com/images?q=tbn:ANd9GcQawETYRiYBsH6-h7nyRef7D05VLNnIS00HBpFyaZdOJDehCXzhEkUfAY5Vf_tWlUzd5qaIpJnkr2vAOF1xcvRS_dDd2Lq-Y2B30QDq-g&s=10,3,9333.333333333334,9333.333333333334,3111.1111111111113,1,0,0,1,0,0,2.5,3,0,0,8.332585022,33.330340088,0.33330340088,0.24193548387096772,0.8063791956774193,0.8333333333333334,2.7775283406666667,195.0,195.0,0,0,1.0,0.0,1,1,1,4.0,0.0,8.332585022,0.0,28000.0,0.0,3.0,0.0,585.0,1.0,2.0,0.6931471805599453,10.0,0,0,1,2.6666666666666665,1.5275252316519465,1,4,3,3.6666666666666665,1.5275252316519468,59833.333333333336,28268.062072475597,4.666666666666667,1.5275252316519468,801.6666666666666,8.489368804,1.3862943611198906,0,1,1,1,31833.333333333336,0.46797546559110426,0,1.666666666666667,0.7058823529411764,0,1,-1.6666666666666665,-0.15678378199999976,-216.66666666666663,1.0,1,0,0,0,Near,Economy,Weekend,High,Poor,1,2,0,1,2,3,2,3,0,14,3,6,2,1,1,0,3,0,2.5
215,641,330,1,Khajuraho Temples,Madhya Pradesh,Historical,8.559749377,Nov-Feb,208,3,"City, Historical",2,1,59500,5,36-45,Knee Pain,Leisure,"Cultural Exploration, Photography",Winter,"Long walking distances, crowd congestion",North Indian Cuisine,1100,https://st2.depositphotos.com/1000434/7761/i/450/depositphotos_77615282-stock-photo-lakshmana-temple-in-khajuraho-madhya.jpg,3,11900.0,19833.333333333332,3966.6666666666665,1,0,0,1,0,0,2.0,2,0,0,8.559749377,25.679248130999998,0.25679248131,0.15503875968992248,0.6635464633333332,0.4,1.7119498753999998,220.0,366.6666666666667,0,0,1.0,0.0,1,1,1,3.0,0.0,8.559749377,0.0,59500.0,0.0,5.0,0.0,1100.0,2.0,1.0,0.6931471805599453,10.0,0,1,1,1.6666666666666667,0.5773502691896258,1,2,3,3.3333333333333335,0.5773502691896258,58666.666666666664,5795.112883571237,4.0,1.7320508075688772,1240.0,8.598847223666667,1.3862943611198906,0,1,1,0,833.3333333333358,0.9857956966642614,1,1.0,0.8,0,1,-0.6666666666666667,-0.03909784666666738,-140.0,1.0,1,0,0,0,Medium,Moderate,Week,VeryHigh,Poor,3,1,1,2,2,4,0,3,3,10,9,17,1,3,0,1,3,0,2.0
731,618,303,1,Jaipur,Rajasthan,City,8.392153666,Oct-Mar,849,1,"City, Historical",2,2,77000,4,46-60,High Blood Pressure,Business,"Shopping, Food & Local Cuisine",All seasons,"Traffic congestion, pollution",Rajasthani Cuisine,1140,https://t4.ftcdn.net/jpg/05/84/76/73/360_F_584767353_EXYOkE8NcX37UwV4WfBw7AjBaEtU6mMy.jpg,4,19250.0,19250.0,4812.5,1,0,0,1,1,0,1.0,0,0,0,8.392153666,8.392153666,0.08392153666,0.04938271604938271,0.41442734153086425,0.25,2.0980384165,285.0,285.0,0,0,1.0,0.0,1,1,1,1.0,0.0,8.392153666,0.0,77000.0,0.0,4.0,0.0,1140.0,2.0,2.0,0.6931471805599453,10.0,0,1,1,1.5,0.7071067811865476,1,2,2,1.5,0.7071067811865476,80250.0,4596.194077712559,3.0,1.4142135623730951,1520.0,8.278903963000001,1.0986122886681096,0,1,1,0,3250.0,0.9595020622795978,1,1.0,0.75,0,1,-0.5,0.11324970299999926,-380.0,1.0,1,0,0,0,Medium,Moderate,Week,High,Poor,2,3,1,3,1,1,3,0,4,13,13,15,1,3,0,0,3,0,1.0
232,13,554,4,Bangalore,Karnataka,City,9.114721643,Oct-Mar,529,4,"Nature, Adventure",1,2,76000,4,26-35,High Blood Pressure,Business,"Shopping, Food & Local Cuisine",All seasons,"Traffic congestion, pollution",Multi Cuisine,980,https://media.istockphoto.com/id/1382384282/photo/bangalore-or-bengaluru.jpg,3,19000.0,25333.333333333332,6333.333333333333,1,0,0,1,0,0,4.0,0,1,0,36.458886572,36.458886572,1.45835546288,0.2,0.45573608214999994,1.0,2.27868041075,245.0,326.6666666666667,0,0,2.5,2.1213203435596424,1,4,2,4.5,0.7071067811865476,9.114721643,0.0,46500.0,41719.300090006305,3.5,0.7071067811865476,507.5,1.0,1.0,2.7465307216702737,0.450182704578985,1,0,1,3.75,1.2583057392117916,2,5,4,4.25,0.4999999999999999,64000.0,15577.76192739723,2.75,1.5,1347.5,8.53397289675,1.6094379124341003,1,0,1,0,12000.0,0.8125029296417243,1,1.25,0.6666666666666667,1,0,0.25,0.5807487462499985,-367.5,3.0,2,1,0,0,Medium,Moderate,Week,VeryHigh,Good,2,3,2,1,1,1,3,0,4,8,6,4,1,3,0,1,2,1,4.0
634,293,672,2,Hyderabad,Telangana,City,7.534360803,Oct-Mar,21,2,"City, Historical",2,0,56000,2,26-35,High Blood Pressure,Business,"Shopping, Food & Local Cuisine",All seasons,"Traffic congestion, pollution",Hyderabadi Cuisine,710,https://t4.ftcdn.net/jpg/03/60/89/09/360_F_360890991_Ykybj5JO5HYBaqWeROz9cR2jWXN8HZxf.jpg,2,28000.0,28000.0,14000.0,0,0,1,0,0,0,2.0,0,0,0,15.068721606,15.068721606,0.30137443212000004,0.06896551724137931,0.25980554493103447,1.0,3.7671804015,355.0,355.0,0,0,3.0,1.4142135623730951,2,4,2,2.5,0.7071067811865476,7.534360803,0.0,36500.0,27577.164466275353,4.0,2.8284271247461903,925.0,1.5,0.0,3.2958368660043287,0.660408825313113,1,0,0,3.5,2.1213203435596424,2,5,2,1.5,0.7071067811865476,50500.0,7778.174593052023,2.0,0.0,905.0,7.9795667975,1.0986122886681096,1,0,0,0,5500.0,0.8910912655194947,1,0.0,1.0,0,1,-1.5,-0.4452059945000002,-195.0,2.0,1,0,0,0,Near,Moderate,Weekend,High,Poor,2,3,1,1,1,1,3,0,4,4,15,14,2,3,1,0,3,0,2.0
501,501,53,5,Khajuraho Temples,Madhya Pradesh,Historical,8.437797979,Nov-Feb,938,4,"Nature, Adventure",2,2,121000,2,18-25,Knee Pain,Leisure,"Cultural Exploration, Photography",Winter,"Long walking distances, crowd congestion",North Indian Cuisine,1100,https://st2.depositphotos.com/1000434/7761/i/450/depositphotos_77615282-stock-photo-lakshmana-temple-in-khajuraho-madhya.jpg,4,60500.0,30250.0,15125.0,1,0,0,1,1,0,4.5,1,1,1,42.188989895000006,33.751191916,1.6875595958000003,0.07317073170731707,0.1371999671382114,2.25,4.2188989895,550.0,275.0,0,0,3.0,2.8284271247461903,1,5,2,3.0,1.4142135623730951,8.437797979,0.0,93500.0,38890.87296526011,2.5,0.7071067811865476,1285.0,2.0,1.5,3.2958368660043287,0.3414802408943917,1,1,1,5.0,0.0,5,5,1,4.0,0.0,121000.0,0.0,2.0,0.0,1100.0,8.437797979,0.6931471805599453,1,0,1,0,0.0,1.0,1,0.0,1.0,0,0,0.0,0.0,0.0,5.0,1,0,0,0,Medium,Luxury,Weekend,High,Excellent,3,1,2,0,2,4,0,3,3,10,9,17,1,2,1,0,0,1,4.5
418,106,708,3,Khajuraho Temples,Madhya Pradesh,Historical,8.49482356,Nov-Feb,395,1,"City, Historical",1,1,57500,6,36-45,Knee Pain,Leisure,"Cultural Exploration, Photography",Winter,"Long walking distances, crowd congestion",North Indian Cuisine,1100,https://st2.depositphotos.com/1000434/7761/i/450/depositphotos_77615282-stock-photo-lakshmana-temple-in-khajuraho-madhya.jpg,2,9583.333333333334,28750.0,4791.666666666667,1,0,0,1,0,0,2.0,2,0,0,25.48447068,8.49482356,0.2548447068,0.1889763779527559,0.8026604938582677,0.3333333333333333,1.4158039266666667,183.33333333333334,550.0,0,0,2.5,0.7071067811865476,2,3,2,2.0,1.4142135623730951,8.49482356,0.0,48750.0,12374.368670764581,4.0,2.8284271247461903,720.0,1.0,1.0,2.7465307216702737,1.238993430992954,1,0,1,3.0,1.0,2,4,3,2.6666666666666665,2.0816659994661326,47333.333333333336,20714.32676514816,5.333333333333333,1.1547005383792517,1028.3333333333333,8.428416745666667,1.3862943611198906,0,0,0,1,10166.666666666664,0.7852158052998881,1,0.666666666666667,0.894736842105263,0,0,0.0,0.06640681433333384,71.66666666666674,3.0,1,0,0,0,Medium,Moderate,Week,High,Fair,3,1,1,2,2,4,0,3,3,10,9,17,1,3,0,0,1,0,2.0
390,479,378,1,Kerala Backwaters,Kerala,Nature,8.432522163,Sep-Mar,881,3,"City, Historical",2,1,84000,4,18-25,Asthma,Family Vacation,"Nature & Relaxation, Photography",Post-Monsoon,"Curvy roads, limited medical facilities",Kerala Cuisine,1400,https://www.backpackadventures.org/wp-content/uploads/2020/08/india0898.jpg,3,21000.0,28000.0,7000.0,1,0,0,1,0,0,2.0,2,0,0,8.432522163,25.297566488999998,0.25297566488999995,0.09090909090909091,0.3832964619545454,0.5,2.10813054075,350.0,466.6666666666667,0,0,2.5,2.1213203435596424,1,4,2,2.5,0.7071067811865476,8.432522163,0.0,63250.0,29344.931419241722,3.0,1.4142135623730951,1400.0,1.5,1.0,2.7465307216702737,0.450182704578985,1,1,1,1.0,0.0,1,1,1,3.0,0.0,84000.0,0.0,4.0,0.0,1400.0,8.432522163,0.6931471805599453,0,1,1,0,0.0,1.0,1,0.0,1.0,0,0,0.0,0.0,0.0,1.0,1,0,0,0,Medium,Premium,Week,High,Poor,4,4,1,0,0,2,1,1,1,5,7,16,1,4,0,0,3,0,2.0
50,152,480,2,Tarkarli Beach,Maharashtra,Beach,9.000248319,Nov-Mar,490,2,"City, Historical",2,0,20000,4,36-45,Knee Pain,Honeymoon,"Relaxation, Nightlife, Water Sports",Winter,"Crowds, sun exposure",Seafood,520,https://encrypted-tbn0.gstatic.com/images?q=tbn:ANd9GcRmtn0Vsfvni1NmF01OGM9ahIFZcrRqMoNKSjV1xzIEbR5CCG-tr4PumVg&s=10,2,5000.0,10000.0,2500.0,0,0,1,0,0,0,2.0,0,0,0,18.000496638,18.000496638,0.36000993276000004,0.3333333333333333,1.5000413865000002,0.5,2.25006207975,130.0,260.0,0,0,2.0,0.0,2,2,1,2.0,0.0,9.000248319,0.0,20000.0,0.0,4.0,0.0,520.0,2.0,0.0,1.3862943611198906,10.0,0,0,0,4.0,1.7320508075688772,2,5,3,1.6666666666666667,0.5773502691896257,40666.666666666664,19405.75516008932,5.666666666666667,1.5275252316519468,1240.0,8.644088841333334,1.3862943611198906,1,0,0,1,20666.666666666664,0.49181577502192575,0,1.666666666666667,0.75,0,1,-2.0,0.356159477666667,-720.0,2.0,1,0,0,0,Near,Budget,Week,VeryHigh,Poor,1,2,1,2,2,3,2,3,0,14,10,35,2,0,0,1,3,0,2.0
235,180,711,3,Spiti Valley,Himachal Pradesh,Nature,8.091363134,Apr-Jun,831,2,"City, Historical",2,1,56500,6,18-25,Knee Pain,Adventure,"Trekking, Adventure Sports",Summer,"High altitude, physical exertion",Himachali Cuisine,2000,https://storage.googleapis.com/stateless-www-justwravel-com/2021/05/1550217293_shutterstock_1129297934.jpg.jpg,3,9416.666666666666,18833.333333333332,3138.8888888888887,1,0,0,1,0,0,2.5,1,0,0,24.274089402,16.182726268,0.48548178804000003,0.24000000000000002,0.776770860864,0.4166666666666667,1.3485605223333332,333.3333333333333,666.6666666666666,0,0,4.0,1.4142135623730951,3,5,2,3.0,1.4142135623730951,8.091363134,0.0,42500.0,19798.98987322333,5.5,0.7071067811865476,2000.0,1.5,1.0,4.394449154672438,0.660408825313113,1,0,1,3.0,0.0,3,3,1,2.0,0.0,56500.0,0.0,6.0,0.0,2000.0,8.091363134,0.6931471805599453,0,0,1,1,0.0,1.0,1,0.0,1.0,0,0,0.0,0.0,0.0,3.0,1,0,0,0,Far,Moderate,Week,High,Fair,4,0,1,0,2,0,4,2,2,3,5,33,0,3,0,0,1,0,2.5
300,878,989,2,Bangalore,Karnataka,City,7.601483088,Oct-Mar,779,5,"Nature, Adventure",2,1,46500,5,26-35,High Blood Pressure,Business,"Shopping, Food & Local Cuisine",All seasons,"Traffic congestion, pollution",Multi Cuisine,980,https://media.istockphoto.com/id/1382384282/photo/bangalore-or-bengaluru.jpg,3,9300.0,15500.0,3100.0,1,0,0,1,0,0,3.5,3,0,0,15.202966176,38.00741544,0.7601483088000001,0.3398058252427184,0.7380080667961165,0.7,1.5202966176000001,196.0,326.6666666666667,0,0,3.6666666666666665,1.5275252316519465,2,5,3,3.3333333333333335,1.5275252316519465,7.601483087999999,0.0,52166.666666666664,15782.374134880129,4.0,1.7320508075688772,575.0,1.6666666666666667,1.0,5.083079324106265,0.6144297984154721,1,0,1,4.0,1.7320508075688772,2,5,3,4.333333333333333,0.5773502691896258,44500.0,9165.15138991168,5.333333333333333,0.5773502691896257,1456.6666666666667,8.2653845,1.3862943611198906,1,0,0,1,2000.0,0.9550571897260736,1,0.33333333333333304,0.9473684210526316,0,1,-2.0,-0.6639014119999995,-476.66666666666674,3.5,2,1,0,0,Medium,Economy,Week,High,Poor,2,3,2,1,1,1,3,0,4,8,6,4,1,1,0,0,3,0,3.5
495,348,386,3,Delhi,Delhi,City,8.013552976,Oct-Mar,290,4,"Nature, Adventure",2,0,48000,4,46-60,High Blood Pressure,Business,"Shopping, Food & Local Cuisine",All seasons,"Traffic congestion, pollution",Street Food,1410,https://encrypted-tbn0.gstatic.com/images?q=tbn:ANd9GcTFxblF-zkMM4NsiVuRyJ1Yx76TMcpdDWzU6zEf57y1aQ&s=10,2,12000.0,24000.0,6000.0,0,0,1,0,0,0,3.5,1,0,0,24.040658928,32.054211904,0.96162635712,0.2692307692307692,0.616427152,0.875,2.003388244,352.5,705.0,0,0,3.0,2.0,1,5,3,4.0,1.0,8.013552976,0.0,34333.333333333336,14571.661996262928,4.0,2.0,1400.0,1.6666666666666667,0.0,4.1588830833596715,0.47619047619047616,1,0,0,4.333333333333333,1.1547005383792515,3,5,3,4.0,0.0,43000.0,12288.205727444507,2.3333333333333335,1.5275252316519465,1540.0,8.476757671,1.3862943611198906,1,0,0,0,5000.0,0.8837236343340853,1,1.6666666666666665,0.5,0,1,-1.333333333333333,-0.46320469499999994,-130.0,4.0,2,1,0,0,Medium,Economy,Week,High,Fair,2,3,2,3,1,1,3,0,4,16,2,9,1,1,0,0,1,0,3.5
151,434,943,3,Tawang,Arunachal Pradesh,Nature,8.707253749,Sep-Mar,990,4,"Beaches, Historical",2,1,77000,5,18-25,Asthma,Family Vacation,"Nature & Relaxation, Photography",Post-Monsoon,"Curvy roads, limited medical facilities",North East Cuisine,3000,https://s7ap1.scene7.com/is/image/incredibleindia/sela-pass-tawang-arunachal-pradesh-blog-ntr-hero,3,15400.0,25666.666666666668,5133.333333333333,1,0,0,1,0,0,3.5,1,0,0,26.121761247,34.829014996,1.0448704498799999,0.2134146341463415,0.5309301066463414,0.7,1.7414507497999998,600.0,1000.0,0,1,3.5,0.7071067811865476,3,4,2,4.5,0.7071067811865476,8.707253749,0.0,71500.0,7778.174593052023,5.0,0.0,3000.0,2.0,0.5,3.8451430103383837,1.238993430992954,1,1,0,3.0,0.0,3,3,1,4.0,0.0,77000.0,0.0,5.0,0.0,3000.0,8.707253749,0.6931471805599453,0,0,1,1,0.0,1.0,1,0.0,1.0,0,0,0.0,0.0,0.0,3.0,1,0,0,0,Far,Moderate,Week,VeryHigh,Fair,4,4,0,0,0,2,1,1,1,9,1,36,0,3,0,1,1,0,3.5
399,538,184,4,Kolkata,West Bengal,City,8.612909578,Oct-Mar,878,4,"Beaches, Historical",1,2,64000,3,46-60,High Blood Pressure,Business,"Shopping, Food & Local Cuisine",All seasons,"Traffic congestion, pollution",Bengali Cuisine,2050,https://encrypted-tbn0.gstatic.com/images?q=tbn:ANd9GcR7RyEWQTvFgkgjKGGCyk4MsFgdUZhpvExLEydL8FmtvfqAtgLceIK1K2mg&s=10,3,21333.333333333332,21333.333333333332,7111.11111111111,1,0,0,1,0,0,4.0,0,1,0,34.451638312,34.451638312,1.37806553248,0.17910447761194032,0.3856526676716418,1.3333333333333333,2.8709698593333335,683.3333333333334,683.3333333333334,0,1,4.0,0.0,4,4,1,4.0,0.0,8.612909578,0.0,64000.0,0.0,3.0,0.0,2050.0,1.0,2.0,2.772588722239781,10.0,0,1,1,3.5,0.7071067811865476,3,4,2,4.5,0.7071067811865476,71000.0,9899.494936611665,3.0,0.0,1575.0,8.934160465,1.0986122886681096,1,0,1,0,7000.0,0.9014098392980381,1,0.0,1.0,1,0,0.5,-0.3212508869999997,475.0,4.0,1,0,0,0,Far,Moderate,Weekend,VeryHigh,Good,2,3,0,3,1,1,3,0,4,0,18,19,0,3,1,1,2,1,4.0
483,123,798,1,Bangalore,Karnataka,City,9.31595004,Oct-Mar,975,5,"City, Historical",2,1,64500,5,36-45,High Blood Pressure,Business,"Shopping, Food & Local Cuisine",All seasons,"Traffic congestion, pollution",Multi Cuisine,980,https://media.istockphoto.com/id/1382384282/photo/bangalore-or-bengaluru.jpg,3,12900.0,21500.0,4300.0,1,0,0,1,0,0,3.0,4,0,0,9.31595004,46.57975020000001,0.4657975020000001,0.2158273381294964,0.6702122330935252,0.6,1.8631900080000001,196.0,326.6666666666667,0,0,2.5,1.9148542155126762,1,5,4,3.0,1.632993161855452,9.31595004,0.0,54750.0,25048.28670122303,3.75,1.4999999999999998,676.25,1.75,1.0,4.023594781085251,0.4963138237500482,1,1,1,1.5,1.0,1,3,4,4.0,0.816496580927726,62500.0,21106.870919205434,4.75,1.2583057392117916,1607.5,8.531605262,1.6094379124341003,0,1,1,1,2000.0,0.9680005119918081,1,0.25,0.9565217391304348,0,1,-0.5,0.7843447780000012,-627.5,1.0,1,0,0,0,Medium,Moderate,Week,VeryHigh,Poor,2,3,1,2,1,1,3,0,4,8,6,4,1,3,0,1,3,0,3.0
541,996,878,4,Konark Sun Temple,Odisha,Historical,8.133818191,Nov-Feb,732,1,"Nature, Adventure",1,2,78000,2,36-45,Knee Pain,Leisure,"Cultural Exploration, Photography",Winter,"Long walking distances, crowd congestion",Odia Cuisine,1700,https://cdn.britannica.com/19/251919-050-D3E64798/konark-sun-temple-orissa-india-unesco-heritage-site.jpg,3,39000.0,26000.0,13000.0,1,0,0,1,0,0,2.5,3,1,0,32.535272764,8.133818191,0.32535272764,0.0625,0.203345454775,1.25,4.0669090955,850.0,566.6666666666666,0,0,4.0,0.0,4,4,1,1.0,0.0,8.133818191,0.0,78000.0,0.0,2.0,0.0,1700.0,1.0,2.0,2.772588722239781,10.0,0,1,1,3.5,0.7071067811865476,3,4,2,1.5,0.7071067811865476,78000.0,0.0,3.0,1.4142135623730951,1500.0,8.3921279,1.0986122886681096,1,0,1,0,0.0,1.0,1,1.0,0.75,1,0,0.5,-0.2583097090000006,200.0,4.0,1,0,0,0,Far,Moderate,Weekend,High,Good,3,1,2,2,2,4,0,3,3,11,11,20,0,3,1,0,2,0,2.5
262,528,256,5,Kolkata,West Bengal,City,8.564171558,Oct-Mar,242,4,"Beaches, Historical",2,1,64500,3,36-45,High Blood Pressure,Business,"Shopping, Food & Local Cuisine",All seasons,"Traffic congestion, pollution",Bengali Cuisine,2050,https://encrypted-tbn0.gstatic.com/images?q=tbn:ANd9GcR7RyEWQTvFgkgjKGGCyk4MsFgdUZhpvExLEydL8FmtvfqAtgLceIK1K2mg&s=10,3,21500.0,21500.0,7166.666666666667,1,0,0,1,0,0,4.5,1,1,1,42.82085779,34.256686232,1.7128343116,0.2,0.38062984702222225,1.5,2.8547238526666665,683.3333333333334,683.3333333333334,0,1,5.0,0.0,5,5,1,4.0,0.0,8.564171558,0.0,64500.0,0.0,3.0,0.0,2050.0,2.0,1.0,3.4657359027997265,10.0,0,1,1,5.0,0.0,5,5,2,3.5,0.7071067811865476,70500.0,8485.28137423857,4.5,2.1213203435596424,1042.5,8.721554026,1.0986122886681096,1,0,1,1,6000.0,0.9148948241868909,1,1.5,0.7272727272727273,0,0,0.0,-0.15738246799999978,1007.5,5.0,2,1,0,0,Far,Moderate,Weekend,VeryHigh,Excellent,2,3,0,2,1,1,3,0,4,0,18,19,0,3,1,1,0,1,4.5
632,371,706,5,Ajanta Caves,Maharashtra,Historical,8.320896476,Nov-Feb,484,1,"Beaches, Historical",2,0,45000,5,18-25,Knee Pain,Leisure,"Cultural Exploration, Photography",Winter,"Long walking distances, crowd congestion",Maharashtrian Cuisine,430,https://plus.unsplash.com/premium_photo-1697729588019-20a1f5a325d1,2,9000.0,22500.0,4500.0,0,0,1,0,0,0,3.0,4,1,1,41.60448238,8.320896476,0.4160448238,0.3,0.8320896475999999,0.6,1.6641792951999999,86.0,215.0,1,0,5.0,0.0,5,5,1,1.0,0.0,8.320896476,0.0,45000.0,0.0,5.0,0.0,430.0,2.0,0.0,3.4657359027997265,10.0,0,0,0,5.0,0.0,5,5,1,1.0,0.0,45000.0,0.0,5.0,0.0,430.0,8.320896476,0.6931471805599453,1,0,0,1,0.0,1.0,1,0.0,1.0,0,0,0.0,0.0,0.0,5.0,1,0,0,0,Near,Economy,Week,High,Excellent,3,1,0,0,2,4,0,3,3,6,10,1,2,1,0,0,0,0,3.0
444,115,548,1,Auli,Uttarakhand,Adventure,8.717346793,Apr-Jun,880,4,"Nature, Adventure",1,0,15500,5,18-25,Knee Pain,Adventure,"Trekking, Adventure Sports",Summer,"High altitude, physical exertion",North Indian Cuisine,1700,https://encrypted-tbn0.gstatic.com/images?q=tbn:ANd9GcQF-TkMBCYdtCTzI4rau2709Tbi2zVPKRaXu7qTOHjiZS7J37ZNbGLQxYMv&s=10,1,3100.0,15500.0,3100.0,0,1,0,0,0,0,2.5,3,0,0,8.717346793,34.869387172,0.34869387172000005,0.6097560975609757,2.126182144634147,0.5,1.7434693586,340.0,1700.0,0,0,1.0,0.0,1,1,1,4.0,0.0,8.717346793,0.0,15500.0,0.0,5.0,0.0,1700.0,1.0,0.0,0.6931471805599453,10.0,0,0,0,3.0,2.8284271247461903,1,5,2,3.5,0.7071067811865476,22750.0,10253.048327204939,4.5,0.7071067811865476,1850.0,8.812577267,1.0986122886681096,0,0,0,1,7250.0,0.6813326886730253,0,0.5,0.9090909090909091,0,1,-2.0,-0.09523047399999918,-150.0,3.0,2,1,0,0,Far,Budget,Week,VeryHigh,Poor,0,0,2,0,2,0,4,2,2,10,17,2,0,0,0,1,3,0,2.5
939,279,798,3,Valley of Flowers,Uttarakhand,Nature,7.84120695,Sep-Mar,394,4,"City, Historical",2,1,91000,3,36-45,Asthma,Family Vacation,"Nature & Relaxation, Photography",Post-Monsoon,"Curvy roads, limited medical facilities",North Indian Cuisine,1900,https://encrypted-tbn0.gstatic.com/images?q=tbn:ANd9GcSKohlQ-J1CgxwCnc1mL62LM__eo7IDPvD9Hm4v1DnS8PQfNYx8O_lBtpoE&s=10,3,30333.333333333332,30333.333333333332,10111.111111111111,1,0,0,1,0,0,3.5,1,0,0,23.52362085,31.3648278,0.9409448340000001,0.11170212765957448,0.2502512856382979,1.1666666666666667,2.61373565,633.3333333333334,633.3333333333334,0,0,3.0,0.0,3,3,1,4.0,0.0,7.84120695,0.0,91000.0,0.0,3.0,0.0,1900.0,2.0,1.0,2.0794415416798357,10.0,0,1,1,1.5,1.0,1,3,4,4.0,0.816496580927726,62500.0,21106.870919205434,4.75,1.2583057392117916,1607.5,8.531605262,1.6094379124341003,0,1,1,1,28500.0,0.5440072958832658,0,1.75,0.6956521739130435,1,0,1.5,-0.6903983119999992,292.5,2.0,2,1,0,0,Far,Premium,Weekend,High,Fair,4,4,1,2,0,2,1,1,1,10,17,37,0,4,1,0,1,0,3.5
16,434,20,4,Tawang,Arunachal Pradesh,Nature,8.707253749,Sep-Mar,311,5,"Nature, Adventure",2,0,66000,5,36-45,Asthma,Family Vacation,"Nature & Relaxation, Photography",Post-Monsoon,"Curvy roads, limited medical facilities",North East Cuisine,3000,https://s7ap1.scene7.com/is/image/incredibleindia/sela-pass-tawang-arunachal-pradesh-blog-ntr-hero,2,13200.0,33000.0,6600.0,0,0,1,0,0,0,4.5,1,1,0,34.829014996,43.536268745,1.7414507498,0.31690140845070425,0.6131868837323944,0.9,1.7414507497999998,600.0,1500.0,0,1,3.5,0.7071067811865476,3,4,2,4.5,0.7071067811865476,8.707253749,0.0,71500.0,7778.174593052023,5.0,0.0,3000.0,2.0,0.5,3.8451430103383837,1.238993430992954,1,1,0,3.6,1.1401754250991378,2,5,5,4.4,0.5477225575051661,53100.0,12759.310326189265,5.2,0.44721359549995787,1722.0,8.377871876,1.791759469228055,1,0,1,1,12900.0,0.7570667219073087,1,0.20000000000000018,0.967741935483871,1,0,0.3999999999999999,0.3293818729999991,1278.0,4.0,2,1,0,0,Far,Moderate,Week,VeryHigh,Good,4,4,2,2,0,2,1,1,1,9,1,36,0,3,0,1,2,1,4.5
326,1000,365,5,Coorg,Karnataka,Nature,8.939036209,Apr-Jun,872,3,"Nature, Adventure",1,1,38000,2,26-35,Knee Pain,Adventure,"Trekking, Adventure Sports",Summer,"High altitude, physical exertion",Coorgi Cuisine,1030,https://images.unsplash.com/photo-1710612198146-77512950a4b7,2,19000.0,19000.0,9500.0,1,0,0,1,0,0,4.0,2,1,1,44.695181045,26.817108626999996,1.3408554313499998,0.2,0.44695181045,2.0,4.4695181045,515.0,515.0,0,0,5.0,0.0,5,5,1,3.0,0.0,8.939036209,0.0,38000.0,0.0,2.0,0.0,1030.0,1.0,1.0,3.4657359027997265,10.0,0,0,1,4.5,0.7071067811865476,4,5,2,3.0,0.0,43250.0,7424.621202458749,2.5,0.7071067811865476,685.0,8.4148464385,1.0986122886681096,1,0,0,0,5250.0,0.8786155233405009,1,0.5,0.8571428571428572,1,0,0.5,0.5241897704999996,345.0,5.0,1,0,0,0,Medium,Economy,Weekend,VeryHigh,Excellent,4,0,2,1,2,0,4,2,2,1,6,8,1,1,1,1,0,0,4.0
707,940,635,1,Auli,Uttarakhand,Adventure,7.73770749,Apr-Jun,803,4,"Nature, Adventure",1,0,27500,3,18-25,Knee Pain,Adventure,"Trekking, Adventure Sports",Summer,"High altitude, physical exertion",North Indian Cuisine,1700,https://encrypted-tbn0.gstatic.com/images?q=tbn:ANd9GcQF-TkMBCYdtCTzI4rau2709Tbi2zVPKRaXu7qTOHjiZS7J37ZNbGLQxYMv&s=10,1,9166.666666666666,27500.0,9166.666666666666,0,1,0,0,0,0,2.5,3,0,0,7.73770749,30.95082996,0.3095082996,0.24590163934426232,0.7610859826229509,0.8333333333333334,2.57923583,566.6666666666666,1700.0,0,0,1.0,0.0,1,1,1,4.0,0.0,7.73770749,0.0,27500.0,0.0,3.0,0.0,1700.0,1.0,0.0,0.6931471805599453,10.0,0,0,0,1.0,0.0,1,1,2,3.5,0.7071067811865476,28500.0,1414.213562373095,2.5,0.7071067811865476,1365.0,8.156506105,1.0986122886681096,0,1,0,0,1000.0,0.9649135118066032,1,0.5,0.8571428571428572,0,0,0.0,-0.41879861500000004,335.0,1.0,1,0,0,0,Far,Economy,Weekend,High,Poor,0,0,2,0,2,0,4,2,2,10,17,2,0,1,1,0,3,0,2.5
755,110,182,5,Valley of Flowers,Uttarakhand,Nature,8.885980061,Apr-Jun,7,4,"Nature, Adventure",1,1,53000,5,36-45,Knee Pain,Adventure,"Trekking, Adventure Sports",Summer,"High altitude, physical exertion",North Indian Cuisine,1900,https://encrypted-tbn0.gstatic.com/images?q=tbn:ANd9GcSKohlQ-J1CgxwCnc1mL62LM__eo7IDPvD9Hm4v1DnS8PQfNYx8O_lBtpoE&s=10,2,10600.0,26500.0,5300.0,1,0,0,1,0,0,4.5,1,1,1,44.429900305,35.543920244,1.7771960122,0.3879310344827586,0.7660327638793103,0.9,1.7771960122,380.0,950.0,0,0,5.0,0.0,5,5,1,4.0,0.0,8.885980061,0.0,53000.0,0.0,5.0,0.0,1900.0,1.0,1.0,3.4657359027997265,10.0,0,1,1,4.0,1.4142135623730951,3,5,2,4.5,0.7071067811865476,52500.0,707.1067811865476,4.5,0.7071067811865476,1650.0,8.647352124000001,1.0986122886681096,1,0,0,1,500.0,0.9904763718786309,1,0.5,0.9090909090909091,1,0,1.0,0.23862793699999862,250.0,4.0,2,1,0,0,Far,Moderate,Week,VeryHigh,Excellent,4,0,2,2,2,0,4,2,2,10,17,37,0,3,0,1,0,1,4.5
956,346,682,3,Konark Sun Temple,Odisha,Historical,8.969950616,Nov-Feb,335,2,"Beaches, Historical",2,0,53500,4,36-45,Knee Pain,Leisure,"Cultural Exploration, Photography",Winter,"Long walking distances, crowd congestion",Odia Cuisine,1700,https://cdn.britannica.com/19/251919-050-D3E64798/konark-sun-temple-orissa-india-unesco-heritage-site.jpg,2,13375.0,26750.0,6687.5,0,0,1,0,0,0,2.5,1,0,0,26.909851848000002,17.939901232,0.5381970369600001,0.17391304347826086,0.6239965645913044,0.625,2.242487654,425.0,850.0,0,0,3.3333333333333335,1.5275252316519468,2,5,3,1.3333333333333333,0.5773502691896257,8.969950616,0.0,47333.333333333336,6825.198409814423,3.3333333333333335,1.1547005383792515,1526.6666666666667,1.3333333333333333,0.6666666666666666,4.620981203732969,0.614429798415472,1,0,1,4.0,1.4142135623730951,3,5,2,1.5,0.7071067811865476,48750.0,6717.514421272202,3.0,1.4142135623730951,1205.0,8.94438708,1.0986122886681096,1,0,0,0,4750.0,0.9025661012081804,1,1.0,0.75,0,1,-1.0,0.025563535999999942,495.0,3.0,1,0,0,0,Far,Moderate,Week,VeryHigh,Fair,3,1,0,2,2,4,0,3,3,11,11,20,0,3,0,1,1,0,2.5
354,346,496,2,Red Fort,Delhi,Historical,8.969950616,Nov-Feb,333,1,"Beaches, Historical",1,1,48500,4,18-25,Knee Pain,Leisure,"Cultural Exploration, Photography",Winter,"Long walking distances, crowd congestion",Mughlai Cuisine,1410,https://upload.wikimedia.org/wikipedia/commons/d/d6/Delhi%2C_India%2C_Red_Fort_Facade.jpg,2,12125.0,24250.0,6062.5,1,0,0,1,0,0,1.5,1,0,0,17.939901232,8.969950616,0.17939901232,0.11428571428571428,0.6834248088380952,0.375,2.242487654,352.5,705.0,0,0,3.3333333333333335,1.5275252316519468,2,5,3,1.3333333333333333,0.5773502691896257,8.969950616,0.0,47333.333333333336,6825.198409814423,3.3333333333333335,1.1547005383792515,1526.6666666666667,1.3333333333333333,0.6666666666666666,4.620981203732969,0.614429798415472,1,0,1,2.0,0.0,2,2,1,1.0,0.0,48500.0,0.0,4.0,0.0,1410.0,8.969950616,0.6931471805599453,0,1,0,0,0.0,1.0,1,0.0,1.0,0,0,0.0,0.0,0.0,2.0,1,0,0,0,Medium,Economy,Week,VeryHigh,Poor,3,1,0,0,2,4,0,3,3,7,2,29,1,1,0,1,3,0,1.5
959,113,16,1,Chandigarh,Punjab,City,7.576534513,Oct-Mar,40,4,"Beaches, Historical",1,2,82000,6,18-25,High Blood Pressure,Business,"Shopping, Food & Local Cuisine",All seasons,"Traffic congestion, pollution",Punjabi Cuisine,1650,https://s7ap1.scene7.com/is/image/incredibleindia/chandigarh-union-territory-1-city-ff,3,13666.666666666666,27333.333333333332,4555.555555555556,1,0,0,1,0,0,2.5,3,0,0,7.576534513,30.306138052,0.30306138052000003,0.17045454545454547,0.5165818986136365,0.4166666666666667,1.2627557521666668,275.0,550.0,0,0,3.0,2.8284271247461903,1,5,2,4.0,0.0,7.576534513,0.0,66750.0,21566.7568261897,6.0,0.0,1395.0,1.0,1.5,3.2958368660043287,0.3414802408943917,1,1,1,1.0,0.0,1,1,1,4.0,0.0,82000.0,0.0,6.0,0.0,1650.0,7.576534513,0.6931471805599453,0,1,1,1,0.0,1.0,1,0.0,1.0,0,0,0.0,0.0,0.0,1.0,1,0,0,0,Far,Premium,Week,High,Poor,2,3,0,0,1,1,3,0,4,12,12,7,0,4,0,0,3,0,2.5
393,351,283,2,Konark Sun Temple,Odisha,Historical,8.488999182,Nov-Feb,227,5,"Beaches, Historical",1,1,53000,6,18-25,Knee Pain,Leisure,"Cultural Exploration, Photography",Winter,"Long walking distances, crowd congestion",Odia Cuisine,1700,https://cdn.britannica.com/19/251919-050-D3E64798/konark-sun-temple-orissa-india-unesco-heritage-site.jpg,2,8833.333333333334,26500.0,4416.666666666667,1,0,0,1,0,0,3.5,3,0,0,16.977998364,42.44499591,0.8488999182000001,0.3559322033898305,0.8632880524067796,0.5833333333333334,1.414833197,283.3333333333333,850.0,0,0,2.0,1.0,1,3,3,3.3333333333333335,1.5275252316519465,8.488999182,0.0,69833.33333333333,17002.450803732187,4.666666666666667,1.5275252316519465,1526.6666666666667,1.6666666666666667,1.6666666666666667,2.772588722239781,0.9090909090909091,1,1,1,2.0,0.0,2,2,1,5.0,0.0,53000.0,0.0,6.0,0.0,1700.0,8.488999182,0.6931471805599453,0,1,1,1,0.0,1.0,1,0.0,1.0,0,0,0.0,0.0,0.0,2.0,1,0,0,0,Far,Moderate,Week,High,Poor,3,1,0,0,2,4,0,3,3,11,11,20,0,3,0,0,3,0,3.5
645,124,102,5,Coorg,Karnataka,Nature,7.921320004,Sep-Mar,511,3,"City, Historical",1,2,90500,2,18-25,Asthma,Family Vacation,"Nature & Relaxation, Photography",Post-Monsoon,"Curvy roads, limited medical facilities",Coorgi Cuisine,1030,https://images.unsplash.com/photo-1710612198146-77512950a4b7,3,45250.0,30166.666666666668,15083.333333333334,1,0,0,1,0,0,4.0,2,1,1,39.60660002,23.763960012,1.1881980006000001,0.08648648648648649,0.17127178387027028,2.0,3.960660002,515.0,343.3333333333333,0,0,5.0,0.0,5,5,1,3.0,0.0,7.921320004,0.0,90500.0,0.0,2.0,0.0,1030.0,1.0,2.0,3.4657359027997265,10.0,0,1,1,5.0,0.0,5,5,1,3.0,0.0,90500.0,0.0,2.0,0.0,1030.0,7.921320004,0.6931471805599453,1,0,1,0,0.0,1.0,1,0.0,1.0,0,0,0.0,0.0,0.0,5.0,1,0,0,0,Medium,Premium,Weekend,High,Excellent,4,4,1,0,0,2,1,1,1,1,6,8,1,4,1,0,0,0,4.0
368,608,367,4,Delhi,Delhi,City,8.443802952,Oct-Mar,660,5,"Beaches, Historical",1,0,19000,4,46-60,High Blood Pressure,Business,"Shopping, Food & Local Cuisine",All seasons,"Traffic congestion, pollution",Street Food,1410,https://encrypted-tbn0.gstatic.com/images?q=tbn:ANd9GcTFxblF-zkMM4NsiVuRyJ1Yx76TMcpdDWzU6zEf57y1aQ&s=10,1,4750.0,19000.0,4750.0,0,1,0,0,0,0,4.5,1,1,0,33.775211808,42.21901476,1.6887605904,0.782608695652174,1.4684874699130435,1.125,2.110950738,352.5,1410.0,0,0,2.5,2.1213203435596424,1,4,2,4.5,0.7071067811865476,8.443802952,0.0,50750.0,44901.28060534577,3.5,0.7071067811865476,1410.0,1.5,0.5,2.7465307216702737,0.450182704578985,1,0,0,4.0,0.0,4,4,1,5.0,0.0,19000.0,0.0,4.0,0.0,1410.0,8.443802952,0.6931471805599453,1,0,0,0,0.0,1.0,1,0.0,1.0,0,0,0.0,0.0,0.0,4.0,1,0,0,0,Medium,Budget,Week,High,Good,2,3,0,3,1,1,3,0,4,16,2,9,1,0,0,0,2,1,4.5
10,919,109,4,Coorg,Karnataka,Nature,9.252136618,Sep-Mar,405,4,"Beaches, Historical",2,0,52500,2,18-25,Asthma,Family Vacation,"Nature & Relaxation, Photography",Post-Monsoon,"Curvy roads, limited medical facilities",Coorgi Cuisine,1030,https://images.unsplash.com/photo-1710612198146-77512950a4b7,2,26250.0,26250.0,13125.0,0,0,1,0,0,0,4.0,0,1,0,37.008546472,37.008546472,1.48034185888,0.14678899082568808,0.33952794928440366,2.0,4.626068309,515.0,515.0,0,0,4.0,0.0,4,4,1,4.0,0.0,9.252136618,0.0,52500.0,0.0,2.0,0.0,1030.0,2.0,0.0,2.772588722239781,10.0,0,1,0,4.0,1.0,3,5,3,4.666666666666667,0.5773502691896258,46166.666666666664,19775.826994928262,3.6666666666666665,2.8867513459481287,973.3333333333334,8.774504462000001,1.3862943611198906,1,0,0,0,6333.333333333336,0.8628188559092582,1,1.6666666666666665,0.6428571428571428,0,0,0.0,0.47763215599999853,56.66666666666663,4.0,1,0,0,0,Medium,Moderate,Weekend,VeryHigh,Good,4,4,0,0,0,2,1,1,1,1,6,8,1,3,1,1,2,1,4.0
128,983,851,2,Chandigarh,Punjab,City,9.08021632,Oct-Mar,266,5,"Nature, Adventure",2,0,40000,3,26-35,High Blood Pressure,Business,"Shopping, Food & Local Cuisine",All seasons,"Traffic congestion, pollution",Punjabi Cuisine,1650,https://s7ap1.scene7.com/is/image/incredibleindia/chandigarh-union-territory-1-city-ff,2,13333.333333333334,20000.0,6666.666666666667,0,0,1,0,0,0,3.5,3,0,0,18.16043264,45.4010816,0.908021632,0.2441860465116279,0.6335034641860465,1.1666666666666667,3.0267387733333333,550.0,825.0,0,0,2.5,0.7071067811865476,2,3,2,4.5,0.7071067811865476,9.08021632,0.0,35750.0,6010.407640085654,2.5,0.7071067811865476,1085.0,1.5,0.5,2.7465307216702737,1.238993430992954,1,0,0,1.5,0.7071067811865476,1,2,2,4.0,1.4142135623730951,46750.0,9545.941546018392,4.5,2.1213203435596424,2075.0,8.979299504,1.0986122886681096,0,1,0,1,6750.0,0.8556180616457402,1,1.5,0.7272727272727273,1,0,0.5,0.1009168159999998,-425.0,2.0,1,0,0,0,Far,Economy,Weekend,VeryHigh,Poor,2,3,2,1,1,1,3,0,4,12,12,7,0,1,1,1,3,0,3.5
346,276,904,2,Red Fort,Delhi,Historical,7.591070677,Nov-Feb,169,5,"Beaches, Historical",1,0,25500,3,36-45,Knee Pain,Leisure,"Cultural Exploration, Photography",Winter,"Long walking distances, crowd congestion",Mughlai Cuisine,1410,https://upload.wikimedia.org/wikipedia/commons/d/d6/Delhi%2C_India%2C_Red_Fort_Facade.jpg,1,8500.0,25500.0,8500.0,0,1,0,0,0,0,3.5,3,0,0,15.182141354,37.955353385,0.7591070677,0.3684210526315789,0.7990600712631579,1.1666666666666667,2.5303568923333333,470.0,1410.0,0,0,2.0,0.0,2,2,1,5.0,0.0,7.591070677,0.0,25500.0,0.0,3.0,0.0,1410.0,1.0,0.0,1.3862943611198906,10.0,0,0,0,2.0,0.0,2,2,1,5.0,0.0,25500.0,0.0,3.0,0.0,1410.0,7.591070677,0.6931471805599453,0,1,0,0,0.0,1.0,1,0.0,1.0,0,0,0.0,0.0,0.0,2.0,1,0,0,0,Medium,Economy,Weekend,High,Poor,3,1,0,2,2,4,0,3,3,7,2,29,1,1,1,0,3,0,3.5
651,372,828,1,Baga Beach,Goa,Beach,7.82461091,Nov-Mar,434,2,"City, Historical",2,2,77000,4,26-35,Knee Pain,Honeymoon,"Relaxation, Nightlife, Water Sports",Winter,"Crowds, sun exposure",Seafood,590,https://encrypted-tbn0.gstatic.com/images?q=tbn:ANd9GcQeseYB8OMIYAnzRmlYP6matYpojVkK9lRx0Wgn7x8BYcxvxjfwm4QrUxM&s=10,4,19250.0,19250.0,4812.5,1,0,0,1,1,0,1.5,1,0,0,7.82461091,15.64922182,0.1564922182,0.07407407407407407,0.38640053876543207,0.375,1.9561527275,147.5,147.5,0,0,1.0,0.0,1,1,1,2.0,0.0,7.82461091,0.0,77000.0,0.0,4.0,0.0,590.0,2.0,2.0,0.6931471805599453,10.0,0,1,1,1.0,0.0,1,1,2,2.0,0.0,81000.0,5656.85424949238,3.0,1.4142135623730951,555.0,8.2350606645,1.0986122886681096,0,1,1,0,4000.0,0.9506178936062518,1,1.0,0.75,0,0,0.0,-0.410449754500001,35.0,1.0,2,1,0,0,Near,Moderate,Week,High,Poor,1,2,1,1,2,3,2,3,0,14,3,3,2,3,0,0,3,0,1.5
93,304,225,3,Munnar,Kerala,Nature,8.611208289,Sep-Mar,64,4,"City, Historical",2,0,66000,4,18-25,Asthma,Family Vacation,"Nature & Relaxation, Photography",Post-Monsoon,"Curvy roads, limited medical facilities",Kerala Cuisine,1480,https://images.unsplash.com/photo-1491497895121-1334fc14d8c9,2,16500.0,33000.0,8250.0,0,0,1,0,0,0,3.5,1,0,0,25.833624867,34.444833156,1.03334499468,0.2,0.4920690450857143,0.875,2.15280207225,370.0,740.0,0,0,3.0,0.0,3,3,1,4.0,0.0,8.611208289,0.0,66000.0,0.0,4.0,0.0,1480.0,2.0,0.0,2.0794415416798357,10.0,0,1,0,1.6666666666666667,1.1547005383792517,1,3,3,4.666666666666667,0.5773502691896257,56000.0,13610.657588816199,4.333333333333333,0.5773502691896258,1410.0,8.08579548,1.3862943611198906,0,1,1,1,10000.0,0.8214317601471403,1,0.33333333333333304,0.9375,1,0,1.3333333333333333,0.5254128090000005,70.0,2.0,2,1,0,0,Medium,Moderate,Week,VeryHigh,Fair,4,4,1,0,0,2,1,1,1,5,7,26,1,3,0,1,1,0,3.5
624,829,954,3,Tawang,Arunachal Pradesh,Nature,9.073371867,Sep-Mar,518,5,"City, Historical",2,2,102000,4,18-25,Asthma,Family Vacation,"Nature & Relaxation, Photography",Post-Monsoon,"Curvy roads, limited medical facilities",North East Cuisine,3000,https://s7ap1.scene7.com/is/image/incredibleindia/sela-pass-tawang-arunachal-pradesh-blog-ntr-hero,4,25500.0,25500.0,6375.0,1,0,0,1,1,0,4.0,2,0,0,27.220115601000003,45.366859335,1.3610057800500002,0.1509433962264151,0.3423913912075472,1.0,2.26834296675,750.0,750.0,0,1,3.0,0.0,3,3,1,5.0,0.0,9.073371867,0.0,102000.0,0.0,4.0,0.0,3000.0,2.0,2.0,2.0794415416798357,10.0,0,1,1,3.0,0.0,3,3,2,4.0,1.4142135623730951,85750.0,22980.970388562793,4.5,0.7071067811865476,2205.0,8.7811855245,1.0986122886681096,0,0,1,1,16250.0,0.8104978367599212,1,0.5,0.9090909090909091,0,0,0.0,0.29218634250000086,795.0,3.0,1,0,0,0,Far,Premium,Week,VeryHigh,Fair,4,4,1,0,0,2,1,1,1,9,1,36,0,4,0,1,1,0,4.0
677,109,677,2,Kerala Backwaters,Kerala,Nature,8.024075275,Sep-Mar,954,3,"Nature, Adventure",2,0,38500,3,36-45,Asthma,Family Vacation,"Nature & Relaxation, Photography",Post-Monsoon,"Curvy roads, limited medical facilities",Kerala Cuisine,1400,https://www.backpackadventures.org/wp-content/uploads/2020/08/india0898.jpg,2,12833.333333333334,19250.0,6416.666666666667,0,0,1,0,0,0,2.5,1,0,0,16.04815055,24.072225824999997,0.4814445164999999,0.18072289156626506,0.5800536343373494,0.8333333333333334,2.674691758333333,466.6666666666667,700.0,0,0,2.0,0.0,2,2,1,3.0,0.0,8.024075275,0.0,38500.0,0.0,3.0,0.0,1400.0,2.0,0.0,1.3862943611198906,10.0,0,0,0,2.0,0.0,2,2,1,3.0,0.0,38500.0,0.0,3.0,0.0,1400.0,8.024075275,0.6931471805599453,0,1,0,0,0.0,1.0,1,0.0,1.0,0,0,0.0,0.0,0.0,2.0,1,0,0,0,Medium,Economy,Weekend,High,Poor,4,4,2,2,0,2,1,1,1,5,7,16,1,1,1,0,3,0,2.5
309,166,225,1,Fatehpur Sikri,Uttar Pradesh,Historical,7.967520191,Nov-Feb,64,5,"City, Historical",2,0,40500,5,26-35,Knee Pain,Leisure,"Cultural Exploration, Photography",Winter,"Long walking distances, crowd congestion",Mughlai Cuisine,1450,https://images.unsplash.com/photo-1717761558642-32cbeccbee7e,2,8100.0,20250.0,4050.0,0,0,1,0,0,0,3.0,4,0,0,7.967520191,39.837600955,0.39837600954999997,0.32967032967032966,0.8755516693406594,0.6,1.5935040382,290.0,725.0,0,0,1.0,0.0,1,1,2,3.5,2.1213203435596424,7.967520191,0.0,80750.0,56922.095885517076,3.5,2.1213203435596424,1095.0,2.0,1.0,1.0986122886681096,10.0,1,1,1,1.6666666666666667,1.1547005383792517,1,3,3,4.666666666666667,0.5773502691896257,56000.0,13610.657588816199,4.333333333333333,0.5773502691896258,1410.0,8.08579548,1.3862943611198906,0,1,1,1,15500.0,0.7232192282280674,1,0.666666666666667,0.875,0,1,-0.6666666666666667,-0.11827528899999962,40.0,1.0,1,0,0,0,Medium,Economy,Week,High,Poor,3,1,1,1,2,4,0,3,3,7,16,11,1,1,0,0,3,0,3.0
190,750,364,4,Tawang,Arunachal Pradesh,Nature,8.956458953,Apr-Jun,262,3,"Beaches, Historical",2,2,113500,3,18-25,Knee Pain,Adventure,"Trekking, Adventure Sports",Summer,"High altitude, physical exertion",North East Cuisine,3000,https://s7ap1.scene7.com/is/image/incredibleindia/sela-pass-tawang-arunachal-pradesh-blog-ntr-hero,4,37833.333333333336,28375.0,9458.333333333334,1,0,0,1,1,0,3.5,1,1,0,35.825835812,26.869376859,1.07477507436,0.09012875536480686,0.2306384279742489,1.1666666666666667,2.9854863176666666,1000.0,750.0,0,1,4.0,0.0,4,4,1,3.0,0.0,8.956458953,0.0,113500.0,0.0,3.0,0.0,3000.0,2.0,2.0,2.772588722239781,10.0,0,1,1,4.5,0.5773502691896257,4,5,4,3.5,0.5773502691896257,88375.0,22024.13448923703,3.5,1.2909944487358056,1291.25,8.295658941,1.6094379124341003,1,0,1,0,25125.0,0.7157033583778402,1,0.5,0.8888888888888888,0,1,-0.5,0.660800012000001,1708.75,4.0,2,1,0,0,Far,Premium,Weekend,VeryHigh,Good,4,0,0,0,2,0,4,2,2,9,1,36,0,4,1,1,2,0,3.5
510,740,679,5,Valley of Flowers,Uttarakhand,Nature,9.263891739,Apr-Jun,447,4,"Beaches, Historical",2,1,64000,4,36-45,Knee Pain,Adventure,"Trekking, Adventure Sports",Summer,"High altitude, physical exertion",North Indian Cuisine,1900,https://encrypted-tbn0.gstatic.com/images?q=tbn:ANd9GcSKohlQ-J1CgxwCnc1mL62LM__eo7IDPvD9Hm4v1DnS8PQfNYx8O_lBtpoE&s=10,3,16000.0,21333.333333333332,5333.333333333333,1,0,0,1,0,0,4.5,1,1,1,46.319458695,37.055566956,1.8527783478000002,0.2647058823529412,0.5449348081764706,1.125,2.31597293475,475.0,633.3333333333334,0,0,5.0,0.0,5,5,1,4.0,0.0,9.263891739,0.0,64000.0,0.0,4.0,0.0,1900.0,2.0,1.0,3.4657359027997265,10.0,0,1,1,5.0,0.0,5,5,1,4.0,0.0,64000.0,0.0,4.0,0.0,1900.0,9.263891739,0.6931471805599453,1,0,1,0,0.0,1.0,1,0.0,1.0,0,0,0.0,0.0,0.0,5.0,1,0,0,0,Far,Moderate,Week,VeryHigh,Excellent,4,0,0,2,2,0,4,2,2,10,17,37,0,3,0,1,0,1,4.5
855,791,961,4,Ajanta Caves,Maharashtra,Historical,9.421688098,Nov-Feb,355,1,"Beaches, Historical",1,2,84500,2,36-45,Knee Pain,Leisure,"Cultural Exploration, Photography",Winter,"Long walking distances, crowd congestion",Maharashtrian Cuisine,430,https://plus.unsplash.com/premium_photo-1697729588019-20a1f5a325d1,3,42250.0,28166.666666666668,14083.333333333334,1,0,0,1,0,0,2.5,3,1,0,37.686752392,9.421688098,0.37686752392,0.057803468208092484,0.21784249937572256,1.25,4.710844049,215.0,143.33333333333334,1,0,4.0,0.0,4,4,1,1.0,0.0,9.421688098,0.0,84500.0,0.0,2.0,0.0,430.0,1.0,2.0,2.772588722239781,10.0,0,1,1,2.75,1.4999999999999998,1,4,4,1.5,0.5773502691896257,80875.0,7295.832143536931,4.5,2.3804761428476167,950.0,8.454006516,1.6094379124341003,0,1,1,1,3625.0,0.9551782976408328,1,2.5,0.5454545454545454,1,0,1.25,0.9676815820000009,-520.0,4.0,1,0,0,0,Near,Premium,Weekend,VeryHigh,Good,3,1,0,2,2,4,0,3,3,6,10,1,2,4,1,1,2,0,2.5
44,57,539,1,Marina Beach,Tamil Nadu,Beach,8.061326287,Nov-Mar,282,3,"Nature, Adventure",1,2,46000,4,26-35,Knee Pain,Honeymoon,"Relaxation, Nightlife, Water Sports",Winter,"Crowds, sun exposure",Seafood,1340,https://encrypted-tbn0.gstatic.com/licensed-image?q=tbn:ANd9GcQct7UyX_Oev4c9kXNkRrH7cu6JRlW5Xs6MNpuB-CTQjXyNxWdF7V64hL9ANP93g9qVVT1kg12v0L1opGDTWLdmYNf-&s=19,3,11500.0,15333.333333333334,3833.3333333333335,1,0,0,1,0,0,2.0,2,0,0,8.061326287,24.183978861,0.24183978861,0.16,0.64490610296,0.5,2.01533157175,335.0,446.6666666666667,0,0,1.0,0.0,1,1,1,3.0,0.0,8.061326287,0.0,46000.0,0.0,4.0,0.0,1340.0,1.0,2.0,0.6931471805599453,10.0,0,0,1,1.0,0.0,1,1,1,3.0,0.0,46000.0,0.0,4.0,0.0,1340.0,8.061326287,0.6931471805599453,0,1,0,0,0.0,1.0,1,0.0,1.0,0,0,0.0,0.0,0.0,1.0,1,0,0,0,Medium,Economy,Week,High,Poor,1,2,2,1,2,3,2,3,0,14,14,24,1,1,0,0,3,0,2.0
680,645,936,3,Sandakphu,West Bengal,Adventure,9.161029661,Apr-Jun,350,1,"City, Historical",1,0,27500,6,36-45,Knee Pain,Adventure,"Trekking, Adventure Sports",Summer,"High altitude, physical exertion",North East Cuisine,2200,https://aquaterra.in/wp-content/uploads/2020/01/Sandakphu-Trek-03.jpg,1,4583.333333333333,27500.0,4583.333333333333,0,1,0,0,0,0,2.0,2,0,0,27.483088983000002,9.161029661,0.27483088983000004,0.35820895522388063,1.6407814318208958,0.3333333333333333,1.5268382768333335,366.6666666666667,2200.0,0,1,3.6666666666666665,1.1547005383792515,3,5,3,2.3333333333333335,1.5275252316519468,9.161029661,0.0,59166.666666666664,29547.983574743866,5.333333333333333,1.1547005383792517,2226.6666666666665,1.6666666666666667,0.6666666666666666,5.083079324106265,0.7970029257273941,1,1,1,3.0,0.0,3,3,2,2.5,2.1213203435596424,29750.0,3181.9805153394636,6.5,0.7071067811865476,1805.0,8.49064743,1.0986122886681096,0,0,0,1,2250.0,0.9243722900070586,1,0.5,0.9333333333333333,0,0,0.0,0.6703822310000014,395.0,3.0,1,0,0,0,Far,Economy,Week,VeryHigh,Fair,0,0,1,2,2,0,4,2,2,9,18,31,0,1,0,1,1,0,2.0
468,93,686,1,Ahmedabad,Gujarat,City,9.116298425,Oct-Mar,544,2,"Nature, Adventure",2,2,69000,6,18-25,High Blood Pressure,Business,"Shopping, Food & Local Cuisine",All seasons,"Traffic congestion, pollution",Gujarati Cuisine,520,https://encrypted-tbn0.gstatic.com/images?q=tbn:ANd9GcTjjS0tleUkYu3JCgQn5BM0ooo_ueYok5FwDld1RJJHOQ&s=10,4,11500.0,17250.0,2875.0,1,0,0,1,1,0,1.5,1,0,0,9.116298425,18.23259685,0.1823259685,0.12,0.729303874,0.25,1.5193830708333333,86.66666666666667,130.0,0,0,1.0,0.0,1,1,2,2.5,0.7071067811865476,9.116298425,0.0,63500.0,7778.174593052023,4.5,2.1213203435596424,1285.0,1.5,2.0,1.0986122886681096,10.0,1,1,1,1.0,0.0,1,1,1,2.0,0.0,69000.0,0.0,6.0,0.0,520.0,9.116298425,0.6931471805599453,0,1,1,1,0.0,1.0,1,0.0,1.0,0,0,0.0,0.0,0.0,1.0,1,0,0,0,Near,Moderate,Week,VeryHigh,Poor,2,3,2,0,1,1,3,0,4,2,4,0,2,3,0,1,3,0,1.5
949,166,990,1,Hampi Ruins,Karnataka,Historical,7.967520191,Nov-Feb,81,2,"City, Historical",2,2,121000,2,36-45,Knee Pain,Leisure,"Cultural Exploration, Photography",Winter,"Long walking distances, crowd congestion",South Indian Cuisine,740,https://wegobond.com/wp-content/uploads/2018/01/hampi-banner.jpg,4,60500.0,30250.0,15125.0,1,0,0,1,1,0,1.5,1,0,0,7.967520191,15.935040382,0.15935040382000001,0.024390243902439025,0.12955317383739837,0.75,3.9837600955,370.0,185.0,0,0,1.0,0.0,1,1,2,3.5,2.1213203435596424,7.967520191,0.0,80750.0,56922.095885517076,3.5,2.1213203435596424,1095.0,2.0,1.0,1.0986122886681096,10.0,1,1,1,1.0,0.0,1,1,1,2.0,0.0,121000.0,0.0,2.0,0.0,740.0,7.967520191,0.6931471805599453,0,1,1,0,0.0,1.0,1,0.0,1.0,0,0,0.0,0.0,0.0,1.0,1,0,0,0,Near,Luxury,Weekend,High,Poor,3,1,1,2,2,4,0,3,3,15,6,13,2,2,1,0,3,0,1.5
153,356,490,2,Khajuraho Temples,Madhya Pradesh,Historical,8.606176984,Nov-Feb,4,2,"Beaches, Historical",2,1,59500,2,26-35,Knee Pain,Leisure,"Cultural Exploration, Photography",Winter,"Long walking distances, crowd congestion",North Indian Cuisine,1100,https://st2.depositphotos.com/1000434/7761/i/450/depositphotos_77615282-stock-photo-lakshmana-temple-in-khajuraho-madhya.jpg,3,29750.0,19833.333333333332,9916.666666666666,1,0,0,1,0,0,2.0,0,0,0,17.212353968,17.212353968,0.34424707936,0.06504065040650407,0.27987567427642274,1.0,4.303088492,550.0,366.6666666666667,0,0,2.0,0.0,2,2,1,2.0,0.0,8.606176984,0.0,59500.0,0.0,2.0,0.0,1100.0,2.0,1.0,1.3862943611198906,10.0,0,1,1,2.0,0.0,2,2,1,2.0,0.0,59500.0,0.0,2.0,0.0,1100.0,8.606176984,0.6931471805599453,0,1,1,0,0.0,1.0,1,0.0,1.0,0,0,0.0,0.0,0.0,2.0,1,0,0,0,Medium,Moderate,Weekend,VeryHigh,Poor,3,1,0,1,2,4,0,3,3,10,9,17,1,3,1,1,3,0,2.0
214,636,76,5,Ajanta Caves,Maharashtra,Historical,8.591103124,Nov-Feb,310,2,"Beaches, Historical",2,0,62000,3,46-60,Knee Pain,Leisure,"Cultural Exploration, Photography",Winter,"Long walking distances, crowd congestion",Maharashtrian Cuisine,430,https://plus.unsplash.com/premium_photo-1697729588019-20a1f5a325d1,2,20666.666666666668,31000.0,10333.333333333334,0,0,1,0,0,0,3.5,3,1,1,42.95551562,17.182206248,0.8591103124,0.16153846153846152,0.3965124518769231,1.1666666666666667,2.8637010413333335,143.33333333333334,215.0,1,0,5.0,0.0,5,5,1,2.0,0.0,8.591103124,0.0,62000.0,0.0,3.0,0.0,430.0,2.0,0.0,3.4657359027997265,10.0,0,1,0,3.6666666666666665,1.5275252316519468,2,5,3,3.6666666666666665,1.5275252316519465,54666.666666666664,8736.894948054105,4.0,1.0,1203.3333333333333,8.012650463666667,1.3862943611198906,1,0,1,0,7333.333333333336,0.8658561123881879,1,1.0,0.8,1,0,1.3333333333333335,0.5784526603333333,-773.3333333333333,4.5,2,1,0,0,Near,Moderate,Weekend,VeryHigh,Excellent,3,1,0,3,2,4,0,3,3,6,10,1,2,3,1,1,0,0,3.5
916,704,444,2,Ooty,Tamil Nadu,Nature,7.917510992,Sep-Mar,327,1,"City, Historical",1,0,22500,5,36-45,Asthma,Family Vacation,"Nature & Relaxation, Photography",Post-Monsoon,"Curvy roads, limited medical facilities",South Indian Cuisine,1180,https://t3.ftcdn.net/jpg/05/09/58/00/360_F_509580096_YjyHXMHyTm9OOkjUQS4kOxDXkxbOMWYi.jpg,1,4500.0,22500.0,4500.0,0,1,0,0,0,0,1.5,1,0,0,15.835021984,7.917510992,0.15835021984,0.2727272727272727,1.4395474530909091,0.3,1.5835021984000002,236.0,1180.0,0,0,2.0,0.0,2,2,1,1.0,0.0,7.917510992,0.0,22500.0,0.0,5.0,0.0,1180.0,1.0,0.0,1.3862943611198906,10.0,0,0,0,2.0,0.0,2,2,1,1.0,0.0,22500.0,0.0,5.0,0.0,1180.0,7.917510992,0.6931471805599453,0,1,0,1,0.0,1.0,1,0.0,1.0,0,0,0.0,0.0,0.0,2.0,1,0,0,0,Medium,Budget,Week,High,Poor,4,4,1,2,0,2,1,1,1,15,14,27,1,0,0,0,3,0,1.5
701,61,184,3,Khajuraho Temples,Madhya Pradesh,Historical,9.255411352,Nov-Feb,532,5,"Beaches, Historical",1,2,78000,3,26-35,Knee Pain,Leisure,"Cultural Exploration, Photography",Winter,"Long walking distances, crowd congestion",North Indian Cuisine,1100,https://st2.depositphotos.com/1000434/7761/i/450/depositphotos_77615282-stock-photo-lakshmana-temple-in-khajuraho-madhya.jpg,3,26000.0,26000.0,8666.666666666666,1,0,0,1,0,0,4.0,2,0,0,27.766234056,46.277056759999994,1.3883117027999998,0.14814814814814814,0.342793013037037,1.3333333333333333,3.0851371173333333,366.6666666666667,366.6666666666667,0,0,3.0,0.0,3,3,1,5.0,0.0,9.255411352,0.0,78000.0,0.0,3.0,0.0,1100.0,1.0,2.0,2.0794415416798357,10.0,0,1,1,3.5,0.7071067811865476,3,4,2,4.5,0.7071067811865476,71000.0,9899.494936611665,3.0,0.0,1575.0,8.934160465,1.0986122886681096,1,0,1,0,7000.0,0.9014098392980381,1,0.0,1.0,0,1,-0.5,0.3212508869999997,-475.0,3.0,1,0,0,0,Medium,Moderate,Weekend,VeryHigh,Fair,3,1,0,1,2,4,0,3,3,10,9,17,1,3,1,1,1,0,4.0
436,640,554,5,Tawang,Arunachal Pradesh,Nature,8.009714715,Apr-Jun,529,4,"Nature, Adventure",1,2,56000,2,18-25,Knee Pain,Adventure,"Trekking, Adventure Sports",Summer,"High altitude, physical exertion",North East Cuisine,3000,https://s7ap1.scene7.com/is/image/incredibleindia/sela-pass-tawang-arunachal-pradesh-blog-ntr-hero,3,28000.0,18666.666666666668,9333.333333333334,1,0,0,1,0,0,4.5,1,1,1,40.048573575,32.03885886,1.601942943,0.15517241379310345,0.276197059137931,2.25,4.0048573575,1500.0,1000.0,0,1,3.6666666666666665,2.3094010767585034,1,5,3,4.0,0.0,8.009714715,0.0,45000.0,13453.62404707371,2.6666666666666665,1.1547005383792515,2233.3333333333335,1.3333333333333333,1.0,5.083079324106265,0.41504090358644385,1,0,1,3.75,1.2583057392117916,2,5,4,4.25,0.4999999999999999,64000.0,15577.76192739723,2.75,1.5,1347.5,8.53397289675,1.6094379124341003,1,0,1,0,8000.0,0.8750019530944829,1,0.75,0.8,1,0,1.25,-0.5242581817500014,1652.5,5.0,1,0,0,0,Far,Moderate,Weekend,High,Excellent,4,0,2,0,2,0,4,2,2,9,1,36,0,3,1,0,0,1,4.5
705,810,359,3,Kerala Backwaters,Kerala,Nature,8.161053311,Apr-Jun,678,3,"Nature, Adventure",2,1,86000,5,18-25,Knee Pain,Adventure,"Trekking, Adventure Sports",Summer,"High altitude, physical exertion",Kerala Cuisine,1400,https://www.backpackadventures.org/wp-content/uploads/2020/08/india0898.jpg,3,17200.0,28666.666666666668,5733.333333333333,1,0,0,1,0,0,3.0,0,0,0,24.483159933,24.483159933,0.7344947979900001,0.16483516483516483,0.4484095225824176,0.6,1.6322106621999999,280.0,466.6666666666667,0,0,3.0,0.0,3,3,1,3.0,0.0,8.161053311,0.0,86000.0,0.0,5.0,0.0,1400.0,2.0,1.0,2.0794415416798357,10.0,0,1,1,3.0,0.0,3,3,2,3.0,0.0,57250.0,40658.63991822648,5.0,0.0,1525.0,8.200800405999999,1.0986122886681096,0,0,1,1,28750.0,0.49782536549579925,0,0.0,1.0,0,0,0.0,-0.03974709499999918,-125.0,3.0,1,0,0,0,Medium,Premium,Week,High,Fair,4,0,2,0,2,0,4,2,2,5,7,16,1,4,0,0,1,0,3.0
717,500,934,4,Ooty,Tamil Nadu,Nature,8.940107798,Apr-Jun,791,2,"Beaches, Historical",2,2,104000,4,46-60,Knee Pain,Adventure,"Trekking, Adventure Sports",Summer,"High altitude, physical exertion",South Indian Cuisine,1180,https://t3.ftcdn.net/jpg/05/09/58/00/360_F_509580096_YjyHXMHyTm9OOkjUQS4kOxDXkxbOMWYi.jpg,4,26000.0,26000.0,6500.0,1,0,0,1,1,0,3.0,2,1,0,35.760431192,17.880215596,0.71520862384,0.1111111111111111,0.3311151036296296,0.75,2.2350269495,295.0,295.0,0,0,4.0,0.0,4,4,2,2.0,0.0,8.940107798,0.0,67000.0,52325.90180780452,5.5,2.1213203435596424,1490.0,1.5,1.0,4.394449154672438,10.0,1,1,1,4.0,0.0,4,4,1,2.0,0.0,104000.0,0.0,4.0,0.0,1180.0,8.940107798,0.6931471805599453,1,0,1,0,0.0,1.0,1,0.0,1.0,0,0,0.0,0.0,0.0,4.0,1,0,0,0,Medium,Premium,Week,VeryHigh,Good,4,0,0,3,2,0,4,2,2,15,14,27,1,4,0,1,2,0,3.0
913,649,803,5,Coorg,Karnataka,Nature,8.167683021,Sep-Mar,161,1,"Nature, Adventure",2,1,70000,6,26-35,Asthma,Family Vacation,"Nature & Relaxation, Photography",Post-Monsoon,"Curvy roads, limited medical facilities",Coorgi Cuisine,1030,https://images.unsplash.com/photo-1710612198146-77512950a4b7,3,11666.666666666666,23333.333333333332,3888.8888888888887,1,0,0,1,0,0,3.0,4,1,1,40.838415105,8.167683021,0.40838415105000003,0.2368421052631579,0.6448170806052632,0.5,1.3612805035,171.66666666666666,343.3333333333333,0,0,5.0,0.0,5,5,1,1.0,0.0,8.167683021,0.0,70000.0,0.0,6.0,0.0,1030.0,2.0,1.0,3.4657359027997265,10.0,0,1,1,5.0,0.0,5,5,2,1.0,0.0,74250.0,6010.407640085654,6.0,0.0,1030.0,8.624356310500001,1.0986122886681096,1,0,1,1,4250.0,0.9427617136469543,1,0.0,1.0,0,0,0.0,-0.4566732895000012,0.0,5.0,2,1,0,0,Medium,Moderate,Week,High,Excellent,4,4,2,1,0,2,1,1,1,1,6,8,1,3,0,0,0,0,3.0
895,398,165,5,Bangalore,Karnataka,City,8.332950034,Oct-Mar,519,4,"City, Historical",2,0,44000,6,46-60,High Blood Pressure,Business,"Shopping, Food & Local Cuisine",All seasons,"Traffic congestion, pollution",Multi Cuisine,980,https://media.istockphoto.com/id/1382384282/photo/bangalore-or-bengaluru.jpg,2,7333.333333333333,22000.0,3666.6666666666665,0,0,1,0,0,0,4.5,1,1,1,41.66475017,33.331800136,1.6665900068,0.54,0.9999540040800001,0.75,1.3888250056666667,163.33333333333334,490.0,0,0,5.0,0.0,5,5,1,4.0,0.0,8.332950034,0.0,44000.0,0.0,6.0,0.0,980.0,2.0,0.0,3.4657359027997265,10.0,0,0,0,3.8,1.3038404810405297,2,5,5,3.4,0.8944271909999159,49600.0,4560.701700396552,4.4,2.3021728866442674,1222.0,8.294879187000001,1.791759469228055,1,0,0,1,5600.0,0.8870990504223705,1,1.5999999999999996,0.7037037037037037,1,0,1.2000000000000002,0.03807084699999841,-242.0,4.0,3,1,0,0,Medium,Economy,Week,High,Excellent,2,3,1,3,1,1,3,0,4,8,6,4,1,1,0,0,0,1,4.5
530,988,565,1,Chandigarh,Punjab,City,7.962347871,Oct-Mar,106,5,"Beaches, Historical",2,1,70500,4,18-25,High Blood Pressure,Business,"Shopping, Food & Local Cuisine",All seasons,"Traffic congestion, pollution",Punjabi Cuisine,1650,https://s7ap1.scene7.com/is/image/incredibleindia/chandigarh-union-territory-1-city-ff,3,17625.0,23500.0,5875.0,1,0,0,1,0,0,3.0,4,0,0,7.962347871,39.811739355,0.39811739355,0.1610738255033557,0.42750861052348993,0.75,1.99058696775,412.5,550.0,0,0,1.0,0.0,1,1,1,5.0,0.0,7.962347871,0.0,70500.0,0.0,4.0,0.0,1650.0,2.0,1.0,0.6931471805599453,10.0,0,1,1,2.0,1.4142135623730951,1,3,2,5.0,0.0,56250.0,20152.543263816606,4.5,0.7071067811865476,1415.0,8.527660163,1.0986122886681096,0,1,1,1,14250.0,0.7466711702903059,1,0.5,0.9090909090909091,0,1,-1.0,-0.5653122919999998,235.0,1.0,1,0,0,0,Far,Moderate,Week,High,Poor,2,3,0,0,1,1,3,0,4,12,12,7,0,3,0,0,3,0,3.0
518,753,126,3,Kolkata,West Bengal,City,8.594748337,Oct-Mar,983,2,"City, Historical",1,0,19000,2,46-60,High Blood Pressure,Business,"Shopping, Food & Local Cuisine",All seasons,"Traffic congestion, pollution",Bengali Cuisine,2050,https://encrypted-tbn0.gstatic.com/images?q=tbn:ANd9GcR7RyEWQTvFgkgjKGGCyk4MsFgdUZhpvExLEydL8FmtvfqAtgLceIK1K2mg&s=10,1,9500.0,19000.0,9500.0,0,1,0,0,0,0,2.5,1,0,0,25.784245011000003,17.189496674,0.51568490022,0.23809523809523808,0.8185474606666667,1.25,4.2973741685,1025.0,2050.0,0,1,3.0,0.0,3,3,1,2.0,0.0,8.594748337,0.0,19000.0,0.0,2.0,0.0,2050.0,1.0,0.0,2.0794415416798357,10.0,0,0,0,3.75,0.9574271077563381,3,5,4,2.5,1.0,22000.0,4020.7793606049395,3.25,0.957427107756338,1582.5,8.763474082,1.6094379124341003,1,0,0,0,3000.0,0.8636425617017408,1,1.25,0.7058823529411764,0,1,-0.75,-0.1687257449999997,467.5,3.0,1,0,0,0,Far,Budget,Weekend,VeryHigh,Fair,2,3,1,3,1,1,3,0,4,0,18,19,0,0,1,1,1,0,2.5
257,429,20,4,Coorg,Karnataka,Nature,8.1864846,Sep-Mar,311,5,"Nature, Adventure",2,0,66000,5,36-45,Asthma,Family Vacation,"Nature & Relaxation, Photography",Post-Monsoon,"Curvy roads, limited medical facilities",Coorgi Cuisine,1030,https://images.unsplash.com/photo-1710612198146-77512950a4b7,2,13200.0,33000.0,6600.0,0,0,1,0,0,0,4.5,1,1,0,32.7459384,40.932423,1.63729692,0.31690140845070425,0.576513,0.9,1.63729692,206.0,515.0,0,0,3.0,1.4142135623730951,2,4,2,4.0,1.4142135623730951,8.1864846,0.0,43250.0,32173.358543987913,5.5,0.7071067811865476,1030.0,1.5,0.0,3.2958368660043287,0.660408825313113,1,0,0,3.6,1.1401754250991378,2,5,5,4.4,0.5477225575051661,53100.0,12759.310326189265,5.2,0.44721359549995787,1722.0,8.377871876,1.791759469228055,1,0,1,1,12900.0,0.7570667219073087,1,0.20000000000000018,0.967741935483871,1,0,0.3999999999999999,-0.19138727600000038,-692.0,4.0,2,1,0,0,Medium,Moderate,Week,High,Good,4,4,2,2,0,2,1,1,1,1,6,8,1,3,0,0,2,1,4.5
380,913,288,5,Ahmedabad,Gujarat,City,7.588014606,Oct-Mar,958,3,"City, Historical",1,1,55500,5,18-25,High Blood Pressure,Business,"Shopping, Food & Local Cuisine",All seasons,"Traffic congestion, pollution",Gujarati Cuisine,520,https://encrypted-tbn0.gstatic.com/images?q=tbn:ANd9GcTjjS0tleUkYu3JCgQn5BM0ooo_ueYok5FwDld1RJJHOQ&s=10,2,11100.0,27750.0,5550.0,1,0,0,1,0,0,4.0,2,1,1,37.94007303,22.764043817999998,1.1382021909,0.3305785123966942,0.6271086451239669,0.8,1.5176029212,104.0,260.0,0,0,5.0,0.0,5,5,1,3.0,0.0,7.588014606,0.0,55500.0,0.0,5.0,0.0,520.0,1.0,1.0,3.4657359027997265,10.0,0,1,1,5.0,0.0,5,5,1,3.0,0.0,55500.0,0.0,5.0,0.0,520.0,7.588014606,0.6931471805599453,1,0,1,1,0.0,1.0,1,0.0,1.0,0,0,0.0,0.0,0.0,5.0,1,0,0,0,Near,Moderate,Week,High,Excellent,2,3,1,0,1,1,3,0,4,2,4,0,2,3,0,0,0,0,4.0
565,150,636,3,Valley of Flowers,Uttarakhand,Nature,8.86387233,Apr-Jun,115,2,"City, Historical",2,2,84000,4,36-45,Knee Pain,Adventure,"Trekking, Adventure Sports",Summer,"High altitude, physical exertion",North Indian Cuisine,1900,https://encrypted-tbn0.gstatic.com/images?q=tbn:ANd9GcSKohlQ-J1CgxwCnc1mL62LM__eo7IDPvD9Hm4v1DnS8PQfNYx8O_lBtpoE&s=10,4,21000.0,21000.0,5250.0,1,0,0,1,1,0,2.5,1,0,0,26.59161699,17.72774466,0.5318323398,0.11363636363636363,0.4029032877272727,0.625,2.2159680825,475.0,475.0,0,0,3.0,0.0,3,3,1,2.0,0.0,8.86387233,0.0,84000.0,0.0,4.0,0.0,1900.0,2.0,2.0,2.0794415416798357,10.0,0,1,1,3.0,0.0,3,3,1,2.0,0.0,84000.0,0.0,4.0,0.0,1900.0,8.86387233,0.6931471805599453,0,0,1,0,0.0,1.0,1,0.0,1.0,0,0,0.0,0.0,0.0,3.0,1,0,0,0,Far,Premium,Week,VeryHigh,Fair,4,0,1,2,2,0,4,2,2,10,17,37,0,4,0,1,1,0,2.5
871,118,21,2,Chandigarh,Punjab,City,7.698985654,Oct-Mar,489,3,"City, Historical",1,0,23000,5,46-60,High Blood Pressure,Business,"Shopping, Food & Local Cuisine",All seasons,"Traffic congestion, pollution",Punjabi Cuisine,1650,https://s7ap1.scene7.com/is/image/incredibleindia/chandigarh-union-territory-1-city-ff,1,4600.0,23000.0,4600.0,0,1,0,0,0,0,2.5,1,0,0,15.397971308,23.096956962,0.46193913924,0.44642857142857145,1.3748188667857144,0.5,1.5397971308,330.0,1650.0,0,0,2.6666666666666665,1.1547005383792515,2,4,3,2.3333333333333335,0.5773502691896257,7.698985654,0.0,44500.0,18901.058171435798,3.3333333333333335,1.5275252316519465,1111.6666666666667,1.3333333333333333,1.0,3.6967849629863747,0.7970029257273941,1,0,1,2.5,0.7071067811865476,2,3,2,3.0,0.0,20000.0,4242.640687119285,4.5,0.7071067811865476,1495.0,7.809972791,1.0986122886681096,0,1,0,1,3000.0,0.8500074996250188,1,0.5,0.9090909090909091,0,1,-0.5,-0.11098713699999951,155.0,2.0,1,0,0,0,Far,Budget,Week,High,Poor,2,3,1,3,1,1,3,0,4,12,12,7,0,0,0,0,3,0,2.5
259,875,733,3,Valley of Flowers,Uttarakhand,Nature,8.982970017,Apr-Jun,676,4,"Beaches, Historical",1,1,53000,5,46-60,Knee Pain,Adventure,"Trekking, Adventure Sports",Summer,"High altitude, physical exertion",North Indian Cuisine,1900,https://encrypted-tbn0.gstatic.com/images?q=tbn:ANd9GcSKohlQ-J1CgxwCnc1mL62LM__eo7IDPvD9Hm4v1DnS8PQfNYx8O_lBtpoE&s=10,2,10600.0,26500.0,5300.0,1,0,0,1,0,0,3.5,1,0,0,26.948910051,35.931880068,1.0779564020399999,0.3017241379310345,0.7743939669827586,0.7,1.7965940033999999,380.0,950.0,0,0,4.0,1.4142135623730951,3,5,2,3.5,0.7071067811865476,8.982970017,0.0,55750.0,3889.0872965260114,6.0,1.4142135623730951,2200.0,1.5,0.5,4.394449154672438,0.660408825313113,1,1,0,4.0,1.4142135623730951,3,5,2,4.5,0.7071067811865476,57000.0,5656.85424949238,4.5,0.7071067811865476,1900.0,9.140984152,1.0986122886681096,1,0,1,1,4000.0,0.9298257925299556,1,0.5,0.9090909090909091,0,1,-1.0,-0.15801413500000017,0.0,4.0,2,1,0,0,Far,Moderate,Week,VeryHigh,Fair,4,0,0,3,2,0,4,2,2,10,17,37,0,3,0,1,1,0,3.5
685,609,846,3,Valley of Flowers,Uttarakhand,Nature,8.295686417,Sep-Mar,974,2,"City, Historical",1,2,56000,5,46-60,Asthma,Family Vacation,"Nature & Relaxation, Photography",Post-Monsoon,"Curvy roads, limited medical facilities",North Indian Cuisine,1900,https://encrypted-tbn0.gstatic.com/images?q=tbn:ANd9GcSKohlQ-J1CgxwCnc1mL62LM__eo7IDPvD9Hm4v1DnS8PQfNYx8O_lBtpoE&s=10,3,11200.0,18666.666666666668,3733.3333333333335,1,0,0,1,0,0,2.5,1,0,0,24.887059251000004,16.591372834,0.4977411850200001,0.20491803278688525,0.67997429647541,0.5,1.6591372834000002,380.0,633.3333333333334,0,0,2.5,0.7071067811865476,2,3,2,3.0,1.4142135623730951,8.295686417,0.0,66250.0,14495.689014324224,4.5,0.7071067811865476,1950.0,1.0,2.0,2.7465307216702737,1.238993430992954,1,1,1,3.0,0.0,3,3,1,2.0,0.0,56000.0,0.0,5.0,0.0,1900.0,8.295686417,0.6931471805599453,0,0,1,1,0.0,1.0,1,0.0,1.0,0,0,0.0,0.0,0.0,3.0,1,0,0,0,Far,Moderate,Week,High,Fair,4,4,1,3,0,2,1,1,1,10,17,37,0,3,0,0,1,0,2.5
804,643,197,1,Delhi,Delhi,City,9.300321813,Oct-Mar,396,3,"Nature, Adventure",1,1,31500,4,46-60,High Blood Pressure,Business,"Shopping, Food & Local Cuisine",All seasons,"Traffic congestion, pollution",Street Food,1410,https://encrypted-tbn0.gstatic.com/images?q=tbn:ANd9GcTFxblF-zkMM4NsiVuRyJ1Yx76TMcpdDWzU6zEf57y1aQ&s=10,2,7875.0,15750.0,3937.5,1,0,0,1,0,0,2.0,2,0,0,9.300321813,27.900965439,0.27900965439000003,0.22535211267605634,1.0479235845633803,0.5,2.32508045325,352.5,705.0,0,0,1.0,0.0,1,1,1,3.0,0.0,9.300321813,0.0,31500.0,0.0,4.0,0.0,1410.0,1.0,1.0,0.6931471805599453,10.0,0,0,1,1.0,0.0,1,1,1,3.0,0.0,31500.0,0.0,4.0,0.0,1410.0,9.300321813,0.6931471805599453,0,1,0,0,0.0,1.0,1,0.0,1.0,0,0,0.0,0.0,0.0,1.0,1,0,0,0,Medium,Economy,Week,VeryHigh,Poor,2,3,2,3,1,1,3,0,4,16,2,9,1,1,0,1,3,0,2.0
912,193,461,5,Kolkata,West Bengal,City,7.672819737,Oct-Mar,788,5,"Nature, Adventure",1,0,17000,2,46-60,High Blood Pressure,Business,"Shopping, Food & Local Cuisine",All seasons,"Traffic congestion, pollution",Bengali Cuisine,2050,https://encrypted-tbn0.gstatic.com/images?q=tbn:ANd9GcR7RyEWQTvFgkgjKGGCyk4MsFgdUZhpvExLEydL8FmtvfqAtgLceIK1K2mg&s=10,1,8500.0,17000.0,8500.0,0,1,0,0,0,0,5.0,0,1,1,38.364098685,38.364098685,1.91820493425,0.5263157894736842,0.8076652354736842,2.5,3.8364098685,1025.0,2050.0,0,1,5.0,0.0,5,5,1,5.0,0.0,7.672819737,0.0,17000.0,0.0,2.0,0.0,2050.0,1.0,0.0,3.4657359027997265,10.0,0,0,0,4.5,0.7071067811865476,4,5,2,3.0,2.8284271247461903,20000.0,4242.640687119285,2.5,0.7071067811865476,1365.0,8.1877360965,1.0986122886681096,1,0,0,0,3000.0,0.8500074996250188,1,0.5,0.8571428571428572,1,0,0.5,-0.5149163594999999,685.0,5.0,1,0,0,0,Far,Budget,Weekend,High,Excellent,2,3,2,3,1,1,3,0,4,0,18,19,0,0,1,0,0,1,5.0
427,718,473,5,Mumbai,Maharashtra,City,9.203460228,Oct-Mar,443,4,"Nature, Adventure",2,2,77000,4,18-25,High Blood Pressure,Business,"Shopping, Food & Local Cuisine",All seasons,"Traffic congestion, pollution",Street Food,35,https://t4.ftcdn.net/jpg/01/46/43/87/360_F_146438747_3XYwVkfnYZuukBZYmDM8xeoqENzyhAqa.jpg,4,19250.0,19250.0,4812.5,1,0,0,1,1,0,4.5,1,1,1,46.01730114,36.813840912,1.8406920456,0.2222222222222222,0.45449186311111117,1.125,2.300865057,8.75,8.75,1,0,5.0,0.0,5,5,2,3.5,0.7071067811865476,9.203460228,0.0,60250.0,23688.077169749344,4.0,0.0,1042.5,1.5,1.5,5.493061443340547,10.0,1,1,1,4.5,0.7071067811865476,4,5,2,4.5,0.7071067811865476,66000.0,15556.349186104046,4.0,0.0,1017.5,9.212142334500001,1.0986122886681096,1,0,1,0,11000.0,0.8333358585475977,1,0.0,1.0,1,0,0.5,-0.00868210650000023,-982.5,5.0,1,0,0,0,VeryNear,Moderate,Week,VeryHigh,Excellent,2,3,2,0,1,1,3,0,4,16,10,25,3,3,0,1,0,1,4.5
814,633,944,1,Bangalore,Karnataka,City,8.038341365,Oct-Mar,391,4,"Nature, Adventure",2,0,36000,4,26-35,High Blood Pressure,Business,"Shopping, Food & Local Cuisine",All seasons,"Traffic congestion, pollution",Multi Cuisine,980,https://media.istockphoto.com/id/1382384282/photo/bangalore-or-bengaluru.jpg,2,9000.0,18000.0,4500.0,0,0,1,0,0,0,2.5,3,0,0,8.038341365,32.15336546,0.32153365460000005,0.25,0.8038341365000001,0.625,2.00958534125,245.0,490.0,0,0,1.0,0.0,1,1,1,4.0,0.0,8.038341365,0.0,36000.0,0.0,4.0,0.0,980.0,2.0,0.0,0.6931471805599453,10.0,0,0,0,1.5,0.7071067811865476,1,2,2,4.5,0.7071067811865476,36000.0,0.0,5.0,1.4142135623730951,1160.0,7.7917247185,1.0986122886681096,0,1,0,1,0.0,1.0,1,1.0,0.8333333333333334,0,1,-0.5,0.2466166465000006,-180.0,1.0,1,0,0,0,Medium,Economy,Week,High,Poor,2,3,2,1,1,1,3,0,4,8,6,4,1,1,0,0,3,0,2.5
774,997,187,5,Radhanagar Beach,Andaman,Beach,8.203518829,Nov-Mar,717,3,"Beaches, Historical",1,0,13000,5,26-35,Knee Pain,Honeymoon,"Relaxation, Nightlife, Water Sports",Winter,"Crowds, sun exposure",Seafood,2500,https://dynamic-media-cdn.tripadvisor.com/media/photo-o/05/76/7a/1d/radhanagar-beach.jpg,1,2600.0,13000.0,2600.0,0,1,0,0,0,0,4.0,2,1,1,41.017594145000004,24.610556487,1.23052782435,1.1111111111111112,2.2787552302777776,0.8,1.6407037658,500.0,2500.0,0,1,5.0,0.0,5,5,1,3.0,0.0,8.203518829,0.0,13000.0,0.0,5.0,0.0,2500.0,1.0,0.0,3.4657359027997265,10.0,0,0,0,5.0,0.0,5,5,1,3.0,0.0,13000.0,0.0,5.0,0.0,2500.0,8.203518829,0.6931471805599453,1,0,0,1,0.0,1.0,1,0.0,1.0,0,0,0.0,0.0,0.0,5.0,1,0,0,0,Far,Budget,Week,High,Excellent,1,2,0,1,2,3,2,3,0,14,0,28,0,0,0,0,0,0,4.0
247,257,800,5,Calangute Beach,Goa,Beach,8.284116199,Nov-Mar,269,2,"Nature, Adventure",1,2,52000,3,18-25,Knee Pain,Honeymoon,"Relaxation, Nightlife, Water Sports",Winter,"Crowds, sun exposure",Seafood,585,https://encrypted-tbn0.gstatic.com/images?q=tbn:ANd9GcQawETYRiYBsH6-h7nyRef7D05VLNnIS00HBpFyaZdOJDehCXzhEkUfAY5Vf_tWlUzd5qaIpJnkr2vAOF1xcvRS_dDd2Lq-Y2B30QDq-g&s=10,3,17333.333333333332,17333.333333333332,5777.777777777777,1,0,0,1,0,0,3.5,3,1,1,41.420580994999995,16.568232398,0.8284116198999999,0.19090909090909092,0.4518608835818182,1.1666666666666667,2.761372066333333,195.0,195.0,0,0,5.0,0.0,5,5,1,2.0,0.0,8.284116199,0.0,52000.0,0.0,3.0,0.0,585.0,1.0,2.0,3.4657359027997265,10.0,0,0,1,5.0,0.0,5,5,1,2.0,0.0,52000.0,0.0,3.0,0.0,585.0,8.284116199,0.6931471805599453,1,0,0,0,0.0,1.0,1,0.0,1.0,0,0,0.0,0.0,0.0,5.0,1,0,0,0,Near,Moderate,Weekend,High,Excellent,1,2,2,0,2,3,2,3,0,14,3,6,2,3,1,0,0,0,3.5
255,151,871,1,Ellora Caves,Maharashtra,Historical,9.450175079,Nov-Feb,970,5,"Beaches, Historical",1,1,61500,5,18-25,Knee Pain,Leisure,"Cultural Exploration, Photography",Winter,"Long walking distances, crowd congestion",Maharashtrian Cuisine,340,https://indiaholidaymall.com/images/blog/Ellora-Caves-Unesco-World-Heritage-Site.jpg,2,12300.0,30750.0,6150.0,1,0,0,1,0,0,3.0,4,0,0,9.450175079,47.250875394999994,0.4725087539499999,0.22556390977443608,0.71053947962406,0.6,1.8900350157999999,68.0,170.0,1,0,1.0,0.0,1,1,1,5.0,0.0,9.450175079,0.0,61500.0,0.0,5.0,0.0,340.0,1.0,1.0,0.6931471805599453,10.0,0,1,1,1.0,0.0,1,1,2,5.0,0.0,54500.0,9899.494936611665,4.0,1.4142135623730951,910.0,8.905433597,1.0986122886681096,0,1,1,0,7000.0,0.8715619896882626,1,1.0,0.8,0,0,0.0,0.5447414819999992,-570.0,1.0,1,0,0,0,Near,Moderate,Week,VeryHigh,Poor,3,1,0,0,2,4,0,3,3,6,10,10,2,3,0,1,3,0,3.0
6,473,408,3,Bangalore,Karnataka,City,8.138557734,Oct-Mar,403,1,"City, Historical",2,0,44000,4,18-25,High Blood Pressure,Business,"Shopping, Food & Local Cuisine",All seasons,"Traffic congestion, pollution",Multi Cuisine,980,https://media.istockphoto.com/id/1382384282/photo/bangalore-or-bengaluru.jpg,2,11000.0,22000.0,5500.0,0,0,1,0,0,0,2.0,2,0,0,24.415673202,8.138557734,0.24415673202000002,0.16666666666666666,0.6782131445,0.5,2.0346394335,245.0,490.0,0,0,3.0,0.0,3,3,1,1.0,0.0,8.138557734,0.0,44000.0,0.0,4.0,0.0,980.0,2.0,0.0,2.0794415416798357,10.0,0,0,0,2.5,0.7071067811865476,2,3,2,1.5,0.7071067811865476,48250.0,6010.407640085654,4.0,0.0,1490.0,8.711987497500001,1.0986122886681096,0,1,0,0,4250.0,0.9119189239601252,1,0.0,1.0,1,0,0.5,-0.5734297635000001,-510.0,3.0,1,0,0,0,Medium,Economy,Week,High,Fair,2,3,1,0,1,1,3,0,4,8,6,4,1,1,0,0,1,0,2.0
125,280,940,1,Kodaikanal,Tamil Nadu,Nature,7.639341731,Apr-Jun,411,5,"Beaches, Historical",1,1,53000,3,26-35,Knee Pain,Adventure,"Trekking, Adventure Sports",Summer,"High altitude, physical exertion",South Indian Cuisine,1300,https://encrypted-tbn0.gstatic.com/images?q=tbn:ANd9GcRR1MrvitA-PthZ_UMPeUYOYvzHFu6Olty-pnoL9EqaCl31ZwvMHSvu9OQ&s=10,2,17666.666666666668,26500.0,8833.333333333334,1,0,0,1,0,0,3.0,4,0,0,7.639341731,38.196708655,0.38196708655,0.1607142857142857,0.409250449875,1.0,2.5464472436666665,433.3333333333333,650.0,0,0,1.0,0.0,1,1,1,5.0,0.0,7.639341731,0.0,53000.0,0.0,3.0,0.0,1300.0,1.0,1.0,0.6931471805599453,10.0,0,1,1,1.0,0.0,1,1,1,5.0,0.0,53000.0,0.0,3.0,0.0,1300.0,7.639341731,0.6931471805599453,0,1,1,0,0.0,1.0,1,0.0,1.0,0,0,0.0,0.0,0.0,1.0,1,0,0,0,Medium,Moderate,Weekend,High,Poor,4,0,0,1,2,0,4,2,2,15,14,18,1,3,1,0,3,0,3.0
775,122,252,3,Gokarna Beach,Karnataka,Beach,7.791202933,Nov-Mar,997,2,"City, Historical",2,2,85000,5,46-60,Knee Pain,Honeymoon,"Relaxation, Nightlife, Water Sports",Winter,"Crowds, sun exposure",Seafood,680,https://realtalktravel.com/wp-content/uploads/Om-Beach-Gokarna.webp,4,17000.0,21250.0,4250.0,1,0,0,1,1,0,2.5,1,0,0,23.373608799,15.582405866,0.46747217598,0.1388888888888889,0.4328446073888889,0.5,1.5582405866,136.0,170.0,0,0,3.0,0.0,3,3,1,2.0,0.0,7.791202933,0.0,85000.0,0.0,5.0,0.0,680.0,2.0,2.0,2.0794415416798357,10.0,0,1,1,2.3333333333333335,0.5773502691896257,2,3,3,2.3333333333333335,1.5275252316519468,74666.66666666667,17039.170558842743,4.333333333333333,1.1547005383792517,1086.6666666666667,8.835739315333333,1.3862943611198906,0,1,1,1,10333.333333333328,0.8616089963080853,1,0.666666666666667,0.875,1,0,0.6666666666666665,-1.044536382333333,-406.66666666666674,3.0,1,0,0,0,Near,Premium,Week,High,Fair,1,2,1,3,2,3,2,3,0,14,6,12,2,4,0,0,1,0,2.5
369,354,165,4,Valley of Flowers,Uttarakhand,Nature,7.760694703,Sep-Mar,519,4,"City, Historical",2,0,48000,5,46-60,Asthma,Family Vacation,"Nature & Relaxation, Photography",Post-Monsoon,"Curvy roads, limited medical facilities",North Indian Cuisine,1900,https://encrypted-tbn0.gstatic.com/images?q=tbn:ANd9GcSKohlQ-J1CgxwCnc1mL62LM__eo7IDPvD9Hm4v1DnS8PQfNYx8O_lBtpoE&s=10,2,9600.0,24000.0,4800.0,0,0,1,0,0,0,4.0,0,1,0,31.042778812,31.042778812,1.24171115248,0.37735849056603776,0.7321410097169812,0.8,1.5521389406000001,380.0,950.0,0,0,4.0,0.0,4,4,1,4.0,0.0,7.760694703,0.0,48000.0,0.0,5.0,0.0,1900.0,2.0,0.0,2.772588722239781,10.0,0,0,0,3.8,1.3038404810405297,2,5,5,3.4,0.8944271909999159,49600.0,4560.701700396552,4.4,2.3021728866442674,1222.0,8.294879187000001,1.791759469228055,1,0,0,1,1600.0,0.967742585834963,1,0.5999999999999996,0.888888888888889,1,0,0.20000000000000018,-0.5341844840000007,678.0,3.5,2,1,0,0,Far,Economy,Week,High,Good,4,4,1,3,0,2,1,1,1,10,17,37,0,1,0,0,2,1,4.0
63,305,103,3,Auli,Uttarakhand,Adventure,8.111872494,Apr-Jun,828,2,"Beaches, Historical",1,0,25000,3,46-60,Knee Pain,Adventure,"Trekking, Adventure Sports",Summer,"High altitude, physical exertion",North Indian Cuisine,1700,https://encrypted-tbn0.gstatic.com/images?q=tbn:ANd9GcQF-TkMBCYdtCTzI4rau2709Tbi2zVPKRaXu7qTOHjiZS7J37ZNbGLQxYMv&s=10,1,8333.333333333334,25000.0,8333.333333333334,0,1,0,0,0,0,2.5,1,0,0,24.335617482,16.223744988,0.48671234964,0.26785714285714285,0.8691291957857142,0.8333333333333334,2.703957498,566.6666666666666,1700.0,0,0,2.5,0.7071067811865476,2,3,2,2.0,0.0,8.111872494,0.0,40500.0,21920.310216782975,3.0,0.0,1440.0,1.0,1.0,2.7465307216702737,1.238993430992954,1,0,1,3.5,0.7071067811865476,3,4,2,2.5,0.7071067811865476,21000.0,5656.85424949238,4.5,2.1213203435596424,1420.0,7.8231166485,1.0986122886681096,1,0,0,1,4000.0,0.8095328793866958,1,1.5,0.7272727272727273,0,1,-0.5,0.2887558454999999,280.0,3.0,1,0,0,0,Far,Budget,Weekend,High,Fair,0,0,0,3,2,0,4,2,2,10,17,2,0,0,1,0,1,0,2.5
154,884,478,4,Kodaikanal,Tamil Nadu,Nature,9.241444803,Sep-Mar,539,2,"Beaches, Historical",2,0,48000,5,46-60,Asthma,Family Vacation,"Nature & Relaxation, Photography",Post-Monsoon,"Curvy roads, limited medical facilities",South Indian Cuisine,1300,https://encrypted-tbn0.gstatic.com/images?q=tbn:ANd9GcRR1MrvitA-PthZ_UMPeUYOYvzHFu6Olty-pnoL9EqaCl31ZwvMHSvu9OQ&s=10,2,9600.0,24000.0,4800.0,0,0,1,0,0,0,3.0,2,1,0,36.965779212,18.482889606,0.73931558424,0.2830188679245283,0.8718344153773585,0.6,1.8482889606000001,260.0,650.0,0,0,4.0,0.0,4,4,1,2.0,0.0,9.241444803,0.0,48000.0,0.0,5.0,0.0,1300.0,2.0,0.0,2.772588722239781,10.0,0,0,0,4.0,0.0,4,4,2,2.0,0.0,52000.0,5656.85424949238,6.0,1.4142135623730951,910.0,9.0601906485,1.0986122886681096,1,0,0,1,4000.0,0.9230784023384165,1,1.0,0.8571428571428572,0,0,0.0,0.1812541544999995,390.0,4.0,1,0,0,0,Medium,Economy,Week,VeryHigh,Good,4,4,0,3,0,2,1,1,1,15,14,18,1,1,0,1,2,0,3.0
228,962,260,2,Tarkarli Beach,Maharashtra,Beach,9.210850999,Nov-Mar,7,1,"Nature, Adventure",1,0,17000,3,36-45,Knee Pain,Honeymoon,"Relaxation, Nightlife, Water Sports",Winter,"Crowds, sun exposure",Seafood,520,https://encrypted-tbn0.gstatic.com/images?q=tbn:ANd9GcRmtn0Vsfvni1NmF01OGM9ahIFZcrRqMoNKSjV1xzIEbR5CCG-tr4PumVg&s=10,1,5666.666666666667,17000.0,5666.666666666667,0,1,0,0,0,0,1.5,1,0,0,18.421701998,9.210850999,0.18421701998,0.22499999999999998,1.38162764985,0.5,3.0702836663333333,173.33333333333334,520.0,0,0,2.0,0.0,2,2,1,1.0,0.0,9.210850999,0.0,17000.0,0.0,3.0,0.0,520.0,1.0,0.0,1.3862943611198906,10.0,0,0,0,2.0,0.0,2,2,1,1.0,0.0,17000.0,0.0,3.0,0.0,520.0,9.210850999,0.6931471805599453,0,1,0,0,0.0,1.0,1,0.0,1.0,0,0,0.0,0.0,0.0,2.0,1,0,0,0,Near,Budget,Weekend,VeryHigh,Poor,1,2,2,2,2,3,2,3,0,14,10,35,2,0,1,1,3,0,1.5
240,379,29,5,Ooty,Tamil Nadu,Nature,7.710901823,Sep-Mar,505,2,"Nature, Adventure",2,0,43000,6,26-35,Asthma,Family Vacation,"Nature & Relaxation, Photography",Post-Monsoon,"Curvy roads, limited medical facilities",South Indian Cuisine,1180,https://t3.ftcdn.net/jpg/05/09/58/00/360_F_509580096_YjyHXMHyTm9OOkjUQS4kOxDXkxbOMWYi.jpg,2,7166.666666666667,21500.0,3583.3333333333335,0,0,1,0,0,0,3.5,3,1,1,38.554509115,15.421803646,0.7710901823,0.4285714285714285,0.9441920599591835,0.5833333333333334,1.2851503038333334,196.66666666666666,590.0,0,0,5.0,0.0,5,5,1,2.0,0.0,7.710901823,0.0,43000.0,0.0,6.0,0.0,1180.0,2.0,0.0,3.4657359027997265,10.0,0,0,0,5.0,0.0,5,5,1,2.0,0.0,43000.0,0.0,6.0,0.0,1180.0,7.710901823,0.6931471805599453,1,0,0,1,0.0,1.0,1,0.0,1.0,0,0,0.0,0.0,0.0,5.0,1,0,0,0,Medium,Economy,Week,High,Excellent,4,4,2,1,0,2,1,1,1,15,14,27,1,1,0,0,0,0,3.5
189,872,124,1,Baga Beach,Goa,Beach,9.413328344,Nov-Mar,881,2,"Beaches, Historical",2,0,32000,6,36-45,Knee Pain,Honeymoon,"Relaxation, Nightlife, Water Sports",Winter,"Crowds, sun exposure",Seafood,590,https://encrypted-tbn0.gstatic.com/images?q=tbn:ANd9GcQeseYB8OMIYAnzRmlYP6matYpojVkK9lRx0Wgn7x8BYcxvxjfwm4QrUxM&s=10,2,5333.333333333333,16000.0,2666.6666666666665,0,0,1,0,0,0,1.5,1,0,0,9.413328344,18.826656688,0.18826656687999999,0.2368421052631579,1.4863150016842106,0.25,1.5688880573333333,98.33333333333333,295.0,0,0,1.0,0.0,1,1,1,2.0,0.0,9.413328344,0.0,32000.0,0.0,6.0,0.0,590.0,2.0,0.0,0.6931471805599453,10.0,0,0,0,1.0,0.0,1,1,1,2.0,0.0,32000.0,0.0,6.0,0.0,590.0,9.413328344,0.6931471805599453,0,1,0,1,0.0,1.0,1,0.0,1.0,0,0,0.0,0.0,0.0,1.0,1,0,0,0,Near,Economy,Week,VeryHigh,Poor,1,2,0,2,2,3,2,3,0,14,3,3,2,1,0,1,3,0,1.5
748,53,862,2,Jaipur,Rajasthan,City,8.399568313,Oct-Mar,103,2,"Beaches, Historical",1,1,35500,5,26-35,High Blood Pressure,Business,"Shopping, Food & Local Cuisine",All seasons,"Traffic congestion, pollution",Rajasthani Cuisine,1140,https://t4.ftcdn.net/jpg/05/84/76/73/360_F_584767353_EXYOkE8NcX37UwV4WfBw7AjBaEtU6mMy.jpg,2,7100.0,17750.0,3550.0,1,0,0,1,0,0,2.0,0,0,0,16.799136626,16.799136626,0.33598273252,0.2469135802469136,1.036983742345679,0.4,1.6799136626,228.0,570.0,0,0,2.0,0.0,2,2,1,2.0,0.0,8.399568313,0.0,35500.0,0.0,5.0,0.0,1140.0,1.0,1.0,1.3862943611198906,10.0,0,0,1,3.5,1.2909944487358056,2,5,4,2.5,1.0,41875.0,10061.270628835438,4.25,1.5,766.25,8.191379936,1.6094379124341003,1,0,0,1,6375.0,0.847764829496609,1,0.75,0.8571428571428572,0,1,-1.5,0.20818837699999904,373.75,3.0,2,1,0,0,Medium,Economy,Week,High,Poor,2,3,0,1,1,1,3,0,4,13,13,15,1,1,0,0,3,0,2.0
838,13,644,1,Mumbai,Maharashtra,City,9.114721643,Oct-Mar,545,5,"Nature, Adventure",1,0,17000,3,46-60,High Blood Pressure,Business,"Shopping, Food & Local Cuisine",All seasons,"Traffic congestion, pollution",Street Food,35,https://t4.ftcdn.net/jpg/01/46/43/87/360_F_146438747_3XYwVkfnYZuukBZYmDM8xeoqENzyhAqa.jpg,1,5666.666666666667,17000.0,5666.666666666667,0,1,0,0,0,0,3.0,4,0,0,9.114721643,45.57360821499999,0.45573608214999994,0.44999999999999996,1.36720824645,1.0,3.0382405476666663,11.666666666666666,35.0,1,0,2.5,2.1213203435596424,1,4,2,4.5,0.7071067811865476,9.114721643,0.0,46500.0,41719.300090006305,3.5,0.7071067811865476,507.5,1.0,1.0,2.7465307216702737,0.450182704578985,1,0,1,1.0,0.0,1,1,1,5.0,0.0,17000.0,0.0,3.0,0.0,35.0,9.114721643,0.6931471805599453,0,1,0,0,0.0,1.0,1,0.0,1.0,0,0,0.0,0.0,0.0,1.0,1,0,0,0,VeryNear,Budget,Weekend,VeryHigh,Poor,2,3,2,3,1,1,3,0,4,16,10,25,3,0,1,1,3,0,3.0
283,870,999,4,Kodaikanal,Tamil Nadu,Nature,8.316623635,Apr-Jun,11,2,"City, Historical",2,2,64500,2,46-60,Knee Pain,Adventure,"Trekking, Adventure Sports",Summer,"High altitude, physical exertion",South Indian Cuisine,1300,https://encrypted-tbn0.gstatic.com/images?q=tbn:ANd9GcRR1MrvitA-PthZ_UMPeUYOYvzHFu6Olty-pnoL9EqaCl31ZwvMHSvu9OQ&s=10,4,32250.0,16125.0,8062.5,1,0,0,1,1,0,3.0,2,1,0,33.26649454,16.63324727,0.6653298907999999,0.09022556390977443,0.25012401909774434,1.5,4.1583118175,650.0,325.0,0,0,4.0,0.0,4,4,1,2.0,0.0,8.316623635,0.0,64500.0,0.0,2.0,0.0,1300.0,2.0,2.0,2.772588722239781,10.0,0,1,1,4.0,0.0,4,4,1,2.0,0.0,64500.0,0.0,2.0,0.0,1300.0,8.316623635,0.6931471805599453,1,0,1,0,0.0,1.0,1,0.0,1.0,0,0,0.0,0.0,0.0,4.0,1,0,0,0,Medium,Moderate,Weekend,High,Good,4,0,1,3,2,0,4,2,2,15,14,18,1,3,1,0,2,0,3.0
