ReviewID,DestinationID_x,UserID,Rating,Name_x,State,Type,Popularity,BestTimeToVisit,DestinationID_y,ExperienceRating,Preferences,NumberOfAdults,NumberOfChildren,EstimatedBudget,No_of_Days,Age_Range,Health_Issue,Purpose,Interest,Seasonality,Difficulties,Cuisine_Type,Distance_km,Image_URL,TotalTravelers,BudgetPerDay,BudgetPerPerson,BudgetPerPersonDay,HasKids,Solo,Couple,Family,Group,LargeFamily,AvgRating,RatingGap,HighRating,VeryHighRating,PopRating,PopExpRating,QualityScore,ValuePerRupee,PopPerRupee,RatingPerDay,PopPerDay,DistPerDay,DistPerPerson,NearDest,FarDest,DestRatingMean,DestRatingStd,DestRatingMin,DestRatingMax,DestReviewCount,DestExpMean,DestExpStd,DestPopMean,DestPopStd,DestBudgetMean,DestBudgetStd,DestDaysMean,DestDaysStd,DestDistMean,DestAdultsMean,DestChildrenMean,DestReliability,DestConsistency,DestPopular,DestPremium,DestFamilyFriendly,UserRatingMean,UserRatingStd,UserRatingMin,UserRatingMax,UserReviewCount,UserExpMean,UserExpStd,UserBudgetMean,UserBudgetStd,UserDaysMean,UserDaysStd,UserDistMean,UserPopMean,UserExperience,UserGenerous,UserCritical,UserBigSpender,UserLongTrips,BudgetDiff,BudgetMatch,WithinBudget,DaysDiff,DaysMatch,AboveUserAvg,BelowUserAvg,RatingVsUser,PopVsUserPref,DistVsUserPref,UserTypeRating,UserTypeCount,TypeFamiliar,TypeExpert,TypeNovice,DistCat,BudgetCat,DurationCat,PopCat,RatingCat,Type_Enc,BestTimeToVisit_Enc,Preferences_Enc,Age_Range_Enc,Health_Issue_Enc,Purpose_Enc,Interest_Enc,Seasonality_Enc,Difficulties_Enc,Cuisine_Type_Enc,State_Enc,Name_x_Enc,DistCat_Enc,BudgetCat_Enc,DurationCat_Enc,PopCat_Enc,RatingCat_Enc,Target,RatingScore
4,358,959,0.0,Delhi,Delhi,City,-0.7799552114946409,Oct-Mar,660,0.5,"Nature, Adventure",-1.0,0.0,-0.6363636363636364,-1.5,46-60,High Blood Pressure,Business,"Shopping, Food & Local Cuisine",All seasons,"Traffic congestion, pollution",Street Food,0.010416666666666666,https://encrypted-tbn0.gstatic.com/images?q=tbn:ANd9GcTFxblF-zkMM4NsiVuRyJ1Yx76TMcpdDWzU6zEf57y1aQ&s=10,0.0,1.6808018504240552,-0.7272727272727273,2.6673913043478263,1,0,0,1,0,0,0.3333333333333333,0.0,0,0,-0.13844308282750603,0.2651789585312483,0.34636905702526816,-0.5696590135160912,-0.8089023261987015,4.124999999999999,3.7040223006350605,3.751405371642724,0.33695652173913043,0,0,-0.25,0.7071067811865476,0.0,-0.3333333333333333,1.0,0.75,1.0,-0.7799552114946409,0.0,0.07673860911270983,2.2195121951219514,-1.0,1.0,-0.4253731343283582,0.0,0.42857142857142855,-0.01611160637019009,-0.963710722590775,1,1,1,0.5,0.591751709536137,0.5,0.5,0.0,0.5,0.0,-0.40060698027314107,0.7948054927027761,-0.25,2.0,-0.06976744186046512,-1.374853882102766,0.0,1,0,0,0,0.875,-1.1655433674475066,1,2.1666666666666665,-1.9365079365079363,0,1,-1.6551724137931032,0.36185349621086244,0.4894259818731118,0.5,1.0,1,0,0,Medium,Economy,Weekend,High,Fair,2,3,2,3,1,1,3,0,4,16,2,9,1,1,1,0,1,0,3.5
5,989,353,-0.5,Munnar,Kerala,Nature,-0.298821524115299,Sep-Mar,894,1.0,"Nature, Adventure",0.0,-0.5,0.0,0.0,26-35,Asthma,Family Vacation,"Nature & Relaxation, Photography",Post-Monsoon,"Curvy roads, limited medical facilities",Kerala Cuisine,0.08333333333333333,https://images.unsplash.com/photo-1491497895121-1334fc14d8c9,0.0,-0.01927525057825757,0.5454545454545454,0.2706521739130435,0,0,1,0,0,0,0.3333333333333333,1.0,0,0,-0.4646551828297521,0.7768413589871853,0.2097889205198468,0.25830146962059647,-0.007320906334011806,0.18749999999999997,-0.05690064248788782,0.11367895065584012,0.41304347826086957,0,0,-0.5,0.0,0.0,-0.6666666666666666,0.0,1.0,0.0,-0.298821524115299,0.0,0.009592326139088728,0.0,0.0,0.0,0.20149253731343283,0.5,-0.8571428571428571,-0.8571428571428572,0.0,0,1,0,-0.5,-0.408248290463863,0.0,-1.0,-0.5,1.0,0.0,0.0,-0.3826841261161515,0.0,-0.5,0.24806201550387597,-0.4811982896889218,-0.5849625007211561,0,1,0,0,-0.375,0.3934525244337349,1,-0.3333333333333335,0.28571428571428603,0,0,0.0,0.0,0.0,-0.5,0.0,0,0,0,Medium,Moderate,Week,High,Poor,4,4,2,1,0,2,1,1,1,5,7,26,1,3,0,0,3,0,3.5
7,977,735,0.0,Baga Beach,Goa,Beach,0.0,Nov-Mar,7,0.0,"City, Historical",-1.0,-0.5,-1.0757575757575757,0.0,46-60,Knee Pain,Honeymoon,"Relaxation, Nightlife, Water Sports",Winter,"Crowds, sun exposure",Seafood,-0.84375,https://encrypted-tbn0.gstatic.com/images?q=tbn:ANd9GcQeseYB8OMIYAnzRmlYP6matYpojVkK9lRx0Wgn7x8BYcxvxjfwm4QrUxM&s=10,-1.0,-0.8404009252120278,-0.5757575757575758,-0.33260869565217394,0,1,0,0,0,0,0.0,-0.5,0,0,-0.02895051582953554,-0.011636361435418376,0.13906007318968383,2.171013178546666,2.4182227697976146,0.0,-0.008706699229721235,-0.6645846346033729,0.08695652173913043,0,0,0.16666666666666674,0.5773502691896257,0.3333333333333333,0.0,2.0,0.6666666666666665,1.632993161855452,0.0,0.0,-1.2885691446842524,0.32601524643517765,0.0,1.414213562373095,-0.6517412935323382,-0.16666666666666674,-0.8571428571428571,1.142857142857143,-0.9376024857396118,1,0,0,-0.5,0.591751709536137,-0.5,-0.5,0.0,0.0,0.0,-1.3201820940819422,-0.2943724047047319,-0.75,0.9999999999999999,0.11627906976744186,0.1823909978868047,0.0,0,1,0,0,-0.28125,0.09485602956128063,1,1.1666666666666665,-1.4285714285714284,1,0,1.6551724137931032,-0.5230355661001136,-2.9184290030211484,0.0,0.0,0,0,0,Near,Budget,Week,High,Fair,1,2,1,3,2,3,2,3,0,14,3,3,2,0,0,0,1,0,3.0
9,698,330,-0.5,Jaipur,Rajasthan,City,-0.1985591402373763,Oct-Mar,208,0.0,"City, Historical",0.0,0.0,0.0,-1.0,46-60,High Blood Pressure,Business,"Shopping, Food & Local Cuisine",All seasons,"Traffic congestion, pollution",Rajasthani Cuisine,-0.2708333333333333,https://t4.ftcdn.net/jpg/05/84/76/73/360_F_584767353_EXYOkE8NcX37UwV4WfBw7AjBaEtU6mMy.jpg,1.0,1.195065535851966,-0.5151515151515151,0.841304347826087,1,0,0,1,0,0,-0.3333333333333333,0.0,0,0,-0.4552717501895689,-0.04111525697455049,-0.19859347415647832,-0.6639184032252803,-0.653049819547653,0.7499999999999999,1.3325439833477521,0.8132417239225485,-0.3695652173913043,0,0,-0.5,0.0,0.0,-0.6666666666666666,0.0,0.0,0.0,-0.1985591402373763,0.0,0.009592326139088728,0.0,-1.0,0.0,-0.30597014925373134,0.5,0.0,-0.8571428571428572,0.0,0,1,1,-0.6666666666666666,0.0,-0.5,-1.0,0.5,0.16666666666666674,0.816496580927726,0.22458270106221537,0.09982328590714948,0.0,0.7247448713915889,-0.12403100775193798,0.15321086070391826,0.415037499278844,0,1,1,0,0.39583333333333304,-0.28661993877190506,1,1.6666666666666665,-1.314285714285714,1,0,0.5517241379310343,-1.306906691622856,-0.3625377643504532,-0.5,0.0,0,0,0,Medium,Moderate,Weekend,High,Poor,2,3,1,3,1,1,3,0,4,13,13,15,1,3,1,0,3,0,2.5
12,305,813,-0.5,Ooty,Tamil Nadu,Nature,-0.3974575132503744,Apr-Jun,441,-0.5,"City, Historical",-1.0,0.5,0.10606060606060606,-0.5,18-25,Knee Pain,Adventure,"Trekking, Adventure Sports",Summer,"High altitude, physical exertion",South Indian Cuisine,-0.22916666666666666,https://t3.ftcdn.net/jpg/05/09/58/00/360_F_509580096_YjyHXMHyTm9OOkjUQS4kOxDXkxbOMWYi.jpg,1.0,0.49344641480339246,-0.3737373737373736,0.18188405797101462,1,0,0,1,0,0,-0.6666666666666666,-0.5,0,0,-0.4738864031952457,-0.48218420480401053,-0.41880661213589926,-0.605103484792668,-0.40143128300251374,-0.12500000000000003,0.3742566662958029,0.19529460753695602,-0.34057971014492755,0,0,-0.25,0.7071067811865476,0.0,-0.3333333333333333,1.0,-0.5,0.0,-0.3974575132503744,0.0,-0.45083932853717024,1.5121951219512197,-0.5,0.0,0.1417910447761194,-0.5,0.0,-0.01611160637019009,-0.963710722590775,1,0,1,0.0,0.591751709536137,0.0,0.0,0.0,-0.5,0.0,0.3823975720789074,0.4415586070570978,0.0,0.5,-1.1046511627906976,-1.0517230128601673,0.0,0,0,1,0,0.5,-0.3254237149319001,1,0.6666666666666665,-0.5142857142857138,0,1,-1.6551724137931032,1.1384445341890292,2.0755287009063443,-0.5,0.0,0,0,0,Medium,Moderate,Weekend,High,Poor,4,0,1,0,2,0,4,2,2,15,14,27,1,3,1,0,3,0,2.0
14,300,626,-1.0,Manali,Himachal Pradesh,Adventure,-0.7179971715913225,Apr-Jun,952,0.5,"Nature, Adventure",0.0,-0.5,-0.12121212121212122,0.5,18-25,Knee Pain,Adventure,"Trekking, Adventure Sports",Summer,"High altitude, physical exertion",Himachali Cuisine,0.46875,https://dynamic-media-cdn.tripadvisor.com/media/photo-o/0c/b2/79/37/solang-valley-manali.jpg,0.0,-0.33616037008481114,0.30303030303030304,-0.17608695652173914,0,0,1,0,0,0,-0.3333333333333333,1.0,0,0,-0.8780254094187225,0.277443681165427,-0.4346463714083947,0.1747180906930081,0.3380806665610755,-0.37499999999999994,-0.38240516724089196,0.11367895065584012,0.8152173913043478,0,0,-1.0,0.0,-0.3333333333333333,-1.0,0.0,0.5,0.0,-0.7179971715913225,0.0,-0.14388489208633093,0.0,0.5,0.0,0.753731343283582,0.5,-0.8571428571428571,-1.2857142857142856,0.0,0,0,0,-0.75,0.09175170953613696,-0.5,-1.0,0.0,0.75,1.0,-0.30045523520485584,0.11774896188189272,0.75,0.0,-0.06201550387596899,-0.8175538390498114,0.0,0,1,0,1,0.15625,-0.22794479124973985,1,0.16666666666666652,-0.021978021978021456,0,1,-0.8275862068965516,-0.89986071051678,2.066465256797583,-1.0,0.0,0,0,0,Far,Economy,Week,High,Poor,0,0,2,0,2,0,4,2,2,3,5,23,0,1,0,0,3,0,2.5
35,382,637,-1.0,Radhanagar Beach,Andaman,Beach,-0.012748240957390706,Nov-Mar,637,1.0,"Beaches, Historical",-1.0,-0.5,-0.9545454545454546,1.0,26-35,Knee Pain,Honeymoon,"Relaxation, Nightlife, Water Sports",Winter,"Crowds, sun exposure",Seafood,1.1458333333333333,https://dynamic-media-cdn.tripadvisor.com/media/photo-o/05/76/7a/1d/radhanagar-beach.jpg,-1.0,-0.9097918272937549,-0.09090909090909091,-0.5282608695652175,0,1,0,0,0,0,0.0,1.5,0,0,-0.8450237213518288,0.8476273594089138,-0.29230815237421837,2.733868447058765,3.0423669407955485,-0.37499999999999994,-0.4785100334150759,0.27691026441807215,4.239130434782608,0,1,-1.0,0.0,-0.3333333333333333,-1.0,0.0,1.0,0.0,-0.012748240957390706,0.0,-1.1990407673860912,0.0,1.0,0.0,1.7238805970149254,-0.5,-0.8571428571428571,-1.2857142857142856,0.0,0,0,0,-1.0,-0.408248290463863,-0.5,-1.5,-0.5,1.0,0.0,-1.1471927162367221,-0.3826841261161515,1.0,-0.5,1.8294573643410852,-0.028147479419405378,-0.5849625007211561,0,1,0,1,-0.375,0.3934525244337349,1,-0.3333333333333335,0.28571428571428603,0,0,0.0,0.0,0.0,-1.0,0.0,0,0,0,Far,Budget,Week,High,Poor,1,2,0,1,2,3,2,3,0,14,0,28,0,0,0,0,3,0,3.0
36,24,872,0.0,Kodaikanal,Tamil Nadu,Nature,0.7000253365850423,Sep-Mar,782,-1.0,"Nature, Adventure",-1.0,0.0,0.3939393939393939,1.5,18-25,Asthma,Family Vacation,"Nature & Relaxation, Photography",Post-Monsoon,"Curvy roads, limited medical facilities",South Indian Cuisine,-0.10416666666666667,https://encrypted-tbn0.gstatic.com/images?q=tbn:ANd9GcRR1MrvitA-PthZ_UMPeUYOYvzHFu6Olty-pnoL9EqaCl31ZwvMHSvu9OQ&s=10,0.0,-0.3678819253221721,1.3333333333333333,-0.22080745341614913,1,0,0,1,0,0,-0.6666666666666666,0.5,0,0,0.06932124380065353,-0.8394116410491603,-0.48086678664453963,-0.06488085361173951,0.706591438028913,-0.6964285714285714,-0.5464628948246097,-0.5309181761399125,0.21739130434782608,0,0,0.0,0.0,0.3333333333333333,-0.3333333333333333,1.0,-1.0,0.0,0.7000253365850423,0.0,0.5947242206235012,0.21951219512195122,0.5,2.0,0.007462686567164179,0.0,0.0,0.32352321521291494,0.0,1,1,1,0.33333333333333326,0.4082482904638629,0.5,0.5,0.5,-1.0,0.0,0.09711684370257957,0.38079479158234986,0.6666666666666665,0.5801234497346432,0.847545219638243,0.6370809115052705,0.415037499278844,1,0,1,1,0.916666666666667,-0.8184267428773508,1,1.3333333333333335,-0.7669172932330826,0,1,-1.1034482758620685,1.2738172735323925,-2.054380664652568,0.33333333333333326,2.0,1,0,0,Medium,Moderate,Week,VeryHigh,Fair,4,4,2,0,0,2,1,1,1,15,14,18,1,3,0,1,1,0,2.0
43,399,501,1.0,Tawang,Arunachal Pradesh,Nature,-0.1263515010681393,Sep-Mar,200,-1.0,"City, Historical",0.0,-0.5,0.0,0.0,26-35,Asthma,Family Vacation,"Nature & Relaxation, Photography",Post-Monsoon,"Curvy roads, limited medical facilities",North East Cuisine,1.6666666666666667,https://s7ap1.scene7.com/is/image/incredibleindia/sela-pass-tawang-arunachal-pradesh-blog-ntr-hero,0.0,-0.01927525057825757,0.5454545454545454,0.2706521739130435,0,0,1,0,0,0,0.0,1.5,1,1,0.7569634414149459,-0.8803073937268657,-0.2993254131323666,0.049098626456807556,0.020514883235644866,0.0,-0.029084672640741386,1.442848219862586,2.0652173913043477,0,1,1.0,0.0,1.0,0.3333333333333333,0.0,-1.0,0.0,-0.1263515010681393,0.0,0.009592326139088728,0.0,0.0,0.0,2.470149253731343,0.5,-0.8571428571428571,0.42857142857142866,0.0,0,1,0,1.0,-0.408248290463863,1.5,0.5,-0.5,-1.0,0.0,0.0,-0.3826841261161515,0.0,-0.5,2.604651162790698,-0.20805959310680505,-0.5849625007211561,1,0,0,0,-0.375,0.3934525244337349,1,-0.3333333333333335,0.28571428571428603,0,0,0.0,0.0,0.0,1.0,0.0,0,0,0,Far,Moderate,Week,High,Excellent,4,4,1,1,0,2,1,1,1,9,1,36,0,3,0,0,0,0,3.0
47,841,655,-1.0,Ajanta Caves,Maharashtra,Historical,0.1451846886756513,Nov-Feb,795,1.0,"Beaches, Historical",-1.0,0.0,-0.3787878787878788,-1.0,36-45,Knee Pain,Leisure,"Cultural Exploration, Photography",Winter,"Long walking distances, crowd congestion",Maharashtrian Cuisine,-1.0104166666666667,https://plus.unsplash.com/premium_photo-1697729588019-20a1f5a325d1,0.0,0.6168080185042405,-0.21212121212121213,1.1673913043478261,1,0,0,1,0,0,0.0,1.5,0,0,-0.8376333474670286,0.8867062985541622,-0.2825526528537564,-0.36183552975777783,-0.4037273504582087,1.1249999999999998,1.4434220108595008,-0.4284821986258589,-0.7282608695652174,1,0,-1.0,0.0,-0.3333333333333333,-1.0,0.0,1.0,0.0,0.1451846886756513,0.0,-0.47002398081534774,0.0,-1.0,0.0,-1.3656716417910448,-0.5,0.0,-1.2857142857142856,0.0,0,0,1,-0.5,0.591751709536137,-0.5,-0.5,0.0,1.0,0.0,-0.0637329286798179,0.8831172141141957,0.25,2.0,-0.5736434108527132,-0.6964193650240628,0.0,0,1,0,1,0.96875,-0.9770107205690365,1,2.1666666666666665,-1.5324675324675323,0,1,-1.6551724137931032,2.523518206116793,-1.8851963746223566,-0.5,1.0,1,0,0,Near,Economy,Weekend,VeryHigh,Poor,3,1,0,2,2,4,0,3,3,6,10,1,2,1,1,1,3,0,3.0
53,956,875,0.5,Khajuraho Temples,Madhya Pradesh,Historical,0.7598434783676132,Nov-Feb,330,-0.5,"Nature, Adventure",0.0,-0.5,-0.10606060606060606,0.0,18-25,Knee Pain,Leisure,"Cultural Exploration, Photography",Winter,"Long walking distances, crowd congestion",North Indian Cuisine,-0.3125,https://st2.depositphotos.com/1000434/7761/i/450/depositphotos_77615282-stock-photo-lakshmana-temple-in-khajuraho-madhya.jpg,0.0,-0.10023130300693914,0.3333333333333333,0.1565217391304348,0,0,1,0,0,0,0.0,0.5,1,0,0.5210134387182989,-0.3676391377828186,0.10651159676592954,0.13199031903113906,0.2645096205676179,0.0,0.11384087691946897,-0.21861336664584638,0.0,0,0,0.5,0.0,0.6666666666666666,0.0,0.0,-0.5,0.0,0.7598434783676132,0.0,-0.12470023980815348,0.0,0.0,0.0,-0.3656716417910448,0.5,-0.8571428571428571,0.0,0.0,0,0,0,0.5,-0.408248290463863,1.0,0.0,-0.5,-0.5,0.0,-0.1274658573596358,-0.3826841261161515,0.0,-0.5,-0.34108527131782945,1.195396713816228,-0.5849625007211561,1,0,0,0,-0.375,0.3934525244337349,1,-0.3333333333333335,0.28571428571428603,0,0,0.0,0.0,0.0,0.5,0.0,0,0,0,Medium,Economy,Week,VeryHigh,Good,3,1,2,0,2,4,0,3,3,10,9,17,1,1,0,1,2,0,3.0
57,33,554,-0.5,Bangalore,Karnataka,City,-0.8356426251691653,Oct-Mar,529,0.5,"Nature, Adventure",-1.0,0.5,-0.19696969696969696,-1.5,46-60,High Blood Pressure,Business,"Shopping, Food & Local Cuisine",All seasons,"Traffic congestion, pollution",Multi Cuisine,-0.4375,https://media.istockphoto.com/id/1382384282/photo/bangalore-or-bengaluru.jpg,1.0,3.0223592906707784,-0.7777777777777777,2.5586956521739133,1,0,0,1,0,0,0.0,0.5,0,0,-0.5148956064735899,0.2541555193779346,-0.051173202259800564,-0.8288856461827109,-0.9832863513655651,3.3749999999999996,3.668097230474605,2.247345409119301,-0.48550724637681153,0,0,-0.5,0.0,0.0,-0.6666666666666666,0.0,0.5,0.0,-0.8356426251691653,0.0,-0.23980815347721823,0.0,-1.5,0.0,-0.5447761194029851,-0.5,0.8571428571428571,-0.8571428571428572,0.0,0,0,1,0.375,0.48150823053874614,0.0,0.5,1.0,0.625,0.7071067811865474,0.4188163884673748,0.9143373027523014,-0.625,0.5606601717798212,0.04263565891472868,0.04788548541098368,0.7369655941662062,1,0,1,0,1.875,-1.4262034077569208,1,1.4166666666666665,-1.5809523809523807,0,1,-2.8965517241379306,-3.7898340380412034,-1.3323262839879155,0.0,1.0,1,0,0,Medium,Economy,Weekend,High,Poor,2,3,2,3,1,1,3,0,4,8,6,4,1,1,1,0,3,0,3.0
64,931,668,-1.0,Fatehpur Sikri,Uttar Pradesh,Historical,0.8301175948717983,Nov-Feb,322,0.5,"Nature, Adventure",0.0,-0.5,-0.36363636363636365,-1.0,46-60,Knee Pain,Leisure,"Cultural Exploration, Photography",Winter,"Long walking distances, crowd congestion",Mughlai Cuisine,0.052083333333333336,https://images.unsplash.com/photo-1717761558642-32cbeccbee7e,0.0,0.6399383191981495,-0.18181818181818182,1.2000000000000002,0,0,1,0,0,0,-0.3333333333333333,1.0,0,0,-0.8055823352142085,0.5838962133335657,-0.3581448696788075,-0.5108266302462745,-0.3415613333670005,0.7499999999999999,1.6643540050630483,1.3554028732042476,0.3804347826086957,0,0,-1.0,0.0,-0.3333333333333333,-1.0,0.0,0.5,0.0,0.8301175948717983,0.0,-0.45083932853717024,0.0,-1.0,0.0,0.15671641791044777,0.5,-0.8571428571428571,-1.2857142857142856,0.0,0,0,0,-0.5,0.8164965809277259,-0.5,0.0,0.5,0.33333333333333326,0.8164965809277259,-0.09104704097116843,0.7777556399236832,0.5,1.3708286933869707,0.1912144702842376,0.6606360319053435,0.415037499278844,0,1,0,1,0.8125,-0.8358207717706458,1,2.6666666666666665,-1.714285714285714,0,1,-1.6551724137931032,1.7752036674526686,0.02416918429003049,-1.0,0.0,0,0,0,Medium,Economy,Weekend,VeryHigh,Poor,3,1,2,3,2,4,0,3,3,7,16,11,1,1,1,1,3,0,2.5
65,351,569,-1.0,Taj Mahal,Uttar Pradesh,Historical,-0.010843308906281959,Nov-Feb,451,-0.5,"Nature, Adventure",0.0,0.5,1.0454545454545454,-0.5,46-60,Knee Pain,Leisure,"Cultural Exploration, Photography",Winter,"Long walking distances, crowd congestion",Mughlai Cuisine,0.07291666666666667,https://upload.wikimedia.org/wikipedia/commons/1/1d/Taj_Mahal_%28Edited%29.jpeg,2.0,1.4494988434849652,0.0,0.45,1,0,0,1,1,0,-1.0,0.0,0,0,-0.8449345812332002,-0.4439186625909812,-0.6147241870430257,-0.9106194165570741,-0.7040832924746931,-0.37499999999999994,0.45739419833771017,0.5334166146158651,-0.3967391304347826,0,0,-0.5,1.0,-0.3333333333333333,-0.3333333333333333,2.0,0.16666666666666674,2.1602468994692865,-0.010843308906281959,0.0,0.6746602717825737,1.1729315375716776,0.3333333333333335,1.0801234497346432,0.27114427860696527,0.16666666666666674,0.5714285714285715,0.0,-1.0,1,1,1,-0.75,0.09175170953613696,-0.5,-1.0,0.0,-0.75,1.0,1.566009104704097,0.618182049879937,-0.5,-0.5,-0.5736434108527132,-0.10946658079954906,0.0,0,1,1,0,0.6875,-0.18240432766853493,1,-0.3333333333333335,0.28571428571428603,0,1,-0.8275862068965516,0.23173554508730754,1.8851963746223566,-0.75,1.0,1,0,0,Medium,Premium,Weekend,High,Poor,3,1,2,3,2,4,0,3,3,7,16,34,1,4,1,0,3,0,1.5
69,181,740,-1.0,Hampi Ruins,Karnataka,Historical,0.7558118881032171,Nov-Feb,692,0.0,"Nature, Adventure",-1.0,0.0,-0.24242424242424243,-0.5,36-45,Knee Pain,Leisure,"Cultural Exploration, Photography",Winter,"Long walking distances, crowd congestion",South Indian Cuisine,-0.6875,https://wegobond.com/wp-content/uploads/2018/01/hampi-banner.jpg,0.0,0.13878180416345412,0.06060606060606061,0.4934782608695653,1,0,0,1,0,0,-0.6666666666666666,0.5,0,0,-0.8090594248627707,0.10057453789660335,-0.4787992291901888,-0.4595946027098791,-0.0020021488021303995,-0.12500000000000003,0.6222557587519373,-0.3177180928586301,-0.391304347826087,0,0,-1.0,0.0,-0.3333333333333333,-1.0,0.0,0.0,0.0,0.7558118881032171,0.0,-0.2973621103117506,0.0,-0.5,0.0,-0.9029850746268657,-0.5,0.0,-1.2857142857142856,0.0,0,0,1,-0.25,1.0917517095361369,-0.5,0.0,0.0,-0.25,1.0,-0.04552352048558422,0.4121213665866246,0.0,0.5,0.0,-0.19044418576435077,0.0,0,1,0,0,0.46875,-0.45867572171854093,1,0.6666666666666665,-0.5142857142857138,0,1,-2.482758620689655,3.7904254582002705,-2.1027190332326287,-1.0,0.0,0,0,0,Near,Economy,Weekend,VeryHigh,Poor,3,1,2,2,2,4,0,3,3,15,6,13,2,1,1,1,3,0,2.0
72,373,112,0.5,Jaipur,Rajasthan,City,0.7969374323602584,Oct-Mar,691,1.0,"Beaches, Historical",-1.0,0.5,-0.015151515151515152,-1.0,36-45,High Blood Pressure,Business,"Shopping, Food & Local Cuisine",All seasons,"Traffic congestion, pollution",Rajasthani Cuisine,-0.2708333333333333,https://t4.ftcdn.net/jpg/05/84/76/73/360_F_584767353_EXYOkE8NcX37UwV4WfBw7AjBaEtU6mMy.jpg,1.0,1.171935235158057,-0.5353535353535355,0.8195652173913043,1,0,0,1,0,0,1.0,0.0,1,0,0.527956593372827,1.047976059505084,1.5200641322604922,-0.22112171262975316,-0.5624008341587272,2.2499999999999996,1.6536514101003046,0.8132417239225485,-0.3695652173913043,0,0,0.75,0.7071067811865476,0.6666666666666666,0.3333333333333333,1.0,0.5,2.0,0.7969374323602584,0.0,-0.019184652278177457,0.024390243902439025,-0.75,0.5,-0.1044776119402985,-0.5,0.42857142857142855,1.3424276799622294,-0.963710722590775,1,0,1,0.5,-0.408248290463863,1.0,0.0,-0.5,1.0,0.0,-0.018209408194233685,-0.3826841261161515,-1.0,-0.5,-0.27906976744186046,1.2541419616315987,-0.5849625007211561,1,0,0,0,-0.375,0.3934525244337349,1,-0.3333333333333335,0.28571428571428603,0,0,0.0,0.0,0.0,0.5,0.0,0,0,0,Medium,Moderate,Weekend,VeryHigh,Good,2,3,0,2,1,1,3,0,4,13,13,15,1,3,1,1,2,1,4.5
79,146,575,1.0,Ellora Caves,Maharashtra,Historical,-0.12889536962738649,Nov-Feb,957,1.0,"Nature, Adventure",-1.0,0.5,0.3939393939393939,-0.5,46-60,Knee Pain,Leisure,"Cultural Exploration, Photography",Winter,"Long walking distances, crowd congestion",Maharashtrian Cuisine,-1.1041666666666667,https://indiaholidaymall.com/images/blog/Ellora-Caves-Unesco-World-Heritage-Site.jpg,1.0,0.7864302235929065,0.010101010101009954,0.45724637681159414,1,0,0,1,0,0,1.3333333333333333,-0.5,1,1,0.756368247625712,0.8188879028324021,1.8215738824119454,0.0880378417902136,-0.5083057259659566,1.375,0.4320082790659008,-0.7840932750364357,-0.9492753623188406,1,0,0.5,1.4142135623730951,0.3333333333333333,0.3333333333333333,1.0,0.0,4.0,-0.12889536962738649,0.0,0.9976019184652278,1.2439024390243902,0.5,2.0,-1.2014925373134329,-0.5,0.8571428571428571,1.0027928583791246,-1.0273550292155575,1,1,1,1.0,-0.408248290463863,1.5,0.5,-0.5,1.0,0.0,0.47344461305007585,-0.3826841261161515,-0.5,-0.5,-1.5193798449612403,-0.21208828708082403,-0.5849625007211561,1,0,1,0,-0.375,0.3934525244337349,1,-0.3333333333333335,0.28571428571428603,0,0,0.0,0.0,0.0,1.0,0.0,0,0,0,Near,Moderate,Weekend,High,Excellent,3,1,2,3,2,4,0,3,3,6,10,10,2,3,1,0,0,1,5.0
80,939,182,0.0,Kerala Backwaters,Kerala,Nature,-0.0931378118099081,Sep-Mar,7,1.0,"Nature, Adventure",-1.0,0.0,-0.015151515151515152,0.0,46-60,Asthma,Family Vacation,"Nature & Relaxation, Photography",Post-Monsoon,"Curvy roads, limited medical facilities",Kerala Cuisine,0.0,https://www.backpackadventures.org/wp-content/uploads/2020/08/india0898.jpg,0.0,-0.03084040092521208,0.5151515151515151,0.25434782608695655,1,0,0,1,0,0,0.6666666666666666,0.5,0,0,-0.04202549494288523,0.8277357563432485,0.7676718885240789,0.4824473730103702,0.03829743396597414,0.37499999999999994,-0.023727967964782538,0.04372267332916927,0.32608695652173914,0,0,0.0,0.0,0.3333333333333333,-0.3333333333333333,0.0,1.0,0.0,-0.0931378118099081,0.0,-0.009592326139088728,0.0,0.0,0.0,0.08208955223880597,-0.5,0.0,-0.42857142857142866,0.0,0,0,1,0.5,0.591751709536137,0.5,0.5,0.0,0.75,1.0,0.0,-0.3238096451752051,0.25,0.0,0.5116279069767442,0.23195999112213947,0.0,1,0,0,1,-0.3125,0.331834756668394,1,0.16666666666666652,-0.07792207792207773,0,1,-1.6551724137931032,-1.0645388301122167,-0.906344410876133,0.5,1.0,1,0,0,Medium,Moderate,Week,High,Fair,4,4,2,3,0,2,1,1,1,5,7,16,1,3,0,0,1,0,4.0
83,743,862,0.5,Mumbai,Maharashtra,City,-0.7914006947657062,Oct-Mar,103,-0.5,"Beaches, Historical",-1.0,0.0,-0.15151515151515152,0.5,18-25,High Blood Pressure,Business,"Shopping, Food & Local Cuisine",All seasons,"Traffic congestion, pollution",Street Food,-1.421875,https://t4.ftcdn.net/jpg/01/46/43/87/360_F_146438747_3XYwVkfnYZuukBZYmDM8xeoqENzyhAqa.jpg,0.0,-0.35466461063993837,0.24242424242424243,-0.2021739130434783,1,0,0,1,0,0,0.0,0.5,1,0,0.23065538729202845,-0.5211751401406582,-0.0468006916570976,0.4824473730103702,0.3545907840211308,-0.225,-0.39187598495735826,-1.1560274828232355,-1.1576086956521738,1,0,0.5,0.0,0.6666666666666666,0.0,0.0,-0.5,0.0,-0.7914006947657062,0.0,-0.18225419664268586,0.0,0.5,0.0,-1.955223880597015,-0.5,0.0,0.0,0.0,0,0,1,0.25,0.5046226387114138,0.0,0.5,1.0,-0.25,1.414213562373095,-0.3869499241274658,0.45502822743402954,0.125,0.5606601717798212,-0.8585271317829457,-0.508324249297519,0.7369655941662062,1,0,0,1,0.328125,-0.47562970133500887,1,0.4166666666666665,-0.28571428571428514,1,0,0.8275862068965516,-2.0689751956360296,-2.651057401812689,0.0,1.0,1,0,0,VeryNear,Economy,Week,High,Good,2,3,0,0,1,1,3,0,4,16,10,25,3,1,0,0,2,0,3.0
95,14,590,0.0,Tawang,Arunachal Pradesh,Nature,0.053154240582139974,Sep-Mar,171,0.5,"Nature, Adventure",-1.0,0.5,0.7272727272727273,0.0,26-35,Asthma,Family Vacation,"Nature & Relaxation, Photography",Post-Monsoon,"Curvy roads, limited medical facilities",North East Cuisine,1.6666666666666667,https://s7ap1.scene7.com/is/image/incredibleindia/sela-pass-tawang-arunachal-pradesh-blog-ntr-hero,1.0,0.5358519660755588,0.45454545454545453,0.22173913043478263,1,0,0,1,0,0,0.3333333333333333,0.0,0,0,-0.021488556267763623,0.4300947042452609,0.4698756449792025,-0.17829576828644128,-0.3723408007229588,0.18749999999999997,-0.00013398191248352546,1.442848219862586,0.9782608695652174,0,1,0.0,1.0,0.0,0.0,2.0,0.0,2.449489742783178,0.053154240582139974,0.0,0.04156674660271792,1.7178536659242105,0.16666666666666652,1.0801234497346432,1.2164179104477613,-0.5,0.0,0.857142857142857,-1.0,1,1,1,-0.25,0.09175170953613696,0.0,-0.5,0.0,0.5,0.0,0.5553869499241274,0.6476192903504101,-0.5,0.5,1.5968992248062015,0.7240806290551305,0.0,0,1,1,0,0.71875,-0.4421425582269345,1,0.6666666666666665,-0.714285714285714,1,0,0.8275862068965516,-1.7801666577761106,2.356495468277946,0.0,0.0,0,0,0,Far,Moderate,Week,VeryHigh,Fair,4,4,2,1,0,2,1,1,1,9,1,36,0,3,0,1,1,0,3.5
97,961,563,0.0,Fatehpur Sikri,Uttar Pradesh,Historical,-0.11734903752501752,Nov-Feb,403,0.0,"Nature, Adventure",0.0,0.5,1.5606060606060606,0.5,18-25,Knee Pain,Leisure,"Cultural Exploration, Photography",Winter,"Long walking distances, crowd congestion",Mughlai Cuisine,0.052083333333333336,https://images.unsplash.com/photo-1717761558642-32cbeccbee7e,2.0,0.6908249807247493,0.5151515151515151,-0.08478260869565218,1,0,0,1,1,0,0.0,-0.5,0,0,-0.04542434299806336,-0.029058475646237793,0.1260125265663707,-0.3928183885749575,-0.4664718774870153,-0.225,-0.30490712976981393,-0.16614615865084323,-0.4076086956521739,0,0,0.16666666666666674,1.5275252316519468,0.0,0.3333333333333333,2.0,0.0,2.82842712474619,-0.11734903752501752,0.0,1.1223021582733812,2.6884643518351954,-0.5,1.414213562373095,-0.2263681592039802,0.5,0.28571428571428564,1.142857142857143,-1.032412722174298,1,1,1,-0.25,0.09175170953613696,0.0,-0.5,0.0,0.0,0.0,0.8012139605462821,3.090910249399685,0.25,0.0,0.27906976744186046,0.21522990571140377,0.0,0,1,1,1,3.3125,-2.168454981525139,0,0.16666666666666652,-0.07792207792207773,1,0,0.8275862068965516,-1.1239261787709836,-0.1812688821752266,0.0,0.0,0,0,0,Medium,Premium,Week,High,Fair,3,1,2,0,2,4,0,3,3,7,16,11,1,4,0,0,1,0,3.0
104,960,568,0.5,Sandakphu,West Bengal,Adventure,0.4366390423566627,Apr-Jun,805,1.0,"Beaches, Historical",0.0,-0.5,-0.7121212121212122,-1.5,26-35,Knee Pain,Adventure,"Trekking, Adventure Sports",Summer,"High altitude, physical exertion",North East Cuisine,0.8333333333333334,https://aquaterra.in/wp-content/uploads/2020/01/Sandakphu-Trek-03.jpg,0.0,1.4494988434849652,-0.8787878787878788,2.341304347826087,0,0,1,0,0,0,1.0,0.0,1,0,0.4605168309773582,0.9588237915784606,1.4310417661441874,-0.3196213846193704,-0.6700790553161206,5.624999999999999,4.488871713499954,6.514678326046222,1.1956521739130435,0,1,0.125,0.9574271077563382,0.0,0.0,3.0,0.625,1.35400640077266,0.4366390423566627,0.0,-0.37889688249400477,0.7458657286054042,-0.625,1.2076147288491197,1.2761194029850746,0.25,-0.42857142857142855,1.519828417878826,-0.9959739170736794,1,0,0,0.75,0.09175170953613696,1.0,0.5,0.0,1.0,0.0,-0.8012139605462821,-0.20606068329331237,-0.75,0.9999999999999999,1.5968992248062015,0.4958641362432575,0.0,1,0,0,0,-0.1875,0.07526678375819923,1,1.1666666666666665,-1.4285714285714284,0,1,-0.8275862068965516,0.5156945364558214,-0.5438066465256798,0.5,0.0,0,0,0,Far,Economy,Weekend,VeryHigh,Good,0,0,0,1,2,0,4,2,2,9,18,31,0,1,1,1,2,1,4.5
107,555,212,1.0,Manali,Himachal Pradesh,Adventure,0.5562505140379319,Apr-Jun,42,-1.0,"Nature, Adventure",0.0,-0.5,0.030303030303030304,1.0,18-25,Knee Pain,Adventure,"Trekking, Adventure Sports",Summer,"High altitude, physical exertion",Himachali Cuisine,0.46875,https://dynamic-media-cdn.tripadvisor.com/media/photo-o/0c/b2/79/37/solang-valley-manali.jpg,0.0,-0.40863531225905947,0.6060606060606061,-0.2782608695652175,0,0,1,0,0,0,0.0,1.5,1,1,0.9166731396353649,-0.8465267722051418,-0.2571611624817505,0.581774773336035,0.7655724804886389,-0.37499999999999994,-0.4173312773144249,-0.10201957110139503,0.8152173913043478,0,0,0.8333333333333335,0.5773502691896258,0.6666666666666666,0.3333333333333333,2.0,-0.5,1.414213562373095,0.5562505140379319,0.0,-0.565947242206235,1.3588671489935726,0.16666666666666652,2.041241452319315,1.0024875621890548,0.16666666666666674,-0.8571428571428571,2.285714285714286,-0.9376024857396118,1,0,0,1.0,-0.408248290463863,1.5,0.5,0.0,-1.0,0.0,0.10015174506828527,-0.17662344282283915,0.75,0.0,0.3953488372093023,1.0428494174375846,0.0,1,0,1,1,-0.15625,0.1885244599811714,1,0.16666666666666652,-0.021978021978021456,0,0,0.0,-0.4667920111788552,0.9969788519637462,1.0,0.0,0,0,0,Far,Moderate,Week,VeryHigh,Excellent,0,0,2,0,2,0,4,2,2,3,5,23,0,3,0,1,0,0,3.0
113,295,242,0.0,Kerala Backwaters,Kerala,Nature,0.8224135525993169,Apr-Jun,459,1.0,"Nature, Adventure",0.0,0.0,-0.10606060606060606,-1.0,18-25,Knee Pain,Adventure,"Trekking, Adventure Sports",Summer,"High altitude, physical exertion",Kerala Cuisine,0.0,https://www.backpackadventures.org/wp-content/uploads/2020/08/india0898.jpg,1.0,1.0331534309946029,-0.6565656565656565,0.6891304347826088,1,0,0,1,0,0,0.6666666666666666,0.5,0,0,0.08650248670308286,1.0542798731226268,0.937332406768222,-0.2790626961530574,-0.5128884986186804,1.8749999999999998,1.6618689887829277,1.2679575265459089,-0.18115942028985504,0,0,0.0,0.0,0.3333333333333333,-0.3333333333333333,1.0,0.75,1.0,0.8224135525993169,0.0,-0.42206235011990406,0.7560975609756099,0.0,2.0,0.4552238805970149,0.0,0.0,0.32352321521291494,0.0,1,0,1,0.33333333333333326,0.4082482904638629,0.5,0.5,0.5,1.0,0.0,0.05462822458270106,0.9974170933902979,-0.5,0.2071067811865475,0.27906976744186046,0.29646669117587465,0.415037499278844,1,0,1,0,0.25,-0.20560942357614861,1,0.6666666666666665,-0.714285714285714,0,1,-1.1034482758620685,2.742331583618851,-0.3625377643504532,0.0,0.0,0,0,0,Medium,Economy,Weekend,VeryHigh,Fair,4,0,2,0,2,0,4,2,2,5,7,16,1,1,1,1,1,0,4.0
116,160,43,0.5,Munnar,Kerala,Nature,-0.47453689605594623,Apr-Jun,200,-1.0,"Beaches, Historical",-1.0,0.5,0.7727272727272727,1.0,36-45,Knee Pain,Adventure,"Trekking, Adventure Sports",Summer,"High altitude, physical exertion",Kerala Cuisine,0.08333333333333333,https://images.unsplash.com/photo-1491497895121-1334fc14d8c9,1.0,-0.03084040092521208,0.5151515151515151,-0.3108695652173914,1,0,0,1,0,0,-0.3333333333333333,1.0,1,0,0.2899651702097334,-0.8975383991841924,-0.42261556006712253,-0.15076480406574072,-0.02380805566711874,-0.49999999999999994,-0.528161557697505,-0.3177180928586301,-0.1231884057971015,0,0,-0.16666666666666674,1.1547005383792515,0.0,0.0,2.0,-0.8333333333333334,0.816496580927726,-0.47453689605594623,0.0,0.07993605115907283,1.7123039828270545,-0.16666666666666674,1.4719601443879744,-0.17164179104477612,-0.16666666666666674,0.28571428571428564,0.5714285714285714,-1.0123296781699866,1,1,1,0.5,-0.408248290463863,1.0,0.0,-0.5,-1.0,0.0,0.928679817905918,-0.3826841261161515,1.0,-0.5,0.24806201550387597,-0.7594766061948962,-0.5849625007211561,1,0,1,1,-0.375,0.3934525244337349,1,-0.3333333333333335,0.28571428571428603,0,0,0.0,0.0,0.0,0.5,0.0,0,0,0,Medium,Moderate,Week,High,Good,4,0,0,2,2,0,4,2,2,5,7,26,1,3,0,0,2,0,2.5
120,346,899,1.0,Taj Mahal,Uttar Pradesh,Historical,0.48220759918553635,Nov-Feb,9,-1.0,"Nature, Adventure",-1.0,0.0,-0.3787878787878788,-1.0,36-45,Knee Pain,Leisure,"Cultural Exploration, Photography",Winter,"Long walking distances, crowd congestion",Mughlai Cuisine,0.07291666666666667,https://upload.wikimedia.org/wikipedia/commons/1/1d/Taj_Mahal_%28Edited%29.jpeg,0.0,0.6168080185042405,-0.21212121212121213,1.1673913043478261,1,0,0,1,0,0,0.0,1.5,1,1,0.8993491773194922,-0.8501910093852876,-0.2617347851075987,-0.36183552975777783,-0.3671410488835496,1.1249999999999998,1.5521321385780682,1.390381011867583,0.40217391304347827,0,0,0.16666666666666674,1.5275252316519468,0.0,0.3333333333333333,2.0,-0.8333333333333334,0.8164965809277259,0.48220759918553635,0.0,-0.1886490807354116,0.47084332473399215,-0.33333333333333326,0.8164965809277259,0.27114427860696527,-0.16666666666666674,-0.28571428571428575,1.142857142857143,-1.032412722174298,1,0,1,1.0,-0.408248290463863,1.5,0.5,-0.5,-1.0,0.0,-0.4552352048558421,-0.3826841261161515,-1.0,-0.5,0.23255813953488372,0.7557081185205289,-0.5849625007211561,1,0,0,0,-0.375,0.3934525244337349,1,-0.3333333333333335,0.28571428571428603,0,0,0.0,0.0,0.0,1.0,0.0,0,0,0,Medium,Economy,Weekend,VeryHigh,Excellent,3,1,2,2,2,4,0,3,3,7,16,34,1,1,1,1,0,0,3.0
127,93,805,-1.0,Kolkata,West Bengal,City,0.6322371344435557,Oct-Mar,428,0.0,"Beaches, Historical",-1.0,0.5,0.16666666666666666,-0.5,18-25,High Blood Pressure,Business,"Shopping, Food & Local Cuisine",All seasons,"Traffic congestion, pollution",Bengali Cuisine,0.6770833333333334,https://encrypted-tbn0.gstatic.com/images?q=tbn:ANd9GcR7RyEWQTvFgkgjKGGCyk4MsFgdUZhpvExLEydL8FmtvfqAtgLceIK1K2mg&s=10,1.0,0.5551272166538163,-0.2929292929292931,0.2398550724637681,1,0,0,1,0,0,-0.6666666666666666,0.5,0,0,-0.8148420291264222,0.08222812860991861,-0.4833791484744157,-0.6248088929150697,-0.31759071699892005,-0.12500000000000003,0.5956822393972082,1.2096606287736833,0.2898550724637682,0,1,-1.0,0.0,-0.3333333333333333,-1.0,1.0,-0.25,1.0,0.6322371344435557,0.0,0.4316546762589928,0.5365853658536586,0.25,1.4999999999999998,-0.08955223880597014,0.0,0.8571428571428571,-1.0350160711195047,0.0,1,1,1,0.0,1.005965271909232,-0.5,0.5,0.5,0.0,0.0,0.20030349013657053,0.11688241043002452,-0.33333333333333326,0.5801234497346434,0.08268733850129187,0.28823965090249365,0.415037499278844,0,0,1,0,-0.375,0.3934525244337349,1,0.0,-0.0219780219780219,0,1,-3.3103448275862064,1.9373645210709218,2.453172205438067,-0.5,1.0,1,0,0,Far,Moderate,Weekend,VeryHigh,Poor,2,3,0,0,1,1,3,0,4,0,18,19,0,3,1,1,3,0,2.0
139,47,703,-0.5,Tarkarli Beach,Maharashtra,Beach,-0.7930162987020564,Nov-Mar,82,-0.5,"Beaches, Historical",0.0,0.0,0.36363636363636365,1.5,46-60,Knee Pain,Honeymoon,"Relaxation, Nightlife, Water Sports",Winter,"Crowds, sun exposure",Seafood,-0.9166666666666666,https://encrypted-tbn0.gstatic.com/images?q=tbn:ANd9GcRmtn0Vsfvni1NmF01OGM9ahIFZcrRqMoNKSjV1xzIEbR5CCG-tr4PumVg&s=10,1.0,-0.38109924000440587,-0.030303030303030304,-0.6400621118012424,1,0,0,1,0,0,-0.6666666666666666,-0.5,0,0,-0.5109062612412884,-0.5213350462173914,-0.43835350992728217,-0.04891948887168092,0.4023416039069791,-0.6964285714285714,-0.6840616343419582,-0.9206745783885073,-0.8188405797101449,0,0,0.25,2.1213203435596424,0.0,0.3333333333333333,1.0,0.0,2.0,-0.7930162987020564,0.0,-0.07673860911270983,1.3902439024390245,0.75,1.4999999999999998,-0.6194029850746269,0.5,-0.42857142857142855,0.6631580367960199,-1.0504799024963116,1,0,0,-0.25,0.09175170953613696,0.0,-0.5,0.0,-0.5,0.0,0.34597875569044,-0.0883117214114196,0.25,2.0,-1.069767441860465,0.06267360361532515,0.0,0,1,1,1,-0.0625,0.1325700850014538,1,2.1666666666666665,-1.5324675324675323,0,1,-0.8275862068965516,-3.6449753298253817,-0.3987915407854985,-0.5,0.0,0,0,0,Near,Moderate,Week,High,Poor,1,2,0,3,2,3,2,3,0,14,10,35,2,3,0,0,3,0,2.0
143,531,582,-0.5,Ellora Caves,Maharashtra,Historical,-0.6976851944748418,Nov-Feb,518,0.5,"City, Historical",0.0,0.5,1.303030303030303,0.0,46-60,Knee Pain,Leisure,"Cultural Exploration, Photography",Winter,"Long walking distances, crowd congestion",Maharashtrian Cuisine,-1.1041666666666667,https://indiaholidaymall.com/images/blog/Ellora-Caves-Unesco-World-Heritage-Site.jpg,2.0,0.9753276792598302,0.25757575757575757,0.1157608695652174,1,0,0,1,1,0,0.0,0.5,0,0,-0.5019843409713742,0.28146447920671686,-0.037538617988011586,-0.49335698697291647,-0.6307803553786209,0.0,-0.12122938572003474,-0.8831980012492193,-1.0108695652173914,1,0,-0.5,0.0,0.0,-0.6666666666666666,0.0,0.5,0.0,-0.6976851944748418,0.0,1.65947242206235,0.0,0.0,0.0,-1.5,0.5,0.8571428571428571,-0.8571428571428572,0.0,0,1,1,-0.5,-0.408248290463863,0.0,-1.0,-0.5,0.5,0.0,1.566009104704097,-0.3826841261161515,0.0,-0.5,-1.5193798449612403,-1.1128738766178743,-0.5849625007211561,0,1,1,0,-0.375,0.3934525244337349,1,-0.3333333333333335,0.28571428571428603,0,0,0.0,0.0,0.0,-0.5,0.0,0,0,0,Near,Premium,Week,High,Poor,3,1,1,3,2,4,0,3,3,6,10,10,2,4,0,0,3,0,3.0
145,864,397,0.5,Coorg,Karnataka,Nature,0.6647036818330417,Sep-Mar,85,0.0,"Beaches, Historical",0.0,-0.5,0.4090909090909091,1.5,26-35,Asthma,Family Vacation,"Nature & Relaxation, Photography",Post-Monsoon,"Curvy roads, limited medical facilities",Coorgi Cuisine,-0.3854166666666667,https://images.unsplash.com/photo-1710612198146-77512950a4b7,0.0,-0.36127326798105514,1.3636363636363635,-0.21149068322981357,0,0,1,0,0,0,0.3333333333333333,0.0,1,0,0.5032054066796857,0.08704824395624186,0.5605364635136112,0.7773681130184221,0.6846783973203577,-0.37499999999999994,-0.5497181390567022,-0.6658338538413493,-0.07608695652173914,0,0,0.5,0.0,0.6666666666666666,0.0,0.0,0.0,0.0,0.6647036818330417,0.0,0.5275779376498801,0.0,1.5,0.0,-0.4701492537313433,0.5,-0.8571428571428571,0.0,0.0,0,1,0,0.6666666666666665,0.0,1.0,0.5,0.5,0.16666666666666674,0.8164965809277259,-0.188163884673748,1.397883682631451,0.3333333333333335,1.2795130420052183,-0.20671834625322985,-0.02672098481830285,0.415037499278844,1,0,0,1,1.958333333333333,-2.158038469771986,0,1.9999999999999996,-1.3613445378151252,0,1,-0.5517241379310339,2.9440849547071406,-0.5679758308157102,0.5,0.0,0,0,0,Medium,Moderate,Week,VeryHigh,Good,4,4,0,1,0,2,1,1,1,1,6,8,1,3,0,1,2,0,3.5
161,796,585,-1.0,Konark Sun Temple,Odisha,Historical,0.7628425567811219,Nov-Feb,801,0.5,"City, Historical",0.0,0.0,0.4090909090909091,-0.5,46-60,Knee Pain,Leisure,"Cultural Exploration, Photography",Winter,"Long walking distances, crowd congestion",Odia Cuisine,0.3125,https://cdn.britannica.com/19/251919-050-D3E64798/konark-sun-temple-orissa-india-unesco-heritage-site.jpg,1.0,0.8018504240555127,0.030303030303030304,0.47173913043478255,1,0,0,1,0,0,-0.3333333333333333,1.0,0,0,-0.8087304290649305,0.5705789798692165,-0.36146932698284195,-0.563729267376248,-0.4261296196277461,0.12500000000000003,0.6237676339906575,0.8015823443681033,0.03623188405797093,0,0,-0.75,0.7071067811865476,-0.3333333333333333,-0.6666666666666666,1.0,0.25,1.0,0.7628425567811219,0.0,1.0167865707434052,1.2439024390243902,-0.75,0.5,0.34328358208955223,0.5,0.0,-0.6953812495363997,-0.963710722590775,1,1,1,-1.0,-0.408248290463863,-0.5,-1.5,-0.5,0.5,0.0,0.4916540212443095,-0.3826841261161515,-0.5,-0.5,0.5891472868217055,1.2001463181494363,-0.5849625007211561,0,1,1,0,-0.375,0.3934525244337349,1,-0.3333333333333335,0.28571428571428603,0,0,0.0,0.0,0.0,-1.0,0.0,0,0,0,Far,Moderate,Weekend,VeryHigh,Poor,3,1,1,3,2,4,0,3,3,11,11,20,0,3,1,1,3,0,2.5
173,291,109,1.0,Ellora Caves,Maharashtra,Historical,0.07404094142445525,Nov-Feb,405,1.0,"Beaches, Historical",0.0,-0.5,0.2878787878787879,1.5,46-60,Knee Pain,Leisure,"Cultural Exploration, Photography",Winter,"Long walking distances, crowd congestion",Maharashtrian Cuisine,-1.1041666666666667,https://indiaholidaymall.com/images/blog/Ellora-Caves-Unesco-World-Heritage-Site.jpg,0.0,-0.41414252670999013,1.121212121212121,-0.28602484472049694,0,0,1,0,0,0,1.3333333333333333,-0.5,1,1,0.8038496442210885,0.8691024829607056,1.8842506493708857,1.7916976715059039,0.6669179531763383,-0.05357142857142854,-0.6041536260781046,-1.0106183635227983,-0.8260869565217391,1,0,1.0,0.0,1.0,0.3333333333333333,0.0,1.0,0.0,0.07404094142445525,0.0,0.37410071942446044,0.0,1.5,0.0,-1.5,0.5,-0.8571428571428571,0.42857142857142866,0.0,0,1,0,0.5,0.29885849072268444,0.5,0.5,0.5,0.8333333333333335,0.816496580927726,-0.23065250379362678,1.2638727737492956,-0.16666666666666674,1.541241452319315,-0.5374677002583979,0.4383955466914052,0.415037499278844,1,0,0,0,1.604166666666667,-1.825448657617024,0,3.0,-2.5714285714285716,1,0,1.6551724137931032,-0.9042795975207303,-2.2960725075528705,1.0,0.0,0,0,0,Near,Moderate,Week,VeryHigh,Excellent,3,1,0,3,2,4,0,3,3,6,10,10,2,3,0,1,0,1,5.0
191,277,466,-1.0,Varkala Beach,Kerala,Beach,0.1996256729608073,Nov-Mar,39,0.5,"Beaches, Historical",-1.0,0.5,-0.19696969696969696,0.0,36-45,Knee Pain,Honeymoon,"Relaxation, Nightlife, Water Sports",Winter,"Crowds, sun exposure",Seafood,0.15625,https://encrypted-tbn0.gstatic.com/images?q=tbn:ANd9GcQhhfqvS3M6-Q5xL-XOgqAbXut9hnDO4dA-_VCx1YCE79I6gDY3_C1Zv3dOXwu2pL_OmQVlumXjSSQ8I6p748JioJniT2Wxf2InPIObpQ&s=10,1.0,-0.1696222050886662,-0.7777777777777777,-0.44130434782608696,1,0,0,1,0,0,-0.3333333333333333,1.0,0,0,-0.8350858152363614,0.4590890283839592,-0.38930120246462585,-0.024122368650518478,0.26013326742491094,-0.18749999999999997,0.02348893454876904,0.1748906933166771,-0.07246376811594211,0,0,0.0,2.8284271247461903,-0.3333333333333333,0.3333333333333333,1.0,0.75,1.0,0.1996256729608073,0.0,-0.5083932853717026,0.6829268292682927,0.0,0.0,1.0149253731343284,0.0,0.0,0.32352321521291494,-1.062437173501617,1,0,1,-1.0,-0.408248290463863,-0.5,-1.5,-0.5,0.5,0.0,-0.23672230652503792,-0.3826841261161515,0.0,-0.5,0.35658914728682173,0.3081865281420005,-0.5849625007211561,0,1,0,0,-0.375,0.3934525244337349,1,-0.3333333333333335,0.28571428571428603,0,0,0.0,0.0,0.0,-1.0,0.0,0,0,0,Far,Economy,Week,VeryHigh,Poor,1,2,0,2,2,3,2,3,0,14,7,38,0,1,0,1,3,0,2.5
194,302,274,0.5,Kovalam Beach,Kerala,Beach,-0.8716865145664011,Nov-Mar,772,0.5,"Beaches, Historical",-1.0,0.5,-0.7424242424242424,-1.5,36-45,Knee Pain,Honeymoon,"Relaxation, Nightlife, Water Sports",Winter,"Crowds, sun exposure",Seafood,0.2604166666666667,https://eastindiantraveller.com/wp-content/uploads/2021/01/kovalambeach.jpg,1.0,1.356977640709329,-1.505050505050505,0.9934782608695655,1,0,0,1,0,0,0.6666666666666666,-0.5,1,0,0.21562768591642625,0.24702055663857211,0.7202756840548042,-0.39094873330150703,-0.748950835700981,4.874999999999999,3.6448445927597426,4.590880699562774,0.0,0,0,0.25,0.7071067811865476,0.3333333333333333,0.0,1.0,0.0,2.0,-0.8716865145664011,0.0,-0.2973621103117506,1.6097560975609757,-0.25,2.5,-0.26865671641791045,0.0,0.8571428571428571,0.6631580367960199,-0.963710722590775,1,0,1,-0.25,1.0917517095361369,-0.5,0.0,0.0,0.5,0.0,-0.7830045523520485,-0.029437240470473237,-1.25,0.0,0.5116279069767442,-0.2937314489826122,0.0,0,1,0,0,0.0,-0.23265523185441764,1,0.16666666666666652,-0.5142857142857138,1,0,2.482758620689655,-3.0079987849796748,0.0,-0.25,1.0,1,0,0,Far,Economy,Weekend,High,Good,1,2,0,2,2,3,2,3,0,14,7,21,0,1,1,0,2,1,4.0
205,664,674,-1.0,Ooty,Tamil Nadu,Nature,-0.5368174996760194,Sep-Mar,295,-1.0,"Nature, Adventure",-1.0,0.0,0.25757575757575757,1.0,46-60,Asthma,Family Vacation,"Nature & Relaxation, Photography",Post-Monsoon,"Curvy roads, limited medical facilities",South Indian Cuisine,-0.22916666666666666,https://t3.ftcdn.net/jpg/05/09/58/00/360_F_509580096_YjyHXMHyTm9OOkjUQS4kOxDXkxbOMWYi.jpg,0.0,-0.29298380878951436,1.0606060606060606,-0.11521739130434791,1,0,0,1,0,0,-1.3333333333333333,-0.5,0,0,-0.8695472185886614,-0.900620542882094,-0.7287332945475673,-0.6768664636264897,0.30387906311536655,-0.875,-0.5348579692893108,-0.4926087861753072,0.08695652173913043,0,0,-1.0,0.0,-0.3333333333333333,-1.0,0.0,-1.0,0.0,-0.5368174996760194,0.0,0.33573141486810554,0.0,1.0,0.0,-0.2462686567164179,-0.5,0.0,-1.2857142857142856,0.0,0,1,1,-0.25,1.0917517095361369,-0.5,0.0,0.0,-0.75,1.0,-0.10925644916540211,0.971428935525615,0.25,0.9999999999999999,0.34108527131782945,-0.9007633674787593,0.0,0,1,0,1,1.0625,-1.109645832878399,1,1.1666666666666665,-0.8051948051948048,0,1,-2.482758620689655,0.1172025294380404,-1.3051359516616314,-0.25,1.0,1,0,0,Medium,Moderate,Week,High,Poor,4,4,2,3,0,2,1,1,1,15,14,27,1,3,0,0,3,0,1.0
210,952,786,1.0,Tarkarli Beach,Maharashtra,Beach,-0.38603379612062927,Nov-Mar,42,1.0,"City, Historical",0.0,0.0,-0.18181818181818182,0.0,36-45,Knee Pain,Honeymoon,"Relaxation, Nightlife, Water Sports",Winter,"Crowds, sun exposure",Seafood,-0.9166666666666666,https://encrypted-tbn0.gstatic.com/images?q=tbn:ANd9GcRmtn0Vsfvni1NmF01OGM9ahIFZcrRqMoNKSjV1xzIEbR5CCG-tr4PumVg&s=10,1.0,-0.1580570547417117,-0.7575757575757576,-0.43043478260869567,1,0,0,1,0,0,1.3333333333333333,-0.5,1,1,0.6962050784769547,0.7552615460986761,1.742156822202408,1.1344678325738908,0.13828608912273724,0.7499999999999999,-0.07096624000762648,-0.72579637726421,-0.8188405797101449,0,0,1.0,0.0,1.0,0.3333333333333333,0.0,1.0,0.0,-0.38603379612062927,0.0,-0.22062350119904076,0.0,0.0,0.0,-1.2313432835820894,0.5,0.0,0.42857142857142866,0.0,0,0,1,0.75,0.09175170953613696,1.0,0.5,0.0,1.0,0.0,-0.32776934749620634,-0.029437240470473237,-0.25,0.0,-1.1162790697674418,-0.791071204578734,0.0,1,0,0,0,0.0,-0.05274334583796084,1,0.16666666666666652,-0.1587301587301586,1,0,0.8275862068965516,0.4719453506730144,-0.29003021148036257,0.75,1.0,1,0,0,Near,Economy,Week,High,Excellent,1,2,1,2,2,3,2,3,0,14,10,35,2,1,0,0,0,1,5.0
212,598,419,0.5,Chandigarh,Punjab,City,-0.7635942267699773,Oct-Mar,578,-1.0,"Nature, Adventure",0.0,0.0,0.5454545454545454,0.5,26-35,High Blood Pressure,Business,"Shopping, Food & Local Cuisine",All seasons,"Traffic congestion, pollution",Punjabi Cuisine,0.2604166666666667,https://s7ap1.scene7.com/is/image/incredibleindia/chandigarh-union-territory-1-city-ff,1.0,0.0709329221279876,0.21212121212121213,-0.21521739130434783,1,0,0,1,0,0,-0.3333333333333333,1.0,1,0,0.23586013326569333,-0.911843273870818,-0.43689959143521695,-0.22764486971515813,-0.16517939509496635,-0.37499999999999994,-0.38828828264638515,-0.026233603997501565,0.0,0,0,0.125,1.707825127659933,-0.3333333333333333,0.3333333333333333,3.0,-0.5,2.0,-0.7635942267699773,0.0,1.2470023980815348,1.1654692021814188,-0.125,0.67700320038633,-0.21641791044776118,0.5,0.42857142857142855,1.519828417878826,-1.0391534068660804,1,1,1,0.5,-0.408248290463863,1.0,0.0,-0.5,-1.0,0.0,0.6555386949924127,-0.3826841261161515,0.5,-0.5,0.5116279069767442,-1.2172532166099579,-0.5849625007211561,1,0,1,1,-0.375,0.3934525244337349,1,-0.3333333333333335,0.28571428571428603,0,0,0.0,0.0,0.0,0.5,0.0,0,0,0,Far,Moderate,Week,High,Good,2,3,2,1,1,1,3,0,4,12,12,7,0,3,0,0,2,0,2.5
219,121,544,1.0,Taj Mahal,Uttar Pradesh,Historical,0.12766881598914467,Nov-Feb,763,1.0,"Beaches, Historical",-1.0,0.0,0.15151515151515152,1.0,36-45,Knee Pain,Leisure,"Cultural Exploration, Photography",Winter,"Long walking distances, crowd congestion",Mughlai Cuisine,0.07291666666666667,https://upload.wikimedia.org/wikipedia/commons/1/1d/Taj_Mahal_%28Edited%29.jpeg,0.0,-0.3469545104086353,0.8484848484848485,-0.19130434782608688,1,0,0,1,0,0,1.3333333333333333,-0.5,1,1,0.8163970605389237,0.8823721693489208,1.90081358864564,1.5859982537939339,0.5390198384242946,0.12500000000000003,-0.46341238899338655,-0.32354778263585265,0.40217391304347827,0,0,1.0,0.0,1.0,0.3333333333333333,0.0,1.0,0.0,0.12766881598914467,0.0,0.2014388489208633,0.0,1.0,0.0,0.1865671641791045,-0.5,0.0,0.42857142857142866,0.0,0,1,1,1.0,-0.408248290463863,1.5,0.5,0.0,0.75,1.0,-0.34597875569044,1.3246758211712932,0.75,0.0,0.6434108527131783,-0.2382375720069516,0.0,1,0,0,1,1.4375,-1.7882371650617876,0,0.16666666666666652,-0.021978021978021456,0,0,0.0,1.1883187143857274,-0.960725075528701,1.0,0.0,0,0,0,Medium,Moderate,Week,VeryHigh,Excellent,3,1,0,2,2,4,0,3,3,7,16,34,1,3,0,1,0,1,5.0
221,500,448,0.5,Bir Billing,Himachal Pradesh,Adventure,0.4516140143145135,Apr-Jun,287,-0.5,"Beaches, Historical",-1.0,-0.5,-0.6818181818181818,1.5,46-60,Knee Pain,Adventure,"Trekking, Adventure Sports",Summer,"High altitude, physical exertion",Himachali Cuisine,0.4166666666666667,https://media-cdn.tripadvisor.com/media/attractions-splice-spp-674x446/0a/c6/99/67.jpg,-1.0,-0.8370965965414695,1.0,-0.3232919254658386,0,1,0,0,0,0,0.0,0.5,1,0,0.4633198092274308,-0.39814646895559147,0.07604871715495634,2.148194721715095,2.5874367944584082,-0.48214285714285715,-0.5693564860135051,-0.2810743285446595,2.717391304347826,0,0,0.5,0.0,0.6666666666666666,0.0,1.0,-0.5,0.0,0.4516140143145135,0.0,0.565947242206235,3.609756097560976,0.75,1.4999999999999998,0.21641791044776118,0.0,0.0,1.0027928583791246,0.0,1,1,1,0.5,-0.408248290463863,1.0,0.0,-0.5,-0.5,0.0,-0.8194233687405159,-0.3826841261161515,1.5,-0.5,0.7441860465116279,0.7072574269289783,-0.5849625007211561,1,0,0,1,-0.375,0.3934525244337349,1,-0.3333333333333335,0.28571428571428603,0,0,0.0,0.0,0.0,0.5,0.0,0,0,0,Far,Economy,Week,VeryHigh,Good,0,0,0,3,2,0,4,2,2,3,5,5,0,1,0,1,2,0,3.0
227,650,502,0.0,Auli,Uttarakhand,Adventure,-0.30238914455569077,Apr-Jun,978,-1.0,"Beaches, Historical",0.0,-0.5,-0.7121212121212122,-1.5,36-45,Knee Pain,Adventure,"Trekking, Adventure Sports",Summer,"High altitude, physical exertion",North Indian Cuisine,0.3125,https://encrypted-tbn0.gstatic.com/images?q=tbn:ANd9GcQF-TkMBCYdtCTzI4rau2709Tbi2zVPKRaXu7qTOHjiZS7J37ZNbGLQxYMv&s=10,0.0,1.4494988434849652,-0.8787878787878788,2.341304347826087,0,0,1,0,0,0,-0.6666666666666666,0.5,0,0,-0.07140085551798359,-0.8890191479798986,-0.5180182053364906,-0.8121197445674568,-0.7262378952429066,1.8749999999999998,4.0121097719137495,4.765771392879451,0.6521739130434783,0,0,0.0,0.0,0.3333333333333333,-0.3333333333333333,0.0,-1.0,0.0,-0.30238914455569077,0.0,-0.8920863309352518,0.0,-1.5,0.0,0.5298507462686567,0.5,-0.8571428571428571,-0.42857142857142866,0.0,0,0,0,0.0,-0.408248290463863,0.5,-0.5,-0.5,-1.0,0.0,-0.8558421851289832,-0.3826841261161515,-1.5,-0.5,0.5891472868217055,-0.48684828717701784,-0.5849625007211561,0,0,0,0,-0.375,0.3934525244337349,1,-0.3333333333333335,0.28571428571428603,0,0,0.0,0.0,0.0,0.0,0.0,0,0,0,Far,Economy,Weekend,High,Fair,0,0,0,2,2,0,4,2,2,10,17,2,0,1,1,0,1,0,2.0
241,960,421,0.5,Tawang,Arunachal Pradesh,Nature,0.4366390423566627,Apr-Jun,410,0.0,"Beaches, Historical",0.0,0.0,-0.10606060606060606,-1.0,36-45,Knee Pain,Adventure,"Trekking, Adventure Sports",Summer,"High altitude, physical exertion",North East Cuisine,1.6666666666666667,https://s7ap1.scene7.com/is/image/incredibleindia/sela-pass-tawang-arunachal-pradesh-blog-ntr-hero,1.0,1.0331534309946029,-0.6565656565656565,0.6891304347826088,1,0,0,1,0,0,0.3333333333333333,0.0,1,0,0.4605168309773582,0.05318884229255322,0.526726397639967,-0.39494466319966587,-0.5473767938790148,1.4999999999999998,1.5374335424935377,4.066208619612743,0.9782608695652174,0,1,0.125,0.9574271077563382,0.0,0.0,3.0,0.625,1.35400640077266,0.4366390423566627,0.0,-0.37889688249400477,0.7458657286054042,-0.625,1.2076147288491197,1.2761194029850746,0.25,-0.42857142857142855,1.519828417878826,-0.9959739170736794,1,0,0,0.5,-0.408248290463863,1.0,0.0,-0.5,0.0,0.0,-0.1274658573596358,-0.3826841261161515,-1.0,-0.5,2.604651162790698,0.6835417443445173,-0.5849625007211561,1,0,0,0,-0.375,0.3934525244337349,1,-0.3333333333333335,0.28571428571428603,0,0,0.0,0.0,0.0,0.5,0.0,0,0,0,Far,Economy,Weekend,VeryHigh,Good,4,0,0,2,2,0,4,2,2,9,1,36,0,1,1,1,2,0,3.5
254,599,239,-1.0,Munnar,Kerala,Nature,0.9877029664262008,Sep-Mar,690,1.0,"Nature, Adventure",0.0,-0.5,0.13636363636363635,0.5,26-35,Asthma,Family Vacation,"Nature & Relaxation, Photography",Post-Monsoon,"Curvy roads, limited medical facilities",Kerala Cuisine,0.08333333333333333,https://images.unsplash.com/photo-1491497895121-1334fc14d8c9,0.0,-0.1788743253662298,0.8181818181818182,0.045652173913043485,0,0,1,0,0,0,0.0,1.5,0,0,-0.7982082250950068,1.0951791014172128,-0.2305103924228677,0.22371551571045384,0.4181280363757484,-0.225,-0.16232887679176036,-0.145159275452842,0.41304347826086957,0,0,-1.0,0.0,-0.3333333333333333,-1.0,0.0,1.0,0.0,0.9877029664262008,0.0,0.18225419664268586,0.0,0.5,0.0,0.20149253731343283,0.5,-0.8571428571428571,-1.2857142857142856,0.0,0,1,0,-1.0,-0.408248290463863,-0.5,-1.5,-0.5,1.0,0.0,0.16388467374810317,-0.3826841261161515,0.5,-0.5,0.24806201550387597,1.5562550384838896,-0.5849625007211561,0,1,1,1,-0.375,0.3934525244337349,1,-0.3333333333333335,0.28571428571428603,0,0,0.0,0.0,0.0,-1.0,0.0,0,0,0,Medium,Moderate,Week,VeryHigh,Poor,4,4,2,1,0,2,1,1,1,5,7,26,1,3,0,1,3,0,3.0
263,584,76,-0.5,Munnar,Kerala,Nature,-0.6381100129390969,Sep-Mar,29,1.0,"Beaches, Historical",0.0,-0.5,0.13636363636363635,0.5,36-45,Asthma,Family Vacation,"Nature & Relaxation, Photography",Post-Monsoon,"Curvy roads, limited medical facilities",Kerala Cuisine,0.08333333333333333,https://images.unsplash.com/photo-1491497895121-1334fc14d8c9,0.0,-0.1788743253662298,0.8181818181818182,0.045652173913043485,0,0,1,0,0,0,0.3333333333333333,1.0,0,0,-0.4964087733322884,0.6928877830088515,0.16787329598594528,0.4620211737498504,0.1192270962868141,-0.07500000000000005,-0.3720978048042934,-0.145159275452842,0.41304347826086957,0,0,-0.5,0.0,0.0,-0.6666666666666666,0.0,1.0,0.0,-0.6381100129390969,0.0,0.18225419664268586,0.0,0.5,0.0,0.20149253731343283,0.5,-0.8571428571428571,-0.8571428571428572,0.0,0,1,0,0.33333333333333326,0.6718751592707803,0.0,0.5,0.5,0.33333333333333326,2.1602468994692865,0.07890743550834588,0.34475926544504376,0.0,0.2071067811865475,-0.18087855297157635,-0.7984967974242664,0.415037499278844,1,0,1,0,-0.08333333333333302,0.1172995153041795,1,0.6666666666666665,-0.5142857142857138,0,1,-2.7586206896551717,-0.604587509961087,1.003021148036254,-0.5,0.0,0,0,0,Medium,Moderate,Week,High,Poor,4,4,0,2,0,2,1,1,1,5,7,26,1,3,0,0,3,0,3.5
269,268,20,-0.5,Delhi,Delhi,City,-0.4961244313833605,Oct-Mar,674,0.5,"Nature, Adventure",0.0,-0.5,-0.13636363636363635,0.5,46-60,High Blood Pressure,Business,"Shopping, Food & Local Cuisine",All seasons,"Traffic congestion, pollution",Street Food,0.010416666666666666,https://encrypted-tbn0.gstatic.com/images?q=tbn:ANd9GcTFxblF-zkMM4NsiVuRyJ1Yx76TMcpdDWzU6zEf57y1aQ&s=10,0.0,-0.34541249036237476,0.2727272727272727,-0.18913043478260871,0,0,1,0,0,0,0.0,0.5,0,0,-0.4831205181674433,0.32136385073473733,-0.017618000472698674,0.4665175069204052,0.401868528083488,-0.225,-0.35377825414612946,-0.19412866958151156,0.33695652173913043,0,0,-0.5,0.0,0.0,-0.6666666666666666,0.0,0.5,0.0,-0.4961244313833605,0.0,-0.1630695443645084,0.0,0.5,0.0,0.09701492537313433,0.5,-0.8571428571428571,-0.8571428571428572,0.0,0,0,0,0.30000000000000004,0.3979774843659918,0.0,0.5,1.5,0.7000000000000002,0.7745966692414833,0.021851289833080424,0.6796699519458869,0.6000000000000001,-0.18377223398316214,0.6232558139534884,-0.20554910690815856,1.0000000000000002,1,0,1,1,0.2625,-0.22794713168519595,1,-0.1333333333333333,0.15668202764977002,0,1,-2.6482758620689655,-1.616004761223766,-1.131117824773414,-0.5,0.0,0,0,0,Medium,Economy,Week,High,Poor,2,3,2,3,1,1,3,0,4,16,2,9,1,1,0,0,3,0,3.0
275,462,591,0.5,Baga Beach,Goa,Beach,-0.8955551060337288,Nov-Mar,679,0.5,"City, Historical",-1.0,0.0,-0.5151515151515151,0.5,26-35,Knee Pain,Honeymoon,"Relaxation, Nightlife, Water Sports",Winter,"Crowds, sun exposure",Seafood,-0.84375,https://encrypted-tbn0.gstatic.com/images?q=tbn:ANd9GcQeseYB8OMIYAnzRmlYP6matYpojVkK9lRx0Wgn7x8BYcxvxjfwm4QrUxM&s=10,0.0,-0.576715497301465,-0.48484848484848486,-0.5152173913043478,1,0,0,1,0,0,0.6666666666666666,-0.5,1,0,0.211160021941422,0.24229571940240224,0.7155577312751346,1.712390367166438,0.8349015477872775,0.07500000000000005,-0.40531440590538076,-0.7677701436602125,-0.5543478260869565,0,0,0.5,0.0,0.6666666666666666,0.0,0.0,0.5,0.0,-0.8955551060337288,0.0,-0.6426858513189448,0.0,0.5,0.0,-1.126865671641791,-0.5,0.0,0.0,0.0,0,0,1,0.75,0.09175170953613696,1.0,0.5,0.0,-0.25,2.9999999999999996,-0.14567526555386948,1.1480523783484544,0.5,-0.5,-1.3255813953488371,-0.19679699044736593,0.0,1,0,0,1,1.25,-1.3407355348156091,1,-0.3333333333333335,0.28571428571428603,0,1,-0.8275862068965516,-3.3782189270042484,0.4531722054380665,0.5,0.0,0,0,0,Near,Economy,Week,High,Good,1,2,1,1,2,3,2,3,0,14,3,3,2,1,0,0,2,1,4.0
277,666,200,0.5,Red Fort,Delhi,Historical,0.03667147741326897,Nov-Feb,826,0.0,"Nature, Adventure",-1.0,0.0,0.15151515151515152,1.0,26-35,Knee Pain,Leisure,"Cultural Exploration, Photography",Winter,"Long walking distances, crowd congestion",Mughlai Cuisine,0.010416666666666666,https://upload.wikimedia.org/wikipedia/commons/d/d6/Delhi%2C_India%2C_Red_Fort_Facade.jpg,0.0,-0.3469545104086353,0.8484848484848485,-0.19130434782608688,1,0,0,1,0,0,0.3333333333333333,0.0,1,0,0.38565189043347314,-0.006191965117832256,0.46743211269906176,0.7483632478979758,0.5194185510703049,-0.24999999999999992,-0.47319642443048987,-0.35852592129918803,0.33695652173913043,0,0,0.5,0.0,0.6666666666666666,0.0,0.0,0.0,0.0,0.03667147741326897,0.0,0.2014388489208633,0.0,1.0,0.0,0.09701492537313433,-0.5,0.0,0.0,0.0,0,1,1,0.5,-0.408248290463863,1.0,0.0,-0.5,0.0,0.0,0.18209408194233687,-0.3826841261161515,1.0,-0.5,0.13953488372093023,0.050117932869235056,-0.5849625007211561,1,0,1,1,-0.375,0.3934525244337349,1,-0.3333333333333335,0.28571428571428603,0,0,0.0,0.0,0.0,0.5,0.0,0,0,0,Medium,Moderate,Week,VeryHigh,Good,3,1,2,1,2,4,0,3,3,7,2,29,1,3,0,1,2,0,3.5
282,282,181,0.5,Calangute Beach,Goa,Beach,0.3992077839094117,Nov-Mar,869,-1.0,"Beaches, Historical",0.0,0.0,-0.5454545454545454,-1.0,46-60,Knee Pain,Honeymoon,"Relaxation, Nightlife, Water Sports",Winter,"Crowds, sun exposure",Seafood,-0.8489583333333334,https://encrypted-tbn0.gstatic.com/images?q=tbn:ANd9GcQawETYRiYBsH6-h7nyRef7D05VLNnIS00HBpFyaZdOJDehCXzhEkUfAY5Vf_tWlUzd5qaIpJnkr2vAOF1xcvRS_dDd2Lq-Y2B30QDq-g&s=10,1.0,0.36237471087124123,-1.2424242424242424,0.05869565217391305,1,0,0,1,0,0,-0.3333333333333333,1.0,1,0,0.4535105405084477,-0.8542985058241607,-0.37943867060543307,-0.3965320874057839,-0.22708763611506644,0.7499999999999999,1.5253597138024524,-0.1574016239850094,-0.7717391304347826,0,0,0.0,1.4142135623730951,0.0,0.0,1.0,-0.5,2.0,0.3992077839094117,0.0,-0.47961630695443647,0.5121951219512195,-0.5,1.0,-0.4141791044776119,0.5,0.42857142857142855,0.32352321521291494,-1.0273550292155575,1,0,1,0.5,-0.408248290463863,1.0,0.0,-0.5,-1.0,0.0,-0.6555386949924127,-0.3826841261161515,-1.0,-0.5,-1.1395348837209303,0.6242623115301849,-0.5849625007211561,1,0,0,0,-0.375,0.3934525244337349,1,-0.3333333333333335,0.28571428571428603,0,0,0.0,0.0,0.0,0.5,0.0,0,0,0,Near,Economy,Weekend,VeryHigh,Good,1,2,0,3,2,3,2,3,0,14,3,6,2,1,1,1,2,0,2.5
285,978,135,-1.0,Mumbai,Maharashtra,City,0.020089983388225027,Oct-Mar,818,0.5,"City, Historical",-1.0,0.5,0.16666666666666666,-0.5,46-60,High Blood Pressure,Business,"Shopping, Food & Local Cuisine",All seasons,"Traffic congestion, pollution",Street Food,-1.421875,https://t4.ftcdn.net/jpg/01/46/43/87/360_F_146438747_3XYwVkfnYZuukBZYmDM8xeoqENzyhAqa.jpg,1.0,0.5551272166538163,-0.2929292929292931,0.2398550724637681,1,0,0,1,0,0,-0.3333333333333333,1.0,0,0,-0.8434870769282058,0.4235495658867636,-0.3981731221464841,-0.47948150801235573,-0.3862225553804614,0.12500000000000003,0.4640460945960469,-1.1397043514470124,-1.1702898550724639,1,0,-0.25,2.1213203435596424,-0.3333333333333333,0.0,1.0,-0.25,2.9999999999999996,0.020089983388225027,0.0,0.45083932853717024,0.5853658536585366,0.25,1.4999999999999998,-1.4514925373134329,-0.5,0.8571428571428571,-0.01611160637019009,-1.0504799024963116,1,1,1,-0.25,1.0917517095361369,-0.5,0.0,0.0,0.5,0.0,0.5644916540212442,0.7948054927027761,-0.75,0.0,-0.7015503875968992,0.7362530713751134,0.0,0,1,1,0,0.875,-0.5580024322428345,1,0.16666666666666652,-0.28571428571428514,0,1,-2.482758620689655,-1.9574963639671181,-3.0181268882175227,-1.0,0.0,0,0,0,VeryNear,Moderate,Weekend,VeryHigh,Poor,2,3,1,3,1,1,3,0,4,16,10,25,3,3,1,1,3,0,2.5
288,770,803,1.0,Coorg,Karnataka,Nature,0.5960810384964936,Apr-Jun,161,-1.0,"Nature, Adventure",0.0,0.0,0.7878787878787878,1.0,36-45,Knee Pain,Adventure,"Trekking, Adventure Sports",Summer,"High altitude, physical exertion",Coorgi Cuisine,-0.3854166666666667,https://images.unsplash.com/photo-1710612198146-77512950a4b7,1.0,-0.02313030069390902,0.5353535353535355,-0.30362318840579705,1,0,0,1,0,0,0.0,1.5,1,1,0.9259923635761986,-0.844555638452281,-0.2547008354102646,0.05281228639462618,0.1415571191633762,-0.37499999999999994,-0.41304869862718085,-0.5800541328336457,-0.44927536231884063,0,0,0.16666666666666674,2.0816659994661326,-0.3333333333333333,0.3333333333333333,2.0,0.0,2.449489742783178,0.5960810384964936,0.0,0.457234212629896,0.8590999629735311,-0.33333333333333326,1.632993161855452,-0.4701492537313433,-0.16666666666666674,0.28571428571428564,1.142857142857143,-1.0495798165131978,1,1,1,1.0,-0.408248290463863,1.5,0.5,0.0,-1.0,0.0,0.7921092564491653,0.11774896188189272,1.0,-0.5,-0.4496124031007752,0.1946256124523611,0.0,1,0,1,1,0.15625,0.023121449885116822,1,-0.3333333333333335,0.28571428571428603,0,0,0.0,2.037257059921807,0.0,1.0,1.0,1,0,0,Medium,Moderate,Week,VeryHigh,Excellent,4,0,2,2,2,0,4,2,2,1,6,8,1,3,0,1,0,0,3.0
295,955,931,1.0,Manali,Himachal Pradesh,Adventure,-0.40269597413147123,Apr-Jun,897,-1.0,"Beaches, Historical",-1.0,-0.5,-1.121212121212121,-1.5,26-35,Knee Pain,Adventure,"Trekking, Adventure Sports",Summer,"High altitude, physical exertion",Himachali Cuisine,0.46875,https://dynamic-media-cdn.tripadvisor.com/media/photo-o/0c/b2/79/37/solang-valley-manali.jpg,-1.0,0.2004626060138781,-0.7575757575757576,2.6021739130434787,0,1,0,0,0,0,0.0,1.5,1,1,0.692306596839169,-0.8939831342719943,-0.31639518053752747,-0.13157655627555553,-0.21715251201820368,3.3749999999999996,3.947399819479178,5.290443472829482,2.8260869565217392,0,0,1.0,0.0,1.0,0.3333333333333333,0.0,-1.0,0.0,-0.40269597413147123,0.0,-1.410071942446043,0.0,-1.5,0.0,0.753731343283582,-0.5,-0.8571428571428571,0.42857142857142866,0.0,0,0,0,1.0,-0.408248290463863,1.5,0.5,-0.5,-1.0,0.0,-1.3474962063732927,-0.3826841261161515,-1.5,-0.5,0.8217054263565892,-0.6457030040985877,-0.5849625007211561,1,0,0,0,-0.375,0.3934525244337349,1,-0.3333333333333335,0.28571428571428603,0,0,0.0,0.0,0.0,1.0,0.0,0,0,0,Far,Budget,Weekend,High,Excellent,0,0,0,1,2,0,4,2,2,3,5,23,0,0,1,0,0,0,3.0
301,294,838,0.0,Kodaikanal,Tamil Nadu,Nature,0.05481572236119658,Sep-Mar,335,-1.0,"Beaches, Historical",0.0,0.5,1.5,0.0,36-45,Asthma,Family Vacation,"Nature & Relaxation, Photography",Post-Monsoon,"Curvy roads, limited medical facilities",South Indian Cuisine,-0.10416666666666667,https://encrypted-tbn0.gstatic.com/images?q=tbn:ANd9GcRR1MrvitA-PthZ_UMPeUYOYvzHFu6Olty-pnoL9EqaCl31ZwvMHSvu9OQ&s=10,2.0,1.1256746337702388,0.45454545454545453,0.22173913043478263,1,0,0,1,1,0,-0.6666666666666666,0.5,0,0,-0.021255312227172397,-0.8713417867239959,-0.50477950236551,-0.7600821820069044,-0.6110922302135122,-0.37499999999999994,0.00013398191248323175,-0.04372267332916927,-0.4891304347826087,0,0,0.0,0.0,0.3333333333333333,-0.3333333333333333,0.0,-1.0,0.0,0.05481572236119658,0.0,1.908872901678657,0.0,0.0,0.0,-0.06716417910447761,0.5,0.8571428571428571,-0.42857142857142866,0.0,0,1,1,-0.5,0.591751709536137,-0.5,-0.5,0.0,-0.75,1.0,1.4749620637329286,0.6770565308208832,0.0,-0.5,-0.24031007751937986,-0.42846122322365016,0.0,0,1,1,0,0.75,-0.23266869639256899,1,-0.3333333333333335,0.28571428571428603,1,0,1.6551724137931032,1.3939811436526206,0.4894259818731118,-0.5,1.0,1,0,0,Medium,Premium,Week,VeryHigh,Fair,4,4,0,2,0,2,1,1,1,15,14,18,1,4,0,1,1,0,2.0
302,491,729,-1.0,Konark Sun Temple,Odisha,Historical,-0.29887854541863856,Nov-Feb,874,0.0,"City, Historical",0.0,-0.5,-0.22727272727272727,-0.5,46-60,Knee Pain,Leisure,"Cultural Exploration, Photography",Winter,"Long walking distances, crowd congestion",Odia Cuisine,0.3125,https://cdn.britannica.com/19/251919-050-D3E64798/konark-sun-temple-orissa-india-unesco-heritage-site.jpg,0.0,0.15420200462606007,0.09090909090909091,0.5152173913043478,0,0,1,0,0,0,-0.6666666666666666,0.5,0,0,-0.8584130122024048,-0.05600908287624834,-0.5178880957452446,-0.4673708926037963,-0.16647797188273844,-0.12500000000000003,0.39545509099070864,0.8015823443681033,0.6521739130434783,0,0,0.0,2.8284271247461903,-0.3333333333333333,0.3333333333333333,1.0,0.25,1.0,-0.29887854541863856,0.0,-0.2014388489208633,0.1951219512195122,0.0,1.0,0.5298507462686567,0.5,-0.8571428571428571,0.32352321521291494,-1.062437173501617,1,0,0,-0.5,0.591751709536137,-0.5,-0.5,0.0,0.25,1.0,-0.39150227617602423,0.0,-0.75,0.0,0.5891472868217055,0.1528257868660908,0.0,0,1,0,0,0.03125,-0.11018723905487836,1,0.16666666666666652,-0.28571428571428514,0,1,-1.6551724137931032,-1.7423992389037046,0.0,-1.0,0.0,0,0,0,Far,Economy,Weekend,High,Poor,3,1,1,3,2,4,0,3,3,11,11,20,0,1,1,0,3,0,2.0
304,693,792,1.0,Jaipur,Rajasthan,City,-0.1046696820172315,Oct-Mar,898,-1.0,"City, Historical",-1.0,-0.5,-0.7727272727272727,1.0,26-35,High Blood Pressure,Business,"Shopping, Food & Local Cuisine",All seasons,"Traffic congestion, pollution",Rajasthani Cuisine,-0.2708333333333333,https://t4.ftcdn.net/jpg/05/84/76/73/360_F_584767353_EXYOkE8NcX37UwV4WfBw7AjBaEtU6mMy.jpg,-1.0,-0.8172706245181187,0.6363636363636364,-0.2673913043478261,0,1,0,0,0,0,0.0,1.5,1,1,0.7620363780615689,-0.8792344034528076,-0.29798612957797843,2.0175071962251847,2.2028555865254376,-0.37499999999999994,-0.48839342836743665,-0.5159275452841975,1.2826086956521738,0,0,0.16666666666666674,2.0816659994661326,-0.3333333333333333,0.3333333333333333,2.0,-0.5,2.449489742783178,-0.1046696820172315,0.0,-0.7258193445243803,1.397428305682302,0.5,0.7071067811865475,0.40049751243781084,-0.16666666666666674,-0.8571428571428571,1.142857142857143,-1.0495798165131978,1,0,0,1.0,-0.408248290463863,1.5,0.5,-0.5,-1.0,0.0,-0.928679817905918,-0.3826841261161515,1.0,-0.5,-0.27906976744186046,-0.17372235762400506,-0.5849625007211561,1,0,0,1,-0.375,0.3934525244337349,1,-0.3333333333333335,0.28571428571428603,0,0,0.0,0.0,0.0,1.0,0.0,0,0,0,Medium,Economy,Week,High,Excellent,2,3,1,1,1,1,3,0,4,13,13,15,1,1,0,0,0,0,3.0
306,400,281,1.0,Spiti Valley,Himachal Pradesh,Nature,0.6361576755607987,Apr-Jun,228,1.0,"Nature, Adventure",0.0,0.5,1.8484848484848484,1.5,18-25,Knee Pain,Adventure,"Trekking, Adventure Sports",Summer,"High altitude, physical exertion",Himachali Cuisine,0.625,https://storage.googleapis.com/stateless-www-justwravel-com/2021/05/1550217293_shutterstock_1129297934.jpg.jpg,2.0,0.2665491794250467,0.803030303030303,-0.3838509316770187,1,0,0,1,1,0,1.3333333333333333,-0.5,1,1,0.9353691709538252,1.0081927011747298,2.057860090513156,0.5104733614840016,-0.1272209614435852,-0.05357142857142854,-0.5523489394232035,-0.1811367895065584,-0.10869565217391304,0,0,1.0,0.0,1.0,0.3333333333333333,0.0,1.0,0.0,0.6361576755607987,0.0,2.3501199040767387,0.0,1.5,0.0,0.9776119402985075,0.5,0.8571428571428571,0.42857142857142866,0.0,0,1,1,0.5,0.29885849072268444,0.5,0.5,0.5,0.8333333333333335,0.816496580927726,1.0440060698027316,1.972417763496352,-0.33333333333333326,1.773030282830976,-0.4883720930232558,0.648462036950105,0.415037499278844,1,0,1,0,3.666666666666666,-2.1838829438641705,0,3.333333333333333,-3.098901098901098,1,0,1.6551724137931032,0.9646176102206753,3.6072507552870094,1.0,0.0,0,0,0,Far,Premium,Week,VeryHigh,Excellent,4,0,2,0,2,0,4,2,2,3,5,33,0,4,0,1,0,1,5.0
307,520,480,1.0,Rishikesh,Uttarakhand,Adventure,0.02286111088398952,Apr-Jun,490,-0.5,"City, Historical",0.0,-0.5,0.18181818181818182,1.5,46-60,Knee Pain,Adventure,"Trekking, Adventure Sports",Summer,"High altitude, physical exertion",North Indian Cuisine,0.20833333333333334,https://dynamic-media-cdn.tripadvisor.com/media/photo-o/2c/31/c5/45/caption.jpg,0.0,-0.4604031280978082,0.9090909090909091,-0.3512422360248448,0,0,1,0,0,0,0.3333333333333333,1.0,1,1,0.7918750014428663,-0.4405827326542155,0.24952952178353618,1.0044848930425838,0.7630455941524661,-0.37499999999999994,-0.6088703600288798,-0.3810118675827608,0.5434782608695652,0,0,1.0,0.0,1.0,0.3333333333333333,0.0,-0.5,0.0,0.02286111088398952,0.0,0.23980815347721823,0.0,1.5,0.0,0.3805970149253731,0.5,-0.8571428571428571,0.42857142857142866,0.0,0,1,0,0.5,0.8164965809277259,0.0,0.5,0.5,-0.6666666666666666,0.8164965809277259,-0.43095599393019735,1.2330601896153326,0.8333333333333335,0.5801234497346434,-0.12403100775193798,0.22666195586089996,0.415037499278844,1,0,0,1,1.854166666666667,-2.443726918063206,0,0.9999999999999996,-0.5142857142857138,1,0,1.6551724137931032,-0.5451993166707678,1.3051359516616314,1.0,1.0,1,0,0,Far,Moderate,Week,VeryHigh,Excellent,0,0,1,3,2,0,4,2,2,10,17,30,0,3,0,1,0,0,3.5
310,977,109,0.0,Varkala Beach,Kerala,Beach,0.0,Nov-Mar,405,1.0,"Beaches, Historical",0.0,-0.5,-0.8636363636363636,-1.0,36-45,Knee Pain,Honeymoon,"Relaxation, Nightlife, Water Sports",Winter,"Crowds, sun exposure",Seafood,0.15625,https://encrypted-tbn0.gstatic.com/images?q=tbn:ANd9GcQhhfqvS3M6-Q5xL-XOgqAbXut9hnDO4dA-_VCx1YCE79I6gDY3_C1Zv3dOXwu2pL_OmQVlumXjSSQ8I6p748JioJniT2Wxf2InPIObpQ&s=10,0.0,-0.12336160370084816,-1.1818181818181819,0.12391304347826088,0,0,1,0,0,0,0.6666666666666666,0.5,0,0,-0.02895051582953554,0.8507817853651751,0.7849312253937158,0.6123370503593163,0.162606349842922,1.8749999999999998,1.3965912300534358,1.5302935665209245,0.4891304347826087,0,0,0.16666666666666674,0.5773502691896257,0.3333333333333333,0.0,2.0,0.6666666666666665,1.632993161855452,0.0,0.0,-1.2885691446842524,0.32601524643517765,0.0,1.414213562373095,-0.6517412935323382,-0.16666666666666674,-0.8571428571428571,1.142857142857143,-0.9376024857396118,1,0,0,0.5,0.29885849072268444,0.5,0.5,0.5,0.8333333333333335,0.816496580927726,-0.23065250379362678,1.2638727737492956,-0.16666666666666674,1.541241452319315,-0.5374677002583979,0.4383955466914052,0.415037499278844,1,0,0,0,2.395833333333333,-2.7130091304373267,0,1.333333333333333,-1.1428571428571428,0,1,-1.6551724137931032,-1.2264766876170703,2.090634441087613,0.0,0.0,0,0,0,Far,Budget,Weekend,High,Fair,1,2,0,2,2,3,2,3,0,14,7,38,0,0,1,0,1,0,4.0
314,35,782,-1.0,Bir Billing,Himachal Pradesh,Adventure,-0.393607574721334,Apr-Jun,805,0.0,"Nature, Adventure",-1.0,-0.5,-0.8939393939393939,0.0,18-25,Knee Pain,Adventure,"Trekking, Adventure Sports",Summer,"High altitude, physical exertion",Himachali Cuisine,0.4166666666666667,https://media-cdn.tripadvisor.com/media/attractions-splice-spp-674x446/0a/c6/99/67.jpg,-1.0,-0.7016191210485736,0.15151515151515152,0.05869565217391305,0,1,0,0,0,0,-0.6666666666666666,0.5,0,0,-0.8628457986131791,-0.07007293889415386,-0.5213989367158396,0.5449868472894923,1.4444849099310415,-0.37499999999999994,-0.07218773921928114,0.39350405996252347,2.717391304347826,0,0,-1.0,0.0,-0.3333333333333333,-1.0,0.0,0.0,0.0,-0.393607574721334,0.0,-1.1223021582733812,0.0,0.0,0.0,0.6791044776119403,-0.5,-0.8571428571428571,-1.2857142857142856,0.0,0,0,0,-1.0,-0.408248290463863,-0.5,-1.5,0.0,0.0,0.0,-1.0652503793626706,-0.3532468856456783,-0.25,0.0,-0.07751937984496124,-0.6196520449818678,0.0,0,1,0,0,-0.34375,0.3238857439630419,1,0.16666666666666652,-0.1587301587301586,0,0,0.0,-0.03203284944607084,1.921450151057402,-1.0,0.0,0,0,0,Far,Budget,Week,High,Poor,0,0,2,0,2,0,4,2,2,3,5,5,0,0,0,0,3,0,2.0
315,720,973,-0.5,Ooty,Tamil Nadu,Nature,-0.4764512411020432,Apr-Jun,628,0.0,"Beaches, Historical",-1.0,0.5,-0.3333333333333333,-1.5,18-25,Knee Pain,Adventure,"Trekking, Adventure Sports",Summer,"High altitude, physical exertion",South Indian Cuisine,-0.22916666666666666,https://t3.ftcdn.net/jpg/05/09/58/00/360_F_509580096_YjyHXMHyTm9OOkjUQS4kOxDXkxbOMWYi.jpg,1.0,2.606013878180416,-0.9595959595959596,2.1673913043478263,1,0,0,1,0,0,-0.3333333333333333,0.0,0,0,-0.48127932859382394,-0.08237224571224391,-0.21919191119952752,-0.8584725313861001,-0.9235610639336952,2.6249999999999996,3.8998188139020944,2.946908182386009,-0.34057971014492755,0,0,-0.5,0.0,0.0,-0.6666666666666666,0.0,0.0,0.0,-0.4764512411020432,0.0,-0.41247002398081534,0.0,-1.5,0.0,-0.2462686567164179,-0.5,0.8571428571428571,-0.8571428571428572,0.0,0,0,1,-0.75,0.09175170953613696,-0.5,-1.0,0.0,0.25,1.0,0.22761760242792106,1.6484854663464985,-1.0,0.5,-0.03875968992248062,0.06064360580516136,0.0,0,1,1,0,1.78125,-1.5062139949099682,1,0.6666666666666665,-1.047619047619047,1,0,0.8275862068965516,-2.261830598591466,-0.4169184290030212,-0.5,0.0,0,0,0,Medium,Economy,Weekend,High,Poor,4,0,0,0,2,0,4,2,2,15,14,27,1,1,1,0,3,0,2.5
321,867,475,0.5,Radhanagar Beach,Andaman,Beach,-0.978812217357367,Nov-Mar,821,1.0,"Beaches, Historical",-1.0,0.0,-0.5151515151515151,0.5,18-25,Knee Pain,Honeymoon,"Relaxation, Nightlife, Water Sports",Winter,"Crowds, sun exposure",Seafood,1.1458333333333333,https://dynamic-media-cdn.tripadvisor.com/media/photo-o/05/76/7a/1d/radhanagar-beach.jpg,0.0,-0.576715497301465,-0.48484848484848486,-0.5152173913043478,1,0,0,1,0,0,1.0,0.0,1,0,0.1955761615601885,0.6085843971092205,1.081312697799503,2.0772039671279834,0.8114692596253439,0.225,-0.4160565731862681,0.5683947532792005,1.5217391304347827,0,1,0.0,1.7320508075688772,-0.3333333333333333,0.0,2.0,0.6666666666666665,1.632993161855452,-0.9788122173573661,0.0,-1.0519584332533973,0.7088573081540591,-0.5,1.224744871391589,0.29850746268656714,-0.16666666666666674,-0.5714285714285715,0.857142857142857,-1.039957997045961,1,0,0,0.33333333333333326,-7.850462293418875e-17,0.5,0.0,0.5,0.8333333333333335,0.8164965809277259,-0.20637329286798167,0.43557938304316657,0.3333333333333335,0.5801234497346434,0.8113695090439276,-0.45301580805859015,0.415037499278844,1,0,0,1,1.041666666666667,-1.172205297324346,1,-4.440892098500626e-16,0.0504201680672276,1,0,0.5517241379310347,-3.03649128543031,2.3806646525679764,0.5,0.0,0,0,0,Far,Economy,Week,High,Good,1,2,0,0,2,3,2,3,0,14,0,28,0,1,0,0,2,1,4.5
324,171,499,0.0,Taj Mahal,Uttar Pradesh,Historical,-0.7981188636967765,Nov-Feb,830,0.0,"Beaches, Historical",0.0,-0.5,0.030303030303030304,0.5,26-35,Knee Pain,Leisure,"Cultural Exploration, Photography",Winter,"Long walking distances, crowd congestion",Mughlai Cuisine,0.07291666666666667,https://upload.wikimedia.org/wikipedia/commons/1/1d/Taj_Mahal_%28Edited%29.jpeg,0.0,-0.24363916730917506,0.6060606060606061,-0.045652173913043485,0,0,1,0,0,0,0.0,-0.5,0,0,-0.1409929534820774,-0.13012832600879926,0.0503205887877814,0.30926113654510934,0.17687329524428275,-0.225,-0.39274279012668833,-0.15215490318550906,0.40217391304347827,0,0,0.0,0.0,0.3333333333333333,-0.3333333333333333,0.0,0.0,0.0,-0.7981188636967765,0.0,0.047961630695443645,0.0,0.5,0.0,0.1865671641791045,0.5,-0.8571428571428571,-0.42857142857142866,0.0,0,1,0,-0.25,0.09175170953613696,0.0,-0.5,0.0,0.25,1.0,0.10015174506828527,-0.17662344282283915,0.75,0.0,0.6434108527131783,-1.075124971934504,0.0,0,1,1,1,-0.15625,0.1885244599811714,1,0.16666666666666652,-0.021978021978021456,1,0,0.8275862068965516,-0.5407731075439872,-0.960725075528701,0.0,0.0,0,0,0,Medium,Moderate,Week,High,Fair,3,1,0,1,2,4,0,3,3,7,16,34,1,3,0,0,1,0,3.0
325,188,95,1.0,Chandigarh,Punjab,City,-0.3044209090768489,Oct-Mar,67,-0.5,"Nature, Adventure",0.0,0.0,0.36363636363636365,0.0,46-60,High Blood Pressure,Business,"Shopping, Food & Local Cuisine",All seasons,"Traffic congestion, pollution",Punjabi Cuisine,0.2604166666666667,https://s7ap1.scene7.com/is/image/incredibleindia/chandigarh-union-territory-1-city-ff,1.0,0.25828835774865067,-0.030303030303030304,-0.0391304347826087,1,0,0,1,0,0,0.3333333333333333,1.0,1,1,0.7153002016559186,-0.47297581032611286,0.20909717374564088,0.0017607568358042457,-0.2459765459998322,0.18749999999999997,-0.05780371144156012,0.26233603997501564,0.0,0,0,0.25,2.1213203435596424,0.0,0.3333333333333333,1.0,0.25,2.9999999999999996,-0.3044209090768489,0.0,0.0,1.1951219512195124,0.5,1.0,-0.2462686567164179,0.5,-0.42857142857142855,0.6631580367960199,-1.0504799024963116,1,0,0,0.5,0.29885849072268444,0.5,0.5,0.5,-0.5,0.0,0.8922610015174506,0.5208042031823015,0.16666666666666652,-0.09175170953613704,-0.1602067183462531,-0.26504632374080056,0.415037499278844,1,0,1,1,1.1875,-0.6568567005919699,1,-4.440892098500626e-16,0.03571428571428603,1,0,1.6551724137931032,-0.6183017910103509,1.5709969788519635,0.5,1.0,1,0,0,Far,Moderate,Week,High,Excellent,2,3,2,3,1,1,3,0,4,12,12,7,0,3,0,0,0,0,3.5
331,223,315,-1.0,Mumbai,Maharashtra,City,0.44837658578688105,Oct-Mar,463,-1.0,"City, Historical",0.0,-0.5,-0.5,-1.0,46-60,High Blood Pressure,Business,"Shopping, Food & Local Cuisine",All seasons,"Traffic congestion, pollution",Street Food,-1.421875,https://t4.ftcdn.net/jpg/01/46/43/87/360_F_146438747_3XYwVkfnYZuukBZYmDM8xeoqENzyhAqa.jpg,0.0,0.4317656129529683,-0.45454545454545453,0.9065217391304349,0,0,1,0,0,0,-1.3333333333333333,-0.5,0,0,-0.8234456699275806,-0.8518652392205726,-0.7165622287025573,-0.8950668367692397,-0.2661212088633883,-0.37499999999999994,1.541219605118986,-1.1193004372267334,-1.1576086956521738,1,0,-0.5,1.4142135623730951,-0.3333333333333333,-0.3333333333333333,1.0,-0.25,2.9999999999999996,0.44837658578688105,0.0,0.009592326139088728,1.6097560975609757,-1.0,0.0,-1.955223880597015,0.5,0.0,-0.3557464279532948,-1.0273550292155575,1,1,1,-1.0,-0.408248290463863,-0.5,-1.5,0.0,-0.75,1.0,-0.8922610015174506,0.5593075689389906,0.0,1.5,-0.7403100775193798,0.6790352846407742,0.0,0,1,0,0,0.625,-1.455049700742892,1,1.6666666666666665,-1.314285714285714,0,0,0.0,0.06345988393625042,-2.9274924471299095,-1.0,0.0,0,0,0,VeryNear,Economy,Weekend,VeryHigh,Poor,2,3,1,3,1,1,3,0,4,16,10,25,3,1,1,1,3,0,1.0
332,396,699,-0.5,Hampi Ruins,Karnataka,Historical,0.6297421853689396,Nov-Feb,7,-0.5,"City, Historical",0.0,0.5,0.7727272727272727,-1.0,36-45,Knee Pain,Leisure,"Cultural Exploration, Photography",Winter,"Long walking distances, crowd congestion",South Indian Cuisine,-0.6875,https://wegobond.com/wp-content/uploads/2018/01/hampi-banner.jpg,2.0,2.3747108712413256,-0.2727272727272727,1.1021739130434784,1,0,0,1,1,0,-0.6666666666666666,-0.5,0,0,-0.3777520524326843,-0.38051604831345087,-0.36804660310886256,-0.9106194165570741,-0.8329018108945494,0.37499999999999994,1.5997209024476784,0.11367895065584012,-0.7934782608695652,0,0,-0.5,0.0,0.0,-0.6666666666666666,0.0,-0.5,0.0,0.6297421853689396,0.0,0.988009592326139,0.0,-1.0,0.0,-0.9029850746268657,0.5,0.8571428571428571,-0.8571428571428572,0.0,0,1,1,-0.5,-0.408248290463863,0.0,-1.0,-0.5,-0.5,0.0,0.928679817905918,-0.3826841261161515,-1.0,-0.5,-0.8992248062015504,0.9893568643080674,-0.5849625007211561,0,1,1,0,-0.375,0.3934525244337349,1,-0.3333333333333335,0.28571428571428603,0,0,0.0,0.0,0.0,-0.5,0.0,0,0,0,Near,Moderate,Weekend,VeryHigh,Poor,3,1,1,2,2,4,0,3,3,15,6,13,2,3,1,1,3,0,2.0
333,502,180,1.0,Marina Beach,Tamil Nadu,Beach,0.8354718647057283,Nov-Mar,960,0.0,"City, Historical",-1.0,0.5,-0.3787878787878788,-0.5,18-25,Knee Pain,Honeymoon,"Relaxation, Nightlife, Water Sports",Winter,"Crowds, sun exposure",Seafood,-0.0625,https://encrypted-tbn0.gstatic.com/licensed-image?q=tbn:ANd9GcQct7UyX_Oev4c9kXNkRrH7cu6JRlW5Xs6MNpuB-CTQjXyNxWdF7V64hL9ANP93g9qVVT1kg12v0L1opGDTWLdmYNf-&s=19,1.0,0.0,-1.02020202020202,-0.28188405797101457,1,0,0,1,0,0,0.6666666666666666,0.5,1,1,0.9820030927632087,0.112401181213591,0.9397522382331632,0.44317840078859594,0.15334801737628212,0.8749999999999998,0.6393858429103415,0.3818446804080784,-0.22463768115942026,0,0,1.0,0.0,1.0,0.3333333333333333,1.0,0.0,0.0,0.8354718647057283,0.0,-0.3932853717026379,0.1951219512195122,-0.25,0.5,-0.6194029850746269,0.0,0.0,1.682062501545334,0.0,1,0,1,0.0,0.8164965809277259,0.0,0.5,0.5,-0.16666666666666674,0.8164965809277259,-0.15174506828528062,0.7127082510025675,-0.16666666666666674,-0.09175170953613696,-0.02067183462532288,0.3808219984008859,0.415037499278844,0,0,0,0,0.666666666666667,-0.7220397155365318,1,0.33333333333333304,-0.28571428571428514,1,0,3.3103448275862064,2.5673674093613936,0.12084592145015079,1.0,0.0,0,0,0,Medium,Economy,Weekend,VeryHigh,Excellent,1,2,1,0,2,3,2,3,0,14,14,24,1,1,1,1,0,0,4.0
347,776,363,-1.0,Hampi Ruins,Karnataka,Historical,-0.04122473848434636,Nov-Feb,152,-0.5,"City, Historical",-1.0,-0.5,-0.6212121212121212,1.5,36-45,Knee Pain,Leisure,"Cultural Exploration, Photography",Winter,"Long walking distances, crowd congestion",South Indian Cuisine,-0.6875,https://wegobond.com/wp-content/uploads/2018/01/hampi-banner.jpg,-1.0,-0.810661967177002,1.2424242424242424,-0.24875776397515525,0,1,0,0,0,0,-1.0,0.0,0,0,-0.8463562614632721,-0.4469256961219502,-0.6154748500551497,0.38503011499866086,2.1830690717210692,-0.8035714285714285,-0.61477651286854,-0.8107432854465959,0.41304347826086957,0,0,-0.5,1.4142135623730951,-0.3333333333333333,-0.3333333333333333,1.0,0.25,2.9999999999999996,-0.04122473848434636,0.0,-0.38369304556354916,1.0,0.0,2.9999999999999996,-0.6343283582089553,-0.5,0.0,-0.3557464279532948,-1.0273550292155575,1,0,1,0.0,1.591751709536137,-0.5,0.5,0.0,-0.75,1.0,-0.8194233687405159,-0.14718620235236596,0.5,1.5,-0.8992248062015504,0.5685902562646779,0.0,0,0,0,1,-0.125,-0.037865688352261666,1,1.6666666666666665,-1.047619047619047,0,1,-3.3103448275862064,-1.7636154184501243,0.0,0.0,1.0,1,0,0,Near,Economy,Week,High,Poor,3,1,1,2,2,4,0,3,3,15,6,13,2,1,0,0,3,0,1.5
352,677,673,-0.5,Tarkarli Beach,Maharashtra,Beach,0.06742482588459921,Nov-Mar,288,-1.0,"Beaches, Historical",0.0,0.5,0.5,0.5,26-35,Knee Pain,Honeymoon,"Relaxation, Nightlife, Water Sports",Winter,"Crowds, sun exposure",Seafood,-0.9166666666666666,https://encrypted-tbn0.gstatic.com/images?q=tbn:ANd9GcRmtn0Vsfvni1NmF01OGM9ahIFZcrRqMoNKSjV1xzIEbR5CCG-tr4PumVg&s=10,2.0,0.04317656129529678,-0.5454545454545454,-0.541304347826087,1,0,0,1,1,0,-1.0,0.0,0,0,-0.43037863940423976,-0.8707177871687264,-0.6127903414461789,-0.6071339406971722,-0.01284555417786348,-0.6749999999999999,-0.28106686293463284,-0.8167395377888821,-0.9130434782608695,0,0,0.0,1.4142135623730951,0.0,0.0,1.0,-0.25,2.9999999999999996,0.06742482588459921,0.0,-0.3932853717026379,2.6341463414634148,0.5,0.0,-1.1791044776119404,0.0,0.0,0.32352321521291494,-1.0273550292155575,1,0,1,-0.5,-0.408248290463863,0.0,-1.0,-0.5,-1.0,0.0,0.6009104704097117,-0.3826841261161515,0.5,-0.5,-1.2403100775193798,0.0988216401488353,-0.5849625007211561,0,1,1,1,-0.375,0.3934525244337349,1,-0.3333333333333335,0.28571428571428603,0,0,0.0,0.0,0.0,-0.5,0.0,0,0,0,Near,Moderate,Week,VeryHigh,Poor,1,2,0,1,2,3,2,3,0,14,10,35,2,3,0,1,3,0,1.5
357,52,73,-1.0,Baga Beach,Goa,Beach,-0.20587395383436638,Nov-Mar,315,-1.0,"Beaches, Historical",-1.0,0.0,-0.8787878787878788,-1.0,18-25,Knee Pain,Honeymoon,"Relaxation, Nightlife, Water Sports",Winter,"Crowds, sun exposure",Seafood,-0.84375,https://encrypted-tbn0.gstatic.com/images?q=tbn:ANd9GcQeseYB8OMIYAnzRmlYP6matYpojVkK9lRx0Wgn7x8BYcxvxjfwm4QrUxM&s=10,0.0,-0.14649190439475718,-1.2121212121212122,0.09130434782608697,1,0,0,1,0,0,-1.3333333333333333,-0.5,0,0,-0.8540609197894549,-0.8842428023836327,-0.7246448253343896,-0.7425905643394917,0.1557567786251454,-0.37499999999999994,1.330184516689645,-0.14865708931917554,-0.5543478260869565,0,0,-0.75,0.7071067811865476,-0.3333333333333333,-0.6666666666666666,1.0,-1.0,0.0,-0.20587395383436638,0.0,-0.6618705035971223,1.1219512195121952,-0.5,1.0,-1.0597014925373134,0.0,0.0,-0.6953812495363997,-0.963710722590775,1,0,1,-1.0,-0.408248290463863,-0.5,-1.5,-0.5,-1.0,0.0,-1.0561456752655538,-0.3826841261161515,-1.0,-0.5,-1.1317829457364341,-0.3339983430056264,-0.5849625007211561,0,1,0,0,-0.375,0.3934525244337349,1,-0.3333333333333335,0.28571428571428603,0,0,0.0,0.0,0.0,-1.0,0.0,0,0,0,Near,Budget,Weekend,High,Poor,1,2,0,0,2,3,2,3,0,14,3,3,2,0,1,0,3,0,1.0
360,374,230,0.0,Coorg,Karnataka,Nature,0.7908114466102257,Sep-Mar,582,0.0,"Nature, Adventure",0.0,0.0,1.378787878787879,1.5,26-35,Asthma,Family Vacation,"Nature & Relaxation, Photography",Post-Monsoon,"Curvy roads, limited medical facilities",Coorgi Cuisine,-0.3854166666666667,https://images.unsplash.com/photo-1710612198146-77512950a4b7,1.0,0.061680801850423995,1.3232323232323233,-0.2239130434782608,1,0,0,1,0,0,0.0,-0.5,0,0,0.08206608361699201,0.10577071435017996,0.226987076576457,-0.024122368650518478,0.07906096584214779,-0.48214285714285715,-0.5380960455620662,-0.6658338538413493,-0.44927536231884063,0,0,-0.5,1.4142135623730951,-0.3333333333333333,-0.3333333333333333,1.0,0.5,2.0,0.7908114466102257,0.0,0.882494004796163,2.2195121951219514,0.75,1.4999999999999998,-0.19402985074626866,0.5,-0.42857142857142855,-0.3557464279532948,-1.0273550292155575,1,1,0,0.0,-0.408248290463863,0.5,-0.5,-0.5,0.0,0.0,1.6570561456752655,-0.3826841261161515,1.5,-0.5,-0.4496124031007752,1.244440311840626,-0.5849625007211561,0,0,1,1,-0.375,0.3934525244337349,1,-0.3333333333333335,0.28571428571428603,0,0,0.0,0.0,0.0,0.0,0.0,0,0,0,Medium,Premium,Week,VeryHigh,Fair,4,4,2,1,0,2,1,1,1,1,6,8,1,4,0,1,1,0,3.0
361,113,959,1.0,Jaipur,Rajasthan,City,-0.9462631909315238,Oct-Mar,660,0.5,"Nature, Adventure",-1.0,0.0,-0.030303030303030304,1.0,36-45,High Blood Pressure,Business,"Shopping, Food & Local Cuisine",All seasons,"Traffic congestion, pollution",Rajasthani Cuisine,-0.2708333333333333,https://t4.ftcdn.net/jpg/05/84/76/73/360_F_584767353_EXYOkE8NcX37UwV4WfBw7AjBaEtU6mMy.jpg,0.0,-0.43947571318427137,0.48484848484848486,-0.3217391304347825,1,0,0,1,0,0,1.0,0.0,1,1,0.5651271361337105,0.23225794871836658,1.0893548967867972,1.5690027609206825,0.48227184634073766,0.0,-0.5788815771827742,-0.5159275452841975,0.043478260869565216,0,0,0.0,2.8284271247461903,-0.3333333333333333,0.3333333333333333,1.0,0.5,0.0,-0.9462631909315238,0.0,0.5563549160671463,1.4878048780487805,1.0,0.0,0.07462686567164178,-0.5,0.42857142857142855,0.32352321521291494,-1.062437173501617,1,1,1,0.5,0.591751709536137,0.5,0.5,0.0,0.5,0.0,-0.40060698027314107,0.7948054927027761,-0.25,2.0,-0.06976744186046512,-1.374853882102766,0.0,1,0,0,0,0.875,-1.1655433674475066,1,2.1666666666666665,-1.9365079365079363,1,0,1.6551724137931032,-0.36185349621086244,-0.4894259818731118,0.5,1.0,1,0,0,Medium,Moderate,Week,High,Excellent,2,3,2,2,1,1,3,0,4,13,13,15,1,3,0,0,0,1,4.5
363,867,397,0.5,Varkala Beach,Kerala,Beach,-0.978812217357367,Nov-Mar,85,0.0,"Beaches, Historical",0.0,-0.5,-0.8636363636363636,-1.0,46-60,Knee Pain,Honeymoon,"Relaxation, Nightlife, Water Sports",Winter,"Crowds, sun exposure",Seafood,0.15625,https://encrypted-tbn0.gstatic.com/images?q=tbn:ANd9GcQhhfqvS3M6-Q5xL-XOgqAbXut9hnDO4dA-_VCx1YCE79I6gDY3_C1Zv3dOXwu2pL_OmQVlumXjSSQ8I6p748JioJniT2Wxf2InPIObpQ&s=10,0.0,-0.12336160370084816,-1.1818181818181819,0.12391304347826088,0,0,1,0,0,0,0.3333333333333333,0.0,1,0,0.1955761615601885,-0.1569547943889908,0.3168889566331564,0.38503011499866086,-0.00903993543492343,1.4999999999999998,1.0808655098036473,1.5302935665209245,0.4891304347826087,0,0,0.0,1.7320508075688772,-0.3333333333333333,0.0,2.0,0.6666666666666665,1.632993161855452,-0.9788122173573661,0.0,-1.0519584332533973,0.7088573081540591,-0.5,1.224744871391589,0.29850746268656714,-0.16666666666666674,-0.5714285714285715,0.857142857142857,-1.039957997045961,1,0,0,0.6666666666666665,0.0,1.0,0.5,0.5,0.16666666666666674,0.8164965809277259,-0.188163884673748,1.397883682631451,0.3333333333333335,1.2795130420052183,-0.20671834625322985,-0.02672098481830285,0.415037499278844,1,0,0,1,2.541666666666667,-2.795911218323418,0,2.3333333333333335,-1.596638655462185,0,1,-0.5517241379310339,-4.207850583369596,1.3172205438066464,0.5,0.0,0,0,0,Far,Budget,Weekend,High,Good,1,2,0,3,2,3,2,3,0,14,7,38,0,0,1,0,2,0,3.5
366,451,242,1.0,Fatehpur Sikri,Uttar Pradesh,Historical,-0.5644466861822672,Nov-Feb,459,1.0,"Nature, Adventure",0.0,0.0,0.6060606060606061,0.0,18-25,Knee Pain,Leisure,"Cultural Exploration, Photography",Winter,"Long walking distances, crowd congestion",Mughlai Cuisine,0.052083333333333336,https://images.unsplash.com/photo-1717761558642-32cbeccbee7e,1.0,0.4433307632999228,0.2929292929292931,0.13478260869565226,1,0,0,1,0,0,1.3333333333333333,-0.5,1,1,0.6544614735654614,0.7111150435950718,1.6870541001961545,0.338974461428855,-0.39403470763302034,0.7499999999999999,-0.09974067560296342,0.08744534665833854,-0.1449275362318841,0,0,1.0,0.0,1.0,0.3333333333333333,1.0,1.0,0.0,-0.5644466861822672,0.0,-0.24940047961630696,2.6097560975609757,0.5,1.0,0.15671641791044777,0.0,-0.42857142857142855,1.682062501545334,0.0,1,0,0,0.33333333333333326,0.4082482904638629,0.5,0.5,0.5,1.0,0.0,0.05462822458270106,0.9974170933902979,-0.5,0.2071067811865475,0.27906976744186046,0.29646669117587465,0.415037499278844,1,0,1,0,1.9375,-1.8230766832028333,0,0.6666666666666665,-0.714285714285714,1,0,2.206896551724138,-3.2927393475315814,-0.1812688821752266,1.0,0.0,0,0,0,Medium,Moderate,Week,High,Excellent,3,1,2,0,2,4,0,3,3,7,16,11,1,3,0,0,0,1,5.0
372,24,191,0.0,Kerala Backwaters,Kerala,Nature,0.7000253365850423,Sep-Mar,389,-1.0,"Nature, Adventure",0.0,0.0,0.5303030303030303,-0.5,26-35,Asthma,Family Vacation,"Nature & Relaxation, Photography",Post-Monsoon,"Curvy roads, limited medical facilities",Kerala Cuisine,0.0,https://www.backpackadventures.org/wp-content/uploads/2020/08/india0898.jpg,1.0,0.9252120277563606,0.19191919191919177,0.5876811594202898,1,0,0,1,0,0,-0.6666666666666666,0.5,0,0,0.06932124380065353,-0.8394116410491603,-0.48086678664453963,-0.7203666254538406,-0.4834811665573495,-0.12500000000000003,0.6102594167597483,0.4518009577347492,-0.18115942028985504,0,0,0.0,0.0,0.3333333333333333,-0.3333333333333333,1.0,-1.0,0.0,0.7000253365850423,0.0,0.5947242206235012,0.21951219512195122,0.5,2.0,0.007462686567164179,0.0,0.0,0.32352321521291494,0.0,1,1,1,-0.16666666666666674,0.0,0.0,-0.5,0.5,-0.8333333333333334,0.816496580927726,0.3034901365705615,0.5124532609101218,-0.5,0.2071067811865475,1.2093023255813953,0.7066018095094011,0.415037499278844,0,1,1,0,0.770833333333333,-0.5814612764333701,1,-0.3333333333333335,0.28571428571428603,1,0,0.5517241379310347,1.0827899707393538,-2.5377643504531724,-0.16666666666666674,2.0,1,0,0,Medium,Moderate,Weekend,VeryHigh,Fair,4,4,2,1,0,2,1,1,1,5,7,16,1,3,1,1,1,0,2.0
385,471,694,0.5,Hampi Ruins,Karnataka,Historical,0.9548713758739412,Nov-Feb,650,-0.5,"Beaches, Historical",-1.0,-0.5,-0.8787878787878788,-0.5,46-60,Knee Pain,Leisure,"Cultural Exploration, Photography",Winter,"Long walking distances, crowd congestion",South Indian Cuisine,-0.6875,https://wegobond.com/wp-content/uploads/2018/01/hampi-banner.jpg,-1.0,-0.5088666152659985,0.21212121212121213,0.6021739130434782,0,1,0,0,0,0,0.0,0.5,1,0,0.5575182786877013,-0.34833604917176303,0.12578655927078922,0.8010446948096717,1.129793097385741,0.37499999999999994,0.6650615179734869,-0.3177180928586301,0.41304347826086957,0,0,0.5,0.0,0.6666666666666666,0.0,0.0,-0.5,0.0,0.9548713758739412,0.0,-1.1031175059952039,0.0,-0.5,0.0,-0.9029850746268657,-0.5,-0.8571428571428571,0.0,0.0,0,0,0,0.5,-0.408248290463863,1.0,0.0,-0.5,-0.5,0.0,-1.0561456752655538,-0.3826841261161515,-0.5,-0.5,-0.8992248062015504,1.5042600442714178,-0.5849625007211561,1,0,0,0,-0.375,0.3934525244337349,1,-0.3333333333333335,0.28571428571428603,0,0,0.0,0.0,0.0,0.5,0.0,0,0,0,Near,Budget,Weekend,VeryHigh,Good,3,1,0,3,2,4,0,3,3,15,6,13,2,0,1,1,2,0,3.0
389,80,498,1.0,Spiti Trek,Himachal Pradesh,Adventure,0.6843873287195525,Apr-Jun,913,-1.0,"City, Historical",-1.0,-0.5,-0.8939393939393939,0.0,46-60,Knee Pain,Adventure,"Trekking, Adventure Sports",Summer,"High altitude, physical exertion",Himachali Cuisine,0.625,https://encrypted-tbn0.gstatic.com/images?q=tbn:ANd9GcSVhMTWqQOcmNTuyOBBWk2yd5Mz2ESU1_YGVNdtOk9y5DMIs2TGizrpcCBE&s=10,-1.0,-0.7016191210485736,0.15151515151515152,0.05869565217391305,0,1,0,0,0,0,0.0,1.5,1,1,0.9466535550909906,-0.8401855350801878,-0.24924616567212665,1.4205394871972015,1.8085602925082527,0.0,0.10167130712229726,0.5683947532792005,3.152173913043478,0,0,0.0,2.8284271247461903,-0.3333333333333333,0.3333333333333333,1.0,0.0,4.0,0.6843873287195525,0.0,-1.2182254196642686,0.24390243902439024,-0.5,1.0,1.2761194029850746,-0.5,-0.8571428571428571,0.32352321521291494,-1.062437173501617,1,0,0,1.0,-0.408248290463863,1.5,0.5,-0.5,-1.0,0.0,-1.0743550834597875,-0.3826841261161515,0.0,-0.5,1.054263565891473,1.0758977191512775,-0.5849625007211561,1,0,0,0,-0.375,0.3934525244337349,1,-0.3333333333333335,0.28571428571428603,0,0,0.0,0.0,0.0,1.0,0.0,0,0,0,Far,Budget,Week,VeryHigh,Excellent,0,0,1,3,2,0,4,2,2,3,5,32,0,0,0,1,0,0,3.0
392,165,961,-0.5,Munnar,Kerala,Nature,-0.9686980506066929,Apr-Jun,355,-0.5,"Beaches, Historical",-1.0,0.5,1.0,1.5,26-35,Knee Pain,Adventure,"Trekking, Adventure Sports",Summer,"High altitude, physical exertion",Kerala Cuisine,0.08333333333333333,https://images.unsplash.com/photo-1491497895121-1334fc14d8c9,1.0,-0.10353563167749762,0.8181818181818182,-0.37919254658385104,1,0,0,1,0,0,-0.6666666666666666,-0.5,0,0,-0.5273480993598962,-0.5387233299845926,-0.44703498376781325,-0.3116349247283203,-0.029289954759508602,-0.6964285714285714,-0.7002524672343237,-0.4409743910056216,-0.1231884057971015,0,0,-0.5,0.0,0.0,-0.6666666666666666,0.0,-0.5,0.0,-0.9686980506066929,0.0,1.275779376498801,0.0,1.5,0.0,0.20149253731343283,-0.5,0.8571428571428571,-0.8571428571428572,0.0,0,1,1,-0.125,0.6524118813159581,-0.5,0.0,1.0,-0.75,0.8164965809277259,1.0333839150227617,0.22477480641201647,0.25,1.1832508230603462,-0.5736434108527132,-0.08194228257697016,0.7369655941662062,0,1,1,1,0.203125,0.02345773691462478,1,2.1666666666666665,-1.5324675324675323,0,1,-1.2413793103448274,-4.012102385002714,1.921450151057402,-0.75,1.0,1,0,0,Medium,Premium,Week,High,Poor,4,0,0,1,2,0,4,2,2,5,7,26,1,4,0,0,3,0,2.0
395,501,323,-1.0,Taj Mahal,Uttar Pradesh,Historical,-0.06333259961196977,Nov-Feb,922,-0.5,"Nature, Adventure",0.0,0.0,0.4090909090909091,-0.5,26-35,Knee Pain,Leisure,"Cultural Exploration, Photography",Winter,"Long walking distances, crowd congestion",Mughlai Cuisine,0.07291666666666667,https://upload.wikimedia.org/wikipedia/commons/1/1d/Taj_Mahal_%28Edited%29.jpeg,1.0,0.8018504240555127,0.030303030303030304,0.47173913043478255,1,0,0,1,0,0,-1.0,0.0,0,0,-0.8473907851684044,-0.44911384462687665,-0.6160210901056068,-0.820684933436119,-0.5080180742126195,-0.37499999999999994,0.44610689942611303,0.5334166146158651,-0.13043478260869565,0,0,0.0,2.8284271247461903,-0.3333333333333333,0.3333333333333333,1.0,0.0,2.0,-0.06333259961196977,0.0,1.5827338129496402,2.6829268292682924,-0.75,0.5,-0.08955223880597014,0.5,0.42857142857142855,0.32352321521291494,-1.062437173501617,1,1,1,-1.0,-0.408248290463863,-0.5,-1.5,-0.5,-0.5,0.0,0.4916540212443095,-0.3826841261161515,-0.5,-0.5,0.23255813953488372,-0.10825731848735799,-0.5849625007211561,0,1,1,0,-0.375,0.3934525244337349,1,-0.3333333333333335,0.28571428571428603,0,0,0.0,0.0,0.0,-1.0,0.0,0,0,0,Medium,Moderate,Weekend,High,Poor,3,1,2,1,2,4,0,3,3,7,16,34,1,3,1,0,3,0,1.5
398,146,216,0.0,Hampi Ruins,Karnataka,Historical,-0.12889536962738649,Nov-Feb,112,-1.0,"City, Historical",-1.0,0.5,1.1666666666666667,1.5,36-45,Knee Pain,Leisure,"Cultural Exploration, Photography",Winter,"Long walking distances, crowd congestion",South Indian Cuisine,-0.6875,https://wegobond.com/wp-content/uploads/2018/01/hampi-banner.jpg,1.0,-0.03084040092521208,1.0404040404040402,-0.3108695652173914,1,0,0,1,0,0,-0.6666666666666666,0.5,0,0,-0.04704525343326237,-0.8804332847425661,-0.5115881906129667,-0.36183552975777783,0.032474817373361775,-0.6964285714285714,-0.6228562395505445,-0.8107432854465959,-0.6594202898550725,0,0,0.5,1.4142135623730951,0.3333333333333333,0.3333333333333333,1.0,0.0,4.0,-0.12889536962738649,0.0,0.9976019184652278,1.2439024390243902,0.5,2.0,-1.2014925373134329,-0.5,0.8571428571428571,1.0027928583791246,-1.0273550292155575,1,1,1,-0.25,0.09175170953613696,0.0,-0.5,0.0,-1.0,0.0,0.7010622154779969,1.8839833901102838,1.25,0.0,-0.3333333333333333,-0.8255476179287832,0.0,0,1,1,1,2.03125,-1.3423739501764387,1,0.16666666666666652,0.019047619047619424,1,0,0.8275862068965516,1.6856439532490661,-1.3232628398791542,-0.25,1.0,1,0,0,Near,Premium,Week,High,Fair,3,1,1,2,2,4,0,3,3,15,6,13,2,4,0,0,1,0,2.0
404,524,107,0.5,Kodaikanal,Tamil Nadu,Nature,-0.29946920316550546,Sep-Mar,130,1.0,"Nature, Adventure",-1.0,0.0,-0.4393939393939394,-1.5,18-25,Asthma,Family Vacation,"Nature & Relaxation, Photography",Post-Monsoon,"Curvy roads, limited medical facilities",South Indian Cuisine,-0.10416666666666667,https://encrypted-tbn0.gstatic.com/images?q=tbn:ANd9GcRR1MrvitA-PthZ_UMPeUYOYvzHFu6Olty-pnoL9EqaCl31ZwvMHSvu9OQ&s=10,0.0,2.2821896684656897,-0.3333333333333333,3.5152173913043483,1,0,0,1,0,0,1.0,0.0,1,0,0.32273390839792343,0.7766810972213366,1.2491644679041056,-0.5241976264439601,-0.8735642842975971,5.624999999999999,4.013993484810166,3.3666458463460343,0.21739130434782608,0,0,0.5,0.0,0.6666666666666666,0.0,0.0,1.0,0.0,-0.29946920316550546,0.0,-0.5467625899280576,0.0,-1.5,0.0,-0.06716417910447761,-0.5,0.0,0.0,0.0,0,0,1,0.5,-0.408248290463863,1.0,0.0,-0.5,1.0,0.0,-0.5280728376327769,-0.3826841261161515,-1.5,-0.5,-0.031007751937984496,-0.4822240111937456,-0.5849625007211561,1,0,0,0,-0.375,0.3934525244337349,1,-0.3333333333333335,0.28571428571428603,0,0,0.0,0.0,0.0,0.5,0.0,0,0,0,Medium,Economy,Weekend,High,Good,4,4,2,0,0,2,1,1,1,15,14,18,1,1,1,0,2,1,4.5
407,374,629,-1.0,Kerala Backwaters,Kerala,Nature,0.7908114466102257,Sep-Mar,110,1.0,"Nature, Adventure",0.0,-0.5,0.0,0.0,26-35,Asthma,Family Vacation,"Nature & Relaxation, Photography",Post-Monsoon,"Curvy roads, limited medical facilities",Kerala Cuisine,0.0,https://www.backpackadventures.org/wp-content/uploads/2020/08/india0898.jpg,0.0,-0.01927525057825757,0.5454545454545454,0.2706521739130435,0,0,1,0,0,0,0.0,1.5,0,0,-0.8074216421421517,1.0464602450078386,-0.2426723597314633,0.049098626456807556,0.1685403450614373,0.0,0.11883539165104269,0.04372267332916927,0.32608695652173914,0,0,-0.5,1.4142135623730951,-0.3333333333333333,-0.3333333333333333,1.0,0.5,2.0,0.7908114466102257,0.0,0.882494004796163,2.2195121951219514,0.75,1.4999999999999998,-0.19402985074626866,0.5,-0.42857142857142855,-0.3557464279532948,-1.0273550292155575,1,1,0,-1.0,-0.408248290463863,-0.5,-1.5,-0.5,1.0,0.0,0.0,-0.3826841261161515,0.0,-0.5,0.12403100775193798,1.244440311840626,-0.5849625007211561,0,1,0,0,-0.375,0.3934525244337349,1,-0.3333333333333335,0.28571428571428603,0,0,0.0,0.0,0.0,-1.0,0.0,0,0,0,Medium,Moderate,Week,VeryHigh,Poor,4,4,2,1,0,2,1,1,1,5,7,16,1,3,0,1,3,0,3.0
408,136,268,-0.5,Ajanta Caves,Maharashtra,Historical,-0.3547191278560994,Nov-Feb,757,-1.0,"Beaches, Historical",-1.0,0.0,0.015151515151515152,0.5,46-60,Knee Pain,Leisure,"Cultural Exploration, Photography",Winter,"Long walking distances, crowd congestion",Maharashtrian Cuisine,-1.0104166666666667,https://plus.unsplash.com/premium_photo-1697729588019-20a1f5a325d1,0.0,-0.2528912875867387,0.5757575757575758,-0.05869565217391305,1,0,0,1,0,0,-1.0,0.0,0,0,-0.46988657050639143,-0.8916088551899403,-0.6232206554987381,-0.44189683950303316,0.27730833647974734,-0.6749999999999999,-0.33553357329250477,-0.8797001873828858,-0.7282608695652174,1,0,-0.5,0.0,0.0,-0.6666666666666666,0.0,-1.0,0.0,-0.3547191278560994,0.0,0.02877697841726619,0.0,0.5,0.0,-1.3656716417910448,-0.5,0.0,-0.8571428571428572,0.0,0,1,1,-0.5,-0.408248290463863,0.0,-1.0,-0.5,-1.0,0.0,0.018209408194233685,-0.3826841261161515,0.5,-0.5,-1.37984496124031,-0.5697226509551755,-0.5849625007211561,0,1,1,1,-0.375,0.3934525244337349,1,-0.3333333333333335,0.28571428571428603,0,0,0.0,0.0,0.0,-0.5,0.0,0,0,0,Near,Moderate,Week,High,Poor,3,1,0,3,2,4,0,3,3,6,10,1,2,3,0,0,3,0,1.5
410,315,15,1.0,Ooty,Tamil Nadu,Nature,-0.7718309449135283,Apr-Jun,481,0.5,"City, Historical",-1.0,0.5,-0.12121212121212122,-1.0,36-45,Knee Pain,Adventure,"Trekking, Adventure Sports",Summer,"High altitude, physical exertion",South Indian Cuisine,-0.22916666666666666,https://t3.ftcdn.net/jpg/05/09/58/00/360_F_509580096_YjyHXMHyTm9OOkjUQS4kOxDXkxbOMWYi.jpg,1.0,1.010023130300694,-0.6767676767676768,0.667391304347826,1,0,0,1,0,0,1.0,0.0,1,1,0.6059393821495898,0.2667871739683241,1.1324535386301549,-0.1528546132310085,-0.6483846979601371,2.2499999999999996,1.147629399916279,0.8831980012492193,-0.34057971014492755,0,0,1.0,0.0,1.0,0.3333333333333333,0.0,0.5,0.0,-0.7718309449135283,0.0,-0.14388489208633093,0.0,-1.0,0.0,-0.2462686567164179,-0.5,0.8571428571428571,0.42857142857142866,0.0,0,0,1,1.0,-0.408248290463863,1.5,0.5,0.0,0.5,0.0,0.36418816388467373,1.265801340230347,-0.5,0.5,0.34108527131782945,-1.2787585926179914,0.0,1,0,1,0,1.375,-1.0558017900980132,1,0.6666666666666665,-0.714285714285714,0,0,0.0,0.1331595459300932,-1.3051359516616314,1.0,1.0,1,0,0,Medium,Economy,Weekend,High,Excellent,4,0,1,2,2,0,4,2,2,15,14,27,1,1,1,0,0,1,4.5
412,634,872,1.0,Tawang,Arunachal Pradesh,Nature,-0.17322509040754544,Sep-Mar,782,-1.0,"Nature, Adventure",-1.0,0.0,-0.015151515151515152,0.0,26-35,Asthma,Family Vacation,"Nature & Relaxation, Photography",Post-Monsoon,"Curvy roads, limited medical facilities",North East Cuisine,1.6666666666666667,https://s7ap1.scene7.com/is/image/incredibleindia/sela-pass-tawang-arunachal-pradesh-blog-ntr-hero,0.0,-0.03084040092521208,0.5151515151515151,0.25434782608695655,1,0,0,1,0,0,0.0,1.5,1,1,0.7459963381216147,-0.8826270748086642,-0.30222078953920833,0.060305921626296194,0.025256344314380695,0.0,-0.03664444636058329,1.442848219862586,2.0652173913043477,0,1,1.0,0.0,1.0,0.3333333333333333,0.0,-1.0,0.0,-0.17322509040754544,0.0,-0.009592326139088728,0.0,0.0,0.0,2.470149253731343,-0.5,0.0,0.42857142857142866,0.0,0,0,1,0.33333333333333326,0.4082482904638629,0.5,0.5,0.5,-1.0,0.0,0.09711684370257957,0.38079479158234986,0.6666666666666665,0.5801234497346432,0.847545219638243,0.6370809115052705,0.415037499278844,1,0,1,1,0.02083333333333303,0.02207016832227364,1,0.9999999999999996,-0.5563909774436087,1,0,2.206896551724138,-2.526225528320303,4.108761329305136,0.33333333333333326,2.0,1,0,0,Far,Moderate,Week,High,Excellent,4,4,2,1,0,2,1,1,1,9,1,36,0,3,0,0,0,0,3.0
425,893,970,-0.5,Ahmedabad,Gujarat,City,-0.1269046021746858,Oct-Mar,270,1.0,"Beaches, Historical",-1.0,-0.5,-0.7121212121212122,1.5,36-45,High Blood Pressure,Business,"Shopping, Food & Local Cuisine",All seasons,"Traffic congestion, pollution",Gujarati Cuisine,-0.9166666666666666,https://encrypted-tbn0.gstatic.com/images?q=tbn:ANd9GcTjjS0tleUkYu3JCgQn5BM0ooo_ueYok5FwDld1RJJHOQ&s=10,-1.0,-0.850313911223703,0.8787878787878788,-0.3605590062111801,0,1,0,0,0,0,0.3333333333333333,1.0,0,0,-0.4485656904963009,0.8193804985204399,0.2310274988638033,2.8159515070501127,2.440794349115041,-0.37499999999999994,-0.6226727703922237,-0.9206745783885073,-0.06521739130434782,0,0,-0.5,0.0,0.0,-0.6666666666666666,0.0,1.0,0.0,-0.1269046021746858,0.0,-0.8920863309352518,0.0,1.5,0.0,-1.2313432835820894,-0.5,-0.8571428571428571,-0.8571428571428572,0.0,0,0,0,0.33333333333333326,0.6718751592707803,0.0,0.5,0.5,1.0,0.0,-1.1471927162367221,0.2177201282249127,1.1666666666666665,-0.09175170953613704,-0.7260981912144704,-0.3729198112020679,0.415037499278844,1,0,0,1,0.625,-2.0711877692270777,0,0.3333333333333335,-0.07792207792207773,0,1,-2.7586206896551717,0.4505907623353383,-1.202416918429003,-0.5,0.0,0,0,0,Near,Economy,Week,High,Poor,2,3,0,2,1,1,3,0,4,2,4,0,2,1,0,0,3,0,3.5
433,83,950,0.0,Delhi,Delhi,City,0.7746359466843327,Oct-Mar,537,0.5,"Nature, Adventure",0.0,-0.5,-0.25757575757575757,0.0,26-35,High Blood Pressure,Business,"Shopping, Food & Local Cuisine",All seasons,"Traffic congestion, pollution",Street Food,0.010416666666666666,https://encrypted-tbn0.gstatic.com/images?q=tbn:ANd9GcTFxblF-zkMM4NsiVuRyJ1Yx76TMcpdDWzU6zEf57y1aQ&s=10,0.0,-0.21588280647648425,0.030303030303030304,-0.006521739130434783,0,0,1,0,0,0,0.3333333333333333,0.0,0,0,0.07979531603539264,0.5729135058856191,0.5768336726065887,0.5176258272923766,0.4371012294204219,0.18749999999999997,0.11622660659812871,0.05246720799500313,0.33695652173913043,0,0,0.0,0.0,0.3333333333333333,-0.3333333333333333,0.0,0.5,0.0,0.7746359466843327,0.0,-0.31654676258992803,0.0,0.0,0.0,0.09701492537313433,0.5,-0.8571428571428571,-0.42857142857142866,0.0,0,0,0,0.0,-0.408248290463863,0.5,-0.5,-0.5,0.5,0.0,-0.3095599393019727,-0.3826841261161515,0.0,-0.5,0.13953488372093023,1.2188233675840903,-0.5849625007211561,0,0,0,0,-0.375,0.3934525244337349,1,-0.3333333333333335,0.28571428571428603,0,0,0.0,0.0,0.0,0.0,0.0,0,0,0,Medium,Economy,Week,VeryHigh,Fair,2,3,2,1,1,1,3,0,4,16,2,9,1,1,0,1,1,0,3.5
440,914,945,0.5,Spiti Valley,Himachal Pradesh,Nature,0.8056105558963981,Sep-Mar,839,0.0,"City, Historical",0.0,-0.5,-0.2878787878787879,-1.0,46-60,Asthma,Family Vacation,"Nature & Relaxation, Photography",Post-Monsoon,"Curvy roads, limited medical facilities",Himachali Cuisine,0.625,https://storage.googleapis.com/stateless-www-justwravel-com/2021/05/1550217293_shutterstock_1129297934.jpg.jpg,0.0,0.7555898226676946,-0.030303030303030304,1.3630434782608696,0,0,1,0,0,0,0.3333333333333333,0.0,1,0,0.5295800072062831,0.10796785015665922,0.5814255882155789,-0.28678816062283125,-0.4009238647114555,1.4999999999999998,1.6564490132837386,2.3173016864459717,0.9782608695652174,0,0,0.0,1.4142135623730951,0.0,0.0,1.0,-0.25,1.0,0.8056105558963981,0.0,-0.17266187050359713,0.4634146341463415,-0.5,1.0,0.9776119402985075,0.5,-0.8571428571428571,0.32352321521291494,-1.0273550292155575,1,0,0,0.75,0.09175170953613696,1.0,0.5,0.0,0.0,0.0,-0.32776934749620634,-0.3238096451752051,-0.5,0.5,-0.09302325581395349,1.2915229802414359,0.0,1,0,0,0,-0.3125,0.3190865460551188,1,0.6666666666666665,-0.714285714285714,0,1,-0.8275862068965516,-0.06497234246170717,2.682779456193354,0.5,0.0,0,0,0,Far,Economy,Weekend,VeryHigh,Good,4,4,1,3,0,2,1,1,1,3,5,33,0,1,1,1,2,0,3.5
442,663,399,-0.5,Jaipur,Rajasthan,City,0.33115444941745886,Oct-Mar,953,-0.5,"City, Historical",-1.0,0.0,-0.6363636363636364,-1.5,46-60,High Blood Pressure,Business,"Shopping, Food & Local Cuisine",All seasons,"Traffic congestion, pollution",Rajasthani Cuisine,-0.2708333333333333,https://t4.ftcdn.net/jpg/05/84/76/73/360_F_584767353_EXYOkE8NcX37UwV4WfBw7AjBaEtU6mMy.jpg,0.0,1.6808018504240552,-0.7272727272727273,2.6673913043478263,1,0,0,1,0,0,-0.6666666666666666,-0.5,0,0,-0.40569650975674815,-0.41006907943844095,-0.3828015881352714,-0.8424273359488774,-0.7309638442509403,1.8749999999999998,4.420821481820374,2.8069956277326673,0.043478260869565216,0,0,-0.5,0.0,0.0,-0.6666666666666666,0.0,-0.5,0.0,0.33115444941745886,0.0,-0.7961630695443646,0.0,-1.5,0.0,-0.30597014925373134,-0.5,0.0,-0.8571428571428572,0.0,0,0,1,0.0,0.591751709536137,0.0,0.5,1.0,-0.25,0.8164965809277259,-0.3414264036418816,0.7565915921952288,-0.625,0.38975652100260916,-0.5852713178294574,-0.5596691892491039,0.7369655941662062,0,0,0,0,1.078125,-1.350590985088826,1,1.4166666666666665,-1.5809523809523807,0,1,-1.6551724137931032,2.957027781935575,0.716012084592145,0.25,1.0,1,0,0,Medium,Economy,Weekend,VeryHigh,Poor,2,3,1,3,1,1,3,0,4,13,13,15,1,1,1,1,3,0,2.0
450,419,303,-0.5,Valley of Flowers,Uttarakhand,Nature,-0.3423227393615792,Sep-Mar,128,-0.5,"City, Historical",0.0,0.5,0.9393939393939394,-1.0,46-60,Asthma,Family Vacation,"Nature & Relaxation, Photography",Post-Monsoon,"Curvy roads, limited medical facilities",North Indian Cuisine,0.5208333333333334,https://encrypted-tbn0.gstatic.com/images?q=tbn:ANd9GcSKohlQ-J1CgxwCnc1mL62LM__eo7IDPvD9Hm4v1DnS8PQfNYx8O_lBtpoE&s=10,2.0,2.629144178874325,-0.10606060606060606,1.281521739130435,1,0,0,1,1,0,-0.6666666666666666,-0.5,0,0,-0.4687264078220342,-0.47672718332383285,-0.4160820770488459,-0.9296281251866493,-0.9189922797692658,0.37499999999999994,1.286171589262055,2.1424109931292943,-0.16304347826086957,0,0,0.16666666666666674,1.1547005383792515,0.0,0.0,2.0,-0.33333333333333326,0.816496580927726,-0.3423227393615792,0.0,1.4036770583533171,0.32601524643517765,-0.33333333333333326,1.0801234497346432,0.1865671641791045,0.16666666666666674,0.8571428571428571,1.142857142857143,-1.0123296781699866,1,1,1,-0.75,0.09175170953613696,-0.5,-1.0,0.0,-0.75,1.0,1.0106221547799696,0.0,-0.5,0.5,0.31007751937984496,-0.3662264206330982,0.0,0,1,1,0,0.03125,0.13143131889843812,1,0.6666666666666665,-0.714285714285714,1,0,0.8275862068965516,-0.5052162284845001,1.3776435045317221,-0.5,0.0,0,0,0,Far,Premium,Weekend,High,Poor,4,4,1,3,0,2,1,1,1,10,17,37,0,4,1,0,3,0,2.0
451,140,620,-1.0,Spiti Trek,Himachal Pradesh,Adventure,0.4185013727681162,Apr-Jun,624,0.5,"Nature, Adventure",0.0,-0.5,-0.12121212121212122,0.5,26-35,Knee Pain,Adventure,"Trekking, Adventure Sports",Summer,"High altitude, physical exertion",Himachali Cuisine,0.625,https://encrypted-tbn0.gstatic.com/images?q=tbn:ANd9GcSVhMTWqQOcmNTuyOBBWk2yd5Mz2ESU1_YGVNdtOk9y5DMIs2TGizrpcCBE&s=10,0.0,-0.33616037008481114,0.30303030303030304,-0.17608695652173914,0,0,1,0,0,0,-0.3333333333333333,1.0,0,0,-0.8248436620664572,0.5024159275836001,-0.3784852603328754,0.1747180906930081,0.5802189648410965,-0.37499999999999994,-0.23576955517242798,0.21861336664584638,0.9782608695652174,0,0,0.0,2.8284271247461903,-0.3333333333333333,0.3333333333333333,1.0,0.25,1.0,0.4185013727681162,0.0,-0.4988009592326139,0.902439024390244,0.25,0.5,0.9776119402985075,0.0,-0.8571428571428571,0.32352321521291494,-1.062437173501617,1,0,0,0.0,1.005965271909232,-0.5,0.5,0.5,0.5,1.414213562373095,0.0,0.6173158738838486,0.0,0.7247448713915889,1.1472868217054264,0.15184610567781012,0.415037499278844,0,0,0,0,0.125,-0.09948961768899345,1,0.6666666666666665,-0.5142857142857138,0,1,-3.3103448275862064,1.3820482790280761,-0.21752265861027192,-1.0,0.0,0,0,0,Far,Economy,Week,VeryHigh,Poor,0,0,2,1,2,0,4,2,2,3,5,32,0,1,0,1,3,0,2.5
453,497,956,1.0,Radhanagar Beach,Andaman,Beach,0.2042650995341522,Nov-Mar,597,0.0,"Nature, Adventure",-1.0,-0.5,-1.1363636363636365,-0.5,46-60,Knee Pain,Honeymoon,"Relaxation, Nightlife, Water Sports",Winter,"Crowds, sun exposure",Seafood,1.1458333333333333,https://dynamic-media-cdn.tripadvisor.com/media/photo-o/05/76/7a/1d/radhanagar-beach.jpg,-1.0,-0.7710100231303008,-0.8181818181818182,-0.13695652173913045,0,1,0,0,0,0,0.6666666666666666,0.5,1,1,0.8343184394083927,0.01868966397071026,0.8227835229199371,2.733868447058765,2.0228815859943348,0.8749999999999998,0.5036511180221294,1.7343327087237146,4.239130434782608,0,1,0.5,1.4142135623730951,0.3333333333333333,0.3333333333333333,1.0,0.25,1.0,0.2042650995341522,0.0,-1.1798561151079137,0.6341463414634148,-0.75,0.5,0.2947761194029851,-0.5,0.0,1.0027928583791246,-1.0273550292155575,1,0,1,1.0,-0.408248290463863,1.5,0.5,-0.5,0.0,0.0,-1.3657056145675264,-0.3826841261161515,-0.5,-0.5,1.8294573643410852,0.315533932083527,-0.5849625007211561,1,0,0,0,-0.375,0.3934525244337349,1,-0.3333333333333335,0.28571428571428603,0,0,0.0,0.0,0.0,1.0,0.0,0,0,0,Far,Budget,Weekend,VeryHigh,Excellent,1,2,2,3,2,3,2,3,0,14,0,28,0,0,1,1,0,0,4.0
454,69,212,1.0,Kodaikanal,Tamil Nadu,Nature,0.7707882676021413,Sep-Mar,42,-1.0,"Nature, Adventure",0.0,-0.5,0.13636363636363635,0.5,36-45,Asthma,Family Vacation,"Nature & Relaxation, Photography",Post-Monsoon,"Curvy roads, limited medical facilities",South Indian Cuisine,-0.10416666666666667,https://encrypted-tbn0.gstatic.com/images?q=tbn:ANd9GcRR1MrvitA-PthZ_UMPeUYOYvzHFu6Olty-pnoL9EqaCl31ZwvMHSvu9OQ&s=10,0.0,-0.1788743253662298,0.8181818181818182,0.045652173913043485,0,0,1,0,0,0,0.0,1.5,1,1,0.9668689479107068,-0.8359097237715136,-0.2439091892746457,0.22371551571045384,0.3782489062294689,-0.225,-0.19031608345082393,-0.2710805746408495,0.21739130434782608,0,0,1.0,0.0,1.0,0.3333333333333333,0.0,-1.0,0.0,0.7707882676021413,0.0,0.18225419664268586,0.0,0.5,0.0,-0.06716417910447761,0.5,-0.8571428571428571,0.42857142857142866,0.0,0,1,0,1.0,-0.408248290463863,1.5,0.5,0.0,-1.0,0.0,0.10015174506828527,-0.17662344282283915,0.75,0.0,0.3953488372093023,1.0428494174375846,0.0,1,0,1,1,-0.15625,0.1885244599811714,1,0.16666666666666652,-0.021978021978021456,0,0,0.0,0.4667920111788473,-0.9969788519637462,1.0,0.0,0,0,0,Medium,Moderate,Week,VeryHigh,Excellent,4,4,2,2,0,2,1,1,1,15,14,18,1,3,0,1,0,0,3.0
457,161,579,-0.5,Fatehpur Sikri,Uttar Pradesh,Historical,-0.7801747909772855,Nov-Feb,211,0.5,"City, Historical",0.0,0.0,0.4090909090909091,-0.5,26-35,Knee Pain,Leisure,"Cultural Exploration, Photography",Winter,"Long walking distances, crowd congestion",Mughlai Cuisine,0.052083333333333336,https://images.unsplash.com/photo-1717761558642-32cbeccbee7e,1.0,0.8018504240555127,0.030303030303030304,0.47173913043478255,1,0,0,1,0,0,0.0,0.5,0,0,-0.5097044403980846,0.26513549231677486,-0.04569121512901299,-0.4352514343463124,-0.5790697135386149,0.37499999999999994,0.29195712949013014,0.5100978555069748,-0.1449275362318841,0,0,-0.5,0.0,0.0,-0.6666666666666666,0.0,0.5,0.0,-0.7801747909772855,0.0,0.5275779376498801,0.0,-0.5,0.0,0.15671641791044777,0.5,0.0,-0.8571428571428572,0.0,0,1,1,0.30000000000000004,0.9701565847451589,-0.5,0.5,1.5,0.5,1.0,0.4916540212443095,0.7691360745647999,0.10000000000000009,0.7649110640673515,0.20155038759689922,0.3645957763051332,1.0000000000000002,1,0,1,1,-0.375,0.3934525244337349,1,0.8666666666666667,-0.6373626373626373,0,1,-2.6482758620689655,-4.418706234651176,0.0,-0.5,0.0,0,0,0,Medium,Moderate,Weekend,High,Poor,3,1,1,1,2,4,0,3,3,7,16,11,1,3,1,0,3,0,3.0
461,80,468,-1.0,Zanskar Valley,Ladakh,Adventure,0.6843873287195525,Apr-Jun,159,1.0,"City, Historical",-1.0,-0.5,-1.0454545454545454,-1.0,26-35,Knee Pain,Adventure,"Trekking, Adventure Sports",Summer,"High altitude, physical exertion",Tibetan Cuisine,1.0416666666666667,https://www.swantour.com/blogs/wp-content/uploads/2019/05/Zanskar-Valley-tourism.jpg,-1.0,-0.4009252120277564,-0.45454545454545453,0.9065217391304349,0,1,0,0,0,0,0.0,1.5,0,0,-0.8124016929991807,1.0201266511442937,-0.24924616567212665,0.5668756632871851,0.777025839651995,1.1249999999999998,1.6173472427574727,3.01686445971268,4.021739130434782,0,1,0.0,2.8284271247461903,-0.3333333333333333,0.3333333333333333,1.0,0.0,4.0,0.6843873287195525,0.0,-1.2182254196642686,0.24390243902439024,-0.5,1.0,1.2761194029850746,-0.5,-0.8571428571428571,0.32352321521291494,-1.062437173501617,1,0,0,-0.16666666666666674,0.6718751592707803,-0.5,0.0,0.5,1.0,0.0,-1.0257966616084977,0.20801990604431192,-0.16666666666666674,1.541241452319315,0.24806201550387597,-0.3112242387280061,0.415037499278844,0,1,0,0,0.4166666666666665,-1.2904479750940991,1,1.333333333333333,-1.1428571428571428,0,1,-2.7586206896551717,3.811489406292399,3.3353474320241694,-1.0,0.0,0,0,0,Far,Budget,Weekend,VeryHigh,Poor,0,0,1,1,2,0,4,2,2,17,8,39,0,0,1,1,3,0,3.0
474,795,418,-0.5,Tawang,Arunachal Pradesh,Nature,-0.31786200469435283,Apr-Jun,373,0.5,"Beaches, Historical",-1.0,0.5,1.0,1.5,46-60,Knee Pain,Adventure,"Trekking, Adventure Sports",Summer,"High altitude, physical exertion",North East Cuisine,1.6666666666666667,https://s7ap1.scene7.com/is/image/incredibleindia/sela-pass-tawang-arunachal-pradesh-blog-ntr-hero,1.0,-0.10353563167749762,0.8181818181818182,-0.37919254658385104,1,0,0,1,0,0,0.0,0.5,0,0,-0.4664371578840038,0.3566512682006213,0.0,0.13560682917048253,0.08299104861737501,-0.48214285714285715,-0.6402714074745451,0.3185509056839475,0.9782608695652174,0,1,0.0,1.0,0.0,0.0,2.0,0.0,1.414213562373095,-0.31786200469435283,0.0,-0.12470023980815348,2.2452276044614745,0.3333333333333335,1.4719601443879746,1.2014925373134329,-0.16666666666666674,-0.28571428571428575,0.857142857142857,-1.0,1,0,1,-0.375,-0.05469489987058931,0.0,-0.5,1.0,0.625,0.7071067811865475,0.6874051593323216,0.6247263137436568,0.75,0.4128709291752768,0.6802325581395349,-0.49920305103380624,0.7369655941662062,0,1,1,1,1.390625,-0.886930132466495,1,1.1666666666666665,-0.6373626373626373,0,1,-0.4137931034482758,-0.03338378333960515,4.5,-0.5,1.0,1,0,0,Far,Premium,Week,High,Poor,4,0,0,3,2,0,4,2,2,9,1,36,0,4,0,0,3,0,3.0
484,448,524,1.0,Jaipur,Rajasthan,City,0.032493862707660484,Oct-Mar,476,1.0,"Nature, Adventure",0.0,0.5,0.25757575757575757,-1.5,18-25,High Blood Pressure,Business,"Shopping, Food & Local Cuisine",All seasons,"Traffic congestion, pollution",Rajasthani Cuisine,-0.2708333333333333,https://t4.ftcdn.net/jpg/05/84/76/73/360_F_584767353_EXYOkE8NcX37UwV4WfBw7AjBaEtU6mMy.jpg,2.0,4.410177332305319,-0.7878787878787878,2.5369565217391306,1,0,0,1,1,0,1.3333333333333333,-0.5,1,1,0.7941287947993825,0.8588220698473102,1.8714188571841632,-0.7295071164471326,-1.043810366344184,6.374999999999999,4.228149532743653,2.8069956277326673,-0.5760869565217391,0,0,-0.16666666666666674,2.0816659994661326,-0.3333333333333333,0.3333333333333333,2.0,1.0,0.0,0.032493862707660484,0.0,0.8792965627498004,0.846544105446837,-0.33333333333333326,1.7795130420052183,-0.4800995024875621,0.16666666666666674,0.5714285714285715,0.5714285714285714,-1.0495798165131978,1,1,1,0.5,0.8164965809277259,0.0,0.5,0.5,1.0,0.0,1.1289833080424885,1.8119208864495515,-0.33333333333333326,1.2795130420052183,-0.9147286821705426,-0.4292062724881418,0.415037499278844,1,0,1,0,2.4375,-1.3499367660558126,1,2.0,-1.8681318681318677,1,0,1.6551724137931032,1.2988924021521786,1.486404833836858,0.25,1.0,1,0,0,Medium,Moderate,Weekend,VeryHigh,Excellent,2,3,2,0,1,1,3,0,4,13,13,15,1,3,1,1,0,1,5.0
497,488,281,0.5,Bangalore,Karnataka,City,0.15893093468678973,Oct-Mar,228,1.0,"Nature, Adventure",0.0,0.5,0.25757575757575757,-1.5,46-60,High Blood Pressure,Business,"Shopping, Food & Local Cuisine",All seasons,"Traffic congestion, pollution",Multi Cuisine,-0.4375,https://media.istockphoto.com/id/1382384282/photo/bangalore-or-bengaluru.jpg,2.0,4.410177332305319,-0.7878787878787878,2.5369565217391306,1,0,0,1,1,0,1.0,0.0,1,0,0.4085361135604289,0.890107670975943,1.362425770290842,-0.777168248055012,-1.0391613494946066,5.624999999999999,4.309716629902822,2.247345409119301,-0.6630434782608695,0,0,0.5,0.0,0.6666666666666666,0.0,0.0,1.0,0.0,0.15893093468678973,0.0,0.33573141486810554,0.0,-1.5,0.0,-0.5447761194029851,0.5,0.8571428571428571,0.0,0.0,0,1,1,0.5,0.29885849072268444,0.5,0.5,0.5,0.8333333333333335,0.816496580927726,1.0440060698027316,1.972417763496352,-0.33333333333333326,1.773030282830976,-0.4883720930232558,0.648462036950105,0.415037499278844,1,0,1,0,2.145833333333334,-1.2140608346592896,1,2.0,-1.8681318681318677,0,0,0.0,-1.1120856875439789,-0.0906344410876133,0.25,1.0,1,0,0,Medium,Moderate,Weekend,VeryHigh,Good,2,3,2,3,1,1,3,0,4,8,6,4,1,3,1,1,2,1,4.5
498,235,735,-1.0,Sandakphu,West Bengal,Adventure,0.24038730890428667,Apr-Jun,7,0.0,"City, Historical",-1.0,-0.5,-1.121212121212121,-1.5,36-45,Knee Pain,Adventure,"Trekking, Adventure Sports",Summer,"High altitude, physical exertion",North East Cuisine,0.8333333333333334,https://aquaterra.in/wp-content/uploads/2020/01/Sandakphu-Trek-03.jpg,-1.0,0.2004626060138781,-0.7575757575757576,2.6021739130434787,0,1,0,0,0,0,-0.6666666666666666,0.5,0,0,-0.8331783996614185,0.024052513726162683,-0.4979018605928707,-0.48975718169234567,-0.12830164791619408,1.8749999999999998,4.3622657745961515,6.514678326046222,3.5869565217391304,0,1,-1.0,0.0,-0.3333333333333333,-1.0,0.0,0.0,0.0,0.24038730890428667,0.0,-1.410071942446043,0.0,-1.5,0.0,1.2761194029850746,-0.5,-0.8571428571428571,-1.2857142857142856,0.0,0,0,0,-0.5,0.591751709536137,-0.5,-0.5,0.0,0.0,0.0,-1.3201820940819422,-0.2943724047047319,-0.75,0.9999999999999999,0.11627906976744186,0.1823909978868047,0.0,0,1,0,0,-0.28125,0.09485602956128063,1,1.1666666666666665,-1.4285714285714284,0,1,-1.6551724137931032,0.5230355661001215,2.9184290030211484,-1.0,0.0,0,0,0,Far,Budget,Weekend,VeryHigh,Poor,0,0,1,2,2,0,4,2,2,9,18,31,0,0,1,1,3,0,2.0
499,748,607,-1.0,Hyderabad,Telangana,City,0.22590370922699127,Oct-Mar,573,-0.5,"Beaches, Historical",-1.0,-0.5,-0.7727272727272727,1.0,36-45,High Blood Pressure,Business,"Shopping, Food & Local Cuisine",All seasons,"Traffic congestion, pollution",Hyderabadi Cuisine,-0.71875,https://t4.ftcdn.net/jpg/03/60/89/09/360_F_360890991_Ykybj5JO5HYBaqWeROz9cR2jWXN8HZxf.jpg,-1.0,-0.8172706245181187,0.6363636363636364,-0.2673913043478261,0,1,0,0,0,0,-1.0,0.0,0,0,-0.8338561507615956,-0.42048638070791633,-0.6088746522380011,0.40569438184962947,2.3398754666995627,-0.7499999999999999,-0.4528501715522938,-0.7666042057047681,0.34782608695652173,0,0,-1.0,0.0,-0.3333333333333333,-1.0,0.0,-0.5,0.0,0.22590370922699127,0.0,-0.9688249400479616,0.0,1.0,0.0,-0.9477611940298507,-0.5,-0.8571428571428571,-1.2857142857142856,0.0,0,0,0,-1.0,-0.408248290463863,-0.5,-1.5,-0.5,-0.5,0.0,-0.928679817905918,-0.3826841261161515,1.0,-0.5,-0.9457364341085271,0.3498027374267901,-0.5849625007211561,0,1,0,1,-0.375,0.3934525244337349,1,-0.3333333333333335,0.28571428571428603,0,0,0.0,0.0,0.0,-1.0,0.0,0,0,0,Near,Economy,Week,VeryHigh,Poor,2,3,0,2,1,1,3,0,4,4,15,14,2,1,0,1,3,0,1.5
502,845,725,0.5,Munnar,Kerala,Nature,0.17414642906723662,Apr-Jun,29,-1.0,"Nature, Adventure",-1.0,0.0,-0.2878787878787879,0.0,26-35,Knee Pain,Adventure,"Trekking, Adventure Sports",Summer,"High altitude, physical exertion",Kerala Cuisine,0.08333333333333333,https://images.unsplash.com/photo-1491497895121-1334fc14d8c9,0.0,-0.23901310717039326,-0.030303030303030304,-0.0391304347826087,1,0,0,1,0,0,-0.3333333333333333,1.0,1,0,0.4113841122032668,-0.8654363464382238,-0.3905602825167112,0.05132418861812449,0.358946776347244,-0.18749999999999997,0.019379641424375715,0.11367895065584012,0.41304347826086957,0,0,0.5,0.0,0.6666666666666666,0.0,0.0,-1.0,0.0,0.17414642906723662,0.0,-0.354916067146283,0.0,0.0,0.0,0.20149253731343283,-0.5,0.0,0.0,0.0,0,0,1,0.25,0.09175170953613696,0.5,0.0,0.0,-0.25,2.9999999999999996,-0.5189681335356601,0.17662344282283912,0.5,0.5,0.5736434108527132,0.7811617714398001,0.0,1,0,0,1,0.21875,-0.4099891383138438,1,0.6666666666666665,-0.3809523809523805,1,0,0.8275862068965516,-1.4105019249402233,-0.7613293051359518,0.25,1.0,1,0,0,Medium,Economy,Week,VeryHigh,Good,4,0,2,1,2,0,4,2,2,5,7,26,1,1,0,1,2,0,2.5
504,731,576,0.0,Red Fort,Delhi,Historical,0.7246497284002762,Nov-Feb,578,1.0,"City, Historical",0.0,-0.5,0.030303030303030304,0.5,18-25,Knee Pain,Leisure,"Cultural Exploration, Photography",Winter,"Long walking distances, crowd congestion",Mughlai Cuisine,0.010416666666666666,https://upload.wikimedia.org/wikipedia/commons/d/d6/Delhi%2C_India%2C_Red_Fort_Facade.jpg,0.0,-0.24363916730917506,0.6060606060606061,-0.045652173913043485,0,0,1,0,0,0,0.6666666666666666,0.5,0,0,0.0727780934131423,1.0300891831546888,0.919215825084308,0.8143876595687876,0.4735793635632801,0.07500000000000005,-0.19626906330230592,-0.19412866958151156,0.33695652173913043,0,0,0.0,0.0,0.3333333333333333,-0.3333333333333333,0.0,1.0,0.0,0.7246497284002762,0.0,0.047961630695443645,0.0,0.5,0.0,0.09701492537313433,0.5,-0.8571428571428571,-0.42857142857142866,0.0,0,1,0,0.5,0.591751709536137,0.5,0.5,0.0,1.0,0.0,-0.2731411229135053,0.618182049879937,-0.5,1.5,0.3643410852713178,0.4729291480518473,0.0,1,0,0,0,0.6875,-0.8286293233611783,1,1.6666666666666665,-1.714285714285714,0,1,-1.6551724137931032,1.8320239250512407,-0.5256797583081572,0.5,1.0,1,0,0,Medium,Moderate,Week,VeryHigh,Fair,3,1,1,0,2,4,0,3,3,7,2,29,1,3,0,1,1,0,4.0
509,277,568,1.0,Radhanagar Beach,Andaman,Beach,0.1996256729608073,Nov-Mar,805,1.0,"Beaches, Historical",0.0,-0.5,-0.6212121212121212,0.0,46-60,Knee Pain,Honeymoon,"Relaxation, Nightlife, Water Sports",Winter,"Crowds, sun exposure",Seafood,1.1458333333333333,https://dynamic-media-cdn.tripadvisor.com/media/photo-o/05/76/7a/1d/radhanagar-beach.jpg,0.0,-0.49344641480339246,-0.696969696969697,-0.3978260869565218,0,0,1,0,0,0,1.3333333333333333,-0.5,1,1,0.8332329439050874,0.9001771808890261,1.9230374239569983,2.0772039671279834,0.892281932028193,0.7499999999999999,0.02348893454876904,1.0056214865708932,1.5217391304347827,0,1,0.0,2.8284271247461903,-0.3333333333333333,0.3333333333333333,1.0,0.75,1.0,0.1996256729608073,0.0,-0.5083932853717026,0.6829268292682927,0.0,0.0,1.0149253731343284,0.0,0.0,0.32352321521291494,-1.062437173501617,1,0,1,0.75,0.09175170953613696,1.0,0.5,0.0,1.0,0.0,-0.8012139605462821,-0.20606068329331237,-0.75,0.9999999999999999,1.5968992248062015,0.4958641362432575,0.0,1,0,0,0,-0.1875,0.07526678375819923,1,1.1666666666666665,-1.4285714285714284,1,0,0.8275862068965516,-0.5156945364558134,0.5438066465256798,1.0,0.0,0,0,0,Far,Economy,Week,VeryHigh,Excellent,1,2,0,3,2,3,2,3,0,14,0,28,0,1,0,1,0,1,5.0
512,547,295,-0.5,Marina Beach,Tamil Nadu,Beach,0.14960533948973034,Nov-Mar,916,-1.0,"Beaches, Historical",-1.0,-0.5,-1.1363636363636365,-0.5,46-60,Knee Pain,Honeymoon,"Relaxation, Nightlife, Water Sports",Winter,"Crowds, sun exposure",Seafood,-0.0625,https://encrypted-tbn0.gstatic.com/licensed-image?q=tbn:ANd9GcQct7UyX_Oev4c9kXNkRrH7cu6JRlW5Xs6MNpuB-CTQjXyNxWdF7V64hL9ANP93g9qVVT1kg12v0L1opGDTWLdmYNf-&s=19,-1.0,-0.7710100231303008,-0.8181818181818182,-0.13695652173913045,0,1,0,0,0,0,-1.0,0.0,0,0,-0.42268746666403917,-0.8666508363465486,-0.6107598289674224,0.2713766473183333,2.0021135776210945,-0.37499999999999994,0.4918970813079179,0.3818446804080784,1.7173913043478262,0,0,-0.75,0.7071067811865476,-0.3333333333333333,-0.6666666666666666,1.0,-0.75,1.0,0.14960533948973034,0.0,-0.08633093525179857,3.4146341463414633,-0.75,0.5,-0.6194029850746269,0.0,0.0,-0.6953812495363997,-0.963710722590775,1,0,1,-0.75,0.09175170953613696,-0.5,-1.0,0.0,-0.75,1.0,-1.329286798179059,-0.2649351642342587,0.25,0.9999999999999999,-0.5503875968992248,0.6107745847476118,0.0,0,1,0,1,-0.25,-0.01089650693282602,1,1.1666666666666665,-0.8051948051948048,1,0,0.8275862068965516,-1.0491106369897798,1.3595166163141994,-0.75,1.0,1,0,0,Medium,Budget,Weekend,VeryHigh,Poor,1,2,0,3,2,3,2,3,0,14,14,24,1,0,1,1,3,0,1.5
513,661,590,-0.5,Konark Sun Temple,Odisha,Historical,0.8713193903341625,Nov-Feb,171,0.5,"Nature, Adventure",-1.0,0.5,0.19696969696969696,-1.0,18-25,Knee Pain,Leisure,"Cultural Exploration, Photography",Winter,"Long walking distances, crowd congestion",Odia Cuisine,0.3125,https://cdn.britannica.com/19/251919-050-D3E64798/konark-sun-temple-orissa-india-unesco-heritage-site.jpg,1.0,1.4957594448727831,-0.2525252525252524,1.1239130434782612,1,0,0,1,0,0,0.0,0.5,0,0,-0.3551431402712207,0.5920521942872012,0.11752896428526374,-0.6248088929150698,-0.648987713193877,1.1249999999999998,1.6776440583718026,1.7926296064959402,0.03623188405797093,0,0,-0.5,0.0,0.0,-0.6666666666666666,0.0,0.5,0.0,0.8713193903341625,0.0,0.2589928057553957,0.0,-1.0,0.0,0.5298507462686567,-0.5,0.8571428571428571,-0.8571428571428572,0.0,0,1,1,-0.25,0.09175170953613696,0.0,-0.5,0.0,0.5,0.0,0.5553869499241274,0.6476192903504101,-0.5,0.5,1.5968992248062015,0.7240806290551305,0.0,0,1,1,0,0.71875,-0.4421425582269345,1,0.6666666666666665,-0.714285714285714,0,1,-0.8275862068965516,1.7801666577761028,-2.356495468277946,-0.5,0.0,0,0,0,Far,Moderate,Weekend,VeryHigh,Poor,3,1,2,0,2,4,0,3,3,11,11,20,0,3,1,1,3,0,3.0
516,695,724,1.0,Kerala Backwaters,Kerala,Nature,0.8089206127232019,Apr-Jun,161,1.0,"Beaches, Historical",0.0,0.5,0.6666666666666666,-0.5,46-60,Knee Pain,Adventure,"Trekking, Adventure Sports",Summer,"High altitude, physical exertion",Kerala Cuisine,0.0,https://www.backpackadventures.org/wp-content/uploads/2020/08/india0898.jpg,2.0,1.0639938319198148,-0.3787878787878788,0.17826086956521733,1,0,0,1,1,0,1.3333333333333333,-0.5,1,1,0.9757908455859942,1.0509411787950134,2.111217827704426,-0.06225127393682187,-0.5250792480537863,1.375,0.6336762607541584,0.4518009577347492,-0.43478260869565216,0,0,0.75,0.7071067811865476,0.6666666666666666,0.3333333333333333,1.0,0.0,4.0,0.8089206127232019,0.0,1.6019184652278178,1.902439024390244,0.5,2.0,0.007462686567164179,0.5,0.8571428571428571,1.3424276799622294,-0.963710722590775,1,1,1,1.0,-0.408248290463863,1.5,0.5,-0.5,1.0,0.0,0.8012139605462821,-0.3826841261161515,-0.5,-0.5,0.12403100775193798,1.2731195799296369,-0.5849625007211561,1,0,1,0,-0.375,0.3934525244337349,1,-0.3333333333333335,0.28571428571428603,0,0,0.0,0.0,0.0,1.0,0.0,0,0,0,Medium,Moderate,Weekend,VeryHigh,Excellent,4,0,0,3,2,0,4,2,2,5,7,16,1,3,1,1,0,1,5.0
520,917,146,0.0,Kovalam Beach,Kerala,Beach,-0.9784802385953099,Nov-Mar,709,-0.5,"Nature, Adventure",-1.0,0.0,-0.6363636363636364,0.0,46-60,Knee Pain,Honeymoon,"Relaxation, Nightlife, Water Sports",Winter,"Crowds, sun exposure",Seafood,0.2604166666666667,https://eastindiantraveller.com/wp-content/uploads/2021/01/kovalambeach.jpg,0.0,-0.505011565150347,-0.7272727272727273,-0.41413043478260875,1,0,0,1,0,0,-0.3333333333333333,0.0,0,0,-0.16631265086198183,-0.5396915321955001,-0.2564042416920959,0.45866475603098594,0.6214624356943275,-0.18749999999999997,-0.16651601781115116,0.26233603997501564,0.5978260869565217,0,0,-0.25,0.7071067811865476,0.0,-0.3333333333333333,1.0,0.25,2.9999999999999996,-0.9784802385953099,0.0,-0.709832134292566,0.21951219512195122,0.5,1.0,0.22388059701492538,0.0,-0.42857142857142855,-0.01611160637019009,-0.963710722590775,1,0,0,0.0,-0.408248290463863,0.5,-0.5,-0.5,-0.5,0.0,-0.7647951441578148,-0.3826841261161515,0.0,-0.5,0.5116279069767442,-1.5575656033465888,-0.5849625007211561,0,0,0,0,-0.375,0.3934525244337349,1,-0.3333333333333335,0.28571428571428603,0,0,0.0,0.0,0.0,0.0,0.0,0,0,0,Far,Economy,Week,High,Fair,1,2,2,3,2,3,2,3,0,14,7,21,0,1,0,0,1,0,2.5
522,247,873,0.0,Gokarna Beach,Karnataka,Beach,0.6703847000761181,Nov-Mar,135,-0.5,"City, Historical",0.0,-0.5,-0.7424242424242424,-0.5,18-25,Knee Pain,Honeymoon,"Relaxation, Nightlife, Water Sports",Winter,"Crowds, sun exposure",Seafood,-0.75,https://realtalktravel.com/wp-content/uploads/Om-Beach-Gokarna.webp,0.0,-0.3700848111025443,-0.9393939393939394,-0.2239130434782608,0,0,1,0,0,0,-0.3333333333333333,0.0,0,0,0.0651601979726545,-0.37649341322995805,-0.13418399676237405,0.22371551571045384,0.7048263803809499,0.12500000000000003,0.6038854932468138,-0.38767437018530093,-0.45652173913043476,0,0,0.0,0.0,0.3333333333333333,-0.3333333333333333,0.0,-0.5,0.0,0.6703847000761181,0.0,-0.9304556354916067,0.0,-0.5,0.0,-0.9925373134328358,0.5,-0.8571428571428571,-0.42857142857142866,0.0,0,0,0,0.25,0.09175170953613696,0.5,0.0,0.0,-0.5,0.0,-0.6737481031866464,0.323809645175205,0.25,0.9999999999999999,-0.4806201550387597,0.7370475268031279,0.0,1,0,0,1,0.375,-0.7482766336903806,1,1.1666666666666665,-0.8051948051948048,0,1,-0.8275862068965516,0.8701477955400907,-1.1963746223564955,0.25,1.0,1,0,0,Near,Economy,Weekend,VeryHigh,Fair,1,2,1,0,2,3,2,3,0,14,6,12,2,1,1,1,1,0,2.5
523,320,863,1.0,Coorg,Karnataka,Nature,-0.14956136228879027,Apr-Jun,135,0.5,"Nature, Adventure",-1.0,0.5,-0.12121212121212122,-1.0,46-60,Knee Pain,Adventure,"Trekking, Adventure Sports",Summer,"High altitude, physical exertion",Coorgi Cuisine,-0.3854166666666667,https://images.unsplash.com/photo-1710612198146-77512950a4b7,1.0,1.010023130300694,-0.6767676767676768,0.667391304347826,1,0,0,1,0,0,1.0,0.0,1,1,0.7515329858211226,0.3899667297852568,1.286203630621704,-0.1528546132310085,-0.5922029082373083,2.2499999999999996,1.3483487091768012,0.6208619612742037,-0.44927536231884063,0,0,1.0,0.0,1.0,0.3333333333333333,0.0,0.5,0.0,-0.14956136228879027,0.0,-0.14388489208633093,0.0,-1.0,0.0,-0.4701492537313433,-0.5,0.8571428571428571,0.42857142857142866,0.0,0,0,1,0.0,1.591751709536137,-0.5,0.5,0.0,0.5,0.0,0.16388467374810317,0.618182049879937,-0.75,0.0,0.06976744186046512,0.46166676375710675,0.0,0,0,1,0,0.6875,-0.5713534479635721,1,0.16666666666666652,-0.28571428571428514,1,0,3.3103448275862064,-1.9412528880070026,-1.2145015105740182,1.0,0.0,0,0,0,Medium,Economy,Weekend,High,Excellent,4,0,2,3,2,0,4,2,2,1,6,8,1,1,1,0,0,1,4.5
525,780,386,1.0,Leh Ladakh,Ladakh,Adventure,0.8120369363350204,Apr-Jun,290,0.5,"Nature, Adventure",0.0,-0.5,-0.7121212121212122,-1.5,26-35,Knee Pain,Adventure,"Trekking, Adventure Sports",Summer,"High altitude, physical exertion",Tibetan Cuisine,1.1458333333333333,https://encrypted-tbn0.gstatic.com/images?q=tbn:ANd9GcR6syC-08_34gV3HDUrcoT836XfFU1TJFrrucb9MfdLPiXz7ULyfUkGJEq2&s=10,0.0,1.4494988434849652,-0.8787878787878788,2.341304347826087,0,0,1,0,0,0,1.0,0.0,1,1,0.9765199777780863,0.5803171094377209,1.5237949109936484,-0.3196213846193704,-0.6415525246504052,5.624999999999999,4.731048442304101,7.564022485946285,1.5217391304347827,0,1,0.75,0.7071067811865476,0.6666666666666666,0.3333333333333333,1.0,0.0,2.0,0.8120369363350204,0.0,-0.6522781774580336,0.6097560975609757,-0.5,2.0,1.2761194029850746,0.0,0.0,1.3424276799622294,-0.963710722590775,1,0,1,0.6666666666666665,0.4082482904638629,0.5,0.5,0.5,0.5,0.0,-0.34597875569044,0.6404452698215711,-0.8333333333333333,0.5801234497346432,0.34108527131782945,-0.04500511416825828,0.415037499278844,1,0,0,0,1.375,-1.7130064861136662,0,1.0,-1.314285714285714,1,0,1.1034482758620694,3.6354619450008303,3.480362537764351,1.0,0.0,0,0,0,Far,Economy,Weekend,VeryHigh,Excellent,0,0,2,1,2,0,4,2,2,17,8,22,0,1,1,1,0,1,4.5
531,409,627,0.5,Tawang,Arunachal Pradesh,Nature,-0.8244850153145468,Sep-Mar,499,-0.5,"City, Historical",0.0,-0.5,0.0,0.0,26-35,Asthma,Family Vacation,"Nature & Relaxation, Photography",Post-Monsoon,"Curvy roads, limited medical facilities",North East Cuisine,1.6666666666666667,https://s7ap1.scene7.com/is/image/incredibleindia/sela-pass-tawang-arunachal-pradesh-blog-ntr-hero,0.0,-0.01927525057825757,0.5454545454545454,0.2706521739130435,0,0,1,0,0,0,0.0,0.5,1,0,0.22446274591828522,-0.5244496951112881,-0.050070475345643926,0.049098626456807556,-0.0921603356270216,0.0,-0.14167966415558858,1.442848219862586,2.0652173913043477,0,1,0.75,0.7071067811865476,0.6666666666666666,0.3333333333333333,1.0,-0.25,1.0,-0.8244850153145468,0.0,-0.60431654676259,1.5609756097560976,-0.25,0.5,1.0,0.0,-0.8571428571428571,1.3424276799622294,-0.963710722590775,1,0,0,0.75,0.09175170953613696,1.0,0.5,0.0,-0.25,1.0,-0.2549317147192716,0.4415586070570978,-0.25,0.0,1.3643410852713178,-0.1880911973384012,0.0,1,0,0,0,0.5,-0.6019084996377002,1,0.16666666666666652,-0.1587301587301586,0,1,-0.8275862068965516,-3.092871312289668,2.9003021148036257,0.75,1.0,1,0,0,Far,Moderate,Week,High,Good,4,4,1,1,0,2,1,1,1,9,1,36,0,3,0,0,2,0,3.0
549,297,70,0.0,Baga Beach,Goa,Beach,-0.8880768126409566,Nov-Mar,41,0.0,"Beaches, Historical",-1.0,0.5,0.16666666666666666,1.0,18-25,Knee Pain,Honeymoon,"Relaxation, Nightlife, Water Sports",Winter,"Crowds, sun exposure",Seafood,-0.84375,https://encrypted-tbn0.gstatic.com/images?q=tbn:ANd9GcQeseYB8OMIYAnzRmlYP6matYpojVkK9lRx0Wgn7x8BYcxvxjfwm4QrUxM&s=10,1.0,-0.3392444101773324,-0.2929292929292931,-0.6007246376811595,1,0,0,1,0,0,0.0,-0.5,0,0,-0.15362153343975904,-0.14348384807980422,0.040318542262801634,0.4560635322988657,0.307054221492075,-0.37499999999999994,-0.5726253767700896,-0.8365604830314388,-0.7681159420289856,0,0,0.0,0.0,0.3333333333333333,-0.3333333333333333,0.0,0.0,0.0,-0.8880768126409566,0.0,0.22062350119904076,0.0,1.0,0.0,-1.126865671641791,-0.5,0.8571428571428571,-0.42857142857142866,0.0,0,1,1,0.25,0.29885849072268444,0.5,0.5,1.0,0.0,0.0,0.22306525037936265,1.1828955944192863,0.5,0.5,-0.4108527131782946,-0.4446812448171974,0.7369655941662062,1,0,1,1,-0.296875,0.32447727400201143,1,0.6666666666666665,-0.3809523809523805,0,1,-0.8275862068965516,-2.664547896146421,-1.6858006042296074,0.0,2.0,1,0,0,Near,Moderate,Week,High,Fair,1,2,0,0,2,3,2,3,0,14,3,3,2,3,0,0,1,0,3.0
552,812,602,1.0,Calangute Beach,Goa,Beach,0.5199683729416799,Nov-Mar,572,1.0,"Nature, Adventure",-1.0,0.5,0.16666666666666666,1.0,26-35,Knee Pain,Honeymoon,"Relaxation, Nightlife, Water Sports",Winter,"Crowds, sun exposure",Seafood,-0.8489583333333334,https://encrypted-tbn0.gstatic.com/images?q=tbn:ANd9GcQawETYRiYBsH6-h7nyRef7D05VLNnIS00HBpFyaZdOJDehCXzhEkUfAY5Vf_tWlUzd5qaIpJnkr2vAOF1xcvRS_dDd2Lq-Y2B30QDq-g&s=10,1.0,-0.3392444101773324,-0.2929292929292931,-0.6007246376811595,1,0,0,1,0,0,1.3333333333333333,-0.5,1,1,0.9081841377322974,0.9794428090722317,2.021975088929975,1.56418484218206,0.6079847502105938,0.12500000000000003,-0.42123233376041874,-0.8394753279200501,-0.7717391304347826,0,0,1.0,0.0,1.0,0.3333333333333333,0.0,1.0,0.0,0.5199683729416799,0.0,0.22062350119904076,0.0,1.0,0.0,-1.1343283582089552,-0.5,0.8571428571428571,0.42857142857142866,0.0,0,1,1,1.0,-0.408248290463863,1.5,0.5,-0.5,1.0,0.0,0.20030349013657053,-0.3826841261161515,1.0,-0.5,-1.1395348837209303,0.8155094007576457,-0.5849625007211561,1,0,1,1,-0.375,0.3934525244337349,1,-0.3333333333333335,0.28571428571428603,0,0,0.0,0.0,0.0,1.0,0.0,0,0,0,Near,Moderate,Week,VeryHigh,Excellent,1,2,2,1,2,3,2,3,0,14,3,6,2,3,0,1,0,1,5.0
556,50,628,-1.0,Coorg,Karnataka,Nature,-0.3271267639774931,Apr-Jun,35,1.0,"Beaches, Historical",-1.0,0.5,0.5606060606060606,0.5,46-60,Knee Pain,Adventure,"Trekking, Adventure Sports",Summer,"High altitude, physical exertion",Coorgi Cuisine,-0.3854166666666667,https://images.unsplash.com/photo-1710612198146-77512950a4b7,1.0,0.08018504240555122,0.23232323232323246,-0.20652173913043487,1,0,0,1,0,0,0.0,1.5,0,0,-0.8597348701405468,0.7698375077407327,-0.3117272788204394,-0.039674948438352835,-0.10761392228849198,-0.225,-0.33197349555563843,-0.45996252342286076,-0.44927536231884063,0,0,-1.0,0.0,-0.3333333333333333,-1.0,0.0,1.0,0.0,-0.3271267639774931,0.0,0.7194244604316546,0.0,0.5,0.0,-0.4701492537313433,-0.5,0.8571428571428571,-1.2857142857142856,0.0,0,1,1,-0.5,1.005965271909232,-0.5,0.5,1.0,0.75,0.8164965809277259,0.8831562974203337,0.12320265242017525,0.625,0.17700320038632997,-0.7441860465116279,-0.34039595994050614,0.7369655941662062,0,1,1,1,0.34375,-0.09126345180962303,1,-0.08333333333333348,0.1257142857142859,0,1,-1.6551724137931032,-0.510065428126767,0.6888217522658611,-1.0,0.0,0,0,0,Medium,Moderate,Week,High,Poor,4,0,0,3,2,0,4,2,2,1,6,8,1,3,0,0,3,0,3.0
558,60,180,-0.5,Ooty,Tamil Nadu,Nature,-0.41957858250557756,Apr-Jun,960,0.0,"City, Historical",-1.0,0.5,0.3333333333333333,0.0,18-25,Knee Pain,Adventure,"Trekking, Adventure Sports",Summer,"High altitude, physical exertion",South Indian Cuisine,-0.22916666666666666,https://t3.ftcdn.net/jpg/05/09/58/00/360_F_509580096_YjyHXMHyTm9OOkjUQS4kOxDXkxbOMWYi.jpg,1.0,0.23515805705474163,-0.07070707070707057,-0.06086956521739123,1,0,0,1,0,0,-0.3333333333333333,0.0,0,0,-0.4759566867378529,-0.07392870007745903,-0.2149762898345264,-0.3305657926182168,-0.24494967361300887,-0.18749999999999997,-0.07637634403687887,-0.14865708931917554,-0.34057971014492755,0,0,-0.5,1.0,-0.3333333333333333,-0.3333333333333333,2.0,-0.16666666666666674,2.160246899469287,-0.41957858250557756,0.0,-0.27817745803357313,1.4125299742019766,0.16666666666666652,0.40824829046386296,0.4452736318407959,-0.5,0.28571428571428564,0.0,-1.0,1,0,1,0.0,0.8164965809277259,0.0,0.5,0.5,-0.16666666666666674,0.8164965809277259,-0.15174506828528062,0.7127082510025675,-0.16666666666666674,-0.09175170953613696,-0.02067183462532288,0.3808219984008859,0.415037499278844,0,0,0,0,1.520833333333333,-1.636743352312149,0,0.0,0.0,0,1,-1.6551724137931032,-2.8941190903501166,-0.4592145015105743,-0.5,1.0,1,0,0,Medium,Moderate,Week,High,Poor,4,0,1,0,2,0,4,2,2,15,14,27,1,3,0,0,3,0,2.5
560,493,256,1.0,Mumbai,Maharashtra,City,0.3889038010700702,Oct-Mar,242,0.0,"Beaches, Historical",0.0,0.0,0.7272727272727273,1.0,18-25,High Blood Pressure,Business,"Shopping, Food & Local Cuisine",All seasons,"Traffic congestion, pollution",Street Food,-1.421875,https://t4.ftcdn.net/jpg/01/46/43/87/360_F_146438747_3XYwVkfnYZuukBZYmDM8xeoqENzyhAqa.jpg,1.0,-0.053970701619121104,0.45454545454545453,-0.33260869565217394,1,0,0,1,0,0,0.6666666666666666,0.5,1,1,0.8775187093307267,0.046101874703247225,0.8569988591733246,0.5131485694746665,0.14373992945309427,-0.12500000000000003,-0.4353243988230837,-1.1601082656672914,-1.1702898550724639,1,0,0.75,0.7071067811865476,0.6666666666666666,0.3333333333333333,1.0,-0.25,1.0,0.3889038010700702,0.0,0.5371702637889688,1.0,1.25,0.5,-1.5932835820895523,0.5,-0.42857142857142855,1.3424276799622294,-0.963710722590775,1,1,0,1.0,-0.408248290463863,1.5,0.5,0.0,0.25,1.0,0.6555386949924127,0.323809645175205,0.25,0.9999999999999999,-0.43023255813953487,0.3524289585403077,0.0,1,0,1,1,0.375,-0.15717701423065367,1,1.1666666666666665,-0.8051948051948048,0,0,0.0,0.7020961186321317,-3.652567975830816,1.0,1.0,1,0,0,VeryNear,Moderate,Week,VeryHigh,Excellent,2,3,0,0,1,1,3,0,4,16,10,25,3,3,0,1,0,0,4.0
562,967,51,-1.0,Varkala Beach,Kerala,Beach,-0.9952733158754978,Nov-Mar,951,1.0,"City, Historical",-1.0,0.0,-0.6363636363636364,0.0,26-35,Knee Pain,Honeymoon,"Relaxation, Nightlife, Water Sports",Winter,"Crowds, sun exposure",Seafood,0.15625,https://encrypted-tbn0.gstatic.com/images?q=tbn:ANd9GcQhhfqvS3M6-Q5xL-XOgqAbXut9hnDO4dA-_VCx1YCE79I6gDY3_C1Zv3dOXwu2pL_OmQVlumXjSSQ8I6p748JioJniT2Wxf2InPIObpQ&s=10,0.0,-0.505011565150347,-0.7272727272727273,-0.41413043478260875,1,0,0,1,0,0,0.0,1.5,0,0,-0.8910003753131509,0.6045112613246274,-0.35299861711438607,0.7916213937423682,0.6171488313825388,0.0,-0.16922440575598713,0.1748906933166771,0.4891304347826087,0,0,-1.0,0.0,-0.3333333333333333,-1.0,0.0,1.0,0.0,-0.9952733158754978,0.0,-0.7961630695443646,0.0,0.0,0.0,0.30597014925373134,-0.5,0.0,-1.2857142857142856,0.0,0,0,1,-1.0,-0.408248290463863,-0.5,-1.5,-0.5,1.0,0.0,-0.7647951441578148,-0.3826841261161515,0.0,-0.5,0.35658914728682173,-1.5841605974149728,-0.5849625007211561,0,1,0,0,-0.375,0.3934525244337349,1,-0.3333333333333335,0.28571428571428603,0,0,0.0,0.0,0.0,-1.0,0.0,0,0,0,Far,Economy,Week,High,Poor,1,2,1,1,2,3,2,3,0,14,7,38,0,1,0,0,3,0,3.0
563,511,613,1.0,Konark Sun Temple,Odisha,Historical,0.7381121319137554,Nov-Feb,146,0.0,"Beaches, Historical",0.0,-0.5,0.2878787878787879,1.5,36-45,Knee Pain,Leisure,"Cultural Exploration, Photography",Winter,"Long walking distances, crowd congestion",Odia Cuisine,0.3125,https://cdn.britannica.com/19/251919-050-D3E64798/konark-sun-temple-orissa-india-unesco-heritage-site.jpg,0.0,-0.41414252670999013,1.121212121212121,-0.28602484472049694,0,0,1,0,0,0,0.6666666666666666,0.5,1,1,0.9592236499855453,0.09794676028257118,0.9217105385932353,1.1921344506995382,0.8205005366107502,-0.26785714285714285,-0.5429528151954651,-0.3310430980637102,0.6521739130434783,0,0,1.0,0.0,1.0,0.3333333333333333,1.0,-0.25,1.0,0.7381121319137554,0.0,0.6810551558752997,0.7804878048780488,0.25,2.5,0.31343283582089554,0.5,0.0,1.682062501545334,0.0,1,1,1,1.0,-0.408248290463863,1.5,0.5,-0.5,0.0,0.0,0.34597875569044,-0.3826841261161515,1.5,-0.5,0.5891472868217055,1.160981042382369,-0.5849625007211561,1,0,1,1,-0.375,0.3934525244337349,1,-0.3333333333333335,0.28571428571428603,0,0,0.0,0.0,0.0,1.0,0.0,0,0,0,Far,Moderate,Week,VeryHigh,Excellent,3,1,0,2,2,4,0,3,3,11,11,20,0,3,0,1,0,0,4.0
564,632,129,1.0,Kovalam Beach,Kerala,Beach,-0.6391013831743356,Nov-Mar,240,0.0,"City, Historical",0.0,0.0,-0.7272727272727273,-1.5,26-35,Knee Pain,Honeymoon,"Relaxation, Nightlife, Water Sports",Winter,"Crowds, sun exposure",Seafood,0.2604166666666667,https://eastindiantraveller.com/wp-content/uploads/2021/01/kovalambeach.jpg,1.0,1.4032382420971472,-1.4848484848484849,1.0369565217391306,1,0,0,1,0,0,0.6666666666666666,0.5,1,1,0.6369943714129909,-0.10651994569645024,0.6664995610491676,-0.4047651688815819,-0.7414252547617471,4.874999999999999,3.794889937159732,4.590880699562774,0.0,0,0,0.0,1.7320508075688772,0.0,0.3333333333333333,2.0,0.5,1.414213562373095,-0.6391013831743356,0.0,-0.847322142286171,0.9709237053252753,-0.33333333333333326,1.7795130420052183,-0.5572139303482587,0.16666666666666674,0.0,0.857142857142857,-1.039957997045961,1,0,1,1.0,-0.408248290463863,1.5,0.5,-0.5,0.0,0.0,-0.8740515933232169,-0.3826841261161515,-1.5,-0.5,0.5116279069767442,-1.0200954008182999,-0.5849625007211561,1,0,0,0,-0.375,0.3934525244337349,1,-0.3333333333333335,0.28571428571428603,0,0,0.0,0.0,0.0,1.0,0.0,0,0,0,Far,Economy,Weekend,High,Excellent,1,2,1,1,2,3,2,3,0,14,7,21,0,1,1,0,0,0,4.0
567,52,784,-0.5,Gokarna Beach,Karnataka,Beach,-0.20587395383436638,Nov-Mar,904,-1.0,"Beaches, Historical",0.0,0.0,-0.18181818181818182,0.0,18-25,Knee Pain,Honeymoon,"Relaxation, Nightlife, Water Sports",Winter,"Crowds, sun exposure",Seafood,-0.75,https://realtalktravel.com/wp-content/uploads/Om-Beach-Gokarna.webp,1.0,-0.1580570547417117,-0.7575757575757576,-0.43043478260869567,1,0,0,1,0,0,-1.0,0.0,0,0,-0.455956334557186,-0.8842428023836327,-0.6195429955524153,-0.503942552995981,0.17081765633555637,-0.5624999999999999,-0.04191005591161657,-0.5858838226108682,-0.7028985507246378,0,0,-0.75,0.7071067811865476,-0.3333333333333333,-0.6666666666666666,1.0,-1.0,0.0,-0.20587395383436638,0.0,-0.6618705035971223,1.1219512195121952,-0.5,1.0,-1.0597014925373134,0.0,0.0,-0.6953812495363997,-0.963710722590775,1,0,1,-0.5,-0.408248290463863,0.0,-1.0,-0.5,-1.0,0.0,-0.21851289833080423,-0.3826841261161515,0.0,-0.5,-0.9922480620155039,-0.3339983430056264,-0.5849625007211561,0,1,0,0,-0.375,0.3934525244337349,1,-0.3333333333333335,0.28571428571428603,0,0,0.0,0.0,0.0,-0.5,0.0,0,0,0,Near,Economy,Week,High,Poor,1,2,0,0,2,3,2,3,0,14,6,12,2,1,0,0,3,0,1.5
571,640,579,1.0,Kodaikanal,Tamil Nadu,Nature,-0.5021853134893348,Apr-Jun,211,0.5,"City, Historical",0.0,0.0,-0.10606060606060606,-1.0,18-25,Knee Pain,Adventure,"Trekking, Adventure Sports",Summer,"High altitude, physical exertion",South Indian Cuisine,-0.10416666666666667,https://encrypted-tbn0.gstatic.com/images?q=tbn:ANd9GcRR1MrvitA-PthZ_UMPeUYOYvzHFu6Olty-pnoL9EqaCl31ZwvMHSvu9OQ&s=10,1.0,1.0331534309946029,-0.6565656565656565,0.6891304347826088,1,0,0,1,0,0,1.0,0.0,1,1,0.6690288859426899,0.3201640865384486,1.1990774614349926,-0.16318072910644876,-0.6313078228151774,2.2499999999999996,1.2346063089535002,1.093066833229232,-0.2536231884057971,0,0,0.33333333333333326,2.3094010767585034,-0.3333333333333333,0.3333333333333333,2.0,0.5,0.0,-0.5021853134893348,0.0,-0.27817745803357313,0.928112077582461,-0.6666666666666667,0.8164965809277259,1.3258706467661694,-0.16666666666666674,0.0,1.4285714285714284,-1.0543455006054911,1,0,1,0.30000000000000004,0.9701565847451589,-0.5,0.5,1.5,0.5,1.0,0.4916540212443095,0.7691360745647999,0.10000000000000009,0.7649110640673515,0.20155038759689922,0.3645957763051332,1.0000000000000002,1,0,1,1,1.75,-1.273034505539111,1,1.8666666666666667,-1.4065934065934065,1,0,2.3172413793103446,-3.2090052367862816,-0.5438066465256798,1.0,1.0,1,0,0,Medium,Economy,Weekend,High,Excellent,4,0,1,0,2,0,4,2,2,15,14,18,1,1,1,0,0,1,4.5
572,914,408,-0.5,Spiti Valley,Himachal Pradesh,Nature,0.8056105558963981,Sep-Mar,403,-0.5,"City, Historical",0.0,-0.5,0.0,0.0,46-60,Asthma,Family Vacation,"Nature & Relaxation, Photography",Post-Monsoon,"Curvy roads, limited medical facilities",Himachali Cuisine,0.625,https://storage.googleapis.com/stateless-www-justwravel-com/2021/05/1550217293_shutterstock_1129297934.jpg.jpg,0.0,-0.01927525057825757,0.5454545454545454,0.2706521739130435,0,0,1,0,0,0,-0.6666666666666666,-0.5,0,0,-0.3612927489077203,-0.36310929377432993,-0.35935590733904954,-0.3693070598707702,0.17092884646376857,-0.37499999999999994,0.12122219238543022,0.5683947532792005,0.9782608695652174,0,0,0.0,1.4142135623730951,0.0,0.0,1.0,-0.25,1.0,0.8056105558963981,0.0,-0.17266187050359713,0.4634146341463415,-0.5,1.0,0.9776119402985075,0.5,-0.8571428571428571,0.32352321521291494,-1.0273550292155575,1,0,0,-0.25,0.09175170953613696,0.0,-0.5,0.0,-0.75,1.0,-0.15477996965098634,0.11774896188189272,0.0,-0.5,0.26356589147286824,0.33689741852437444,0.0,0,1,0,0,0.15625,-0.17643105551920793,1,-0.3333333333333335,0.28571428571428603,0,1,-0.8275862068965516,2.5581172819166276,1.8489425981873113,-0.5,0.0,0,0,0,Far,Moderate,Week,VeryHigh,Poor,4,4,1,3,0,2,1,1,1,3,5,33,0,3,0,1,3,0,2.0
575,484,325,-1.0,Munnar,Kerala,Nature,-0.14167270967677706,Sep-Mar,756,0.5,"Beaches, Historical",-1.0,0.5,1.1515151515151516,1.0,18-25,Asthma,Family Vacation,"Nature & Relaxation, Photography",Post-Monsoon,"Curvy roads, limited medical facilities",Kerala Cuisine,0.08333333333333333,https://images.unsplash.com/photo-1491497895121-1334fc14d8c9,1.0,0.16191210485736313,1.0202020202020203,-0.1297101449275361,1,0,0,1,0,0,-0.3333333333333333,1.0,0,0,-0.8510566622271062,0.3915283049479751,-0.40616677301228354,-0.2874686419491846,-0.15040709848450928,-0.49999999999999994,-0.4923719945493392,-0.3177180928586301,-0.1231884057971015,0,0,-0.5,1.4142135623730951,-0.3333333333333333,-0.3333333333333333,1.0,0.5,0.0,-0.14167270967677706,0.0,1.1510791366906474,0.8048780487804879,0.5,1.0,0.5149253731343284,0.0,0.8571428571428571,-0.3557464279532948,-1.0273550292155575,1,1,1,-1.0,-0.408248290463863,-0.5,-1.5,-0.5,0.5,0.0,1.38391502276176,-0.3826841261161515,1.0,-0.5,0.24806201550387597,-0.23232360650165304,-0.5849625007211561,0,1,1,1,-0.375,0.3934525244337349,1,-0.3333333333333335,0.28571428571428603,0,0,0.0,0.0,0.0,-1.0,0.0,0,0,0,Medium,Premium,Week,High,Poor,4,4,0,0,0,2,1,1,1,5,7,26,1,4,0,0,3,0,2.5
594,699,462,0.5,Coorg,Karnataka,Nature,-0.8638117302833153,Sep-Mar,218,-0.5,"City, Historical",-1.0,0.0,-0.15151515151515152,-0.5,46-60,Asthma,Family Vacation,"Nature & Relaxation, Photography",Post-Monsoon,"Curvy roads, limited medical facilities",Coorgi Cuisine,-0.3854166666666667,https://images.unsplash.com/photo-1710612198146-77512950a4b7,0.0,0.2313030069390902,0.24242424242424243,0.623913043478261,1,0,0,1,0,0,0.0,0.5,1,0,0.21710166858107702,-0.5283420975497609,-0.053957206250066024,-0.15285461323100866,-0.3023378796987394,0.37499999999999994,0.27397183913268247,0.02040391422027893,-0.07608695652173914,0,0,0.5,0.0,0.6666666666666666,0.0,0.0,-0.5,0.0,-0.8638117302833153,0.0,-0.18225419664268586,0.0,-0.5,0.0,-0.4701492537313433,-0.5,0.0,0.0,0.0,0,0,1,0.5,-0.408248290463863,1.0,0.0,-0.5,-0.5,0.0,-0.18209408194233687,-0.3826841261161515,-0.5,-0.5,-0.4496124031007752,-1.3759664689231552,-0.5849625007211561,1,0,0,0,-0.375,0.3934525244337349,1,-0.3333333333333335,0.28571428571428603,0,0,0.0,0.0,0.0,0.5,0.0,0,0,0,Medium,Economy,Weekend,High,Good,4,4,1,3,0,2,1,1,1,1,6,8,1,1,1,0,2,0,3.0
598,974,15,1.0,Valley of Flowers,Uttarakhand,Nature,-0.833031113651049,Sep-Mar,481,0.5,"City, Historical",-1.0,0.5,0.7272727272727273,0.0,18-25,Asthma,Family Vacation,"Nature & Relaxation, Photography",Post-Monsoon,"Curvy roads, limited medical facilities",North Indian Cuisine,0.5208333333333334,https://encrypted-tbn0.gstatic.com/images?q=tbn:ANd9GcSKohlQ-J1CgxwCnc1mL62LM__eo7IDPvD9Hm4v1DnS8PQfNYx8O_lBtpoE&s=10,1.0,0.5358519660755588,0.45454545454545453,0.22173913043478263,1,0,0,1,0,0,1.0,0.0,1,1,0.5916202616902261,0.2546724735048831,1.1173322281306077,0.11536785006769726,-0.4727253929141737,0.5624999999999999,-0.1430579791197716,0.480949406620862,0.18115942028985516,0,0,1.0,0.0,1.0,0.3333333333333333,0.0,0.5,0.0,-0.833031113651049,0.0,0.9304556354916067,0.0,0.0,0.0,0.8283582089552238,-0.5,0.8571428571428571,0.42857142857142866,0.0,0,1,1,1.0,-0.408248290463863,1.5,0.5,0.0,0.5,0.0,0.36418816388467373,1.265801340230347,-0.5,0.5,0.34108527131782945,-1.2787585926179914,0.0,1,0,1,0,1.375,-1.0558017900980132,1,0.6666666666666665,-0.714285714285714,0,0,0.0,-0.1331595459300932,1.3051359516616314,1.0,1.0,1,0,0,Far,Moderate,Week,High,Excellent,4,4,1,0,0,2,1,1,1,10,17,37,0,3,0,0,0,1,4.5
600,118,458,0.5,Mumbai,Maharashtra,City,-0.820731501037593,Oct-Mar,377,-0.5,"Nature, Adventure",-1.0,0.5,-0.015151515151515152,-1.0,36-45,High Blood Pressure,Business,"Shopping, Food & Local Cuisine",All seasons,"Traffic congestion, pollution",Street Food,-1.421875,https://t4.ftcdn.net/jpg/01/46/43/87/360_F_146438747_3XYwVkfnYZuukBZYmDM8xeoqENzyhAqa.jpg,1.0,1.171935235158057,-0.5353535353535355,0.8195652173913043,1,0,0,1,0,0,0.0,0.5,1,0,0.22516531944625254,-0.524078187139263,-0.049699508689720284,-0.5494539525951441,-0.6989862284704702,1.1249999999999998,1.131856033964055,-1.1193004372267334,-1.1702898550724639,1,0,-0.16666666666666674,1.1547005383792515,0.0,0.0,2.0,-0.33333333333333326,0.8164965809277259,-0.820731501037593,0.0,-0.2973621103117506,1.3039089175242595,-0.33333333333333326,1.0801234497346432,-0.3482587064676616,-0.16666666666666674,0.0,0.5714285714285714,-1.0123296781699866,1,0,1,0.5,-0.408248290463863,1.0,0.0,-0.5,-0.5,0.0,-0.018209408194233685,-0.3826841261161515,-1.0,-0.5,-1.9922480620155039,-1.307740829146799,-0.5849625007211561,1,0,0,0,-0.375,0.3934525244337349,1,-0.3333333333333335,0.28571428571428603,0,0,0.0,0.0,0.0,0.5,0.0,0,0,0,VeryNear,Moderate,Weekend,High,Good,2,3,2,2,1,1,3,0,4,16,10,25,3,3,1,0,2,0,3.0
605,797,805,1.0,Varkala Beach,Kerala,Beach,0.6366863338401277,Nov-Mar,428,0.0,"Beaches, Historical",-1.0,0.5,-0.015151515151515152,0.5,18-25,Knee Pain,Honeymoon,"Relaxation, Nightlife, Water Sports",Winter,"Crowds, sun exposure",Seafood,0.15625,https://encrypted-tbn0.gstatic.com/images?q=tbn:ANd9GcQhhfqvS3M6-Q5xL-XOgqAbXut9hnDO4dA-_VCx1YCE79I6gDY3_C1Zv3dOXwu2pL_OmQVlumXjSSQ8I6p748JioJniT2Wxf2InPIObpQ&s=10,1.0,-0.2713955281418659,-0.5353535353535355,-0.5369565217391306,1,0,0,1,0,0,0.6666666666666666,0.5,1,1,0.9354928621419331,0.08288867480329717,0.9029153577509226,0.8675588725186483,0.5043829517464613,0.07500000000000005,-0.20761845417039285,-0.0961898813241724,-0.07246376811594211,0,0,1.0,0.0,1.0,0.3333333333333333,0.0,0.0,0.0,0.6366863338401277,0.0,-0.009592326139088728,0.0,0.5,0.0,0.30597014925373134,-0.5,0.8571428571428571,0.42857142857142866,0.0,0,0,1,0.0,1.005965271909232,-0.5,0.5,0.5,0.0,0.0,0.20030349013657053,0.11688241043002452,-0.33333333333333326,0.5801234497346434,0.08268733850129187,0.28823965090249365,0.415037499278844,0,0,1,0,0.375,-0.2758451274236133,1,1.333333333333333,-1.2527472527472523,1,0,3.3103448275862064,1.9567256889768774,0.6404833836858009,1.0,0.0,0,0,0,Far,Moderate,Week,VeryHigh,Excellent,1,2,0,0,2,3,2,3,0,14,7,38,0,3,0,1,0,0,4.0
610,106,327,-0.5,Ellora Caves,Maharashtra,Historical,-0.004872404862839787,Nov-Feb,175,0.0,"City, Historical",-1.0,0.0,-0.3787878787878788,-1.0,18-25,Knee Pain,Leisure,"Cultural Exploration, Photography",Winter,"Long walking distances, crowd congestion",Maharashtrian Cuisine,-1.1041666666666667,https://indiaholidaymall.com/images/blog/Ellora-Caves-Unesco-World-Heritage-Site.jpg,0.0,0.6168080185042405,-0.21212121212121213,1.1673913043478261,1,0,0,1,0,0,-0.3333333333333333,0.0,0,0,-0.43714484791187286,-0.012359738429316936,-0.1842366644009212,-0.5025493468858026,-0.4200171453250031,0.7499999999999999,1.395019586884921,-0.5858838226108682,-0.8260869565217391,1,0,-0.25,0.7071067811865476,0.0,-0.3333333333333333,1.0,-0.5,2.0,-0.004872404862839787,0.0,-0.1342925659472422,0.8536585365853658,0.0,2.0,-0.9328358208955224,-0.5,0.0,-0.01611160637019009,-0.963710722590775,1,0,1,-0.25,0.09175170953613696,0.0,-0.5,0.0,-0.25,1.0,-0.3186646433990895,0.05887448094094632,0.0,1.5,-1.755813953488372,0.024530577435519018,0.0,0,1,0,0,0.09375,-0.16110527289344084,1,1.6666666666666665,-1.314285714285714,0,1,-0.8275862068965516,-0.11047453724163082,0.5528700906344411,-0.5,0.0,0,0,0,Near,Economy,Weekend,High,Poor,3,1,1,0,2,4,0,3,3,6,10,10,2,1,1,0,3,0,2.5
619,273,165,-0.5,Delhi,Delhi,City,0.8455467935579932,Oct-Mar,519,0.0,"City, Historical",0.0,-0.5,0.10606060606060606,1.5,46-60,High Blood Pressure,Business,"Shopping, Food & Local Cuisine",All seasons,"Traffic congestion, pollution",Street Food,0.010416666666666666,https://encrypted-tbn0.gstatic.com/images?q=tbn:ANd9GcTFxblF-zkMM4NsiVuRyJ1Yx76TMcpdDWzU6zEf57y1aQ&s=10,0.0,-0.49344641480339246,0.7575757575757576,-0.3978260869565218,0,0,1,0,0,0,-0.3333333333333333,0.0,0,0,-0.3575551657633159,0.11389694602625602,-0.1212003050932387,0.4355427673010288,1.0558940082626174,-0.5892857142857142,-0.5330516351658289,-0.475952529668957,0.33695652173913043,0,0,-0.5,0.0,0.0,-0.6666666666666666,0.0,0.0,0.0,0.8455467935579932,0.0,0.14388489208633093,0.0,1.5,0.0,0.09701492537313433,0.5,-0.8571428571428571,-0.8571428571428572,0.0,0,1,0,0.3999999999999999,0.5137061552654256,0.0,0.5,1.5,0.19999999999999996,1.2649110640673515,-0.10561456752655538,-0.0029551340015912925,0.20000000000000018,1.1278820596099706,-0.15193798449612403,-0.3402901752312759,1.0000000000000002,1,0,0,1,0.425,-0.4413679155924054,1,2.266666666666666,-1.6402116402116396,0,1,-2.9793103448275855,4.592658537630743,0.681570996978852,0.5,2.0,1,0,0,Medium,Moderate,Week,VeryHigh,Poor,2,3,1,3,1,1,3,0,4,16,2,9,1,3,0,1,3,0,2.5
625,891,863,-1.0,Konark Sun Temple,Odisha,Historical,0.7426390689938388,Nov-Feb,135,0.5,"Nature, Adventure",-1.0,0.5,0.3939393939393939,-0.5,26-35,Knee Pain,Leisure,"Cultural Exploration, Photography",Winter,"Long walking distances, crowd congestion",Odia Cuisine,0.3125,https://cdn.britannica.com/19/251919-050-D3E64798/konark-sun-temple-orissa-india-unesco-heritage-site.jpg,1.0,0.7864302235929065,0.010101010101009954,0.45724637681159414,1,0,0,1,0,0,-0.3333333333333333,1.0,0,0,-0.8096758387959596,0.5665796575158835,-0.362467700739998,-0.5590402953678562,-0.42129082787009803,0.12500000000000003,0.6194230752693265,0.8015823443681033,0.03623188405797093,0,0,-1.0,0.0,-0.3333333333333333,-1.0,0.0,0.5,0.0,0.7426390689938388,0.0,0.5083932853717026,0.0,-0.5,0.0,0.5298507462686567,-0.5,0.8571428571428571,-1.2857142857142856,0.0,0,1,1,0.0,1.591751709536137,-0.5,0.5,0.0,0.5,0.0,0.16388467374810317,0.618182049879937,-0.75,0.0,0.06976744186046512,0.46166676375710675,0.0,0,0,1,0,0.6875,-0.5713534479635721,1,0.16666666666666652,-0.28571428571428514,0,1,-3.3103448275862064,1.9412528880070106,1.2145015105740182,-1.0,0.0,0,0,0,Far,Moderate,Weekend,VeryHigh,Poor,3,1,2,1,2,4,0,3,3,11,11,20,0,3,1,1,3,0,2.5
644,123,551,-1.0,Mumbai,Maharashtra,City,0.8369114593728965,Oct-Mar,944,-1.0,"Nature, Adventure",0.0,0.5,0.7424242424242424,-0.5,36-45,High Blood Pressure,Business,"Shopping, Food & Local Cuisine",All seasons,"Traffic congestion, pollution",Street Food,-1.421875,https://t4.ftcdn.net/jpg/01/46/43/87/360_F_146438747_3XYwVkfnYZuukBZYmDM8xeoqENzyhAqa.jpg,2.0,1.141094834232845,-0.30303030303030304,0.232608695652174,1,0,0,1,1,0,-1.3333333333333333,-0.5,0,0,-0.8052644205215448,-0.8326374179980401,-0.7117622775058587,-0.984494170549287,-0.548946111252244,-0.625,0.6396954133979859,-1.1397043514470124,-1.1766304347826086,1,0,-0.25,1.9148542155126762,-0.3333333333333333,0.3333333333333333,3.0,0.0,2.309401076758503,0.8369114593728965,0.0,0.09592326139088729,1.7279817935160608,-0.125,1.060660171779821,-0.9981343283582089,0.25,0.0,0.7734943873793169,-1.0454054793874945,1,1,1,-0.25,1.0917517095361369,-0.5,0.0,0.0,-1.0,0.0,0.8376327769347496,-0.20606068329331237,0.25,0.9999999999999999,-1.2209302325581395,0.21956393523104487,0.0,0,1,1,1,-0.1875,0.2649114021129108,1,1.1666666666666665,-0.8051948051948048,0,1,-2.482758620689655,3.0167317146348895,-1.8036253776435047,-1.0,0.0,0,0,0,VeryNear,Moderate,Weekend,VeryHigh,Poor,2,3,2,2,1,1,3,0,4,16,10,25,3,3,1,1,3,0,1.0
646,259,668,-1.0,Ooty,Tamil Nadu,Nature,-0.1198415610772914,Sep-Mar,322,0.5,"Nature, Adventure",0.0,-0.5,0.4090909090909091,1.5,26-35,Asthma,Family Vacation,"Nature & Relaxation, Photography",Post-Monsoon,"Curvy roads, limited medical facilities",South Indian Cuisine,-0.22916666666666666,https://t3.ftcdn.net/jpg/05/09/58/00/360_F_509580096_YjyHXMHyTm9OOkjUQS4kOxDXkxbOMWYi.jpg,0.0,-0.36127326798105514,1.3636363636363635,-0.21149068322981357,0,0,1,0,0,0,-0.3333333333333333,1.0,0,0,-0.8500350871137989,0.39584982613838143,-0.4050879669130704,0.21065767143432257,0.5131754637481785,-0.5892857142857142,-0.6220218404186777,-0.5908806995627733,0.08695652173913043,0,0,-1.0,0.0,-0.3333333333333333,-1.0,0.0,0.5,0.0,-0.1198415610772914,0.0,0.5275779376498801,0.0,1.5,0.0,-0.2462686567164179,0.5,-0.8571428571428571,-1.2857142857142856,0.0,0,1,0,-0.5,0.8164965809277259,-0.5,0.0,0.5,0.33333333333333326,0.8164965809277259,-0.09104704097116843,0.7777556399236832,0.5,1.3708286933869707,0.1912144702842376,0.6606360319053435,0.415037499278844,0,1,0,1,1.625,-1.6769025007525908,0,1.6666666666666665,-1.047619047619047,0,1,-1.6551724137931032,-2.3586453877955367,-0.9546827794561932,-1.0,0.0,0,0,0,Medium,Moderate,Week,High,Poor,4,4,2,1,0,2,1,1,1,15,14,27,1,3,0,0,3,0,2.5
648,511,292,1.0,Red Fort,Delhi,Historical,0.7381121319137554,Nov-Feb,775,-0.5,"Beaches, Historical",0.0,0.5,0.7727272727272727,-1.0,18-25,Knee Pain,Leisure,"Cultural Exploration, Photography",Winter,"Long walking distances, crowd congestion",Mughlai Cuisine,0.010416666666666666,https://upload.wikimedia.org/wikipedia/commons/d/d6/Delhi%2C_India%2C_Red_Fort_Facade.jpg,2.0,2.3747108712413256,-0.2727272727272727,1.1021739130434784,1,0,0,1,1,0,0.3333333333333333,1.0,1,1,0.9592236499855453,-0.3697900203570552,0.337891474023369,-0.6889951545804351,-0.8267255270375916,1.4999999999999998,1.634676718098068,1.2854465958775767,-0.42934782608695654,0,0,1.0,0.0,1.0,0.3333333333333333,1.0,-0.25,1.0,0.7381121319137554,0.0,0.6810551558752997,0.7804878048780488,0.25,2.5,0.31343283582089554,0.5,0.0,1.682062501545334,0.0,1,1,1,1.0,-0.408248290463863,1.5,0.5,-0.5,-0.5,0.0,0.928679817905918,-0.3826841261161515,-1.0,-0.5,0.13953488372093023,1.160981042382369,-0.5849625007211561,1,0,1,0,-0.375,0.3934525244337349,1,-0.3333333333333335,0.28571428571428603,0,0,0.0,0.0,0.0,1.0,0.0,0,0,0,Medium,Moderate,Weekend,VeryHigh,Excellent,3,1,0,0,2,4,0,3,3,7,2,29,1,3,1,1,0,0,3.5
653,752,608,-1.0,Calangute Beach,Goa,Beach,0.04052625468510258,Nov-Mar,694,-1.0,"Nature, Adventure",-1.0,-0.5,-1.1363636363636365,-0.5,26-35,Knee Pain,Honeymoon,"Relaxation, Nightlife, Water Sports",Winter,"Crowds, sun exposure",Seafood,-0.8489583333333334,https://encrypted-tbn0.gstatic.com/images?q=tbn:ANd9GcQawETYRiYBsH6-h7nyRef7D05VLNnIS00HBpFyaZdOJDehCXzhEkUfAY5Vf_tWlUzd5qaIpJnkr2vAOF1xcvRS_dDd2Lq-Y2B30QDq-g&s=10,-1.0,-0.7710100231303008,-0.8181818181818182,-0.13695652173913045,0,1,0,0,0,0,-1.3333333333333333,-0.5,0,0,-0.8425307742366388,-0.8720489441724515,-0.7216008026322989,-0.22112171262975316,1.9606689144040075,-0.625,0.46844071109143337,-0.4984384759525297,0.07608695652173914,0,0,-1.0,0.0,-0.3333333333333333,-1.0,0.0,-1.0,0.0,0.04052625468510258,0.0,-1.4292565947242206,0.0,-0.5,0.0,-1.1343283582089552,-0.5,-0.8571428571428571,-1.2857142857142856,0.0,0,0,0,-1.0,-0.408248290463863,-0.5,-1.5,0.0,-1.0,0.0,-1.3110773899848254,-0.20606068329331237,-0.25,0.0,-0.19767441860465115,0.47601178142501377,0.0,0,1,0,0,-0.1875,-0.19469263503202566,1,0.16666666666666652,-0.1587301587301586,0,0,0.0,-1.1534830361719213,-2.202416918429003,-1.0,0.0,0,0,0,Near,Budget,Weekend,VeryHigh,Poor,1,2,2,1,2,3,2,3,0,14,3,6,2,0,1,1,3,0,1.0
655,322,217,1.0,Radhanagar Beach,Andaman,Beach,-0.6392930691500482,Nov-Mar,174,0.5,"Beaches, Historical",-1.0,0.0,-0.8787878787878788,-1.0,36-45,Knee Pain,Honeymoon,"Relaxation, Nightlife, Water Sports",Winter,"Crowds, sun exposure",Seafood,1.1458333333333333,https://dynamic-media-cdn.tripadvisor.com/media/photo-o/05/76/7a/1d/radhanagar-beach.jpg,0.0,-0.14649190439475718,-1.2121212121212122,0.09130434782608697,1,0,0,1,0,0,1.0,0.0,1,1,0.636949522278859,0.2930233216466378,1.1652009380853015,0.8797569743130284,0.07826131936798526,2.2499999999999996,1.1903808240850313,3.191755153029357,1.5217391304347827,0,1,0.5,1.4142135623730951,0.3333333333333333,0.3333333333333333,1.0,0.25,1.0,-0.6392930691500482,0.0,-0.5371702637889688,1.4390243902439026,0.0,2.0,0.2462686567164179,0.0,0.42857142857142855,1.0027928583791246,-1.0273550292155575,1,0,1,1.0,-0.408248290463863,1.5,0.5,-0.5,0.5,0.0,-1.0561456752655538,-0.3826841261161515,-1.0,-0.5,1.8294573643410852,-1.0203989715874935,-0.5849625007211561,1,0,0,0,-0.375,0.3934525244337349,1,-0.3333333333333335,0.28571428571428603,0,0,0.0,0.0,0.0,1.0,0.0,0,0,0,Far,Budget,Weekend,High,Excellent,1,2,0,2,2,3,2,3,0,14,0,28,0,0,1,0,0,1,4.5
658,160,452,-0.5,Coorg,Karnataka,Nature,-0.47453689605594623,Apr-Jun,991,-1.0,"Nature, Adventure",0.0,0.0,0.12121212121212122,-0.5,18-25,Knee Pain,Adventure,"Trekking, Adventure Sports",Summer,"High altitude, physical exertion",Coorgi Cuisine,-0.3854166666666667,https://images.unsplash.com/photo-1710612198146-77512950a4b7,1.0,0.5088666152659983,-0.3535353535353537,0.1963768115942028,1,0,0,1,0,0,-1.0,0.0,0,0,-0.4811001674059951,-0.8975383991841924,-0.6261811075917432,-0.7591451310604357,-0.4183915305080797,-0.37499999999999994,0.3576815131178682,0.02040391422027893,-0.44927536231884063,0,0,-0.16666666666666674,1.1547005383792515,0.0,0.0,2.0,-0.8333333333333334,0.816496580927726,-0.47453689605594623,0.0,0.07993605115907283,1.7123039828270545,-0.16666666666666674,1.4719601443879744,-0.17164179104477612,-0.16666666666666674,0.28571428571428564,0.5714285714285714,-1.0123296781699866,1,1,1,-0.33333333333333326,0.6718751592707801,-0.5,0.0,0.5,-0.8333333333333334,0.8164965809277259,0.5220030349013655,1.3659639445661962,-0.16666666666666674,0.9719601443879744,-0.7286821705426356,-0.7643713616305085,0.415037499278844,0,1,1,0,0.9166666666666661,-0.6068799113791284,1,0.33333333333333304,-0.28571428571428514,0,1,-0.5517241379310347,0.013449652630220788,0.6525679758308157,-0.75,1.0,1,0,0,Medium,Moderate,Weekend,High,Poor,4,0,2,0,2,0,4,2,2,1,6,8,1,3,1,0,3,0,1.5
671,785,840,-0.5,Spiti Trek,Himachal Pradesh,Adventure,0.889177370337561,Apr-Jun,103,1.0,"City, Historical",-1.0,-0.5,-1.0454545454545454,-1.0,26-35,Knee Pain,Adventure,"Trekking, Adventure Sports",Summer,"High altitude, physical exertion",Himachali Cuisine,0.625,https://encrypted-tbn0.gstatic.com/images?q=tbn:ANd9GcSVhMTWqQOcmNTuyOBBWk2yd5Mz2ESU1_YGVNdtOk9y5DMIs2TGizrpcCBE&s=10,-1.0,-0.4009252120277564,-0.45454545454545453,0.9065217391304349,0,1,0,0,0,0,0.3333333333333333,1.0,0,0,-0.3534718339849503,1.070799918540384,0.35655404001801116,0.8623746792560368,0.8237118985987136,1.4999999999999998,1.6834043293398149,2.3173016864459717,3.152173913043478,0,0,-0.5,0.0,0.0,-0.6666666666666666,0.0,1.0,0.0,0.889177370337561,0.0,-1.314148681055156,0.0,-1.0,0.0,0.9776119402985075,-0.5,-0.8571428571428571,-0.8571428571428572,0.0,0,0,0,-0.75,0.09175170953613696,-0.5,-1.0,0.0,1.0,0.0,-1.2382397572078907,-0.3238096451752051,-1.0,-0.5,0.3875968992248062,0.3015948487117723,0.0,0,1,0,0,-0.3125,0.2185974125236668,1,-0.3333333333333335,0.28571428571428603,1,0,0.8275862068965516,3.018770502785048,1.5589123867069488,-0.5,0.0,0,0,0,Far,Budget,Weekend,VeryHigh,Poor,0,0,1,1,2,0,4,2,2,3,5,32,0,0,1,1,3,0,3.5
683,198,100,0.0,Chandigarh,Punjab,City,-0.24981362478798042,Oct-Mar,53,0.0,"Beaches, Historical",-1.0,0.0,-0.3939393939393939,-0.5,36-45,High Blood Pressure,Business,"Shopping, Food & Local Cuisine",All seasons,"Traffic congestion, pollution",Punjabi Cuisine,0.2604166666666667,https://s7ap1.scene7.com/is/image/incredibleindia/chandigarh-union-territory-1-city-ff,0.0,-0.015420200462606126,-0.24242424242424243,0.2760869565217391,1,0,0,1,0,0,0.0,-0.5,0,0,-0.06402013860529374,-0.04872470569684563,0.11128434545211989,0.045406811577446575,-0.0034288691800840247,0.37499999999999994,0.4060060132414454,0.7432854465958777,0.5978260869565217,0,0,0.0,0.0,0.3333333333333333,-0.3333333333333333,0.0,0.0,0.0,-0.24981362478798042,0.0,-0.4892086330935252,0.0,-0.5,0.0,0.4552238805970149,-0.5,0.0,-0.42857142857142866,0.0,0,0,1,0.0,-0.408248290463863,0.5,-0.5,0.0,-0.25,1.0,-0.2549317147192716,0.323809645175205,-0.25,0.0,-0.007751937984496124,0.22819139467129798,0.0,0,0,0,0,0.375,-0.4597140676274956,1,0.16666666666666652,-0.1587301587301586,0,0,0.0,-1.7359751891563098,1.2145015105740182,0.0,1.0,1,0,0,Far,Economy,Weekend,High,Fair,2,3,0,2,1,1,3,0,4,12,12,7,0,1,1,0,1,0,3.0
688,555,556,1.0,Leh Ladakh,Ladakh,Adventure,0.5562505140379319,Apr-Jun,387,-0.5,"Beaches, Historical",-1.0,-0.5,-1.121212121212121,-1.5,46-60,Knee Pain,Adventure,"Trekking, Adventure Sports",Summer,"High altitude, physical exertion",Tibetan Cuisine,1.1458333333333333,https://encrypted-tbn0.gstatic.com/images?q=tbn:ANd9GcR6syC-08_34gV3HDUrcoT836XfFU1TJFrrucb9MfdLPiXz7ULyfUkGJEq2&s=10,-1.0,0.2004626060138781,-0.7575757575757576,2.6021739130434787,0,1,0,0,0,0,0.3333333333333333,1.0,1,1,0.9166731396353649,-0.3877899627739756,0.3154243301528628,0.04751375643283951,-0.08466077051432551,4.124999999999999,4.566035478677842,7.564022485946285,4.239130434782608,0,1,0.8333333333333335,0.5773502691896258,0.6666666666666666,0.3333333333333333,2.0,-0.5,1.414213562373095,0.5562505140379319,0.0,-0.565947242206235,1.3588671489935726,0.16666666666666652,2.041241452319315,1.0024875621890548,0.16666666666666674,-0.8571428571428571,2.285714285714286,-0.9376024857396118,1,0,0,0.75,0.09175170953613696,1.0,0.5,0.0,-0.75,1.0,-1.0925644916540211,0.4415586070570978,-1.0,0.5,0.689922480620155,0.8480841230121028,0.0,1,0,0,0,0.5,-1.6193434382467853,0,0.6666666666666665,-1.047619047619047,1,0,0.8275862068965516,0.06837784335296081,2.664652567975831,1.0,0.0,0,0,0,Far,Budget,Weekend,VeryHigh,Excellent,0,0,0,3,2,0,4,2,2,17,8,22,0,0,1,1,0,0,3.5
691,851,520,0.0,Ajanta Caves,Maharashtra,Historical,0.856892889872166,Nov-Feb,389,0.5,"Beaches, Historical",0.0,-0.5,-0.22727272727272727,-0.5,46-60,Knee Pain,Leisure,"Cultural Exploration, Photography",Winter,"Long walking distances, crowd congestion",Maharashtrian Cuisine,-1.0104166666666667,https://plus.unsplash.com/premium_photo-1697729588019-20a1f5a325d1,0.0,0.15420200462606007,0.09090909090909091,0.5152173913043478,0,0,1,0,0,0,0.3333333333333333,0.0,0,0,0.09134280457102632,0.5891964385689065,0.5890280779915292,0.08668976233780089,-0.00180195501381293,0.625,0.6439922209123257,-0.6791588590464294,-0.7282608695652174,1,0,0.0,0.0,0.3333333333333333,-0.3333333333333333,0.0,0.5,0.0,0.856892889872166,0.0,-0.27817745803357313,0.0,-0.5,0.0,-1.3656716417910448,0.5,-0.8571428571428571,-0.42857142857142866,0.0,0,0,0,0.0,-0.408248290463863,0.5,-0.5,-0.5,0.5,0.0,-0.2731411229135053,-0.3826841261161515,-0.5,-0.5,-1.37984496124031,1.3490926970026325,-0.5849625007211561,0,0,0,0,-0.375,0.3934525244337349,1,-0.3333333333333335,0.28571428571428603,0,0,0.0,0.0,0.0,0.0,0.0,0,0,0,Near,Economy,Weekend,VeryHigh,Fair,3,1,0,3,2,4,0,3,3,6,10,1,2,1,1,1,1,0,3.5
692,391,671,0.0,Ellora Caves,Maharashtra,Historical,0.4486089489819529,Nov-Feb,94,-0.5,"Nature, Adventure",0.0,0.5,1.303030303030303,0.0,36-45,Knee Pain,Leisure,"Cultural Exploration, Photography",Winter,"Long walking distances, crowd congestion",Maharashtrian Cuisine,-1.1041666666666667,https://indiaholidaymall.com/images/blog/Ellora-Caves-Unesco-World-Heritage-Site.jpg,2.0,0.9753276792598302,0.25757575757575757,0.1157608695652174,1,0,0,1,1,0,-0.3333333333333333,0.0,0,0,0.03402662013724316,-0.3984438984163923,-0.15062287297502622,-0.6121505612317513,-0.5257266527111959,-0.18749999999999997,0.0636449638452583,-0.8831980012492193,-1.0108695652173914,1,0,0.33333333333333326,1.1547005383792517,0.3333333333333333,0.3333333333333333,2.0,0.0,1.414213562373095,0.4486089489819529,0.0,0.572342126298961,1.915630728155813,0.16666666666666652,0.40824829046386296,-1.1019900497512438,0.16666666666666674,0.28571428571428564,1.4285714285714284,-1.0123296781699866,1,1,1,0.25,0.09175170953613696,0.5,0.0,0.0,-0.75,1.0,1.7207890743550833,0.11774896188189272,-0.25,0.0,-0.23255813953488372,0.5857325760772937,0.0,1,0,1,0,0.15625,0.11779160257521229,1,0.16666666666666652,-0.1587301587301586,0,1,-0.8275862068965516,0.3208452394504275,-3.0090634441087616,0.0,0.0,0,0,0,Near,Premium,Week,VeryHigh,Fair,3,1,2,2,2,4,0,3,3,6,10,10,2,4,0,1,1,0,2.5
694,475,696,-1.0,Munnar,Kerala,Nature,-0.06177796383484156,Apr-Jun,307,0.0,"City, Historical",-1.0,0.0,-0.13636363636363635,0.5,46-60,Knee Pain,Adventure,"Trekking, Adventure Sports",Summer,"High altitude, physical exertion",Kerala Cuisine,0.08333333333333333,https://images.unsplash.com/photo-1491497895121-1334fc14d8c9,0.0,-0.34541249036237476,0.2727272727272727,-0.18913043478260871,1,0,0,1,0,0,-0.6666666666666666,0.5,0,0,-0.847318036947534,-0.02080816858733481,-0.5091006897926684,-0.09102780622837171,0.49528184824639887,-0.5249999999999999,-0.2977371263903081,-0.145159275452842,0.41304347826086957,0,0,-1.0,0.0,-0.3333333333333333,-1.0,0.0,0.0,0.0,-0.06177796383484156,0.0,-0.1630695443645084,0.0,0.5,0.0,0.20149253731343283,-0.5,0.0,-1.2857142857142856,0.0,0,0,1,-1.0,-0.408248290463863,-0.5,-1.5,-0.5,0.0,0.0,-0.16388467374810317,-0.3826841261161515,0.5,-0.5,0.24806201550387597,-0.10579526054637531,-0.5849625007211561,0,1,0,1,-0.375,0.3934525244337349,1,-0.3333333333333335,0.28571428571428603,0,0,0.0,0.0,0.0,-1.0,0.0,0,0,0,Medium,Economy,Week,High,Poor,4,0,1,3,2,0,4,2,2,5,7,26,1,1,0,0,3,0,2.0
699,169,163,-1.0,Kodaikanal,Tamil Nadu,Nature,-0.833276055527075,Sep-Mar,58,0.5,"Beaches, Historical",0.0,0.5,0.6515151515151515,-1.5,36-45,Asthma,Family Vacation,"Nature & Relaxation, Photography",Post-Monsoon,"Curvy roads, limited medical facilities",South Indian Cuisine,-0.10416666666666667,https://encrypted-tbn0.gstatic.com/images?q=tbn:ANd9GcRR1MrvitA-PthZ_UMPeUYOYvzHFu6Olty-pnoL9EqaCl31ZwvMHSvu9OQ&s=10,2.0,5.612952968388589,-0.3939393939393939,3.3847826086956525,1,0,0,1,1,0,-0.3333333333333333,1.0,0,0,-0.8834198135831184,0.2546239867519832,-0.4403429824929489,-1.0091190885466914,-1.1258671440060397,2.6249999999999996,3.6696239521307517,3.3666458463460343,-0.4891304347826087,0,0,-1.0,0.0,-0.3333333333333333,-1.0,0.0,0.5,0.0,-0.833276055527075,0.0,0.8345323741007195,0.0,-1.5,0.0,-0.06716417910447761,0.5,0.8571428571428571,-1.2857142857142856,0.0,0,1,1,-1.0,-0.408248290463863,-0.5,-1.5,-0.5,0.5,0.0,0.7830045523520485,-0.3826841261161515,-1.5,-0.5,-0.031007751937984496,-1.3276074888823495,-0.5849625007211561,0,1,1,0,-0.375,0.3934525244337349,1,-0.3333333333333335,0.28571428571428603,0,0,0.0,0.0,0.0,-1.0,0.0,0,0,0,Medium,Moderate,Weekend,High,Poor,4,4,0,2,0,2,1,1,1,15,14,18,1,3,1,0,3,0,2.5
700,333,160,-1.0,Ahmedabad,Gujarat,City,-0.8890497177416127,Oct-Mar,96,-1.0,"Beaches, Historical",0.0,0.5,1.7121212121212122,1.5,46-60,High Blood Pressure,Business,"Shopping, Food & Local Cuisine",All seasons,"Traffic congestion, pollution",Gujarati Cuisine,-0.9166666666666666,https://encrypted-tbn0.gstatic.com/images?q=tbn:ANd9GcTjjS0tleUkYu3JCgQn5BM0ooo_ueYok5FwDld1RJJHOQ&s=10,2.0,0.2070712633549949,0.6666666666666666,-0.42577639751552804,1,0,0,1,1,0,-1.3333333333333333,-0.5,0,0,-0.8860297076542769,-0.9180518175969542,-0.7330847635444563,-0.8494816891152426,-0.28900868655560885,-0.9107142857142857,-0.692912075682024,-0.9206745783885073,-0.9130434782608695,0,0,-1.0,0.0,-0.3333333333333333,-1.0,0.0,-1.0,0.0,-0.8890497177416127,0.0,2.1774580335731413,0.0,1.5,0.0,-1.2313432835820894,0.5,0.8571428571428571,-1.2857142857142856,0.0,0,1,1,-1.0,-0.408248290463863,-0.5,-1.5,-0.5,-1.0,0.0,2.0576631259484066,-0.3826841261161515,1.5,-0.5,-1.2403100775193798,-1.4159355654474262,-0.5849625007211561,0,1,1,1,-0.375,0.3934525244337349,1,-0.3333333333333335,0.28571428571428603,0,0,0.0,0.0,0.0,-1.0,0.0,0,0,0,Near,Premium,Week,High,Poor,2,3,0,3,1,1,3,0,4,2,4,0,2,4,0,0,3,0,1.0
708,942,265,0.0,Tarkarli Beach,Maharashtra,Beach,0.20818491996576138,Nov-Mar,731,-1.0,"Beaches, Historical",-1.0,-0.5,-1.196969696969697,-1.0,18-25,Knee Pain,Honeymoon,"Relaxation, Nightlife, Water Sports",Winter,"Crowds, sun exposure",Seafood,-0.9166666666666666,https://encrypted-tbn0.gstatic.com/images?q=tbn:ANd9GcRmtn0Vsfvni1NmF01OGM9ahIFZcrRqMoNKSjV1xzIEbR5CCG-tr4PumVg&s=10,-1.0,-0.6322282189668466,-1.0606060606060606,0.25434782608695655,0,1,0,0,0,0,-0.6666666666666666,0.5,0,0,0.0002751383636539306,-0.8637518489524744,-0.4990953433855123,0.36987631930795056,1.3464183652556676,0.37499999999999994,1.463743368773969,-0.2710805746408495,-0.06521739130434782,0,0,0.25,0.7071067811865476,0.3333333333333333,0.0,1.0,-1.0,0.0,0.20818491996576138,0.0,-1.314148681055156,0.4878048780487805,-0.75,0.5,-1.1119402985074627,-0.5,-0.8571428571428571,0.6631580367960199,-0.963710722590775,1,0,0,0.0,-0.408248290463863,0.5,-0.5,-0.5,-1.0,0.0,-1.4385432473444613,-0.3826841261161515,-1.0,-0.5,-1.2403100775193798,0.3217417044523688,-0.5849625007211561,0,0,0,0,-0.375,0.3934525244337349,1,-0.3333333333333335,0.28571428571428603,0,0,0.0,0.0,0.0,0.0,0.0,0,0,0,Near,Budget,Weekend,VeryHigh,Fair,1,2,0,0,2,3,2,3,0,14,10,35,2,0,1,1,1,0,2.0
709,64,779,-0.5,Coorg,Karnataka,Nature,-0.5168790919561751,Sep-Mar,799,-1.0,"Nature, Adventure",0.0,0.0,0.9545454545454546,0.5,36-45,Asthma,Family Vacation,"Nature & Relaxation, Photography",Post-Monsoon,"Curvy roads, limited medical facilities",Coorgi Cuisine,-0.3854166666666667,https://images.unsplash.com/photo-1710612198146-77512950a4b7,1.0,0.32074016962220503,0.7575757575757576,0.01956521739130435,1,0,0,1,0,0,-1.0,0.0,0,0,-0.4850629212095652,-0.899633830581186,-0.6272272966867211,-0.7080863831402205,-0.3156364910717229,-0.6749999999999999,-0.35645610390799004,-0.45996252342286076,-0.44927536231884063,0,0,-0.5,0.0,0.0,-0.6666666666666666,0.0,-1.0,0.0,-0.5168790919561751,0.0,1.2182254196642686,0.0,0.5,0.0,-0.4701492537313433,0.5,0.0,-0.8571428571428572,0.0,0,1,1,-0.5,-0.408248290463863,0.0,-1.0,-0.5,-1.0,0.0,1.1471927162367221,-0.3826841261161515,0.5,-0.5,-0.4496124031007752,-0.8265334314580945,-0.5849625007211561,0,1,1,1,-0.375,0.3934525244337349,1,-0.3333333333333335,0.28571428571428603,0,0,0.0,0.0,0.0,-0.5,0.0,0,0,0,Medium,Premium,Week,High,Poor,4,4,2,2,0,2,1,1,1,1,6,8,1,4,0,0,3,0,1.5
712,595,377,-0.5,Spiti Trek,Himachal Pradesh,Adventure,0.9708668130584035,Apr-Jun,835,-0.5,"Nature, Adventure",0.0,-0.5,-0.2727272727272727,0.0,36-45,Knee Pain,Adventure,"Trekking, Adventure Sports",Summer,"High altitude, physical exertion",Himachali Cuisine,0.625,https://encrypted-tbn0.gstatic.com/images?q=tbn:ANd9GcSVhMTWqQOcmNTuyOBBWk2yd5Mz2ESU1_YGVNdtOk9y5DMIs2TGizrpcCBE&s=10,0.0,-0.22744795682343874,0.0,-0.022826086956521743,0,0,1,0,0,0,-0.6666666666666666,-0.5,0,0,-0.34582661996212755,-0.34675288417182126,-0.3511896188202807,-0.21075332610453024,0.49374626895980644,-0.37499999999999994,0.14787472588114206,0.5683947532792005,0.9782608695652174,0,0,-0.5,0.0,0.0,-0.6666666666666666,0.0,-0.5,0.0,0.9708668130584035,0.0,-0.33573141486810554,0.0,0.0,0.0,0.9776119402985075,0.5,-0.8571428571428571,-0.8571428571428572,0.0,0,0,0,-0.75,0.09175170953613696,-0.5,-1.0,0.0,-0.25,1.0,-0.16388467374810317,0.14718620235236587,-0.5,0.5,1.8294573643410852,0.6480754359123146,0.0,0,1,0,0,0.1875,-0.21309629390408183,1,0.6666666666666665,-0.714285714285714,1,0,0.8275862068965516,2.422202576112117,-1.812688821752266,-0.5,0.0,0,0,0,Far,Economy,Week,VeryHigh,Poor,0,0,2,2,2,0,4,2,2,3,5,32,0,1,0,1,3,0,2.0
714,929,843,-0.5,Ooty,Tamil Nadu,Nature,0.16772872145998252,Sep-Mar,886,-1.0,"City, Historical",0.0,-0.5,0.0,0.0,18-25,Asthma,Family Vacation,"Nature & Relaxation, Photography",Post-Monsoon,"Curvy roads, limited medical facilities",South Indian Cuisine,-0.22916666666666666,https://t3.ftcdn.net/jpg/05/09/58/00/360_F_509580096_YjyHXMHyTm9OOkjUQS4kOxDXkxbOMWYi.jpg,0.0,-0.01927525057825757,0.5454545454545454,0.2706521739130435,0,0,1,0,0,0,-1.0,0.0,0,0,-0.42099132173557596,-0.8657539460744981,-0.6103120372509495,-0.5785099030345592,0.06797794404043309,-0.5624999999999999,0.018344593372910157,-0.14865708931917554,0.08695652173913043,0,0,-0.5,0.0,0.0,-0.6666666666666666,0.0,-1.0,0.0,0.16772872145998252,0.0,0.009592326139088728,0.0,0.0,0.0,-0.2462686567164179,0.5,-0.8571428571428571,-0.8571428571428572,0.0,0,1,0,-0.5,-0.408248290463863,0.0,-1.0,-0.5,-1.0,0.0,0.0,-0.3826841261161515,0.0,-0.5,-0.21705426356589147,0.25767171052934207,-0.5849625007211561,0,1,0,0,-0.375,0.3934525244337349,1,-0.3333333333333335,0.28571428571428603,0,0,0.0,0.0,0.0,-0.5,0.0,0,0,0,Medium,Moderate,Week,VeryHigh,Poor,4,4,1,0,0,2,1,1,1,15,14,27,1,3,0,1,3,0,1.5
720,961,576,1.0,Konark Sun Temple,Odisha,Historical,-0.11734903752501752,Nov-Feb,578,1.0,"City, Historical",0.0,-0.5,-0.48484848484848486,-1.5,46-60,Knee Pain,Leisure,"Cultural Exploration, Photography",Winter,"Long walking distances, crowd congestion",Odia Cuisine,0.3125,https://cdn.britannica.com/19/251919-050-D3E64798/konark-sun-temple-orissa-india-unesco-heritage-site.jpg,0.0,2.1434078643022354,-0.42424242424242425,3.3195652173913044,0,0,1,0,0,0,1.3333333333333333,-0.5,1,1,0.7590697650177103,0.8217449283471426,1.8251399606690093,-0.4181210566089877,-0.8428197144053651,6.374999999999999,4.131482865202443,4.765771392879451,0.6521739130434783,0,0,0.16666666666666674,1.5275252316519468,0.0,0.3333333333333333,2.0,0.0,2.82842712474619,-0.11734903752501752,0.0,1.1223021582733812,2.6884643518351954,-0.5,1.414213562373095,-0.2263681592039802,0.5,0.28571428571428564,1.142857142857143,-1.032412722174298,1,1,1,0.5,0.591751709536137,0.5,0.5,0.0,1.0,0.0,-0.2731411229135053,0.618182049879937,-0.5,1.5,0.3643410852713178,0.4729291480518473,0.0,1,0,0,0,0.6875,-0.8286293233611783,1,1.6666666666666665,-1.714285714285714,1,0,1.6551724137931032,-1.8320239250512407,0.5256797583081572,0.5,1.0,1,0,0,Far,Economy,Weekend,High,Excellent,3,1,1,3,2,4,0,3,3,11,11,20,0,1,1,0,0,1,5.0
723,526,948,0.5,Fatehpur Sikri,Uttar Pradesh,Historical,0.30601004857564446,Nov-Feb,1000,0.0,"City, Historical",-1.0,-0.5,-0.9393939393939394,-1.0,46-60,Knee Pain,Leisure,"Cultural Exploration, Photography",Winter,"Long walking distances, crowd congestion",Mughlai Cuisine,0.052083333333333336,https://images.unsplash.com/photo-1717761558642-32cbeccbee7e,-1.0,-0.23901310717039326,-0.030303030303030304,1.3630434782608696,0,1,0,0,0,0,0.3333333333333333,0.0,1,0,0.43606601868684775,0.033795131897509385,0.507360945394129,0.5543012370757445,0.3845306031099721,1.4999999999999998,1.4952978473973257,1.3554028732042476,1.9565217391304348,0,0,0.5,0.0,0.6666666666666666,0.0,0.0,0.0,0.0,0.30601004857564446,0.0,-1.1798561151079137,0.0,-1.0,0.0,0.15671641791044777,-0.5,-0.8571428571428571,0.0,0.0,0,0,0,-0.25,1.0917517095361369,-0.5,0.0,0.0,0.0,0.0,-1.1745068285280726,-0.23549792376378553,-1.0,-0.5,-0.03875968992248062,0.5370791616788405,0.0,0,1,0,0,-0.21875,-0.005909781804003059,1,-0.3333333333333335,0.28571428571428603,1,0,2.482758620689655,-0.16600085721923824,0.5619335347432024,0.5,0.0,0,0,0,Medium,Budget,Weekend,VeryHigh,Good,3,1,1,3,2,4,0,3,3,7,16,11,1,0,1,1,2,0,3.5
725,67,468,0.0,Baga Beach,Goa,Beach,-0.9289034743165347,Nov-Mar,159,1.0,"City, Historical",-1.0,-0.5,-0.8939393939393939,1.5,46-60,Knee Pain,Honeymoon,"Relaxation, Nightlife, Water Sports",Winter,"Crowds, sun exposure",Seafood,-0.84375,https://encrypted-tbn0.gstatic.com/images?q=tbn:ANd9GcQeseYB8OMIYAnzRmlYP6matYpojVkK9lRx0Wgn7x8BYcxvxjfwm4QrUxM&s=10,-1.0,-0.9296177993171053,0.15151515151515152,-0.5841614906832299,0,1,0,0,0,0,0.6666666666666666,0.5,0,0,-0.15935290868148652,0.6209338212390726,0.6127964321120509,4.309863198892642,2.7754236643919494,-0.26785714285714285,-0.6965849984861399,-0.8856964397251719,0.08695652173913043,0,0,0.0,0.0,0.3333333333333333,-0.3333333333333333,0.0,1.0,0.0,-0.9289034743165347,0.0,-1.1223021582733812,0.0,1.5,0.0,-1.126865671641791,-0.5,-0.8571428571428571,-0.42857142857142866,0.0,0,0,0,-0.16666666666666674,0.6718751592707803,-0.5,0.0,0.5,1.0,0.0,-1.0257966616084977,0.20801990604431192,-0.16666666666666674,1.541241452319315,0.24806201550387597,-0.3112242387280061,0.415037499278844,0,1,0,0,-0.20833333333333348,0.03894715611208591,1,3.0,-2.5714285714285716,1,0,0.5517241379310347,-3.208918387249368,-3.2265861027190335,0.0,0.0,0,0,0,Near,Budget,Week,High,Fair,1,2,1,3,2,3,2,3,0,14,3,3,2,0,0,0,1,0,4.0
730,174,871,-1.0,Munnar,Kerala,Nature,-0.14237824450842362,Sep-Mar,970,1.0,"Beaches, Historical",-1.0,0.0,-0.15151515151515152,-0.5,46-60,Asthma,Family Vacation,"Nature & Relaxation, Photography",Post-Monsoon,"Curvy roads, limited medical facilities",Kerala Cuisine,0.08333333333333333,https://images.unsplash.com/photo-1491497895121-1334fc14d8c9,0.0,0.2313030069390902,0.24242424242424243,0.623913043478261,1,0,0,1,0,0,0.0,1.5,0,0,-0.8510896772937345,0.815551698988129,-0.30031538329444457,-0.15285461323100866,-0.20463563248495828,0.37499999999999994,0.4291089211792939,0.5450759941703102,0.41304347826086957,0,0,-1.0,0.0,-0.3333333333333333,-1.0,1.0,0.5,2.0,-0.14237824450842362,0.0,-0.08633093525179857,0.24390243902439024,-0.75,0.5,1.335820895522388,0.0,-0.42857142857142855,-1.0350160711195047,0.0,1,0,0,-1.0,-0.408248290463863,-0.5,-1.5,0.0,1.0,0.0,0.07283763277693474,0.4415586070570978,0.0,0.5,-0.6356589147286822,0.650962843125452,0.0,0,1,1,0,0.5,-0.4375399703145154,1,0.6666666666666665,-0.5142857142857138,0,0,0.0,-2.430136501418412,2.066465256797583,-1.0,0.0,0,0,0,Medium,Economy,Weekend,High,Poor,4,4,0,3,0,2,1,1,1,5,7,26,1,1,1,0,3,0,3.0
732,456,655,0.0,Taj Mahal,Uttar Pradesh,Historical,-1.014625063962226,Nov-Feb,795,1.0,"Beaches, Historical",-1.0,0.0,0.2727272727272727,1.5,18-25,Knee Pain,Leisure,"Cultural Exploration, Photography",Winter,"Long walking distances, crowd congestion",Mughlai Cuisine,0.07291666666666667,https://upload.wikimedia.org/wikipedia/commons/1/1d/Taj_Mahal_%28Edited%29.jpeg,0.0,-0.42075118405110695,1.0909090909090908,-0.29534161490683225,1,0,0,1,0,0,0.6666666666666666,0.5,0,0,-0.171386775189625,0.5997228629355609,0.5969113929003139,1.209639946197534,0.4281340763922173,-0.26785714285714285,-0.7044851014744953,-0.4459712679575266,0.40217391304347827,0,0,0.16666666666666674,1.5275252316519468,0.0,0.3333333333333333,2.0,1.0,0.0,-1.014625063962226,0.0,-0.10551558752997602,1.2873798263801608,0.5,1.414213562373095,-0.36069651741293546,-0.5,0.0,1.142857142857143,-1.032412722174298,1,0,1,-0.5,0.591751709536137,-0.5,-0.5,0.0,1.0,0.0,-0.0637329286798179,0.8831172141141957,0.25,2.0,-0.5736434108527132,-0.6964193650240628,0.0,0,1,0,1,0.96875,-0.9770107205690365,1,2.1666666666666665,-1.5324675324675323,1,0,1.6551724137931032,-2.523518206116797,1.8851963746223566,-0.5,1.0,1,0,0,Medium,Moderate,Week,High,Fair,3,1,0,0,2,4,0,3,3,7,16,34,1,3,0,0,1,0,4.0
743,771,782,-1.0,Hampi Ruins,Karnataka,Historical,-0.3788852671499916,Nov-Feb,805,0.0,"Nature, Adventure",-1.0,-0.5,-0.8787878787878788,-0.5,18-25,Knee Pain,Leisure,"Cultural Exploration, Photography",Winter,"Long walking distances, crowd congestion",South Indian Cuisine,-0.6875,https://wegobond.com/wp-content/uploads/2018/01/hampi-banner.jpg,-1.0,-0.5088666152659985,0.21212121212121213,0.6021739130434782,0,1,0,0,0,0,-0.6666666666666666,0.5,0,0,-0.8621568773245533,-0.0678872053818525,-0.5208532995338306,0.13199031903113922,0.7855776501625088,-0.12500000000000003,0.3782504427476546,-0.3177180928586301,0.41304347826086957,0,0,-1.0,0.0,-0.3333333333333333,-1.0,0.0,0.0,0.0,-0.3788852671499916,0.0,-1.1031175059952039,0.0,-0.5,0.0,-0.9029850746268657,-0.5,-0.8571428571428571,-1.2857142857142856,0.0,0,0,0,-1.0,-0.408248290463863,-0.5,-1.5,0.0,0.0,0.0,-1.0652503793626706,-0.3532468856456783,-0.25,0.0,-0.07751937984496124,-0.6196520449818678,0.0,0,1,0,0,-0.34375,0.3238857439630419,1,0.16666666666666652,-0.1587301587301586,0,0,0.0,0.03203284944607084,-1.921450151057402,-1.0,0.0,0,0,0,Near,Budget,Weekend,High,Poor,3,1,2,0,2,4,0,3,3,15,6,13,2,0,1,0,3,0,2.0
752,576,524,1.0,Ellora Caves,Maharashtra,Historical,-0.05051409129283928,Nov-Feb,476,1.0,"Nature, Adventure",0.0,0.5,1.8181818181818181,1.0,18-25,Knee Pain,Leisure,"Cultural Exploration, Photography",Winter,"Long walking distances, crowd congestion",Maharashtrian Cuisine,-1.1041666666666667,https://indiaholidaymall.com/images/blog/Ellora-Caves-Unesco-World-Heritage-Site.jpg,2.0,0.5011565150346954,0.7727272727272727,-0.21847826086956523,1,0,0,1,1,0,1.3333333333333333,-0.5,1,1,0.774707265137982,0.8382825738062107,1.8457818966931514,0.2900791166834506,-0.36545163188717045,0.12500000000000003,-0.48257061830444903,-0.982302727462003,-1.0108695652173914,1,0,1.0,0.0,1.0,0.3333333333333333,0.0,1.0,0.0,-0.05051409129283928,0.0,2.3117505995203835,0.0,1.0,0.0,-1.5,0.5,0.8571428571428571,0.42857142857142866,0.0,0,1,1,0.5,0.8164965809277259,0.0,0.5,0.5,1.0,0.0,1.1289833080424885,1.8119208864495515,-0.33333333333333326,1.2795130420052183,-0.9147286821705426,-0.4292062724881418,0.415037499278844,1,0,1,0,3.25,-1.853582561086126,0,2.333333333333333,-2.175824175824175,1,0,1.6551724137931032,0.9376743960156683,-1.4138972809667674,1.0,0.0,0,0,0,Near,Premium,Week,High,Excellent,3,1,2,0,2,4,0,3,3,6,10,10,2,4,0,0,0,1,5.0
753,132,898,1.0,Varkala Beach,Kerala,Beach,-0.3187259253148033,Nov-Mar,21,0.0,"Beaches, Historical",0.0,-0.5,-0.25757575757575757,1.5,36-45,Knee Pain,Honeymoon,"Relaxation, Nightlife, Water Sports",Winter,"Crowds, sun exposure",Seafood,0.15625,https://encrypted-tbn0.gstatic.com/images?q=tbn:ANd9GcQhhfqvS3M6-Q5xL-XOgqAbXut9hnDO4dA-_VCx1YCE79I6gDY3_C1Zv3dOXwu2pL_OmQVlumXjSSQ8I6p748JioJniT2Wxf2InPIObpQ&s=10,0.0,-0.6520541909901972,0.030303030303030304,-0.6214285714285716,0,0,1,0,0,0,0.6666666666666666,0.5,1,1,0.7119532296636852,-0.05895570541895806,0.7258682303845319,2.038576644779114,1.261306827978025,-0.26785714285714285,-0.6403510264118926,-0.40599625234228615,0.4891304347826087,0,0,1.0,0.0,1.0,0.3333333333333333,1.0,0.0,0.0,-0.3187259253148033,0.0,-0.14388489208633093,0.43902439024390244,1.0,1.0,-0.41044776119402987,0.5,0.0,1.682062501545334,0.0,1,0,1,1.0,-0.408248290463863,1.5,0.5,0.5,-0.16666666666666674,0.8164965809277259,-0.018209408194233685,0.23057209187771904,0.8333333333333335,1.1329931618554523,0.7751937984496124,0.15486776767596674,0.415037499278844,1,0,0,1,0.625,-0.6019112340934233,1,0.9999999999999996,-0.5142857142857138,0,0,0.0,-1.8343781288101833,-0.9788519637462236,1.0,0.0,0,0,0,Far,Economy,Week,High,Excellent,1,2,0,2,2,3,2,3,0,14,7,38,0,1,0,0,0,0,4.0
760,387,873,0.5,Marina Beach,Tamil Nadu,Beach,0.2704645025290915,Nov-Mar,135,-0.5,"City, Historical",0.0,-0.5,-0.3787878787878788,1.0,26-35,Knee Pain,Honeymoon,"Relaxation, Nightlife, Water Sports",Winter,"Crowds, sun exposure",Seafood,-0.0625,https://encrypted-tbn0.gstatic.com/licensed-image?q=tbn:ANd9GcQct7UyX_Oev4c9kXNkRrH7cu6JRlW5Xs6MNpuB-CTQjXyNxWdF7V64hL9ANP93g9qVVT1kg12v0L1opGDTWLdmYNf-&s=19,0.0,-0.6168080185042405,-0.21212121212121213,-0.5717391304347826,0,0,1,0,0,0,0.0,0.5,1,0,0.4294126912057763,-0.4160759299329883,0.05814538080111836,1.1064825620129144,1.3059849671199881,-0.37499999999999994,-0.44805899427616225,-0.399333749739746,0.2608695652173913,0,0,0.75,0.7071067811865476,0.6666666666666666,0.3333333333333333,1.0,-0.5,0.0,0.2704645025290915,0.0,-0.8633093525179856,1.0,-0.25,2.5,0.14925373134328357,0.0,-0.42857142857142855,1.3424276799622294,-0.963710722590775,1,0,0,0.25,0.09175170953613696,0.5,0.0,0.0,-0.5,0.0,-0.6737481031866464,0.323809645175205,0.25,0.9999999999999999,-0.4806201550387597,0.7370475268031279,0.0,1,0,0,1,0.375,-0.7482766336903806,1,1.1666666666666665,-0.8051948051948048,1,0,0.8275862068965516,-0.8701477955400907,1.1963746223564955,0.25,1.0,1,0,0,Medium,Economy,Week,VeryHigh,Good,1,2,1,1,2,3,2,3,0,14,14,24,1,1,0,1,2,0,3.0
761,493,478,0.5,Ahmedabad,Gujarat,City,0.3889038010700702,Oct-Mar,539,-0.5,"Beaches, Historical",0.0,-0.5,0.10606060606060606,1.5,26-35,High Blood Pressure,Business,"Shopping, Food & Local Cuisine",All seasons,"Traffic congestion, pollution",Gujarati Cuisine,-0.9166666666666666,https://encrypted-tbn0.gstatic.com/images?q=tbn:ANd9GcTjjS0tleUkYu3JCgQn5BM0ooo_ueYok5FwDld1RJJHOQ&s=10,0.0,-0.49344641480339246,0.7575757575757576,-0.3978260869565218,0,0,1,0,0,0,0.0,0.5,1,0,0.45158186646023657,-0.4043532774099379,0.06985095250480325,0.7638750072664195,0.9402261570089311,-0.48214285714285715,-0.5751358602073402,-0.9206745783885073,-0.6304347826086957,0,0,0.75,0.7071067811865476,0.6666666666666666,0.3333333333333333,1.0,-0.25,1.0,0.3889038010700702,0.0,0.5371702637889688,1.0,1.25,0.5,-1.5932835820895523,0.5,-0.42857142857142855,1.3424276799622294,-0.963710722590775,1,1,0,0.5,-0.408248290463863,1.0,0.0,0.0,-0.5,0.0,-0.018209408194233685,0.08831172141141956,1.0,0.5,-0.6356589147286822,0.9022154618910156,0.0,1,0,0,1,0.125,-0.10422935482984418,1,0.6666666666666665,-0.28571428571428514,0,0,0.0,-0.8085896731546985,-1.4138972809667674,0.5,0.0,0,0,0,Near,Moderate,Week,VeryHigh,Good,2,3,0,1,1,1,3,0,4,2,4,0,2,3,0,1,2,0,3.0
773,776,639,0.0,Khajuraho Temples,Madhya Pradesh,Historical,-0.04122473848434636,Nov-Feb,545,1.0,"City, Historical",-1.0,0.5,0.0,-1.5,18-25,Knee Pain,Leisure,"Cultural Exploration, Photography",Winter,"Long walking distances, crowd congestion",North Indian Cuisine,-0.3125,https://st2.depositphotos.com/1000434/7761/i/450/depositphotos_77615282-stock-photo-lakshmana-temple-in-khajuraho-madhya.jpg,1.0,3.6237471087124127,-0.5151515151515151,3.123913043478261,1,0,0,1,0,0,0.6666666666666666,0.5,0,0,-0.03473777434636905,0.8405811321495866,0.7772918828427419,-0.764250745095867,-0.9958592219767176,4.874999999999999,4.18059218099749,2.6670830730793256,-0.3985507246376811,0,0,-0.5,1.4142135623730951,-0.3333333333333333,-0.3333333333333333,1.0,0.25,2.9999999999999996,-0.04122473848434636,0.0,-0.38369304556354916,1.0,0.0,2.9999999999999996,-0.6343283582089553,-0.5,0.0,-0.3557464279532948,-1.0273550292155575,1,0,1,-0.16666666666666674,0.6718751592707801,-0.5,0.0,0.5,1.0,0.0,0.36418816388467373,0.42991168879157127,-0.6666666666666667,0.5801234497346434,0.015503875968992248,-0.9021301722107015,0.415037499278844,0,1,1,0,0.875,-0.6417291288032282,1,1.333333333333333,-1.5324675324675323,1,0,0.5517241379310347,2.277583194916189,-0.8338368580060423,0.25,1.0,1,0,0,Medium,Moderate,Weekend,High,Fair,3,1,1,0,2,4,0,3,3,10,9,17,1,3,1,0,1,0,4.0
788,220,261,-0.5,Tawang,Arunachal Pradesh,Nature,0.37923463360623355,Apr-Jun,120,-1.0,"City, Historical",0.0,0.5,0.36363636363636365,-1.0,18-25,Knee Pain,Adventure,"Trekking, Adventure Sports",Summer,"High altitude, physical exertion",North East Cuisine,1.6666666666666667,https://s7ap1.scene7.com/is/image/incredibleindia/sela-pass-tawang-arunachal-pradesh-blog-ntr-hero,2.0,1.7501927525057823,-0.6818181818181818,0.6619565217391304,1,0,0,1,1,0,-1.0,0.0,0,0,-0.4011967447181242,-0.8552869374666944,-0.6050861585711533,-0.9395027790201949,-0.7419777525742515,0.0,1.5189171733914288,4.066208619612743,0.43478260869565216,0,1,-0.5,0.0,0.0,-0.6666666666666666,0.0,-1.0,0.0,0.37923463360623355,0.0,0.47002398081534774,0.0,-1.0,0.0,2.470149253731343,0.5,0.8571428571428571,-0.8571428571428572,0.0,0,1,1,0.0,0.591751709536137,0.0,0.0,0.0,-1.0,0.0,1.329286798179059,2.502165439990221,0.25,2.0,1.2868217054263567,0.9328753270384322,0.0,0,0,1,1,2.6875,-1.3875918104272253,1,2.1666666666666665,-1.5324675324675323,0,1,-1.6551724137931032,-0.9349122894928301,3.081570996978852,0.0,1.0,1,0,0,Far,Moderate,Weekend,VeryHigh,Poor,4,0,1,0,2,0,4,2,2,9,1,36,0,3,1,1,3,0,1.5
793,620,191,-0.5,Valley of Flowers,Uttarakhand,Nature,0.40669198220864655,Apr-Jun,389,-1.0,"Nature, Adventure",0.0,0.0,-0.10606060606060606,-1.0,18-25,Knee Pain,Adventure,"Trekking, Adventure Sports",Summer,"High altitude, physical exertion",North Indian Cuisine,0.5208333333333334,https://encrypted-tbn0.gstatic.com/images?q=tbn:ANd9GcSKohlQ-J1CgxwCnc1mL62LM__eo7IDPvD9Hm4v1DnS8PQfNYx8O_lBtpoE&s=10,1.0,1.0331534309946029,-0.6565656565656565,0.6891304347826088,1,0,0,1,0,0,-1.0,0.0,0,0,-0.39862704538400034,-0.8539281276762134,-0.6044077436218547,-0.8584725313861001,-0.5500540652516469,0.0,1.5277738171990136,2.1424109931292943,0.18115942028985516,0,0,-0.5,0.0,0.0,-0.6666666666666666,0.0,-1.0,0.0,0.40669198220864655,0.0,-0.12470023980815348,0.0,-1.0,0.0,0.8283582089552238,0.5,0.0,-0.8571428571428572,0.0,0,0,1,-0.16666666666666674,0.0,0.0,-0.5,0.5,-0.8333333333333334,0.816496580927726,0.3034901365705615,0.5124532609101218,-0.5,0.2071067811865475,1.2093023255813953,0.7066018095094011,0.415037499278844,0,1,1,0,1.104166666666667,-0.8650725639583473,1,0.6666666666666665,-0.714285714285714,0,1,-1.1034482758620685,-0.19368155150221503,-0.7250755287009064,-0.16666666666666674,2.0,1,0,0,Far,Economy,Weekend,VeryHigh,Poor,4,0,2,0,2,0,4,2,2,10,17,37,0,1,1,1,3,0,1.5
794,762,23,0.5,Tarkarli Beach,Maharashtra,Beach,-0.3606143763106535,Nov-Mar,725,0.0,"Nature, Adventure",0.0,0.0,0.18181818181818182,1.0,36-45,Knee Pain,Honeymoon,"Relaxation, Nightlife, Water Sports",Winter,"Crowds, sun exposure",Seafood,-0.9166666666666666,https://encrypted-tbn0.gstatic.com/images?q=tbn:ANd9GcRmtn0Vsfvni1NmF01OGM9ahIFZcrRqMoNKSjV1xzIEbR5CCG-tr4PumVg&s=10,1.0,-0.33153430994602934,-0.2727272727272727,-0.5934782608695652,1,0,0,1,0,0,0.3333333333333333,0.0,1,0,0.3112889059695267,-0.06517463480053434,0.40853538536810663,0.7180612063410164,0.405946081284698,-0.24999999999999992,-0.5159126063796305,-0.8773683114719967,-0.8188405797101449,0,0,0.5,0.0,0.6666666666666666,0.0,1.0,0.0,0.0,-0.3606143763106535,0.0,-0.12470023980815348,0.926829268292683,0.0,2.0,0.2462686567164179,0.0,0.0,1.0027928583791246,0.0,1,0,1,0.5,-0.408248290463863,1.0,0.0,-0.5,0.0,0.0,0.21851289833080423,-0.3826841261161515,1.0,-0.5,-1.2403100775193798,-0.5790588848725582,-0.5849625007211561,1,0,1,1,-0.375,0.3934525244337349,1,-0.3333333333333335,0.28571428571428603,0,0,0.0,0.0,0.0,0.5,0.0,0,0,0,Near,Moderate,Week,High,Good,1,2,2,2,2,3,2,3,0,14,10,35,2,3,0,0,2,0,3.5
807,347,21,0.0,Marina Beach,Tamil Nadu,Beach,-0.5931729376739537,Nov-Mar,489,0.0,"City, Historical",-1.0,-0.5,-1.0757575757575757,0.0,18-25,Knee Pain,Honeymoon,"Relaxation, Nightlife, Water Sports",Winter,"Crowds, sun exposure",Seafood,-0.0625,https://encrypted-tbn0.gstatic.com/licensed-image?q=tbn:ANd9GcQct7UyX_Oev4c9kXNkRrH7cu6JRlW5Xs6MNpuB-CTQjXyNxWdF7V64hL9ANP93g9qVVT1kg12v0L1opGDTWLdmYNf-&s=19,-1.0,-0.8404009252120278,-0.5757575757575758,-0.33260869565217394,0,1,0,0,0,0,0.0,-0.5,0,0,-0.11222199945125201,-0.09970122233996374,0.07310766554135803,2.171013178546666,2.1606497288333366,0.0,-0.10437364619806681,-0.008744534665833855,1.7173913043478262,0,0,0.0,0.0,0.3333333333333333,-0.3333333333333333,0.0,0.0,0.0,-0.5931729376739537,0.0,-1.3525179856115108,0.0,0.0,0.0,-0.007462686567164179,-0.5,-0.8571428571428571,-0.42857142857142866,0.0,0,0,0,-0.25,0.09175170953613696,0.0,-0.5,0.0,0.0,0.0,-1.1836115326251895,-0.029437240470473237,0.25,0.0,0.2713178294573643,-1.127549952219022,0.0,0,1,0,1,0.0,-0.576997280710459,1,0.16666666666666652,-0.07792207792207773,1,0,0.8275862068965516,0.49512273568993115,-0.5619335347432024,0.0,0.0,0,0,0,Medium,Budget,Week,High,Fair,1,2,1,0,2,3,2,3,0,14,14,24,1,0,0,0,1,0,3.0
828,784,364,0.5,Coorg,Karnataka,Nature,-0.1862645908761811,Sep-Mar,262,0.5,"Beaches, Historical",0.0,0.5,0.9393939393939394,-1.0,26-35,Asthma,Family Vacation,"Nature & Relaxation, Photography",Post-Monsoon,"Curvy roads, limited medical facilities",Coorgi Cuisine,-0.3854166666666667,https://images.unsplash.com/photo-1710612198146-77512950a4b7,2.0,2.629144178874325,-0.10606060606060606,1.281521739130435,1,0,0,1,1,0,0.6666666666666666,-0.5,1,0,0.3439232680139545,0.382701249484304,0.8557586795448121,-0.6531378178473728,-0.9106702606206513,1.8749999999999998,1.336509713835557,0.6208619612742037,-0.6358695652173914,0,0,0.5,0.0,0.6666666666666666,0.0,0.0,0.5,0.0,-0.1862645908761811,0.0,1.1990407673860912,0.0,-1.0,0.0,-0.4701492537313433,0.5,0.8571428571428571,0.0,0.0,0,1,1,0.75,-7.850462293418875e-17,1.0,0.5,1.0,0.25,0.8164965809277259,1.306525037936267,1.4510693050864027,-0.25,0.4128709291752768,-0.044573643410852716,-0.3390242217086835,0.7369655941662062,1,0,1,0,0.234375,0.03655477336874379,1,1.1666666666666665,-1.047619047619047,0,1,-0.8275862068965516,0.09914219301200164,-0.947129909365559,0.5,1.0,1,0,0,Medium,Premium,Weekend,High,Good,4,4,0,1,0,2,1,1,1,1,6,8,1,4,1,0,2,1,4.0
830,610,834,0.0,Kodaikanal,Tamil Nadu,Nature,-0.5729765111706481,Apr-Jun,245,-0.5,"City, Historical",0.0,0.0,0.12121212121212122,-0.5,46-60,Knee Pain,Adventure,"Trekking, Adventure Sports",Summer,"High altitude, physical exertion",South Indian Cuisine,-0.10416666666666667,https://encrypted-tbn0.gstatic.com/images?q=tbn:ANd9GcRR1MrvitA-PthZ_UMPeUYOYvzHFu6Olty-pnoL9EqaCl31ZwvMHSvu9OQ&s=10,1.0,0.5088666152659983,-0.3535353535353537,0.1963768115942028,1,0,0,1,0,0,-0.3333333333333333,0.0,0,0,-0.10938676154343002,-0.4995563798266572,-0.22634673745182082,-0.4611629300834423,-0.42970647885641716,0.12500000000000003,0.336513054836114,0.3352071621902977,-0.2536231884057971,0,0,0.0,0.0,0.3333333333333333,-0.3333333333333333,0.0,-0.5,0.0,-0.5729765111706481,0.0,0.1630695443645084,0.0,-0.5,0.0,-0.06716417910447761,0.5,0.0,-0.42857142857142866,0.0,0,1,1,0.25,0.09175170953613696,0.5,0.0,0.0,-0.5,0.0,0.18209408194233687,-0.2649351642342587,-0.75,0.0,-0.5116279069767442,-0.4939481897480072,0.0,1,0,1,0,-0.25,0.28093293606316183,1,0.16666666666666652,-0.28571428571428514,0,1,-0.8275862068965516,-1.1579810337761571,1.1238670694864048,0.0,0.0,0,0,0,Medium,Moderate,Weekend,High,Fair,4,0,1,3,2,0,4,2,2,15,14,18,1,3,1,0,1,0,2.5
832,447,831,1.0,Tarkarli Beach,Maharashtra,Beach,0.39895918427188237,Nov-Mar,78,-1.0,"City, Historical",0.0,0.5,0.015151515151515152,-0.5,46-60,Knee Pain,Honeymoon,"Relaxation, Nightlife, Water Sports",Winter,"Crowds, sun exposure",Seafood,-0.9166666666666666,https://encrypted-tbn0.gstatic.com/images?q=tbn:ANd9GcRmtn0Vsfvni1NmF01OGM9ahIFZcrRqMoNKSjV1xzIEbR5CCG-tr4PumVg&s=10,2.0,0.4009252120277564,-1.0303030303030303,-0.28913043478260864,1,0,0,1,1,0,0.0,1.5,1,1,0.8798713865586171,-0.8543108085277564,-0.2668770304496964,-0.2563001669117594,-0.25252657348934265,0.37499999999999994,0.5455181408225817,-0.5742244430564231,-0.9130434782608695,0,0,1.0,0.0,1.0,0.3333333333333333,0.0,-1.0,0.0,0.39895918427188237,0.0,0.02877697841726619,0.0,-0.5,0.0,-1.2313432835820894,0.5,0.8571428571428571,0.42857142857142866,0.0,0,1,1,1.0,-0.408248290463863,1.5,0.5,-0.5,-1.0,0.0,0.018209408194233685,-0.3826841261161515,-0.5,-0.5,-1.2403100775193798,0.6238686072807978,-0.5849625007211561,1,0,1,0,-0.375,0.3934525244337349,1,-0.3333333333333335,0.28571428571428603,0,0,0.0,0.0,0.0,1.0,0.0,0,0,0,Near,Moderate,Weekend,VeryHigh,Excellent,1,2,1,3,2,3,2,3,0,14,10,35,2,3,1,1,0,0,3.0
847,651,755,0.0,Fatehpur Sikri,Uttar Pradesh,Historical,0.9890876198343361,Nov-Feb,344,-0.5,"Nature, Adventure",0.0,0.5,1.5606060606060606,0.5,46-60,Knee Pain,Leisure,"Cultural Exploration, Photography",Winter,"Long walking distances, crowd congestion",Mughlai Cuisine,0.052083333333333336,https://images.unsplash.com/photo-1717761558642-32cbeccbee7e,2.0,0.6908249807247493,0.5151515151515151,-0.08478260869565218,1,0,0,1,1,0,-0.3333333333333333,0.0,0,0,0.10990071676116869,-0.34494946090644285,-0.11056050401951033,-0.528368395900119,-0.3507678591196189,-0.37499999999999994,-0.16215022324133369,-0.16614615865084323,-0.4076086956521739,0,0,0.0,0.0,0.3333333333333333,-0.3333333333333333,0.0,-0.5,0.0,0.9890876198343361,0.0,1.985611510791367,0.0,0.5,0.0,0.15671641791044777,0.5,0.8571428571428571,-0.42857142857142866,0.0,0,1,1,-0.25,0.09175170953613696,0.0,-0.5,0.0,-0.25,1.0,1.329286798179059,1.3835503021122397,0.0,0.5,-0.007751937984496124,0.4646272094979093,0.0,0,1,1,0,1.5,-0.696982782623996,1,0.6666666666666665,-0.5142857142857138,1,0,0.8275862068965516,3.00556554571532,0.4894259818731118,0.0,0.0,0,0,0,Medium,Premium,Week,VeryHigh,Fair,3,1,2,3,2,4,0,3,3,7,16,11,1,4,0,1,1,0,2.5
854,129,95,0.5,Munnar,Kerala,Nature,0.581009951884081,Sep-Mar,67,-0.5,"Nature, Adventure",0.0,0.0,0.9545454545454546,0.5,26-35,Asthma,Family Vacation,"Nature & Relaxation, Photography",Post-Monsoon,"Curvy roads, limited medical facilities",Kerala Cuisine,0.08333333333333333,https://images.unsplash.com/photo-1491497895121-1334fc14d8c9,1.0,0.32074016962220503,0.7575757575757576,0.01956521739130435,1,0,0,1,0,0,0.0,0.5,1,0,0.4875398211029861,-0.38533937171077326,0.08883715345983761,-0.21005433375451524,-0.17502629021024452,-0.225,-0.21480204484580726,-0.145159275452842,-0.1231884057971015,0,0,0.5,0.0,0.6666666666666666,0.0,0.0,-0.5,0.0,0.581009951884081,0.0,1.2182254196642686,0.0,0.5,0.0,0.20149253731343283,0.5,0.0,0.0,0.0,0,1,1,0.5,0.29885849072268444,0.5,0.5,0.5,-0.5,0.0,0.8922610015174506,0.5208042031823015,0.16666666666666652,-0.09175170953613704,-0.1602067183462531,-0.26504632374080056,0.415037499278844,1,0,1,1,0.5,-0.19472064158065955,1,0.3333333333333335,-0.21428571428571397,0,0,0.0,3.234745474389241,0.9546827794561932,0.5,0.0,0,0,0,Medium,Premium,Week,VeryHigh,Good,4,4,2,1,0,2,1,1,1,5,7,26,1,4,0,1,2,0,3.0
870,207,70,0.0,Marina Beach,Tamil Nadu,Beach,0.06251500687831461,Nov-Mar,41,0.0,"Beaches, Historical",-1.0,0.5,-0.3787878787878788,-0.5,36-45,Knee Pain,Honeymoon,"Relaxation, Nightlife, Water Sports",Winter,"Crowds, sun exposure",Seafood,-0.0625,https://encrypted-tbn0.gstatic.com/licensed-image?q=tbn:ANd9GcQct7UyX_Oev4c9kXNkRrH7cu6JRlW5Xs6MNpuB-CTQjXyNxWdF7V64hL9ANP93g9qVVT1kg12v0L1opGDTWLdmYNf-&s=19,1.0,0.0,-1.02020202020202,-0.28188405797101457,1,0,0,1,0,0,0.0,-0.5,0,0,-0.020174462438103568,-0.0023551298829909283,0.1460108542451116,0.03085419245996542,0.030409935276616243,0.37499999999999994,0.4731691731331374,0.3818446804080784,-0.22463768115942026,0,0,0.25,0.7071067811865476,0.3333333333333333,0.0,1.0,0.25,1.0,0.06251500687831461,0.0,-0.5755395683453237,0.2682926829268293,-0.25,0.5,0.8582089552238806,0.0,0.42857142857142855,0.6631580367960199,-0.963710722590775,1,0,1,0.25,0.29885849072268444,0.5,0.5,1.0,0.0,0.0,0.22306525037936265,1.1828955944192863,0.5,0.5,-0.4108527131782946,-0.4446812448171974,0.7369655941662062,1,0,1,1,1.953125,-1.6620099384316207,0,1.6666666666666665,-1.047619047619047,0,1,-0.8275862068965516,1.472054262417339,1.0332326283987916,0.0,2.0,1,0,0,Medium,Economy,Weekend,VeryHigh,Fair,1,2,0,2,2,3,2,3,0,14,14,24,1,1,1,1,1,0,3.0
877,877,786,0.5,Gokarna Beach,Karnataka,Beach,-0.6029400261196399,Nov-Mar,42,1.0,"City, Historical",0.0,0.0,-0.36363636363636365,-0.5,18-25,Knee Pain,Honeymoon,"Relaxation, Nightlife, Water Sports",Winter,"Crowds, sun exposure",Seafood,-0.75,https://realtalktravel.com/wp-content/uploads/Om-Beach-Gokarna.webp,1.0,0.015420200462605957,-1.0,-0.2673913043478261,1,0,0,1,0,0,1.0,0.0,1,0,0.26593098959004324,0.7015902478960042,1.1741830318050717,0.6280133907290166,-0.09025722680797,1.1249999999999998,0.33006969953211984,-0.38767437018530093,-0.7028985507246378,0,0,0.5,0.0,0.6666666666666666,0.0,0.0,1.0,0.0,-0.6029400261196399,0.0,-0.45083932853717024,0.0,-0.5,0.0,-0.9925373134328358,0.5,0.0,0.0,0.0,0,0,1,0.75,0.09175170953613696,1.0,0.5,0.0,1.0,0.0,-0.32776934749620634,-0.029437240470473237,-0.25,0.0,-1.1162790697674418,-0.791071204578734,0.0,1,0,0,0,0.0,-0.05274334583796084,1,0.16666666666666652,-0.1587301587301586,0,1,-0.8275862068965516,-0.47194535067300647,0.29003021148036257,0.75,1.0,1,0,0,Near,Economy,Weekend,High,Good,1,2,1,0,2,3,2,3,0,14,6,12,2,1,1,0,2,1,4.5
879,878,813,0.5,Mumbai,Maharashtra,City,-0.9206869753518302,Oct-Mar,441,-0.5,"City, Historical",-1.0,0.5,0.5303030303030303,0.5,18-25,High Blood Pressure,Business,"Shopping, Food & Local Cuisine",All seasons,"Traffic congestion, pollution",Street Food,-1.421875,https://t4.ftcdn.net/jpg/01/46/43/87/360_F_146438747_3XYwVkfnYZuukBZYmDM8xeoqENzyhAqa.jpg,1.0,0.061680801850423995,0.19191919191919177,-0.2239130434782608,1,0,0,1,0,0,0.0,0.5,1,0,0.20645590073968748,-0.533971383971707,-0.05957829036248007,-0.024122368650518478,-0.1810529719373679,-0.225,-0.40855702074037076,-1.1560274828232355,-1.1702898550724639,1,0,0.33333333333333326,1.5275252316519465,0.0,0.3333333333333333,2.0,0.16666666666666674,2.1602468994692865,-0.9206869753518311,0.0,-0.003197442046363003,1.0887632950240889,0.0,1.224744871391589,-1.1492537313432836,0.16666666666666674,0.0,1.4285714285714284,-1.032412722174298,1,0,1,0.0,0.591751709536137,0.0,0.0,0.0,-0.5,0.0,0.3823975720789074,0.4415586070570978,0.0,0.5,-1.1046511627906976,-1.0517230128601673,0.0,0,0,1,0,0.5,-0.3254237149319001,1,0.6666666666666665,-0.5142857142857138,1,0,1.6551724137931032,-1.1384445341890292,-2.0755287009063443,0.5,0.0,0,0,0,VeryNear,Moderate,Week,High,Good,2,3,1,0,1,1,3,0,4,16,10,25,3,3,0,0,2,0,3.0
881,55,340,1.0,Sandakphu,West Bengal,Adventure,-0.9625681815605338,Apr-Jun,645,-0.5,"Beaches, Historical",-1.0,-0.5,-1.0454545454545454,-1.0,26-35,Knee Pain,Adventure,"Trekking, Adventure Sports",Summer,"High altitude, physical exertion",North East Cuisine,0.8333333333333334,https://aquaterra.in/wp-content/uploads/2020/01/Sandakphu-Trek-03.jpg,-1.0,-0.4009252120277564,-0.45454545454545453,0.9065217391304349,0,1,0,0,0,0,0.3333333333333333,1.0,1,1,0.561312226310391,-0.5381166198324292,0.12778980591518044,0.8623746792560368,0.4015688036161281,1.4999999999999998,1.086105186843606,2.6670830730793256,3.5869565217391304,0,1,1.0,0.0,1.0,0.3333333333333333,1.0,0.0,2.0,-0.9625681815605338,0.0,-0.5371702637889688,1.9756097560975612,-0.25,1.4999999999999998,0.9029850746268657,0.0,-0.8571428571428571,1.682062501545334,0.0,1,0,0,0.6666666666666665,0.408248290463863,0.5,0.5,0.5,-0.33333333333333326,0.816496580927726,-1.2807283763277695,0.1191898893905151,-0.5,0.7247448713915889,1.6227390180878551,-0.926800020325234,0.415037499278844,1,0,0,0,-0.2916666666666665,0.14462115505518575,1,0.6666666666666665,-0.714285714285714,1,0,1.1034482758620694,-1.663954498984438,-0.6042296072507548,1.0,1.0,1,0,0,Far,Budget,Weekend,High,Excellent,0,0,0,1,2,0,4,2,2,9,18,31,0,0,1,0,0,0,3.5
886,419,678,0.5,Coorg,Karnataka,Nature,-0.3423227393615792,Sep-Mar,706,0.0,"City, Historical",0.0,0.5,1.2121212121212122,-0.5,26-35,Asthma,Family Vacation,"Nature & Relaxation, Photography",Post-Monsoon,"Curvy roads, limited medical facilities",Coorgi Cuisine,-0.3854166666666667,https://images.unsplash.com/photo-1710612198146-77512950a4b7,2.0,1.6191210485736314,0.16666666666666666,0.5695652173913043,1,0,0,1,1,0,0.3333333333333333,0.0,1,0,0.3147126893776553,-0.06245898416759515,0.4112470790861897,-0.5563300204478223,-0.7659076034949656,0.625,0.3861128500037439,0.02040391422027893,-0.6358695652173914,0,0,0.16666666666666674,1.1547005383792515,0.0,0.0,2.0,-0.33333333333333326,0.816496580927726,-0.3423227393615792,0.0,1.4036770583533171,0.32601524643517765,-0.33333333333333326,1.0801234497346432,0.1865671641791045,0.16666666666666674,0.8571428571428571,1.142857142857143,-1.0123296781699866,1,1,1,0.0,0.591751709536137,0.0,0.0,0.0,0.0,0.0,0.7738998482549316,1.8251089091693375,-0.25,0.0,-0.24031007751937986,-0.7379879561923463,0.0,0,0,1,0,1.96875,-1.2514375916908789,1,0.16666666666666652,-0.1587301587301586,1,0,1.6551724137931032,0.516298243550397,-0.4894259818731118,0.0,1.0,1,0,0,Medium,Premium,Weekend,High,Good,4,4,1,1,0,2,1,1,1,1,6,8,1,4,1,0,2,0,3.5
888,732,55,-0.5,Marina Beach,Tamil Nadu,Beach,-0.035054798086835905,Nov-Mar,808,0.0,"Beaches, Historical",0.0,-0.5,-0.6212121212121212,0.0,18-25,Knee Pain,Honeymoon,"Relaxation, Nightlife, Water Sports",Winter,"Crowds, sun exposure",Seafood,-0.0625,https://encrypted-tbn0.gstatic.com/licensed-image?q=tbn:ANd9GcQct7UyX_Oev4c9kXNkRrH7cu6JRlW5Xs6MNpuB-CTQjXyNxWdF7V64hL9ANP93g9qVVT1kg12v0L1opGDTWLdmYNf-&s=19,0.0,-0.49344641480339246,-0.696969696969697,-0.3978260869565218,0,0,1,0,0,0,-0.3333333333333333,0.0,0,0,-0.4399695808055344,-0.016840738981129914,-0.18647390009311457,0.4355427673010288,0.8328372755594929,-0.18749999999999997,-0.014360337985916044,-0.008744534665833855,0.2608695652173913,0,0,-0.5,0.0,0.0,-0.6666666666666666,0.0,0.0,0.0,-0.035054798086835905,0.0,-0.7769784172661871,0.0,0.0,0.0,-0.007462686567164179,0.5,-0.8571428571428571,-0.8571428571428572,0.0,0,0,0,-0.5,-0.408248290463863,0.0,-1.0,-0.5,0.0,0.0,-0.7465857359635811,-0.3826841261161515,0.0,-0.5,0.031007751937984496,-0.0634741050667226,-0.5849625007211561,0,1,0,0,-0.375,0.3934525244337349,1,-0.3333333333333335,0.28571428571428603,0,0,0.0,0.0,0.0,-0.5,0.0,0,0,0,Medium,Economy,Week,High,Poor,1,2,0,0,2,3,2,3,0,14,14,24,1,1,0,0,3,0,2.5
891,875,898,1.0,Leh Ladakh,Ladakh,Adventure,0.49555453409843064,Apr-Jun,21,0.0,"Beaches, Historical",0.0,-0.5,0.18181818181818182,1.5,36-45,Knee Pain,Adventure,"Trekking, Adventure Sports",Summer,"High altitude, physical exertion",Tibetan Cuisine,1.1458333333333333,https://encrypted-tbn0.gstatic.com/images?q=tbn:ANd9GcR6syC-08_34gV3HDUrcoT836XfFU1TJFrrucb9MfdLPiXz7ULyfUkGJEq2&s=10,0.0,-0.4604031280978082,0.9090909090909091,-0.3512422360248448,0,0,1,0,0,0,0.6666666666666666,0.5,1,1,0.9024719851927955,0.06193567522412158,0.8767622709709629,1.3202853681237996,0.878209047569903,-0.26785714285714285,-0.5653069270507093,0.06870705808869466,1.5217391304347827,0,1,0.5,1.4142135623730951,0.3333333333333333,0.3333333333333333,1.0,0.25,1.0,0.49555453409843064,0.0,0.1342925659472422,0.2682926829268293,1.0,1.0,1.2761194029850746,0.0,-0.42857142857142855,1.0027928583791246,-1.0273550292155575,1,1,0,1.0,-0.408248290463863,1.5,0.5,0.5,-0.16666666666666674,0.8164965809277259,-0.018209408194233685,0.23057209187771904,0.8333333333333335,1.1329931618554523,0.7751937984496124,0.15486776767596674,0.415037499278844,1,0,0,1,0.4375,-0.415280529369581,1,0.9999999999999996,-0.5142857142857138,0,0,0.0,1.7090505404881724,2.465256797583082,1.0,0.0,0,0,0,Far,Moderate,Week,VeryHigh,Excellent,0,0,0,2,2,0,4,2,2,17,8,22,0,3,0,1,0,0,4.0
896,360,584,-1.0,Ooty,Tamil Nadu,Nature,-0.3920647784866938,Apr-Jun,757,0.0,"Nature, Adventure",-1.0,0.5,0.3333333333333333,0.0,46-60,Knee Pain,Adventure,"Trekking, Adventure Sports",Summer,"High altitude, physical exertion",South Indian Cuisine,-0.22916666666666666,https://t3.ftcdn.net/jpg/05/09/58/00/360_F_509580096_YjyHXMHyTm9OOkjUQS4kOxDXkxbOMWYi.jpg,1.0,0.23515805705474163,-0.07070707070707057,-0.06086956521739123,1,0,0,1,0,0,-0.6666666666666666,0.5,0,0,-0.8627736044163858,-0.06984388910584013,-0.5213417577046143,-0.5056763205997585,-0.24123273629081732,-0.37499999999999994,-0.07193891700203525,-0.14865708931917554,-0.34057971014492755,0,0,-1.0,0.0,-0.3333333333333333,-1.0,0.0,0.0,0.0,-0.3920647784866938,0.0,0.4316546762589928,0.0,0.0,0.0,-0.2462686567164179,-0.5,0.8571428571428571,-1.2857142857142856,0.0,0,1,1,-0.25,1.0917517095361369,-0.5,0.0,0.0,0.0,0.0,0.5098634294385432,-0.029437240470473237,-0.25,0.0,-0.046511627906976744,0.2924154883200429,0.0,0,1,1,0,0.0,0.10157771724754183,1,0.16666666666666652,-0.1587301587301586,0,1,-2.482758620689655,-2.531469239673129,-0.3987915407854985,-0.25,1.0,1,0,0,Medium,Moderate,Week,High,Poor,4,0,2,3,2,0,4,2,2,15,14,27,1,3,0,0,3,0,2.0
898,183,948,-1.0,Jaipur,Rajasthan,City,0.3823040941991098,Oct-Mar,1000,0.0,"City, Historical",-1.0,-0.5,-1.0151515151515151,-1.0,36-45,High Blood Pressure,Business,"Shopping, Food & Local Cuisine",All seasons,"Traffic congestion, pollution",Rajasthani Cuisine,-0.2708333333333333,https://t4.ftcdn.net/jpg/05/84/76/73/360_F_584767353_EXYOkE8NcX37UwV4WfBw7AjBaEtU6mMy.jpg,-1.0,-0.35466461063993837,-0.3333333333333333,1.0369565217391306,0,1,0,0,0,0,-0.6666666666666666,0.5,0,0,-0.8265374913575291,0.045122055445340925,-0.49264215015462587,-0.08040789550172849,0.6094192602438401,0.37499999999999994,1.5199072587615121,0.8132417239225485,1.2826086956521738,0,0,-1.0,0.0,-0.3333333333333333,-1.0,0.0,0.0,0.0,0.3823040941991098,0.0,-1.275779376498801,0.0,-1.0,0.0,-0.30597014925373134,-0.5,-0.8571428571428571,-1.2857142857142856,0.0,0,0,0,-0.25,1.0917517095361369,-0.5,0.0,0.0,0.0,0.0,-1.1745068285280726,-0.23549792376378553,-1.0,-0.5,-0.03875968992248062,0.5370791616788405,0.0,0,1,0,0,-0.21875,-0.005909781804003059,1,-0.3333333333333335,0.28571428571428603,0,1,-2.482758620689655,0.16600085721923824,-0.5619335347432024,-1.0,0.0,0,0,0,Medium,Budget,Weekend,VeryHigh,Poor,2,3,1,2,1,1,3,0,4,13,13,15,1,0,1,1,3,0,2.0
908,900,937,1.0,Valley of Flowers,Uttarakhand,Nature,0.3205780217801187,Apr-Jun,712,-1.0,"Beaches, Historical",0.0,0.5,1.8484848484848484,1.5,26-35,Knee Pain,Adventure,"Trekking, Adventure Sports",Summer,"High altitude, physical exertion",North Indian Cuisine,0.5208333333333334,https://encrypted-tbn0.gstatic.com/images?q=tbn:ANd9GcSKohlQ-J1CgxwCnc1mL62LM__eo7IDPvD9Hm4v1DnS8PQfNYx8O_lBtpoE&s=10,2.0,0.2665491794250467,0.803030303030303,-0.3838509316770187,1,0,0,1,1,0,0.0,1.5,1,1,0.8615323961503041,-0.8581897369896885,-0.27171862615034187,-0.17616335611996933,-0.16901346309246187,-0.48214285714285715,-0.5814327650522141,-0.23110555902560898,-0.16304347826086957,0,0,0.25,2.1213203435596424,0.0,0.3333333333333333,1.0,-0.75,1.0,0.3205780217801187,0.0,0.9688249400479616,3.5121951219512195,0.75,1.4999999999999998,0.4552238805970149,0.0,0.8571428571428571,0.6631580367960199,-1.0504799024963116,1,1,1,0.5,0.591751709536137,0.5,0.5,0.0,-1.0,0.0,1.8482549317147192,0.8242427331732491,0.25,2.0,0.5193798449612403,-0.26235224018184805,0.0,1,0,1,1,0.90625,-0.24884039013065148,1,2.1666666666666665,-1.5324675324675323,1,0,1.6551724137931032,2.0940453085124413,0.8882175226586103,1.0,0.0,0,0,0,Far,Premium,Week,VeryHigh,Excellent,4,0,0,1,2,0,4,2,2,10,17,37,0,4,0,1,0,0,3.0
909,365,917,1.0,Kodaikanal,Tamil Nadu,Nature,0.3883360627665676,Apr-Jun,601,-0.5,"Nature, Adventure",0.0,0.5,1.2575757575757576,0.5,18-25,Knee Pain,Adventure,"Trekking, Adventure Sports",Summer,"High altitude, physical exertion",South Indian Cuisine,-0.10416666666666667,https://encrypted-tbn0.gstatic.com/images?q=tbn:ANd9GcRR1MrvitA-PthZ_UMPeUYOYvzHFu6Olty-pnoL9EqaCl31ZwvMHSvu9OQ&s=10,2.0,0.5057825751734771,0.21212121212121213,-0.21521739130434783,1,0,0,1,1,0,0.3333333333333333,1.0,1,1,0.8773858745146641,-0.4044094698978872,0.29468021614620754,-0.16142494172695473,-0.31744904340016517,-0.07500000000000005,-0.23966160476392576,-0.2710805746408495,-0.4891304347826087,0,0,0.0,2.8284271247461903,-0.3333333333333333,0.3333333333333333,1.0,-0.25,1.0,0.3883360627665676,0.0,0.8249400479616307,1.9756097560975612,0.75,0.5,0.8283582089552238,0.5,0.0,0.32352321521291494,-1.062437173501617,1,1,1,0.0,1.591751709536137,-0.5,0.5,0.0,-0.75,1.0,1.2018209408194234,0.618182049879937,0.0,0.5,0.24031007751937986,-0.3051041594041178,0.0,0,0,1,0,0.6875,-0.24975521854726965,1,0.6666666666666665,-0.5142857142857138,1,0,3.3103448275862064,2.5063740421317835,-0.6344410876132931,1.0,0.0,0,0,0,Medium,Premium,Week,VeryHigh,Excellent,4,0,2,0,2,0,4,2,2,15,14,18,1,4,0,1,0,0,3.5
911,609,418,-0.5,Spiti Valley,Himachal Pradesh,Nature,-0.20901931502874277,Sep-Mar,373,0.5,"Beaches, Historical",-1.0,0.5,0.7272727272727273,0.0,26-35,Asthma,Family Vacation,"Nature & Relaxation, Photography",Post-Monsoon,"Curvy roads, limited medical facilities",Himachali Cuisine,0.625,https://storage.googleapis.com/stateless-www-justwravel-com/2021/05/1550217293_shutterstock_1129297934.jpg.jpg,1.0,0.5358519660755588,0.45454545454545453,0.22173913043478263,1,0,0,1,0,0,0.0,0.5,0,0,-0.4562507050255005,0.378196904595668,0.010757121360879293,-0.32512757746351045,-0.402039086005604,0.0,-0.0424173398476617,0.5683947532792005,0.253623188405797,0,0,-0.25,0.7071067811865476,0.0,-0.3333333333333333,1.0,0.0,2.0,-0.20901931502874277,0.0,0.5371702637889688,1.0,0.25,0.5,0.9029850746268657,-0.5,0.8571428571428571,-0.01611160637019009,-0.963710722590775,1,1,1,-0.375,-0.05469489987058931,0.0,-0.5,1.0,0.625,0.7071067811865475,0.6874051593323216,0.6247263137436568,0.75,0.4128709291752768,0.6802325581395349,-0.49920305103380624,0.7369655941662062,0,1,1,1,0.265625,-0.07111109444156953,1,1.1666666666666665,-0.6373626373626373,0,1,-0.4137931034482758,0.44025684323589037,0.8746223564954684,-0.5,1.0,1,0,0,Far,Moderate,Week,High,Poor,4,4,0,1,0,2,1,1,1,3,5,33,0,3,0,0,3,0,3.0
914,936,862,0.0,Ellora Caves,Maharashtra,Historical,-0.49106824245782976,Nov-Feb,103,-0.5,"Beaches, Historical",-1.0,0.0,0.015151515151515152,0.5,18-25,Knee Pain,Leisure,"Cultural Exploration, Photography",Winter,"Long walking distances, crowd congestion",Maharashtrian Cuisine,-1.1041666666666667,https://indiaholidaymall.com/images/blog/Ellora-Caves-Unesco-World-Heritage-Site.jpg,0.0,-0.2528912875867387,0.5757575757575758,-0.05869565217391305,1,0,0,1,0,0,-0.3333333333333333,0.0,0,0,-0.09788822102782814,-0.4914494239031315,-0.2202753798596603,0.06758422251222866,0.2505121671995531,-0.37499999999999994,-0.35312588431995695,-0.9426608369768895,-0.8260869565217391,1,0,0.0,0.0,0.3333333333333333,-0.3333333333333333,0.0,-0.5,0.0,-0.49106824245782976,0.0,0.02877697841726619,0.0,0.5,0.0,-1.5,-0.5,0.0,-0.42857142857142866,0.0,0,1,1,0.25,0.5046226387114138,0.0,0.5,1.0,-0.25,1.414213562373095,-0.3869499241274658,0.45502822743402954,0.125,0.5606601717798212,-0.8585271317829457,-0.508324249297519,0.7369655941662062,1,0,0,1,1.015625,-1.3253989887533362,1,0.4166666666666665,-0.28571428571428514,0,1,-0.8275862068965516,-0.7620463487921894,-1.5453172205438068,0.0,0.0,0,0,0,Near,Moderate,Week,High,Fair,3,1,0,0,2,4,0,3,3,6,10,10,2,3,0,0,1,0,2.5
919,654,287,0.5,Tawang,Arunachal Pradesh,Nature,-0.059147207037381785,Sep-Mar,253,0.5,"Nature, Adventure",-1.0,0.5,0.3181818181818182,-1.0,26-35,Asthma,Family Vacation,"Nature & Relaxation, Photography",Post-Monsoon,"Curvy roads, limited medical facilities",North East Cuisine,1.6666666666666667,https://s7ap1.scene7.com/is/image/incredibleindia/sela-pass-tawang-arunachal-pradesh-blog-ntr-hero,1.0,1.6808018504240552,-0.09090909090909091,1.297826086956522,1,0,0,1,0,0,0.6666666666666666,-0.5,1,0,0.36771678583216255,0.4078643995322738,0.8808851649198514,-0.478736239371829,-0.7583414467288233,1.8749999999999998,1.3775127038443349,4.066208619612743,0.9782608695652174,0,1,0.5,0.0,0.6666666666666666,0.0,0.0,0.5,0.0,-0.059147207037381785,0.0,0.41247002398081534,0.0,-1.0,0.0,2.470149253731343,-0.5,0.8571428571428571,0.0,0.0,0,1,1,0.5,-0.408248290463863,1.0,0.0,0.0,0.5,0.0,0.7283763277693475,0.7359310117618298,-0.75,0.0,1.1627906976744187,-0.2099550896260758,0.0,1,0,1,0,0.8125,-0.4543274245809717,1,0.16666666666666652,-0.28571428571428514,0,0,0.0,0.29765507120261564,3.371601208459215,0.5,0.0,0,0,0,Far,Moderate,Weekend,High,Good,4,4,2,1,0,2,1,1,1,9,1,36,0,3,1,0,2,1,4.0
924,263,226,-1.0,Mumbai,Maharashtra,City,0.9311080229617837,Oct-Mar,485,1.0,"Beaches, Historical",0.0,0.0,0.9090909090909091,1.5,36-45,High Blood Pressure,Business,"Shopping, Food & Local Cuisine",All seasons,"Traffic congestion, pollution",Street Food,-1.421875,https://t4.ftcdn.net/jpg/01/46/43/87/360_F_146438747_3XYwVkfnYZuukBZYmDM8xeoqENzyhAqa.jpg,1.0,-0.1431875757241987,0.696969696969697,-0.4164596273291925,1,0,0,1,0,0,0.0,1.5,0,0,-0.8008565505149366,1.0811752432179536,-0.23400625579417683,0.18058086028879766,0.35423259937996693,-0.48214285714285715,-0.525166310979774,-1.1630231105559028,-1.1702898550724639,1,0,-1.0,0.0,-0.3333333333333333,-1.0,0.0,1.0,0.0,0.9311080229617837,0.0,1.160671462829736,0.0,1.5,0.0,-1.955223880597015,0.5,0.0,-1.2857142857142856,0.0,0,1,1,-1.0,-0.408248290463863,-0.5,-1.5,-0.5,1.0,0.0,1.0925644916540211,-0.3826841261161515,1.5,-0.5,-1.9922480620155039,1.4666263087029314,-0.5849625007211561,0,1,1,1,-0.375,0.3934525244337349,1,-0.3333333333333335,0.28571428571428603,0,0,0.0,0.0,0.0,-1.0,0.0,0,0,0,VeryNear,Premium,Week,VeryHigh,Poor,2,3,0,2,1,1,3,0,4,16,10,25,3,4,0,1,3,0,3.0
925,695,261,0.5,Kodaikanal,Tamil Nadu,Nature,0.8089206127232019,Apr-Jun,120,-1.0,"City, Historical",0.0,0.5,1.8484848484848484,1.5,18-25,Knee Pain,Adventure,"Trekking, Adventure Sports",Summer,"High altitude, physical exertion",South Indian Cuisine,-0.10416666666666667,https://encrypted-tbn0.gstatic.com/images?q=tbn:ANd9GcRR1MrvitA-PthZ_UMPeUYOYvzHFu6Olty-pnoL9EqaCl31ZwvMHSvu9OQ&s=10,2.0,0.2665491794250467,0.803030303030303,-0.3838509316770187,1,0,0,1,1,0,-0.3333333333333333,1.0,1,0,0.5301995754644507,-0.8340226295500439,-0.3591923378650374,-0.34782253552096215,-0.10434180795657888,-0.5892857142857142,-0.5364271045412912,-0.5309181761399125,-0.4891304347826087,0,0,0.75,0.7071067811865476,0.6666666666666666,0.3333333333333333,1.0,0.0,4.0,0.8089206127232019,0.0,1.6019184652278178,1.902439024390244,0.5,2.0,0.007462686567164179,0.5,0.8571428571428571,1.3424276799622294,-0.963710722590775,1,1,1,0.0,0.591751709536137,0.0,0.0,0.0,-1.0,0.0,1.329286798179059,2.502165439990221,0.25,2.0,1.2868217054263567,0.9328753270384322,0.0,0,0,1,1,2.6875,-1.3875918104272253,1,2.1666666666666665,-1.5324675324675323,1,0,1.6551724137931032,0.9349122894928301,-3.081570996978852,0.0,1.0,1,0,0,Medium,Premium,Week,VeryHigh,Good,4,0,1,0,2,0,4,2,2,15,14,18,1,4,0,1,2,0,2.5
926,690,925,-1.0,Spiti Valley,Himachal Pradesh,Nature,-0.31197205835372777,Apr-Jun,198,0.0,"Beaches, Historical",0.0,0.5,0.9545454545454546,0.0,26-35,Knee Pain,Adventure,"Trekking, Adventure Sports",Summer,"High altitude, physical exertion",Himachali Cuisine,0.625,https://storage.googleapis.com/stateless-www-justwravel-com/2021/05/1550217293_shutterstock_1129297934.jpg.jpg,2.0,0.7093292212798765,-0.09090909090909091,-0.07173913043478261,1,0,0,1,1,0,-0.6666666666666666,0.5,0,0,-0.8590257150521564,-0.05795299892862615,-0.5183733666489994,-0.6688474944007408,-0.49481127723161067,-0.37499999999999994,-0.05902156099527377,0.5683947532792005,-0.10869565217391304,0,0,-1.0,0.0,-0.3333333333333333,-1.0,0.0,0.0,0.0,-0.31197205835372777,0.0,1.2182254196642686,0.0,0.0,0.0,0.9776119402985075,0.5,0.8571428571428571,-1.2857142857142856,0.0,0,1,1,-0.5,0.591751709536137,-0.5,-0.5,0.0,0.0,0.0,0.5827010622154779,1.4424247830531862,0.5,0.5,-0.09302325581395349,-0.7612118019180095,0.0,0,1,1,1,1.5625,-1.070538179189472,1,0.6666666666666665,-0.3809523809523805,0,1,-1.6551724137931032,0.7121862254653464,2.682779456193354,-1.0,0.0,0,0,0,Far,Premium,Week,High,Poor,4,0,0,1,2,0,4,2,2,3,5,33,0,4,0,0,3,0,2.0
928,509,584,0.5,Kerala Backwaters,Kerala,Nature,0.7713992716473672,Sep-Mar,757,0.0,"Nature, Adventure",-1.0,0.5,0.5151515151515151,-0.5,36-45,Asthma,Family Vacation,"Nature & Relaxation, Photography",Post-Monsoon,"Curvy roads, limited medical facilities",Kerala Cuisine,0.0,https://www.backpackadventures.org/wp-content/uploads/2020/08/india0898.jpg,1.0,0.9097918272937549,0.17171717171717185,0.5731884057971016,1,0,0,1,0,0,0.3333333333333333,0.0,1,0,0.5231764235517031,0.10288870409755023,0.5763538428685696,-0.35019024834028617,-0.4706661376470515,0.625,0.6256076702551625,0.4518009577347492,-0.18115942028985504,0,0,0.5,0.0,0.6666666666666666,0.0,0.0,0.0,0.0,0.7713992716473672,0.0,0.6618705035971223,0.0,-0.5,0.0,0.08208955223880597,-0.5,0.8571428571428571,0.0,0.0,0,1,1,-0.25,1.0917517095361369,-0.5,0.0,0.0,0.0,0.0,0.5098634294385432,-0.029437240470473237,-0.25,0.0,-0.046511627906976744,0.2924154883200429,0.0,0,1,1,0,0.0,0.10157771724754183,1,0.16666666666666652,-0.1587301587301586,1,0,2.482758620689655,2.531469239673129,0.3987915407854985,-0.25,1.0,1,0,0,Medium,Moderate,Weekend,VeryHigh,Good,4,4,2,2,0,2,1,1,1,5,7,16,1,3,1,1,2,0,3.5
933,296,70,1.0,Konark Sun Temple,Odisha,Historical,-0.49835438445344116,Nov-Feb,41,0.0,"Beaches, Historical",-1.0,0.5,0.9696969696969697,1.0,18-25,Knee Pain,Leisure,"Cultural Exploration, Photography",Winter,"Long walking distances, crowd congestion",Odia Cuisine,0.3125,https://cdn.britannica.com/19/251919-050-D3E64798/konark-sun-temple-orissa-india-unesco-heritage-site.jpg,1.0,0.06939090208172706,0.7777777777777779,-0.2166666666666667,1,0,0,1,0,0,0.6666666666666666,0.5,1,1,0.6699252157317711,-0.08562407523800936,0.6925813404801918,0.36116916598290144,-0.12376469295216307,-0.12500000000000003,-0.530722414467064,-0.1894649177597336,0.03623188405797093,0,0,1.0,0.0,1.0,0.3333333333333333,0.0,0.0,0.0,-0.49835438445344116,0.0,1.2374100719424461,0.0,1.0,0.0,0.5298507462686567,-0.5,0.8571428571428571,0.42857142857142866,0.0,0,1,1,0.25,0.29885849072268444,0.5,0.5,1.0,0.0,0.0,0.22306525037936265,1.1828955944192863,0.5,0.5,-0.4108527131782946,-0.4446812448171974,0.7369655941662062,1,0,1,1,2.859375,-2.462122843439612,0,0.6666666666666665,-0.3809523809523805,1,0,2.482758620689655,-0.9686289911252696,2.3383685800604233,1.0,0.0,0,0,0,Far,Premium,Week,High,Excellent,3,1,0,0,2,4,0,3,3,11,11,20,0,4,0,0,0,0,4.0
934,348,840,-1.0,Jaipur,Rajasthan,City,-0.49825049192990156,Oct-Mar,103,1.0,"City, Historical",-1.0,-0.5,-1.0151515151515151,-1.0,26-35,High Blood Pressure,Business,"Shopping, Food & Local Cuisine",All seasons,"Traffic congestion, pollution",Rajasthani Cuisine,-0.2708333333333333,https://t4.ftcdn.net/jpg/05/84/76/73/360_F_584767353_EXYOkE8NcX37UwV4WfBw7AjBaEtU6mMy.jpg,-1.0,-0.35466461063993837,-0.3333333333333333,1.0369565217391306,0,1,0,0,0,0,0.0,1.5,0,0,-0.8677424992845615,0.7274946362034397,-0.32229757248787305,0.4824473730103702,0.41823798065471773,1.1249999999999998,1.2358755252024152,0.8132417239225485,1.2826086956521738,0,0,0.0,2.0,-0.3333333333333333,0.3333333333333333,2.0,0.5,1.414213562373095,-0.49825049192990156,0.0,-0.6874500399680255,1.0052410742161777,0.0,1.414213562373095,0.08208955223880597,0.16666666666666674,-0.8571428571428571,0.857142857142857,-1.0476190476190474,1,0,0,-0.75,0.09175170953613696,-0.5,-1.0,0.0,1.0,0.0,-1.2382397572078907,-0.3238096451752051,-1.0,-0.5,0.3875968992248062,0.3015948487117723,0.0,0,1,0,0,-0.3125,0.2185974125236668,1,-0.3333333333333335,0.28571428571428603,0,1,-0.8275862068965516,-3.018770502785048,-1.5589123867069488,-1.0,0.0,0,0,0,Medium,Budget,Weekend,High,Poor,2,3,1,1,1,1,3,0,4,13,13,15,1,0,1,0,3,0,3.0
954,621,936,0.0,Red Fort,Delhi,Historical,-0.6964008814199535,Nov-Feb,346,0.5,"City, Historical",-1.0,-0.5,-0.6212121212121212,1.5,36-45,Knee Pain,Leisure,"Cultural Exploration, Photography",Winter,"Long walking distances, crowd congestion",Mughlai Cuisine,0.010416666666666666,https://upload.wikimedia.org/wikipedia/commons/d/d6/Delhi%2C_India%2C_Red_Fort_Facade.jpg,-1.0,-0.810661967177002,1.2424242424242424,-0.24875776397515525,0,1,0,0,0,0,0.3333333333333333,0.0,0,0,-0.1267134630380033,0.281718711642382,0.3587557970755424,2.5065615116981097,1.914985693383093,-0.37499999999999994,-0.6751575560351241,-0.475952529668957,1.8695652173913044,0,0,0.0,0.0,0.3333333333333333,-0.3333333333333333,0.0,0.5,0.0,-0.6964008814199535,0.0,-0.7769784172661871,0.0,1.5,0.0,0.09701492537313433,-0.5,-0.8571428571428571,-0.42857142857142866,0.0,0,0,0,0.0,-0.408248290463863,0.5,-0.5,0.0,-0.25,2.9999999999999996,-0.8285280728376327,-0.1177489618818928,1.25,0.0,0.751937984496124,-0.022454682449982572,0.0,0,0,0,1,-0.09375,-0.09585791603941801,1,0.16666666666666652,0.019047619047619424,0,0,0.0,-2.990630204026598,-1.43202416918429,0.0,0.0,0,0,0,Medium,Economy,Week,High,Fair,3,1,1,2,2,4,0,3,3,7,2,29,1,1,0,0,1,0,3.5
957,510,311,-1.0,Sandakphu,West Bengal,Adventure,0.902764251534608,Apr-Jun,965,1.0,"Nature, Adventure",0.0,-0.5,-0.12121212121212122,0.5,18-25,Knee Pain,Adventure,"Trekking, Adventure Sports",Summer,"High altitude, physical exertion",North East Cuisine,0.8333333333333334,https://aquaterra.in/wp-content/uploads/2020/01/Sandakphu-Trek-03.jpg,0.0,-0.33616037008481114,0.30303030303030304,-0.17608695652173914,0,0,1,0,0,0,0.0,1.5,0,0,-0.8021828797905276,1.0741618577173928,-0.23575704740684664,0.4508853953367949,0.6833942746262862,-0.225,-0.1732880113267346,0.35852592129918803,1.1956521739130435,0,1,-1.0,0.0,-0.3333333333333333,-1.0,0.0,1.0,0.0,0.902764251534608,0.0,-0.14388489208633093,0.0,0.5,0.0,1.2761194029850746,0.5,-0.8571428571428571,-1.2857142857142856,0.0,0,0,0,-1.0,-0.408248290463863,-0.5,-1.5,-0.5,1.0,0.0,-0.14567526555386948,-0.3826841261161515,0.5,-0.5,1.3643410852713178,1.42173861954362,-0.5849625007211561,0,1,0,1,-0.375,0.3934525244337349,1,-0.3333333333333335,0.28571428571428603,0,0,0.0,0.0,0.0,-1.0,0.0,0,0,0,Far,Economy,Week,VeryHigh,Poor,0,0,2,0,2,0,4,2,2,9,18,31,0,1,0,1,3,0,3.0
967,840,942,-1.0,Bir Billing,Himachal Pradesh,Adventure,-0.5802981861459278,Apr-Jun,984,-1.0,"City, Historical",-1.0,-0.5,-0.7575757575757576,1.0,26-35,Knee Pain,Adventure,"Trekking, Adventure Sports",Summer,"High altitude, physical exertion",Himachali Cuisine,0.4166666666666667,https://media-cdn.tripadvisor.com/media/attractions-splice-spp-674x446/0a/c6/99/67.jpg,-1.0,-0.8095605242868157,0.696969696969697,-0.2456521739130436,0,1,0,0,0,0,-1.3333333333333333,-0.5,0,0,-0.8715818704533931,-0.9027723159220792,-0.7292704539822616,-0.14761449472705354,1.9553966095614943,-0.875,-0.5395330134599317,-0.13116801998750782,2.717391304347826,0,0,-1.0,0.0,-0.3333333333333333,-1.0,0.0,-1.0,0.0,-0.5802981861459278,0.0,-0.9496402877697842,0.0,1.0,0.0,0.6791044776119403,-0.5,-0.8571428571428571,-1.2857142857142856,0.0,0,0,0,-1.0,-0.408248290463863,-0.5,-1.5,-0.5,-1.0,0.0,-0.9104704097116842,-0.3826841261161515,1.0,-0.5,0.7441860465116279,-0.9269694864858775,-0.5849625007211561,0,1,0,1,-0.375,0.3934525244337349,1,-0.3333333333333335,0.28571428571428603,0,0,0.0,0.0,0.0,-1.0,0.0,0,0,0,Far,Economy,Week,High,Poor,0,0,1,1,2,0,4,2,2,3,5,5,0,1,0,0,3,0,1.0
975,387,736,1.0,Varkala Beach,Kerala,Beach,0.2704645025290915,Nov-Mar,970,-0.5,"Beaches, Historical",-1.0,0.0,-1.0,-1.5,36-45,Knee Pain,Honeymoon,"Relaxation, Nightlife, Water Sports",Winter,"Crowds, sun exposure",Seafood,0.15625,https://encrypted-tbn0.gstatic.com/images?q=tbn:ANd9GcQhhfqvS3M6-Q5xL-XOgqAbXut9hnDO4dA-_VCx1YCE79I6gDY3_C1Zv3dOXwu2pL_OmQVlumXjSSQ8I6p748JioJniT2Wxf2InPIObpQ&s=10,0.0,0.5705474171164224,-1.4545454545454546,1.1021739130434784,1,0,0,1,0,0,0.3333333333333333,1.0,1,1,0.8498072402626513,-0.4160759299329883,0.2801183897804889,-0.19709740238838294,-0.3663403700179858,4.124999999999999,4.381669176907418,4.241099312929419,0.4891304347826087,0,0,0.75,0.7071067811865476,0.6666666666666666,0.3333333333333333,1.0,-0.5,0.0,0.2704645025290915,0.0,-0.8633093525179856,1.0,-0.25,2.5,0.14925373134328357,0.0,-0.42857142857142855,1.3424276799622294,-0.963710722590775,1,0,0,0.75,0.09175170953613696,1.0,0.5,0.0,-0.25,1.0,-0.9013657056145674,0.5887448094094637,-1.0,0.5,0.24806201550387597,0.2688606431081954,0.0,1,0,0,0,0.65625,-1.5299883612963223,1,0.6666666666666665,-1.047619047619047,1,0,0.8275862068965516,0.41632116793628804,0.2537764350453172,1.0,0.0,0,0,0,Far,Budget,Weekend,VeryHigh,Excellent,1,2,0,2,2,3,2,3,0,14,7,38,0,0,1,1,0,0,3.5
977,537,338,-1.0,Radhanagar Beach,Andaman,Beach,0.7047658631532459,Nov-Mar,436,1.0,"Nature, Adventure",0.0,0.0,-0.7272727272727273,-1.5,46-60,Knee Pain,Honeymoon,"Relaxation, Nightlife, Water Sports",Winter,"Crowds, sun exposure",Seafood,1.1458333333333333,https://dynamic-media-cdn.tripadvisor.com/media/photo-o/05/76/7a/1d/radhanagar-beach.jpg,1.0,1.4032382420971472,-1.4848484848484849,1.0369565217391306,1,0,0,1,0,0,0.0,1.5,0,0,-0.8114480920684617,1.0251691176448139,-0.24798738586377683,-0.6051034847926678,-0.6375737645151166,3.3749999999999996,4.661845716302739,7.564022485946285,0.6159420289855073,0,1,-1.0,0.0,-0.3333333333333333,-1.0,0.0,1.0,0.0,0.7047658631532459,0.0,-0.9112709832134293,0.0,-1.5,0.0,1.7238805970149254,0.5,0.0,-1.2857142857142856,0.0,0,0,1,-1.0,-0.408248290463863,-0.5,-1.5,0.0,1.0,0.0,-0.4279210925644916,1.0597406569370347,-0.25,2.0,1.0155038759689923,-0.06458646784005698,0.0,0,1,0,0,1.15625,-1.5514657210934957,0,2.1666666666666665,-1.9365079365079363,0,0,0.0,3.222465394075332,1.9033232628398793,-1.0,0.0,0,0,0,Far,Economy,Weekend,VeryHigh,Poor,1,2,2,3,2,3,2,3,0,14,0,28,0,1,1,1,3,0,3.0
416,318,26,1.0,Delhi,Delhi,City,-0.7180652758710098,Oct-Mar,952,1.0,"Nature, Adventure",0.0,-0.5,-0.3787878787878788,-1.0,26-35,High Blood Pressure,Business,"Shopping, Food & Local Cuisine",All seasons,"Traffic congestion, pollution",Street Food,0.010416666666666666,https://encrypted-tbn0.gstatic.com/images?q=tbn:ANd9GcTFxblF-zkMM4NsiVuRyJ1Yx76TMcpdDWzU6zEf57y1aQ&s=10,0.0,0.6168080185042405,-0.21212121212121213,1.1673913043478261,0,0,1,0,0,0,1.3333333333333333,-0.5,1,1,0.618519038504787,0.6731036451364106,1.6396090840894864,0.20101973875432086,-0.49743944703180787,2.6249999999999996,1.1649720569470536,1.2854465958775767,0.33695652173913043,0,0,1.0,0.0,1.0,0.3333333333333333,0.0,1.0,0.0,-0.7180652758710098,0.0,-0.47002398081534774,0.0,-1.0,0.0,0.09701492537313433,0.5,-0.8571428571428571,0.42857142857142866,0.0,0,0,0,0.0,1.591751709536137,-0.5,0.5,0.0,1.0,0.0,-0.6737481031866464,0.323809645175205,-1.0,-0.5,-0.5,-0.5129727873037393,0.0,0,0,0,0,0.375,-0.7482766336903806,1,-0.3333333333333335,0.28571428571428603,1,0,3.3103448275862064,-1.7370751581818924,1.4954682779456194,1.0,0.0,0,0,0,Medium,Economy,Weekend,High,Excellent,2,3,2,1,1,1,3,0,4,16,2,9,1,1,1,0,0,1,5.0
75,23,684,0.0,Hyderabad,Telangana,City,-0.6317293893746139,Oct-Mar,281,-0.5,"City, Historical",-1.0,-0.5,-1.0151515151515151,0.5,46-60,High Blood Pressure,Business,"Shopping, Food & Local Cuisine",All seasons,"Traffic congestion, pollution",Hyderabadi Cuisine,-0.71875,https://t4.ftcdn.net/jpg/03/60/89/09/360_F_360890991_Ykybj5JO5HYBaqWeROz9cR2jWXN8HZxf.jpg,-1.0,-0.882035466461064,-0.3333333333333333,-0.45,0,1,0,0,0,0,-0.3333333333333333,0.0,0,0,-0.11763467547267184,-0.5053715069373256,-0.23070172796438562,1.8719963171496143,2.4729041952606416,-0.37499999999999994,-0.37127455109543456,-0.6838226108682075,0.34782608695652173,0,0,0.0,0.0,0.3333333333333333,-0.3333333333333333,0.0,-0.5,0.0,-0.6317293893746139,0.0,-1.275779376498801,0.0,0.5,0.0,-0.9477611940298507,-0.5,-0.8571428571428571,-0.42857142857142866,0.0,0,0,0,0.5,0.591751709536137,0.5,0.5,0.0,-0.5,0.0,-1.0561456752655538,0.14718620235236587,-0.25,0.9999999999999999,-1.1627906976744187,-0.44553615276729475,0.0,1,0,0,0,0.1875,-0.8454287924903761,1,1.1666666666666665,-1.047619047619047,0,1,-1.6551724137931032,-1.546675527416738,0.5075528700906344,0.0,0.0,0,0,0,Near,Budget,Week,High,Fair,2,3,1,3,1,1,3,0,4,4,15,14,2,0,0,0,1,0,2.5
678,217,258,-1.0,Gokarna Beach,Karnataka,Beach,0.6614194866512607,Nov-Mar,721,-0.5,"City, Historical",0.0,0.0,-0.36363636363636365,1.0,26-35,Knee Pain,Honeymoon,"Relaxation, Nightlife, Water Sports",Winter,"Crowds, sun exposure",Seafood,-0.75,https://realtalktravel.com/wp-content/uploads/Om-Beach-Gokarna.webp,1.0,-0.6090979182729376,-1.0,-0.8543478260869566,1,0,0,1,0,0,-1.0,0.0,0,0,-0.8134764589812096,-0.37738075453532915,-0.5981139477599978,-0.06225127393682204,1.3922619655085247,-0.7499999999999999,-0.4060235075374598,-0.7840932750364357,-0.7028985507246378,0,0,-0.25,2.1213203435596424,-0.3333333333333333,0.0,1.0,-0.75,1.0,0.6614194866512607,0.0,-0.9400479616306955,1.2439024390243902,1.0,0.0,0.3656716417910448,0.0,-0.42857142857142855,-0.01611160637019009,-1.0504799024963116,1,0,0,-0.25,1.0917517095361369,-0.5,0.0,0.0,-0.5,0.0,-0.21851289833080423,0.323809645175205,0.5,0.5,-1.1162790697674418,0.30575220251799906,0.0,0,1,0,1,0.375,-0.4413667935460516,1,0.6666666666666665,-0.3809523809523805,0,1,-2.482758620689655,2.0162342236757507,0.29003021148036257,-0.25,1.0,1,0,0,Near,Economy,Week,VeryHigh,Poor,1,2,1,1,2,3,2,3,0,14,6,12,2,1,0,1,3,0,1.5
593,696,819,1.0,Ajanta Caves,Maharashtra,Historical,0.1316147533299616,Nov-Feb,429,-0.5,"City, Historical",-1.0,0.0,-0.12121212121212122,1.0,46-60,Knee Pain,Leisure,"Cultural Exploration, Photography",Winter,"Long walking distances, crowd congestion",Maharashtrian Cuisine,-1.0104166666666667,https://plus.unsplash.com/premium_photo-1697729588019-20a1f5a325d1,0.0,-0.4857363145720895,0.30303030303030304,-0.38695652173913053,1,0,0,1,0,0,0.3333333333333333,1.0,1,1,0.8173202990409383,-0.42981872799769427,0.26296492261090393,1.071121690536786,0.8545001830420921,-0.24999999999999992,-0.4629881217414059,-0.9298355194669998,-0.7282608695652174,1,0,1.0,0.0,1.0,0.3333333333333333,1.0,-0.5,0.0,0.1316147533299616,0.0,-0.047961630695443645,0.24390243902439024,0.25,1.4999999999999998,-0.6343283582089553,0.0,-0.42857142857142855,1.682062501545334,0.0,1,0,0,1.0,-0.408248290463863,1.5,0.5,-0.5,-0.5,0.0,-0.14567526555386948,-0.3826841261161515,1.0,-0.5,-1.37984496124031,0.2004784545120642,-0.5849625007211561,1,0,0,1,-0.375,0.3934525244337349,1,-0.3333333333333335,0.28571428571428603,0,0,0.0,0.0,0.0,1.0,0.0,0,0,0,Near,Economy,Week,VeryHigh,Excellent,3,1,1,3,2,4,0,3,3,6,10,1,2,1,0,1,0,0,3.5
441,507,101,0.5,Calangute Beach,Goa,Beach,-0.26554538124481486,Nov-Mar,984,0.0,"Nature, Adventure",0.0,-0.5,-0.25757575757575757,0.5,26-35,Knee Pain,Honeymoon,"Relaxation, Nightlife, Water Sports",Winter,"Crowds, sun exposure",Seafood,-0.8489583333333334,https://encrypted-tbn0.gstatic.com/images?q=tbn:ANd9GcQawETYRiYBsH6-h7nyRef7D05VLNnIS00HBpFyaZdOJDehCXzhEkUfAY5Vf_tWlUzd5qaIpJnkr2vAOF1xcvRS_dDd2Lq-Y2B30QDq-g&s=10,0.0,-0.4194294525828836,0.030303030303030304,-0.29347826086956524,0,0,1,0,0,0,0.3333333333333333,0.0,1,0,0.3290836855641626,-0.051060306086148755,0.4226291484043096,0.9045888243944441,0.5997726304189818,-0.07500000000000005,-0.3240280179359392,-0.771267957526546,-0.5597826086956522,0,0,0.25,0.7071067811865476,0.3333333333333333,0.0,1.0,0.0,0.0,-0.26554538124481486,0.0,-0.6139088729016786,0.7560975609756099,0.5,0.0,-0.33955223880597013,0.5,-0.42857142857142855,0.6631580367960199,-0.963710722590775,1,0,0,0.25,0.8164965809277259,-0.5,0.5,1.0,0.0,0.0,-0.4825493171471927,-0.08538257061285559,-0.25,0.7247448713915889,-0.3236434108527132,-0.3839144374855786,0.7369655941662062,1,0,0,0,0.21875,-0.38951980854523693,1,1.1666666666666665,-1.047619047619047,1,0,0.8275862068965516,-0.12250876025489912,-1.9078549848942599,0.5,0.0,0,0,0,Near,Economy,Week,High,Good,1,2,2,1,2,3,2,3,0,14,3,6,2,1,0,0,2,0,3.5
327,659,620,1.0,Ooty,Tamil Nadu,Nature,-0.520419438084687,Sep-Mar,624,1.0,"Nature, Adventure",0.0,-0.5,0.4090909090909091,0.5,46-60,Asthma,Family Vacation,"Nature & Relaxation, Photography",Post-Monsoon,"Curvy roads, limited medical facilities",South Indian Cuisine,-0.22916666666666666,https://t3.ftcdn.net/jpg/05/09/58/00/360_F_509580096_YjyHXMHyTm9OOkjUQS4kOxDXkxbOMWYi.jpg,0.0,-0.012336160370084866,1.3636363636363635,0.2804347826086957,0,0,1,0,0,0,1.3333333333333333,-0.5,1,1,0.6647626129578604,0.7220091500561867,1.7006518913186635,0.8748605531702139,-0.05006970058720797,0.37499999999999994,-0.3569128936012679,-0.3550281074328545,0.08695652173913043,0,0,1.0,0.0,1.0,0.3333333333333333,0.0,1.0,0.0,-0.520419438084687,0.0,0.5275779376498801,0.0,0.5,0.0,-0.2462686567164179,0.5,-0.8571428571428571,0.42857142857142866,0.0,0,1,0,0.0,1.005965271909232,-0.5,0.5,0.5,0.5,1.414213562373095,0.0,0.6173158738838486,0.0,0.7247448713915889,1.1472868217054264,0.15184610567781012,0.415037499278844,0,0,0,0,1.3125,-1.2702272052304735,1,0.6666666666666665,-0.5142857142857138,1,0,3.3103448275862064,-2.70376623477482,-3.190332326283988,0.5,1.0,1,0,0,Medium,Moderate,Week,High,Excellent,4,4,2,3,0,2,1,1,1,15,14,27,1,3,0,0,0,1,5.0
435,123,273,0.0,Bangalore,Karnataka,City,0.8369114593728965,Oct-Mar,319,0.0,"City, Historical",0.0,0.0,0.18181818181818182,-1.0,36-45,High Blood Pressure,Business,"Shopping, Food & Local Cuisine",All seasons,"Traffic congestion, pollution",Multi Cuisine,-0.4375,https://media.istockphoto.com/id/1382384282/photo/bangalore-or-bengaluru.jpg,1.0,1.4726291441788741,-0.2727272727272727,1.1021739130434784,1,0,0,1,0,0,0.0,-0.5,0,0,0.088537748478813,0.11261490927849595,0.2321127433781815,-0.6200046818439057,-0.6456600716698421,1.1249999999999998,1.666545434353418,0.5334166146158651,-0.48550724637681153,0,0,-0.25,1.9148542155126762,-0.3333333333333333,0.3333333333333333,3.0,0.0,2.309401076758503,0.8369114593728965,0.0,0.09592326139088729,1.7279817935160608,-0.125,1.060660171779821,-0.9981343283582089,0.25,0.0,0.7734943873793169,-1.0454054793874945,1,1,1,0.5,0.591751709536137,0.5,0.5,0.0,0.25,1.0,0.47344461305007585,0.4415586070570978,-0.25,0.9999999999999999,-0.9534883720930233,0.878450754401846,0.0,1,0,1,0,0.5,-0.29798610942337267,1,1.1666666666666665,-1.047619047619047,0,1,-1.6551724137931032,1.2062635600865372,0.9969788519637462,0.0,0.0,0,0,0,Medium,Moderate,Weekend,VeryHigh,Fair,2,3,1,2,1,1,3,0,4,8,6,4,1,3,1,1,1,0,3.0
92,226,628,-1.0,Khajuraho Temples,Madhya Pradesh,Historical,-0.7976729028123238,Nov-Feb,631,0.5,"Beaches, Historical",-1.0,0.5,0.5909090909090909,1.0,46-60,Knee Pain,Leisure,"Cultural Exploration, Photography",Winter,"Long walking distances, crowd congestion",North Indian Cuisine,-0.3125,https://st2.depositphotos.com/1000434/7761/i/450/depositphotos_77615282-stock-photo-lakshmana-temple-in-khajuraho-madhya.jpg,1.0,-0.12336160370084816,0.2727272727272727,-0.3978260869565218,1,0,0,1,0,0,-0.3333333333333333,1.0,0,0,-0.8817537860443965,0.26167170475000434,-0.43858362026219583,-0.06958375572264953,0.022724983216556843,-0.49999999999999994,-0.5629051468022811,-0.5392463043930876,-0.3985507246376811,0,0,-1.0,0.0,-0.3333333333333333,-1.0,0.0,0.5,0.0,-0.7976729028123238,0.0,0.7577937649880095,0.0,1.0,0.0,-0.3656716417910448,-0.5,0.8571428571428571,-1.2857142857142856,0.0,0,1,1,-0.5,1.005965271909232,-0.5,0.5,1.0,0.75,0.8164965809277259,0.8831562974203337,0.12320265242017525,0.625,0.17700320038632997,-0.7441860465116279,-0.34039595994050614,0.7369655941662062,0,1,1,1,0.21875,-0.006965021158604548,1,0.4166666666666665,-0.19428571428571395,0,1,-1.6551724137931032,-2.5576973702913435,0.9425981873111783,-1.0,0.0,0,0,0,Medium,Moderate,Week,High,Poor,3,1,0,3,2,4,0,3,3,10,9,17,1,3,0,0,3,0,2.5
640,556,445,-1.0,Khajuraho Temples,Madhya Pradesh,Historical,-0.8158198111191046,Nov-Feb,633,0.0,"Beaches, Historical",0.0,0.0,0.803030303030303,0.0,36-45,Knee Pain,Leisure,"Cultural Exploration, Photography",Winter,"Long walking distances, crowd congestion",North Indian Cuisine,-0.3125,https://st2.depositphotos.com/1000434/7761/i/450/depositphotos_77615282-stock-photo-lakshmana-temple-in-khajuraho-madhya.jpg,1.0,0.5936777178103314,0.5555555555555554,0.2760869565217391,1,0,0,1,0,0,-0.6666666666666666,0.5,0,0,-0.8826029594090133,-0.13275628047809576,-0.5370469384819637,-0.6364817752365729,-0.4977220136558611,-0.37499999999999994,-0.14028213979534726,-0.21861336664584638,-0.3985507246376811,0,0,-1.0,0.0,-0.3333333333333333,-1.0,0.0,0.0,0.0,-0.8158198111191046,0.0,1.026378896882494,0.0,0.0,0.0,-0.3656716417910448,0.5,0.0,-1.2857142857142856,0.0,0,1,1,-1.0,-0.408248290463863,-0.5,-1.5,-0.5,0.0,0.0,0.9650986342943854,-0.3826841261161515,0.0,-0.5,-0.34108527131782945,-1.2999622450273745,-0.5849625007211561,0,1,1,0,-0.375,0.3934525244337349,1,-0.3333333333333335,0.28571428571428603,0,0,0.0,0.0,0.0,-1.0,0.0,0,0,0,Medium,Moderate,Week,High,Poor,3,1,0,2,2,4,0,3,3,10,9,17,1,3,0,0,3,0,2.0
305,478,628,1.0,Hyderabad,Telangana,City,0.25265120708522,Oct-Mar,631,0.5,"Beaches, Historical",-1.0,0.5,0.8939393939393939,0.0,46-60,High Blood Pressure,Business,"Shopping, Food & Local Cuisine",All seasons,"Traffic congestion, pollution",Hyderabadi Cuisine,-0.71875,https://t4.ftcdn.net/jpg/03/60/89/09/360_F_360890991_Ykybj5JO5HYBaqWeROz9cR2jWXN8HZxf.jpg,1.0,0.6630686198920585,0.6767676767676766,0.34130434782608693,1,0,0,1,0,0,1.0,0.0,1,1,0.8456394294787792,0.4695855429538184,1.3855821335537746,0.030854192459965582,-0.4146966738955623,0.5624999999999999,0.03204089408512389,-0.5596502186133667,-0.6811594202898551,0,0,1.0,0.0,1.0,0.3333333333333333,0.0,0.5,0.0,0.25265120708522,0.0,1.1414868105515588,0.0,0.0,0.0,-0.9477611940298507,-0.5,0.8571428571428571,0.42857142857142866,0.0,0,1,1,-0.5,1.005965271909232,-0.5,0.5,1.0,0.75,0.8164965809277259,0.8831562974203337,0.12320265242017525,0.625,0.17700320038632997,-0.7441860465116279,-0.34039595994050614,0.7369655941662062,0,1,1,1,0.28125,-0.049114236484113435,1,0.9166666666666665,-0.5142857142857138,1,0,4.96551724137931,2.012900536169663,-0.47129909365558914,0.0,1.0,1,0,0,Near,Premium,Week,VeryHigh,Excellent,2,3,0,3,1,1,3,0,4,4,15,14,2,4,0,1,0,1,4.5
737,928,165,1.0,Ahmedabad,Gujarat,City,-0.4846356147101852,Oct-Mar,519,0.5,"City, Historical",0.0,-0.5,-0.015151515151515152,-1.0,26-35,High Blood Pressure,Business,"Shopping, Food & Local Cuisine",All seasons,"Traffic congestion, pollution",Gujarati Cuisine,-0.9166666666666666,https://encrypted-tbn0.gstatic.com/images?q=tbn:ANd9GcTjjS0tleUkYu3JCgQn5BM0ooo_ueYok5FwDld1RJJHOQ&s=10,0.0,1.171935235158057,0.5151515151515151,1.9500000000000002,0,0,1,0,0,0,1.0,0.0,1,1,0.6731350225110704,0.3236380858479091,1.2034136332117598,-0.22112171262975316,-0.6706084879990869,2.2499999999999996,1.240267140713624,-0.2710805746408495,-0.6304347826086957,0,0,1.0,0.0,1.0,0.3333333333333333,0.0,0.5,0.0,-0.4846356147101852,0.0,-0.009592326139088728,0.0,-1.0,0.0,-1.2313432835820894,0.5,-0.8571428571428571,0.42857142857142866,0.0,0,0,0,0.3999999999999999,0.5137061552654256,0.0,0.5,1.5,0.19999999999999996,1.2649110640673515,-0.10561456752655538,-0.0029551340015912925,0.20000000000000018,1.1278820596099706,-0.15193798449612403,-0.3402901752312759,1.0000000000000002,1,0,0,1,-0.075,0.08039485942393237,1,2.066666666666667,-1.4920634920634916,1,0,1.986206896551724,-1.1957727410103385,-2.5450151057401813,0.5,2.0,1,0,0,Near,Moderate,Weekend,High,Excellent,2,3,1,1,1,1,3,0,4,2,4,0,2,3,1,0,0,1,4.5
784,420,642,1.0,Ooty,Tamil Nadu,Nature,0.8544031844775076,Apr-Jun,434,0.0,"City, Historical",-1.0,0.0,-0.7272727272727273,-0.5,26-35,Knee Pain,Adventure,"Trekking, Adventure Sports",Summer,"High altitude, physical exertion",South Indian Cuisine,-0.22916666666666666,https://t3.ftcdn.net/jpg/05/09/58/00/360_F_509580096_YjyHXMHyTm9OOkjUQS4kOxDXkxbOMWYi.jpg,0.0,-0.35466461063993837,-0.9090909090909091,-0.2021739130434783,1,0,0,1,0,0,0.6666666666666666,0.5,1,1,0.986432489836107,0.11521180175366283,0.9432603947914773,1.0453026415224689,0.7119188776373054,0.8749999999999998,0.6434568345770654,0.19529460753695602,0.08695652173913043,0,0,0.0,2.8284271247461903,-0.3333333333333333,0.3333333333333333,1.0,0.5,2.0,0.8544031844775076,0.0,-0.7290167865707434,0.4634146341463415,-0.25,0.5,-0.022388059701492536,-0.5,0.0,0.32352321521291494,-1.062437173501617,1,0,1,1.0,-0.408248290463863,1.5,0.5,-0.5,0.0,0.0,-0.8740515933232169,-0.3826841261161515,-0.5,-0.5,-0.21705426356589147,1.3451497805795014,-0.5849625007211561,1,0,0,0,-0.375,0.3934525244337349,1,-0.3333333333333335,0.28571428571428603,0,0,0.0,0.0,0.0,1.0,0.0,0,0,0,Medium,Economy,Weekend,VeryHigh,Excellent,4,0,1,1,2,0,4,2,2,15,14,27,1,1,1,1,0,0,4.0
536,945,740,0.5,Valley of Flowers,Uttarakhand,Nature,-0.9862688317471955,Apr-Jun,692,-0.5,"Nature, Adventure",-1.0,0.0,0.16666666666666666,0.5,26-35,Knee Pain,Adventure,"Trekking, Adventure Sports",Summer,"High altitude, physical exertion",North Indian Cuisine,0.5208333333333334,https://encrypted-tbn0.gstatic.com/images?q=tbn:ANd9GcSKohlQ-J1CgxwCnc1mL62LM__eo7IDPvD9Hm4v1DnS8PQfNYx8O_lBtpoE&s=10,0.0,-0.1603700848111026,0.8787878787878788,0.07173913043478261,1,0,0,1,0,0,0.0,0.5,1,0,0.1941804509029201,-0.540462416287923,-0.06605986473815993,0.20101973875432103,0.0326697394392141,-0.225,-0.41701865555798573,0.14865708931917554,0.8695652173913043,0,0,0.5,0.0,0.6666666666666666,0.0,0.0,-0.5,0.0,-0.9862688317471955,0.0,0.22062350119904076,0.0,0.5,0.0,0.8283582089552238,-0.5,0.0,0.0,0.0,0,1,1,-0.25,1.0917517095361369,-0.5,0.0,0.0,-0.25,1.0,-0.04552352048558422,0.4121213665866246,0.0,0.5,0.0,-0.19044418576435077,0.0,0,1,0,0,0.46875,-0.45867572171854093,1,0.6666666666666665,-0.5142857142857138,1,0,2.482758620689655,-3.7904254582002705,2.1027190332326287,0.5,0.0,0,0,0,Far,Moderate,Week,High,Good,4,0,2,1,2,0,4,2,2,10,17,37,0,3,0,0,2,0,3.0
61,365,851,-1.0,Leh Ladakh,Ladakh,Adventure,0.3883360627665676,Apr-Jun,266,0.0,"Nature, Adventure",0.0,-0.5,0.030303030303030304,1.0,26-35,Knee Pain,Adventure,"Trekking, Adventure Sports",Summer,"High altitude, physical exertion",Tibetan Cuisine,1.1458333333333333,https://encrypted-tbn0.gstatic.com/images?q=tbn:ANd9GcR6syC-08_34gV3HDUrcoT836XfFU1TJFrrucb9MfdLPiXz7ULyfUkGJEq2&s=10,0.0,-0.40863531225905947,0.6060606060606061,-0.2782608695652175,0,0,1,0,0,0,-0.6666666666666666,0.5,0,0,-0.826255229114446,0.04601758597132328,-0.49241859373759245,-0.014189628617952066,0.7269712864294973,-0.625,-0.4353854420554179,0.27691026441807215,1.5217391304347827,0,1,0.0,2.8284271247461903,-0.3333333333333333,0.3333333333333333,1.0,-0.25,1.0,0.3883360627665676,0.0,0.8249400479616307,1.9756097560975612,0.75,0.5,0.8283582089552238,0.5,0.0,0.32352321521291494,-1.062437173501617,1,1,1,-0.75,0.09175170953613696,-0.5,-1.0,0.0,0.5,2.0,-0.2094081942336874,0.4121213665866246,0.25,0.9999999999999999,1.1705426356589148,0.7708863127919926,0.0,0,1,0,1,0.46875,-0.540697006989129,1,1.1666666666666665,-0.8051948051948048,0,1,-0.8275862068965516,-0.45019820643753644,1.540785498489426,-1.0,0.0,0,0,0,Far,Moderate,Week,VeryHigh,Poor,0,0,2,1,2,0,4,2,2,17,8,22,0,3,0,1,3,0,2.0
965,544,46,0.0,Kodaikanal,Tamil Nadu,Nature,0.018826334430480134,Sep-Mar,487,-1.0,"Beaches, Historical",0.0,0.0,0.5303030303030303,0.0,46-60,Asthma,Family Vacation,"Nature & Relaxation, Photography",Post-Monsoon,"Curvy roads, limited medical facilities",South Indian Cuisine,-0.10416666666666667,https://encrypted-tbn0.gstatic.com/images?q=tbn:ANd9GcRR1MrvitA-PthZ_UMPeUYOYvzHFu6Olty-pnoL9EqaCl31ZwvMHSvu9OQ&s=10,1.0,0.38550501156515027,0.19191919191919177,0.08043478260869558,1,0,0,1,0,0,-0.6666666666666666,0.5,0,0,-0.02630761575838219,-0.8731228302392237,-0.5061133386624074,-0.5672016412419219,-0.28934347437194036,-0.37499999999999994,-0.005670387518280582,-0.04372267332916927,-0.2536231884057971,0,0,0.0,0.0,0.3333333333333333,-0.3333333333333333,0.0,-1.0,0.0,0.018826334430480134,0.0,0.6810551558752997,0.0,0.0,0.0,-0.06716417910447761,0.5,0.0,-0.42857142857142866,0.0,0,1,1,0.0,-0.408248290463863,0.5,-0.5,-0.5,-1.0,0.0,0.637329286798179,-0.3826841261161515,0.0,-0.5,-0.031007751937984496,0.021856795029022318,-0.5849625007211561,0,0,1,0,-0.375,0.3934525244337349,1,-0.3333333333333335,0.28571428571428603,0,0,0.0,0.0,0.0,0.0,0.0,0,0,0,Medium,Moderate,Week,VeryHigh,Fair,4,4,0,3,0,2,1,1,1,15,14,18,1,3,0,1,1,0,2.0
662,174,377,-1.0,Tawang,Arunachal Pradesh,Nature,-0.14237824450842362,Sep-Mar,835,0.0,"Nature, Adventure",0.0,-0.5,0.0,-1.0,26-35,Asthma,Family Vacation,"Nature & Relaxation, Photography",Post-Monsoon,"Curvy roads, limited medical facilities",North East Cuisine,1.6666666666666667,https://s7ap1.scene7.com/is/image/incredibleindia/sela-pass-tawang-arunachal-pradesh-blog-ntr-hero,0.0,1.195065535851966,0.5454545454545454,1.982608695652174,0,0,1,0,0,0,-0.6666666666666666,0.5,0,0,-0.8510896772937345,-0.03277441326164574,-0.5120878920232123,-0.7723584090854094,-0.64834979060477,0.37499999999999994,1.35066569602538,4.066208619612743,2.0652173913043477,0,1,-1.0,0.0,-0.3333333333333333,-1.0,1.0,0.5,2.0,-0.14237824450842362,0.0,-0.08633093525179857,0.24390243902439024,-0.75,0.5,1.335820895522388,0.0,-0.42857142857142855,-1.0350160711195047,0.0,1,0,0,-0.75,0.09175170953613696,-0.5,-1.0,0.0,-0.25,1.0,-0.16388467374810317,0.14718620235236587,-0.5,0.5,1.8294573643410852,0.6480754359123146,0.0,0,1,0,0,0.1875,-0.21309629390408183,1,0.6666666666666665,-0.714285714285714,0,1,-0.8275862068965516,-2.4222025761121246,1.812688821752266,-1.0,0.0,0,0,0,Far,Moderate,Weekend,High,Poor,4,4,2,1,0,2,1,1,1,9,1,36,0,3,1,0,3,0,2.0
250,191,663,0.0,Ajanta Caves,Maharashtra,Historical,-0.4380697560855172,Nov-Feb,483,0.0,"City, Historical",-1.0,0.0,0.15151515151515152,-0.5,26-35,Knee Pain,Leisure,"Cultural Exploration, Photography",Winter,"Long walking distances, crowd congestion",Maharashtrian Cuisine,-1.0104166666666667,https://plus.unsplash.com/premium_photo-1697729588019-20a1f5a325d1,0.0,0.5397070161912105,0.8484848484848485,1.0586956521739133,1,0,0,1,0,0,0.0,-0.5,0,0,-0.09044812673216827,-0.07667397472816169,0.09035293687788623,-0.3269478065028956,-0.42992206822413964,0.37499999999999994,0.3655234081742382,-0.6791588590464294,-0.7282608695652174,1,0,0.0,0.0,0.3333333333333333,-0.3333333333333333,0.0,0.0,0.0,-0.4380697560855172,0.0,0.2014388489208633,0.0,-0.5,0.0,-1.3656716417910448,-0.5,0.0,-0.42857142857142866,0.0,0,1,1,0.0,-0.408248290463863,0.5,-0.5,-0.5,0.0,0.0,0.18209408194233687,-0.3826841261161515,-0.5,-0.5,-1.37984496124031,-0.7017240361910237,-0.5849625007211561,0,0,1,0,-0.375,0.3934525244337349,1,-0.3333333333333335,0.28571428571428603,0,0,0.0,0.0,0.0,0.0,0.0,0,0,0,Near,Moderate,Weekend,High,Fair,3,1,1,1,2,4,0,3,3,6,10,1,2,3,1,0,1,0,3.0
623,530,24,0.0,Ooty,Tamil Nadu,Nature,0.6517374134812685,Apr-Jun,272,0.0,"City, Historical",-1.0,0.5,0.10606060606060606,-1.0,36-45,Knee Pain,Adventure,"Trekking, Adventure Sports",Summer,"High altitude, physical exertion",South Indian Cuisine,-0.22916666666666666,https://t3.ftcdn.net/jpg/05/09/58/00/360_F_509580096_YjyHXMHyTm9OOkjUQS4kOxDXkxbOMWYi.jpg,1.0,1.356977640709329,-0.3737373737373736,0.9934782608695655,1,0,0,1,0,0,0.0,-0.5,0,0,0.06254243320010527,0.08512321915095057,0.2115240189356525,-0.5947411581076117,-0.6291937677340842,1.1249999999999998,1.6068156843830455,0.8831980012492193,-0.34057971014492755,0,0,0.0,0.0,0.3333333333333333,-0.3333333333333333,0.0,0.0,0.0,0.6517374134812685,0.0,0.14388489208633093,0.0,-1.0,0.0,-0.2462686567164179,-0.5,0.8571428571428571,-0.42857142857142866,0.0,0,1,1,0.0,-0.408248290463863,0.5,-0.5,-0.5,0.0,0.0,0.1274658573596358,-0.3826841261161515,-1.0,-0.5,-0.21705426356589147,1.0241904419436725,-0.5849625007211561,0,0,1,0,-0.375,0.3934525244337349,1,-0.3333333333333335,0.28571428571428603,0,0,0.0,0.0,0.0,0.0,0.0,0,0,0,Medium,Moderate,Weekend,VeryHigh,Fair,4,0,1,2,2,0,4,2,2,15,14,27,1,3,1,1,1,0,3.0
826,377,538,-1.0,Radhanagar Beach,Andaman,Beach,-0.5918133503887186,Nov-Mar,837,-1.0,"Beaches, Historical",0.0,0.0,-0.18181818181818182,1.0,26-35,Knee Pain,Honeymoon,"Relaxation, Nightlife, Water Sports",Winter,"Crowds, sun exposure",Seafood,1.1458333333333333,https://dynamic-media-cdn.tripadvisor.com/media/photo-o/05/76/7a/1d/radhanagar-beach.jpg,1.0,-0.5165767154973014,-0.7575757575757576,-0.7673913043478261,1,0,0,1,0,0,-1.3333333333333333,-0.5,0,0,-0.8721207154510565,-0.9033421785893988,-0.7294127120654993,-0.5306921103114074,0.7505873127912913,-0.875,-0.5407711241209548,0.27691026441807215,0.6159420289855073,0,1,-1.0,0.0,-0.3333333333333333,-1.0,0.0,-1.0,0.0,-0.5918133503887186,0.0,-0.22062350119904076,0.0,1.0,0.0,1.7238805970149254,0.5,0.0,-1.2857142857142856,0.0,0,0,1,-0.5,0.8164965809277259,-0.5,0.0,0.5,-0.5,2.449489742783178,0.09104704097116843,1.7672423165415552,0.16666666666666652,0.5801234497346432,1.069767441860465,0.21125869441836032,0.415037499278844,0,1,1,1,0.6875,-0.606436663628644,1,1.3333333333333335,-0.964285714285714,0,1,-1.6551724137931032,-3.1776965075180583,1.7764350453172206,-0.25,1.0,1,0,0,Far,Economy,Week,High,Poor,1,2,0,1,2,3,2,3,0,14,0,28,0,1,0,0,3,0,1.0
273,909,81,0.5,Valley of Flowers,Uttarakhand,Nature,0.2468827798239868,Sep-Mar,805,0.5,"City, Historical",-1.0,0.5,0.7272727272727273,1.0,46-60,Asthma,Family Vacation,"Nature & Relaxation, Photography",Post-Monsoon,"Curvy roads, limited medical facilities",North Indian Cuisine,0.5208333333333334,https://encrypted-tbn0.gstatic.com/images?q=tbn:ANd9GcSKohlQ-J1CgxwCnc1mL62LM__eo7IDPvD9Hm4v1DnS8PQfNYx8O_lBtpoE&s=10,1.0,-0.053970701619121104,0.45454545454545453,-0.33260869565217394,1,0,0,1,0,0,0.6666666666666666,-0.5,1,0,0.42499872261687355,0.4684436708012316,0.9413761674639789,0.5131485694746665,0.12019332367202722,-0.12500000000000003,-0.450594501514347,-0.07287112221528205,0.18115942028985516,0,0,0.25,0.7071067811865476,0.3333333333333333,0.0,1.0,0.0,2.0,0.2468827798239868,0.0,0.6810551558752997,0.6341463414634148,0.5,1.0,1.6492537313432836,0.0,0.42857142857142855,0.6631580367960199,-0.963710722590775,1,1,1,0.5,-0.408248290463863,1.0,0.0,-0.5,0.5,0.0,0.8740515933232169,-0.3826841261161515,1.0,-0.5,0.8992248062015504,0.3830270386539124,-0.5849625007211561,1,0,1,1,-0.375,0.3934525244337349,1,-0.3333333333333335,0.28571428571428603,0,0,0.0,0.0,0.0,0.5,0.0,0,0,0,Far,Moderate,Week,VeryHigh,Good,4,4,1,3,0,2,1,1,1,10,17,37,0,3,0,1,2,1,4.0
746,909,191,0.0,Tawang,Arunachal Pradesh,Nature,0.2468827798239868,Sep-Mar,389,-0.5,"Nature, Adventure",0.0,0.0,0.3333333333333333,0.0,26-35,Asthma,Family Vacation,"Nature & Relaxation, Photography",Post-Monsoon,"Curvy roads, limited medical facilities",North East Cuisine,1.6666666666666667,https://s7ap1.scene7.com/is/image/incredibleindia/sela-pass-tawang-arunachal-pradesh-blog-ntr-hero,1.0,0.23515805705474163,-0.07070707070707057,-0.06086956521739123,1,0,0,1,0,0,-0.3333333333333333,0.0,0,0,0.005707665707224268,-0.4184099554175383,-0.16557559664873525,-0.3305657926182168,-0.15491504554990104,-0.18749999999999997,0.03111056198491859,1.442848219862586,0.9782608695652174,0,1,0.25,0.7071067811865476,0.3333333333333333,0.0,1.0,0.0,2.0,0.2468827798239868,0.0,0.6810551558752997,0.6341463414634148,0.5,1.0,1.6492537313432836,0.0,0.42857142857142855,0.6631580367960199,-0.963710722590775,1,1,1,-0.16666666666666674,0.0,0.0,-0.5,0.5,-0.8333333333333334,0.816496580927726,0.3034901365705615,0.5124532609101218,-0.5,0.2071067811865475,1.2093023255813953,0.7066018095094011,0.415037499278844,0,1,1,0,-0.04166666666666697,0.10984123690875915,1,0.6666666666666665,-0.714285714285714,1,0,0.5517241379310347,-0.8891084192371467,3.262839879154079,-0.16666666666666674,2.0,1,0,0,Far,Moderate,Week,VeryHigh,Fair,4,4,2,1,0,2,1,1,1,9,1,36,0,3,0,1,1,0,2.5
943,632,188,-0.5,Calangute Beach,Goa,Beach,-0.6391013831743356,Nov-Mar,387,0.5,"Nature, Adventure",-1.0,-0.5,-1.0757575757575757,1.0,18-25,Knee Pain,Honeymoon,"Relaxation, Nightlife, Water Sports",Winter,"Crowds, sun exposure",Seafood,-0.8489583333333334,https://encrypted-tbn0.gstatic.com/images?q=tbn:ANd9GcQawETYRiYBsH6-h7nyRef7D05VLNnIS00HBpFyaZdOJDehCXzhEkUfAY5Vf_tWlUzd5qaIpJnkr2vAOF1xcvRS_dDd2Lq-Y2B30QDq-g&s=10,-1.0,-0.9714726291441789,-0.5757575757575758,-0.7021739130434783,0,1,0,0,0,0,0.0,0.5,0,0,-0.49650155444783783,0.2930612662835025,-0.03174867316141373,3.4190835565517546,3.43643816985366,-0.37499999999999994,-0.5458555342341099,-0.8394753279200501,0.07608695652173914,0,0,0.0,1.7320508075688772,0.0,0.3333333333333333,2.0,0.5,1.414213562373095,-0.6391013831743356,0.0,-0.847322142286171,0.9709237053252753,-0.33333333333333326,1.7795130420052183,-0.5572139303482587,0.16666666666666674,0.0,0.857142857142857,-1.039957997045961,1,0,1,-0.6666666666666666,0.0,-0.5,-1.0,0.5,0.5,0.0,-1.1229135053110773,0.21964142674948378,0.0,0.914213562373095,0.37467700258397946,-0.7305612044174292,0.415037499278844,0,1,0,0,0.20833333333333348,-1.000019221678734,1,1.6666666666666665,-1.314285714285714,1,0,0.5517241379310343,-0.7955728161267707,-3.5407854984894267,-0.5,0.0,0,0,0,Near,Budget,Week,High,Poor,1,2,2,0,2,3,2,3,0,14,3,6,2,0,0,0,3,0,3.0
477,223,281,0.0,Mumbai,Maharashtra,City,0.44837658578688105,Oct-Mar,228,0.5,"Nature, Adventure",0.0,0.5,0.5,-1.0,26-35,High Blood Pressure,Business,"Shopping, Food & Local Cuisine",All seasons,"Traffic congestion, pollution",Street Food,-1.421875,https://t4.ftcdn.net/jpg/01/46/43/87/360_F_146438747_3XYwVkfnYZuukBZYmDM8xeoqENzyhAqa.jpg,2.0,1.9583654587509634,-0.5454545454545454,0.8086956521739131,1,0,0,1,1,0,0.3333333333333333,0.0,0,0,0.033994000260704975,0.5083297880266341,0.5284664618493138,-0.6234443165310068,-0.7770498260701336,1.4999999999999998,1.541219605118986,-1.1193004372267334,-1.1766304347826086,1,0,-0.5,1.4142135623730951,-0.3333333333333333,-0.3333333333333333,1.0,-0.25,2.9999999999999996,0.44837658578688105,0.0,0.009592326139088728,1.6097560975609757,-1.0,0.0,-1.955223880597015,0.5,0.0,-0.3557464279532948,-1.0273550292155575,1,1,1,0.5,0.29885849072268444,0.5,0.5,0.5,0.8333333333333335,0.816496580927726,1.0440060698027316,1.972417763496352,-0.33333333333333326,1.773030282830976,-0.4883720930232558,0.648462036950105,0.415037499278844,1,0,1,0,1.145833333333334,-0.5763695847711482,1,1.0,-0.9450549450549448,0,1,-1.6551724137931032,0.1474680773232956,-3.516616314199396,0.25,1.0,1,0,0,VeryNear,Moderate,Weekend,VeryHigh,Fair,2,3,2,1,1,1,3,0,4,16,10,25,3,3,1,1,1,0,3.5
217,484,941,0.0,Valley of Flowers,Uttarakhand,Nature,-0.14167270967677706,Sep-Mar,936,0.5,"Nature, Adventure",0.0,0.5,0.6515151515151515,0.0,18-25,Asthma,Family Vacation,"Nature & Relaxation, Photography",Post-Monsoon,"Curvy roads, limited medical facilities",North Indian Cuisine,0.5208333333333334,https://encrypted-tbn0.gstatic.com/images?q=tbn:ANd9GcSKohlQ-J1CgxwCnc1mL62LM__eo7IDPvD9Hm4v1DnS8PQfNYx8O_lBtpoE&s=10,2.0,0.47802621434078635,-0.3939393939393939,-0.2347826086956522,1,0,0,1,1,0,0.3333333333333333,0.0,0,0,-0.04883897663787141,0.3915283049479751,0.4409929911958768,-0.14535273417620134,-0.3632890456525302,0.18749999999999997,-0.03155567756756961,0.480949406620862,-0.16304347826086957,0,0,-0.5,1.4142135623730951,-0.3333333333333333,-0.3333333333333333,1.0,0.5,0.0,-0.14167270967677706,0.0,1.1510791366906474,0.8048780487804879,0.5,1.0,0.5149253731343284,0.0,0.8571428571428571,-0.3557464279532948,-1.0273550292155575,1,1,1,0.0,-0.408248290463863,0.5,-0.5,-0.5,0.5,0.0,0.7830045523520485,-0.3826841261161515,0.0,-0.5,0.8992248062015504,-0.23232360650165304,-0.5849625007211561,0,0,1,0,-0.375,0.3934525244337349,1,-0.3333333333333335,0.28571428571428603,0,0,0.0,0.0,0.0,0.0,0.0,0,0,0,Far,Moderate,Week,High,Fair,4,4,2,0,0,2,1,1,1,10,17,37,0,3,0,0,1,0,3.5
537,91,273,1.0,Ajanta Caves,Maharashtra,Historical,0.2825123518693699,Nov-Feb,319,0.5,"City, Historical",0.0,0.0,0.6060606060606061,0.5,26-35,Knee Pain,Leisure,"Cultural Exploration, Photography",Winter,"Long walking distances, crowd congestion",Maharashtrian Cuisine,-1.0104166666666667,https://plus.unsplash.com/premium_photo-1697729588019-20a1f5a325d1,1.0,0.10794140323824203,0.2929292929292931,-0.18043478260869575,1,0,0,1,0,0,1.0,0.0,1,1,0.8526260986014182,0.4754966185606023,1.3929602119393039,0.5096823053577301,-0.042293723197166955,0.225,-0.25331540546237974,-0.8797001873828858,-0.8840579710144927,1,0,1.0,0.0,1.0,0.3333333333333333,0.0,0.5,0.0,0.2825123518693699,0.0,0.7769784172661871,0.0,0.5,0.0,-1.3656716417910448,0.5,0.0,0.42857142857142866,0.0,0,1,1,0.5,0.591751709536137,0.5,0.5,0.0,0.25,1.0,0.47344461305007585,0.4415586070570978,-0.25,0.9999999999999999,-0.9534883720930233,0.878450754401846,0.0,1,0,1,0,0.5,-0.29798610942337267,1,1.1666666666666665,-1.047619047619047,1,0,1.6551724137931032,-1.2062635600865372,-0.9969788519637462,1.0,0.0,0,0,0,Near,Moderate,Week,VeryHigh,Excellent,3,1,1,1,2,4,0,3,3,6,10,1,2,3,0,1,0,1,4.5
379,457,305,0.5,Marina Beach,Tamil Nadu,Beach,0.8702482556792889,Nov-Mar,806,-1.0,"Nature, Adventure",-1.0,-0.5,-0.9545454545454546,1.0,46-60,Knee Pain,Honeymoon,"Relaxation, Nightlife, Water Sports",Winter,"Crowds, sun exposure",Seafood,-0.0625,https://encrypted-tbn0.gstatic.com/licensed-image?q=tbn:ANd9GcQct7UyX_Oev4c9kXNkRrH7cu6JRlW5Xs6MNpuB-CTQjXyNxWdF7V64hL9ANP93g9qVVT1kg12v0L1opGDTWLdmYNf-&s=19,-1.0,-0.9097918272937549,-0.09090909090909091,-0.5282608695652175,0,1,0,0,0,0,-0.3333333333333333,1.0,1,0,0.5416787321412024,-0.830987645987628,-0.35616177651047115,2.0772039671279834,3.4896936669719008,-0.49999999999999994,-0.383570234634833,-0.399333749739746,1.7173913043478262,0,0,0.5,0.0,0.6666666666666666,0.0,0.0,-1.0,0.0,0.8702482556792889,0.0,-1.1990407673860912,0.0,1.0,0.0,-0.007462686567164179,-0.5,-0.8571428571428571,0.0,0.0,0,0,0,0.5,-0.408248290463863,1.0,0.0,-0.5,-1.0,0.0,-1.1471927162367221,-0.3826841261161515,1.0,-0.5,0.031007751937984496,1.3702434288485803,-0.5849625007211561,1,0,0,1,-0.375,0.3934525244337349,1,-0.3333333333333335,0.28571428571428603,0,0,0.0,0.0,0.0,0.5,0.0,0,0,0,Medium,Budget,Week,VeryHigh,Good,1,2,2,3,2,3,2,3,0,14,14,24,1,0,0,1,2,0,2.5
741,830,838,-1.0,Coorg,Karnataka,Nature,-0.5858584449512222,Apr-Jun,335,-0.5,"Beaches, Historical",0.0,0.5,0.9545454545454546,0.0,26-35,Knee Pain,Adventure,"Trekking, Adventure Sports",Summer,"High altitude, physical exertion",Coorgi Cuisine,-0.3854166666666667,https://images.unsplash.com/photo-1710612198146-77512950a4b7,2.0,0.7093292212798765,-0.09090909090909091,-0.07173913043478261,1,0,0,1,1,0,-1.0,0.0,0,0,-0.8718420593295372,-0.5008313825951206,-0.6289316354756702,-0.803165228932037,-0.523192176047804,-0.5624999999999999,-0.10319396461962208,-0.27982510930668336,-0.6358695652173914,0,0,-1.0,0.0,-0.3333333333333333,-1.0,0.0,-0.5,0.0,-0.5858584449512222,0.0,1.2182254196642686,0.0,0.0,0.0,-0.4701492537313433,0.5,0.8571428571428571,-1.2857142857142856,0.0,0,1,1,-0.5,0.591751709536137,-0.5,-0.5,0.0,-0.75,1.0,1.4749620637329286,0.6770565308208832,0.0,-0.5,-0.24031007751937986,-0.42846122322365016,0.0,0,1,1,0,0.75,-0.23266869639256899,1,-0.3333333333333335,0.28571428571428603,0,1,-1.6551724137931032,-1.3939811436526126,-0.4894259818731118,-0.5,1.0,1,0,0,Medium,Premium,Week,High,Poor,4,0,0,1,2,0,4,2,2,1,6,8,1,4,0,0,3,0,1.5
851,311,765,1.0,Hampi Ruins,Karnataka,Historical,-0.4158285260844394,Nov-Feb,169,-0.5,"City, Historical",0.0,-0.5,-0.22727272727272727,-0.5,18-25,Knee Pain,Leisure,"Cultural Exploration, Photography",Winter,"Long walking distances, crowd congestion",South Indian Cuisine,-0.6875,https://wegobond.com/wp-content/uploads/2018/01/hampi-banner.jpg,0.0,0.15420200462606007,0.09090909090909091,0.5152173913043478,0,0,1,0,0,0,0.3333333333333333,1.0,1,1,0.6892339485567777,-0.48400249486991914,0.1953339014905304,0.08668976233780089,-0.183141177427437,0.625,0.3703061630525878,-0.3177180928586301,-0.391304347826087,0,0,1.0,0.0,1.0,0.3333333333333333,0.0,-0.5,0.0,-0.4158285260844394,0.0,-0.27817745803357313,0.0,-0.5,0.0,-0.9029850746268657,0.5,-0.8571428571428571,0.42857142857142866,0.0,0,0,0,1.0,-0.408248290463863,1.5,0.5,-0.5,-0.5,0.0,-0.2731411229135053,-0.3826841261161515,-0.5,-0.5,-0.8992248062015504,-0.6665008683294624,-0.5849625007211561,1,0,0,0,-0.375,0.3934525244337349,1,-0.3333333333333335,0.28571428571428603,0,0,0.0,0.0,0.0,1.0,0.0,0,0,0,Near,Economy,Weekend,High,Excellent,3,1,1,0,2,4,0,3,3,15,6,13,2,1,1,0,0,0,3.5
679,54,755,-0.5,Ooty,Tamil Nadu,Nature,-0.39227124005560926,Sep-Mar,344,0.0,"Nature, Adventure",0.0,0.5,0.6515151515151515,-0.5,18-25,Asthma,Family Vacation,"Nature & Relaxation, Photography",Post-Monsoon,"Curvy roads, limited medical facilities",South Indian Cuisine,-0.22916666666666666,https://t3.ftcdn.net/jpg/05/09/58/00/360_F_509580096_YjyHXMHyTm9OOkjUQS4kOxDXkxbOMWYi.jpg,2.0,1.048573631457209,-0.3939393939393939,0.16739130434782618,1,0,0,1,1,0,-0.3333333333333333,0.0,0,0,-0.4734010262942145,-0.06987454122800196,-0.21295216402267902,-0.6304709988203704,-0.6263120761407106,0.12500000000000003,0.3753719226652356,0.19529460753695602,-0.5543478260869565,0,0,-0.5,0.0,0.0,-0.6666666666666666,0.0,0.0,0.0,-0.39227124005560926,0.0,0.8345323741007195,0.0,-0.5,0.0,-0.2462686567164179,0.5,0.8571428571428571,-0.8571428571428572,0.0,0,1,1,-0.25,0.09175170953613696,0.0,-0.5,0.0,-0.25,1.0,1.329286798179059,1.3835503021122397,0.0,0.5,-0.007751937984496124,0.4646272094979093,0.0,0,1,1,0,1.5,-0.696982782623996,1,0.6666666666666665,-0.5142857142857138,0,1,-0.8275862068965516,-3.005565545715328,-0.4894259818731118,-0.5,0.0,0,0,0,Medium,Moderate,Weekend,High,Poor,4,4,2,0,0,2,1,1,1,15,14,27,1,3,1,0,3,0,2.5
290,60,743,0.0,Valley of Flowers,Uttarakhand,Nature,-0.41957858250557756,Apr-Jun,324,-1.0,"Nature, Adventure",-1.0,0.5,-0.12121212121212122,0.5,36-45,Knee Pain,Adventure,"Trekking, Adventure Sports",Summer,"High altitude, physical exertion",North Indian Cuisine,0.5208333333333334,https://encrypted-tbn0.gstatic.com/images?q=tbn:ANd9GcSKohlQ-J1CgxwCnc1mL62LM__eo7IDPvD9Hm4v1DnS8PQfNYx8O_lBtpoE&s=10,1.0,-0.33616037008481114,-0.6767676767676768,-0.5978260869565217,1,0,0,1,0,0,-0.6666666666666666,0.5,0,0,-0.0878522775959176,-0.8948186211166916,-0.5223614724754452,-0.10144921395077872,0.40166065942158014,-0.5249999999999999,-0.3439020009320788,0.14865708931917554,0.18115942028985516,0,0,-0.5,1.0,-0.3333333333333333,-0.3333333333333333,2.0,-0.16666666666666674,2.160246899469287,-0.41957858250557756,0.0,-0.27817745803357313,1.4125299742019766,0.16666666666666652,0.40824829046386296,0.4452736318407959,-0.5,0.28571428571428564,0.0,-1.0,1,0,1,0.0,-0.408248290463863,0.5,-0.5,-0.5,-1.0,0.0,-0.14567526555386948,-0.3826841261161515,0.5,-0.5,0.8992248062015504,-0.6724397874812214,-0.5849625007211561,0,0,0,1,-0.375,0.3934525244337349,1,-0.3333333333333335,0.28571428571428603,0,0,0.0,0.0,0.0,0.0,0.0,0,0,0,Far,Economy,Week,High,Fair,4,0,2,2,2,0,4,2,2,10,17,37,0,1,0,0,1,0,2.0
698,954,855,-0.5,Tawang,Arunachal Pradesh,Nature,0.7099951806557437,Sep-Mar,371,1.0,"City, Historical",-1.0,0.0,-0.015151515151515152,1.0,46-60,Asthma,Family Vacation,"Nature & Relaxation, Photography",Post-Monsoon,"Curvy roads, limited medical facilities",North East Cuisine,1.6666666666666667,https://s7ap1.scene7.com/is/image/incredibleindia/sela-pass-tawang-arunachal-pradesh-blog-ntr-hero,0.0,-0.4317656129529685,0.5151515151515151,-0.3108695652173914,1,0,0,1,0,0,0.3333333333333333,1.0,0,0,-0.3702412737505859,1.0264630604655172,0.33441791211133803,0.9337020279381736,0.8569414480795523,-0.24999999999999992,-0.40080064806750443,0.5683947532792005,2.0652173913043477,0,1,-0.5,0.0,0.0,-0.6666666666666666,0.0,1.0,0.0,0.7099951806557437,0.0,-0.009592326139088728,0.0,1.0,0.0,2.470149253731343,-0.5,0.0,-0.8571428571428572,0.0,0,0,1,-0.25,0.09175170953613696,0.0,-0.5,0.0,0.75,1.0,-0.17298937784522,0.11774896188189272,0.5,0.5,1.372093023255814,1.3493910643601867,0.0,0,1,0,1,0.15625,-0.18239829788013215,1,0.6666666666666665,-0.3809523809523805,0,1,-0.8275862068965516,-0.6400609660408693,2.882175226586103,-0.5,0.0,0,0,0,Far,Moderate,Week,VeryHigh,Poor,4,4,1,3,0,2,1,1,1,9,1,36,0,3,0,1,3,0,3.5
460,116,976,-0.5,Taj Mahal,Uttar Pradesh,Historical,0.13993073971697845,Nov-Feb,611,1.0,"Beaches, Historical",-1.0,0.0,0.2727272727272727,1.0,18-25,Knee Pain,Leisure,"Cultural Exploration, Photography",Winter,"Long walking distances, crowd congestion",Mughlai Cuisine,0.07291666666666667,https://upload.wikimedia.org/wikipedia/commons/1/1d/Taj_Mahal_%28Edited%29.jpeg,0.0,-0.28527370855821127,1.0909090909090908,-0.10434782608695653,1,0,0,1,0,0,0.3333333333333333,1.0,0,0,-0.42359290050450005,0.885406260923598,0.2639922777216995,0.6325421112802634,0.4286505713688552,-0.24999999999999992,-0.46209398673945534,-0.32354778263585265,0.40217391304347827,0,0,-0.75,0.7071067811865476,-0.3333333333333333,-0.6666666666666666,1.0,0.5,2.0,0.13993073971697845,0.0,-0.12470023980815348,1.2195121951219514,0.0,2.0,0.17164179104477612,0.0,-0.42857142857142855,-0.6953812495363997,-0.963710722590775,1,0,0,0.25,1.0917517095361369,0.0,0.5,0.0,1.0,0.0,-0.13657056145675264,1.118615137877981,0.0,1.5,0.18604651162790697,0.727267382614034,0.0,1,0,0,0,1.21875,-1.2986636957243816,1,1.6666666666666665,-1.314285714285714,0,1,-2.482758620689655,-1.4113058833208716,0.10876132930513596,0.25,1.0,1,0,0,Medium,Moderate,Week,VeryHigh,Poor,3,1,0,0,2,4,0,3,3,7,16,34,1,3,0,1,3,0,3.5
801,992,213,-1.0,Varkala Beach,Kerala,Beach,-0.3945105148816736,Nov-Mar,905,1.0,"City, Historical",-1.0,0.5,0.3484848484848485,0.0,46-60,Knee Pain,Honeymoon,"Relaxation, Nightlife, Water Sports",Winter,"Crowds, sun exposure",Seafood,0.15625,https://encrypted-tbn0.gstatic.com/images?q=tbn:ANd9GcQhhfqvS3M6-Q5xL-XOgqAbXut9hnDO4dA-_VCx1YCE79I6gDY3_C1Zv3dOXwu2pL_OmQVlumXjSSQ8I6p748JioJniT2Wxf2InPIObpQ&s=10,1.0,0.24672320740169615,-0.05050505050505065,-0.050000000000000086,1,0,0,1,0,0,0.0,1.5,0,0,-0.8628880511402235,0.753164066001372,-0.31588956562889703,-0.16318072910644876,-0.24982658603941812,0.0,-0.07233336543205734,0.1748906933166771,-0.07246376811594211,0,0,-1.0,0.0,-0.3333333333333333,-1.0,0.0,1.0,0.0,-0.3945105148816736,0.0,0.45083932853717024,0.0,0.0,0.0,0.30597014925373134,-0.5,0.8571428571428571,-1.2857142857142856,0.0,0,1,1,-1.0,-0.408248290463863,-0.5,-1.5,-0.5,1.0,0.0,0.4188163884673748,-0.3826841261161515,0.0,-0.5,0.35658914728682173,-0.632739790950501,-0.5849625007211561,0,1,1,0,-0.375,0.3934525244337349,1,-0.3333333333333335,0.28571428571428603,0,0,0.0,0.0,0.0,-1.0,0.0,0,0,0,Far,Moderate,Week,High,Poor,1,2,1,3,2,3,2,3,0,14,7,38,0,3,0,0,3,0,3.0
849,523,71,-1.0,Delhi,Delhi,City,0.5112775100823768,Oct-Mar,840,1.0,"Nature, Adventure",0.0,0.5,0.7424242424242424,1.0,26-35,High Blood Pressure,Business,"Shopping, Food & Local Cuisine",All seasons,"Traffic congestion, pollution",Street Food,0.010416666666666666,https://encrypted-tbn0.gstatic.com/images?q=tbn:ANd9GcTFxblF-zkMM4NsiVuRyJ1Yx76TMcpdDWzU6zEf57y1aQ&s=10,2.0,-0.04626060138781804,-0.30303030303030304,-0.6043478260869566,1,0,0,1,1,0,0.0,1.5,0,0,-0.8205022600299532,0.9772923411388655,-0.25993913994054624,0.07556404637511824,0.15481569800519832,-0.37499999999999994,-0.4221667754872339,-0.35852592129918803,-0.42934782608695654,0,0,-1.0,0.0,-0.3333333333333333,-1.0,1.0,0.0,4.0,0.5112775100823768,0.0,-0.12470023980815348,2.731707317073171,0.25,1.4999999999999998,-0.5671641791044776,0.0,0.0,-1.0350160711195047,0.0,1,0,1,-1.0,-0.408248290463863,-0.5,-1.5,0.0,0.5,2.0,1.0197268588770865,0.02943724047047316,0.5,0.5,0.1937984496124031,0.23667040913863924,0.0,0,1,1,1,0.0625,0.112152155765803,1,0.6666666666666665,-0.3809523809523805,0,0,0.0,1.5526960700531809,-0.1268882175226586,-1.0,0.0,0,0,0,Medium,Moderate,Week,VeryHigh,Poor,2,3,2,1,1,1,3,0,4,16,2,9,1,3,0,1,3,0,3.0
490,448,628,-1.0,Ahmedabad,Gujarat,City,0.032493862707660484,Oct-Mar,35,1.0,"Beaches, Historical",-1.0,0.5,0.8939393939393939,1.0,46-60,High Blood Pressure,Business,"Shopping, Food & Local Cuisine",All seasons,"Traffic congestion, pollution",Gujarati Cuisine,-0.9166666666666666,https://encrypted-tbn0.gstatic.com/images?q=tbn:ANd9GcTjjS0tleUkYu3JCgQn5BM0ooo_ueYok5FwDld1RJJHOQ&s=10,1.0,0.030840400925211914,0.6767676767676766,-0.2528985507246377,1,0,0,1,0,0,0.0,1.5,0,0,-0.8429066450575025,0.8588220698473102,-0.2895135526562584,0.0027411782557407883,-0.005979149592532185,-0.37499999999999994,-0.4736456016367897,-0.8773683114719967,-0.8188405797101449,0,0,-0.16666666666666674,2.0816659994661326,-0.3333333333333333,0.3333333333333333,2.0,1.0,0.0,0.032493862707660484,0.0,0.8792965627498004,0.846544105446837,-0.33333333333333326,1.7795130420052183,-0.4800995024875621,0.16666666666666674,0.5714285714285715,0.5714285714285714,-1.0495798165131978,1,1,1,-0.5,1.005965271909232,-0.5,0.5,1.0,0.75,0.8164965809277259,0.8831562974203337,0.12320265242017525,0.625,0.17700320038632997,-0.7441860465116279,-0.34039595994050614,0.7369655941662062,0,1,1,1,0.28125,-0.049114236484113435,1,0.4166666666666665,-0.19428571428571395,0,1,-1.6551724137931032,1.0548622622484394,-1.1601208459214503,0.0,1.0,1,0,0,Near,Premium,Week,VeryHigh,Poor,2,3,0,3,1,1,3,0,4,2,4,0,2,4,0,1,3,0,3.0
343,918,579,-1.0,Bangalore,Karnataka,City,0.8935533253153829,Oct-Mar,211,1.0,"City, Historical",0.0,0.0,0.5454545454545454,1.0,46-60,High Blood Pressure,Business,"Shopping, Food & Local Cuisine",All seasons,"Traffic congestion, pollution",Multi Cuisine,-0.4375,https://media.istockphoto.com/id/1382384282/photo/bangalore-or-bengaluru.jpg,1.0,-0.14649190439475718,0.21212121212121213,-0.4195652173913044,1,0,0,1,0,0,0.0,1.5,0,0,-0.8026138993932384,1.0718827052567321,-0.23632600529627132,0.18446517203337684,0.3523346841831489,-0.37499999999999994,-0.3810644731394725,-0.6092025817197585,-0.48550724637681153,0,0,-0.75,0.7071067811865476,-0.3333333333333333,-0.6666666666666666,1.0,1.0,0.0,0.8935533253153829,0.0,0.2685851318944844,1.0975609756097562,0.25,1.4999999999999998,-1.25,0.5,-0.42857142857142855,-0.6953812495363997,-0.963710722590775,1,1,0,0.30000000000000004,0.9701565847451589,-0.5,0.5,1.5,0.5,1.0,0.4916540212443095,0.7691360745647999,0.10000000000000009,0.7649110640673515,0.20155038759689922,0.3645957763051332,1.0000000000000002,1,0,1,1,0.1875,-0.04767639526495972,1,1.4666666666666663,-1.098901098901098,0,1,-4.303448275862069,2.864701003385493,-1.70392749244713,0.0,1.0,1,0,0,Medium,Moderate,Week,VeryHigh,Poor,2,3,1,3,1,1,3,0,4,8,6,4,1,3,0,1,3,0,3.0
131,542,207,0.5,Marina Beach,Tamil Nadu,Beach,0.18711721221207595,Nov-Mar,587,0.0,"City, Historical",0.0,0.5,0.015151515151515152,-0.5,26-35,Knee Pain,Honeymoon,"Relaxation, Nightlife, Water Sports",Winter,"Crowds, sun exposure",Seafood,-0.0625,https://encrypted-tbn0.gstatic.com/licensed-image?q=tbn:ANd9GcQct7UyX_Oev4c9kXNkRrH7cu6JRlW5Xs6MNpuB-CTQjXyNxWdF7V64hL9ANP93g9qVVT1kg12v0L1opGDTWLdmYNf-&s=19,2.0,0.4009252120277564,-1.0303030303030303,-0.28913043478260864,1,0,0,1,1,0,0.3333333333333333,0.0,1,0,0.4138119513433817,0.0161438190477317,0.489735351884386,-0.0979971226427315,-0.2783981931583226,0.625,0.4999636357318477,0.3818446804080784,-0.4673913043478261,0,0,0.5,0.0,0.6666666666666666,0.0,0.0,0.0,0.0,0.18711721221207595,0.0,0.02877697841726619,0.0,-0.5,0.0,-0.007462686567164179,0.5,0.8571428571428571,0.0,0.0,0,1,1,0.5,-0.408248290463863,1.0,0.0,-0.5,0.0,0.0,0.018209408194233685,-0.3826841261161515,-0.5,-0.5,0.031007751937984496,0.2883770296286105,-0.5849625007211561,1,0,1,0,-0.375,0.3934525244337349,1,-0.3333333333333335,0.28571428571428603,0,0,0.0,0.0,0.0,0.5,0.0,0,0,0,Medium,Moderate,Weekend,VeryHigh,Good,1,2,1,1,2,3,2,3,0,14,14,24,1,3,1,1,2,0,3.5
148,953,34,0.0,Delhi,Delhi,City,-0.18266010987732564,Oct-Mar,886,1.0,"Beaches, Historical",-1.0,0.5,0.3484848484848485,-0.5,18-25,High Blood Pressure,Business,"Shopping, Food & Local Cuisine",All seasons,"Traffic congestion, pollution",Street Food,0.010416666666666666,https://encrypted-tbn0.gstatic.com/images?q=tbn:ANd9GcTFxblF-zkMM4NsiVuRyJ1Yx76TMcpdDWzU6zEf57y1aQ&s=10,1.0,0.7401696222050884,-0.05050505050505065,0.41376811594202884,1,0,0,1,0,0,0.6666666666666666,0.5,0,0,-0.054592916859555495,0.8055843503859976,0.751082541301244,-0.14761449472705354,-0.49460533484669,0.8749999999999998,0.4204467074396396,0.4634603372891943,-0.17391304347826086,0,0,0.0,0.0,0.3333333333333333,-0.3333333333333333,0.0,1.0,0.0,-0.18266010987732564,0.0,0.45083932853717024,0.0,-0.5,0.0,0.09701492537313433,-0.5,0.8571428571428571,-0.42857142857142866,0.0,0,1,1,0.0,-0.408248290463863,0.5,-0.5,-0.5,1.0,0.0,0.4188163884673748,-0.3826841261161515,-0.5,-0.5,0.13953488372093023,-0.2972348581456923,-0.5849625007211561,0,0,1,0,-0.375,0.3934525244337349,1,-0.3333333333333335,0.28571428571428603,0,0,0.0,0.0,0.0,0.0,0.0,0,0,0,Medium,Moderate,Weekend,High,Fair,2,3,0,0,1,1,3,0,4,16,2,9,1,3,1,0,1,0,4.0
137,960,612,-0.5,Rishikesh,Uttarakhand,Adventure,0.4366390423566627,Apr-Jun,962,0.5,"City, Historical",0.0,-0.5,-0.42424242424242425,0.5,18-25,Knee Pain,Adventure,"Trekking, Adventure Sports",Summer,"High altitude, physical exertion",North Indian Cuisine,0.20833333333333334,https://dynamic-media-cdn.tripadvisor.com/media/photo-o/2c/31/c5/45/caption.jpg,0.0,-0.5212027756360833,-0.30303030303030304,-0.43695652173913047,0,0,1,0,0,0,0.0,0.5,0,0,-0.3958243370221827,0.506006316935507,0.07456871338785673,0.8318058155351213,1.032238525771081,-0.225,-0.2334293601103118,-0.06121174266083698,0.5434782608695652,0,0,0.125,0.9574271077563382,0.0,0.0,3.0,0.625,1.35400640077266,0.4366390423566627,0.0,-0.37889688249400477,0.7458657286054042,-0.625,1.2076147288491197,1.2761194029850746,0.25,-0.42857142857142855,1.519828417878826,-0.9959739170736794,1,0,0,-0.5,-0.408248290463863,0.0,-1.0,-0.5,0.5,0.0,-0.5098634294385432,-0.3826841261161515,0.5,-0.5,0.43410852713178294,0.6835417443445173,-0.5849625007211561,0,1,0,1,-0.375,0.3934525244337349,1,-0.3333333333333335,0.28571428571428603,0,0,0.0,0.0,0.0,-0.5,0.0,0,0,0,Far,Economy,Week,VeryHigh,Poor,0,0,1,0,2,0,4,2,2,10,17,30,0,1,0,1,3,0,3.0
824,600,924,-0.5,Munnar,Kerala,Nature,0.9137824994457764,Apr-Jun,292,-1.0,"City, Historical",-1.0,0.0,-0.4393939393939394,1.0,36-45,Knee Pain,Adventure,"Trekking, Adventure Sports",Summer,"High altitude, physical exertion",Kerala Cuisine,0.08333333333333333,https://images.unsplash.com/photo-1491497895121-1334fc14d8c9,0.0,-0.6476484194294526,-0.3333333333333333,-0.6152173913043479,1,0,0,1,0,0,-1.0,0.0,0,0,-0.3511690703495767,-0.8288332225031299,-0.5918785736527244,0.0027411782557407883,1.627398596416096,-0.7499999999999999,-0.378889431982746,-0.3177180928586301,0.41304347826086957,0,0,-0.5,0.0,0.0,-0.6666666666666666,0.0,-1.0,0.0,0.9137824994457764,0.0,-0.5467625899280576,0.0,1.0,0.0,0.20149253731343283,-0.5,0.0,-0.8571428571428572,0.0,0,0,1,-0.5,-0.408248290463863,0.0,-1.0,-0.5,-1.0,0.0,-0.5280728376327769,-0.3826841261161515,1.0,-0.5,0.24806201550387597,1.4391880859488762,-0.5849625007211561,0,1,0,1,-0.375,0.3934525244337349,1,-0.3333333333333335,0.28571428571428603,0,0,0.0,0.0,0.0,-0.5,0.0,0,0,0,Medium,Economy,Week,VeryHigh,Poor,4,0,1,2,2,0,4,2,2,5,7,26,1,1,0,1,3,0,1.5
917,551,117,0.0,Khajuraho Temples,Madhya Pradesh,Historical,-0.12823148899007247,Nov-Feb,366,-1.0,"City, Historical",0.0,0.0,0.803030303030303,0.0,36-45,Knee Pain,Leisure,"Cultural Exploration, Photography",Winter,"Long walking distances, crowd congestion",North Indian Cuisine,-0.3125,https://st2.depositphotos.com/1000434/7761/i/450/depositphotos_77615282-stock-photo-lakshmana-temple-in-khajuraho-madhya.jpg,1.0,0.5936777178103314,0.5555555555555554,0.2760869565217391,1,0,0,1,0,0,-0.6666666666666666,0.5,0,0,-0.046952055780258004,-0.8804004306049451,-0.5115635859130323,-0.6364817752365729,-0.42217996284653064,-0.37499999999999994,-0.02938787714217056,-0.21861336664584638,-0.3985507246376811,0,0,0.0,0.0,0.3333333333333333,-0.3333333333333333,0.0,-1.0,0.0,-0.12823148899007247,0.0,1.026378896882494,0.0,0.0,0.0,-0.3656716417910448,0.5,0.0,-0.42857142857142866,0.0,0,1,1,0.5,0.591751709536137,0.5,0.5,0.0,-0.75,1.0,0.8012139605462821,0.14718620235236587,-0.5,0.5,-0.18604651162790697,0.6290322424511415,0.0,1,0,1,0,0.1875,0.0026530743722117892,1,0.6666666666666665,-0.714285714285714,0,1,-1.6551724137931032,-2.3083151749631456,-0.3625377643504532,0.0,0.0,0,0,0,Medium,Moderate,Week,High,Fair,3,1,1,2,2,4,0,3,3,10,9,17,1,3,0,0,1,0,2.0
51,523,488,-1.0,Ahmedabad,Gujarat,City,0.5112775100823768,Oct-Mar,532,-1.0,"Nature, Adventure",-1.0,-0.5,-0.9545454545454546,-0.5,36-45,High Blood Pressure,Business,"Shopping, Food & Local Cuisine",All seasons,"Traffic congestion, pollution",Gujarati Cuisine,-0.9166666666666666,https://encrypted-tbn0.gstatic.com/images?q=tbn:ANd9GcTjjS0tleUkYu3JCgQn5BM0ooo_ueYok5FwDld1RJJHOQ&s=10,-1.0,-0.5859676175790286,-0.09090909090909091,0.38478260869565223,0,1,0,0,0,0,-1.3333333333333333,-0.5,0,0,-0.8205022600299532,-0.8487523970812735,-0.7157851520812003,-0.4673708926037963,1.2633003831011451,-0.625,0.5696710775384104,-0.5742244430564231,-0.06521739130434782,0,0,-1.0,0.0,-0.3333333333333333,-1.0,1.0,0.0,4.0,0.5112775100823768,0.0,-0.12470023980815348,2.731707317073171,0.25,1.4999999999999998,-0.5671641791044776,0.0,0.0,-1.0350160711195047,0.0,1,0,1,-1.0,-0.408248290463863,-0.5,-1.5,-0.5,-1.0,0.0,-1.1471927162367221,-0.3826841261161515,-0.5,-0.5,-1.2403100775193798,0.8017457860052147,-0.5849625007211561,0,1,0,0,-0.375,0.3934525244337349,1,-0.3333333333333335,0.28571428571428603,0,0,0.0,0.0,0.0,-1.0,0.0,0,0,0,Near,Budget,Weekend,VeryHigh,Poor,2,3,2,2,1,1,3,0,4,2,4,0,2,0,1,1,3,0,1.0
782,770,189,0.5,Coorg,Karnataka,Nature,0.5960810384964936,Apr-Jun,978,0.5,"City, Historical",-1.0,0.0,0.16666666666666666,-1.0,36-45,Knee Pain,Adventure,"Trekking, Adventure Sports",Summer,"High altitude, physical exertion",Coorgi Cuisine,-0.3854166666666667,https://images.unsplash.com/photo-1710612198146-77512950a4b7,0.0,1.4494988434849652,0.8787878787878788,2.341304347826087,1,0,0,1,0,0,0.6666666666666666,-0.5,1,0,0.4903607898566142,0.5375681910998006,1.0103999679431537,-0.4181210566089877,-0.6579630390431365,1.8749999999999998,1.5888631611442139,0.6208619612742037,-0.07608695652173914,0,0,0.16666666666666674,2.0816659994661326,-0.3333333333333333,0.3333333333333333,2.0,0.0,2.449489742783178,0.5960810384964936,0.0,0.457234212629896,0.8590999629735311,-0.33333333333333326,1.632993161855452,-0.4701492537313433,-0.16666666666666674,0.28571428571428564,1.142857142857143,-1.0495798165131978,1,1,1,0.5,-0.408248290463863,1.0,0.0,-0.5,0.5,0.0,0.20030349013657053,-0.3826841261161515,-1.0,-0.5,-0.4496124031007752,0.9360481117506154,-0.5849625007211561,1,0,1,0,-0.375,0.3934525244337349,1,-0.3333333333333335,0.28571428571428603,0,0,0.0,0.0,0.0,0.5,0.0,0,0,0,Medium,Moderate,Weekend,VeryHigh,Good,4,0,1,2,2,0,4,2,2,1,6,8,1,3,1,1,2,1,4.0
929,598,321,1.0,Bangalore,Karnataka,City,-0.7635942267699773,Oct-Mar,229,0.5,"City, Historical",0.0,0.5,1.7121212121212122,-0.5,26-35,High Blood Pressure,Business,"Shopping, Food & Local Cuisine",All seasons,"Traffic congestion, pollution",Multi Cuisine,-0.4375,https://media.istockphoto.com/id/1382384282/photo/bangalore-or-bengaluru.jpg,2.0,2.12798766383963,0.6666666666666666,0.9282608695652176,1,0,0,1,1,0,1.0,0.0,1,1,0.6078665428375475,0.2684176494256529,1.1344886632893707,-0.493754733315301,-0.8799487887074279,1.1249999999999998,0.2955226145979434,-0.03789298355194664,-0.6630434782608695,0,0,0.125,1.707825127659933,-0.3333333333333333,0.3333333333333333,3.0,-0.5,2.0,-0.7635942267699773,0.0,1.2470023980815348,1.1654692021814188,-0.125,0.67700320038633,-0.21641791044776118,0.5,0.42857142857142855,1.519828417878826,-1.0391534068660804,1,1,1,1.0,-0.408248290463863,1.5,0.5,0.0,0.5,0.0,2.139605462822458,-0.1177489618818928,-0.5,-0.5,0.18604651162790697,-0.8757013171500996,0.0,1,0,1,0,-0.09375,0.2625999935394798,1,-0.3333333333333335,0.28571428571428603,0,0,0.0,-0.9385053989633328,-1.6676737160120847,1.0,0.0,0,0,0,Medium,Premium,Weekend,High,Excellent,2,3,1,1,1,1,3,0,4,8,6,4,1,4,1,0,0,1,4.5
437,84,754,1.0,Valley of Flowers,Uttarakhand,Nature,0.8551577259321618,Sep-Mar,555,-0.5,"Beaches, Historical",0.0,0.5,0.9393939393939394,1.0,36-45,Asthma,Family Vacation,"Nature & Relaxation, Photography",Post-Monsoon,"Curvy roads, limited medical facilities",North Indian Cuisine,0.5208333333333334,https://encrypted-tbn0.gstatic.com/images?q=tbn:ANd9GcSKohlQ-J1CgxwCnc1mL62LM__eo7IDPvD9Hm4v1DnS8PQfNYx8O_lBtpoE&s=10,2.0,0.05397070161912093,-0.10606060606060606,-0.5336956521739131,1,0,0,1,1,0,0.3333333333333333,1.0,1,1,0.9866090313425054,-0.3582053111859089,0.352351260705878,0.18058086028879783,0.09696453092624772,-0.24999999999999992,-0.38519276865748936,-0.07287112221528205,-0.16304347826086957,0,0,0.25,2.1213203435596424,0.0,0.3333333333333333,1.0,-0.25,1.0,0.8551577259321618,0.0,1.1990407673860912,0.0,0.5,1.0,0.291044776119403,0.5,0.8571428571428571,0.6631580367960199,-1.0504799024963116,1,1,1,1.0,-0.408248290463863,1.5,0.5,-0.5,-0.5,0.0,1.1289833080424885,-0.3826841261161515,1.0,-0.5,0.8992248062015504,1.3463447387861518,-0.5849625007211561,1,0,1,1,-0.375,0.3934525244337349,1,-0.3333333333333335,0.28571428571428603,0,0,0.0,0.0,0.0,1.0,0.0,0,0,0,Far,Premium,Week,VeryHigh,Excellent,4,4,0,2,0,2,1,1,1,10,17,37,0,4,0,1,0,0,3.5
618,236,672,1.0,Khajuraho Temples,Madhya Pradesh,Historical,-0.07668546608541886,Nov-Feb,250,-1.0,"City, Historical",0.0,-0.5,-0.22727272727272727,-1.0,36-45,Knee Pain,Leisure,"Cultural Exploration, Photography",Winter,"Long walking distances, crowd congestion",North Indian Cuisine,-0.3125,https://st2.depositphotos.com/1000434/7761/i/450/depositphotos_77615282-stock-photo-lakshmana-temple-in-khajuraho-madhya.jpg,0.0,0.8481110254433306,0.09090909090909091,1.4934782608695654,0,0,1,0,0,0,0.0,1.5,1,1,0.7685838985530082,-0.8778495200418968,-0.2962575476683183,-0.4516528598394957,-0.5275554135895599,1.1249999999999998,1.3718555620844797,0.7432854465958777,0.0,0,0,1.0,0.0,1.0,0.3333333333333333,0.0,-1.0,0.0,-0.07668546608541886,0.0,-0.27817745803357313,0.0,-1.0,0.0,-0.3656716417910448,0.5,-0.8571428571428571,0.42857142857142866,0.0,0,0,0,0.25,1.0917517095361369,0.0,0.5,0.0,-0.75,1.0,-0.07283763277693474,0.26493516423425867,-1.0,-0.5,-0.6434108527131783,-0.8522091012073385,0.0,1,0,0,0,0.3125,-0.31118577342036435,1,-0.3333333333333335,0.28571428571428603,1,0,2.482758620689655,1.9861005148947644,0.7069486404833837,1.0,0.0,0,0,0,Medium,Economy,Weekend,High,Excellent,3,1,1,2,2,4,0,3,3,10,9,17,1,1,1,0,0,0,3.0
858,364,693,1.0,Ooty,Tamil Nadu,Nature,-0.4818571850184592,Sep-Mar,488,-1.0,"City, Historical",0.0,-0.5,-0.13636363636363635,-0.5,26-35,Asthma,Family Vacation,"Nature & Relaxation, Photography",Post-Monsoon,"Curvy roads, limited medical facilities",South Indian Cuisine,-0.22916666666666666,https://t3.ftcdn.net/jpg/05/09/58/00/360_F_509580096_YjyHXMHyTm9OOkjUQS4kOxDXkxbOMWYi.jpg,0.0,0.24672320740169615,0.2727272727272727,0.6456521739130435,0,0,1,0,0,0,0.0,1.5,1,1,0.6737850970168175,-0.8979006657837627,-0.32128495974089916,-0.16318072910644876,-0.2615397928598597,0.37499999999999994,0.3561073579230032,0.19529460753695602,0.08695652173913043,0,0,0.5,1.4142135623730951,0.3333333333333333,0.3333333333333333,1.0,-0.75,1.0,-0.4818571850184592,0.0,-0.1630695443645084,0.0,-0.75,0.5,-0.15671641791044777,0.5,-0.8571428571428571,1.0027928583791246,-1.0273550292155575,1,0,0,1.0,-0.408248290463863,1.5,0.5,-0.5,-1.0,0.0,-0.16388467374810317,-0.3826841261161515,-0.5,-0.5,-0.21705426356589147,-0.7710696595875923,-0.5849625007211561,1,0,0,0,-0.375,0.3934525244337349,1,-0.3333333333333335,0.28571428571428603,0,0,0.0,0.0,0.0,1.0,0.0,0,0,0,Medium,Economy,Weekend,High,Excellent,4,4,1,1,0,2,1,1,1,15,14,27,1,1,1,0,0,0,3.0
17,416,554,0.5,Ajanta Caves,Maharashtra,Historical,0.8482545591520728,Nov-Feb,529,1.0,"Nature, Adventure",-1.0,0.5,0.7727272727272727,0.0,18-25,Knee Pain,Leisure,"Cultural Exploration, Photography",Winter,"Long walking distances, crowd congestion",Maharashtrian Cuisine,-1.0104166666666667,https://plus.unsplash.com/premium_photo-1697729588019-20a1f5a325d1,1.0,0.5705474171164224,0.5151515151515151,0.25434782608695655,1,0,0,1,0,0,1.0,0.0,1,0,0.537562006368493,1.0606739742443718,1.5327435451472722,0.09119432050805779,-0.30208719654594424,0.5624999999999999,0.12809981835059353,-0.8044971892567147,-0.8840579710144927,1,0,0.5,0.0,0.6666666666666666,0.0,0.0,1.0,0.0,0.8482545591520728,0.0,0.988009592326139,0.0,0.0,0.0,-1.3656716417910448,-0.5,0.8571428571428571,0.0,0.0,0,1,1,0.375,0.48150823053874614,0.0,0.5,1.0,0.625,0.7071067811865474,0.4188163884673748,0.9143373027523014,-0.625,0.5606601717798212,0.04263565891472868,0.04788548541098368,0.7369655941662062,1,0,1,0,1.375,-1.0218354228256636,1,0.9166666666666665,-1.047619047619047,1,0,0.4137931034482758,3.537824989137557,-3.3262839879154082,0.5,0.0,0,0,0,Near,Moderate,Week,VeryHigh,Good,3,1,2,0,2,4,0,3,3,6,10,1,2,3,0,1,2,1,4.5
524,380,459,-0.5,Manali,Himachal Pradesh,Adventure,0.1625860769126495,Apr-Jun,967,-1.0,"City, Historical",-1.0,-0.5,-1.0454545454545454,0.0,46-60,Knee Pain,Adventure,"Trekking, Adventure Sports",Summer,"High altitude, physical exertion",Himachali Cuisine,0.46875,https://dynamic-media-cdn.tripadvisor.com/media/photo-o/0c/b2/79/37/solang-valley-manali.jpg,-1.0,-0.8172706245181187,-0.45454545454545453,-0.2673913043478261,0,1,0,0,0,0,-1.0,0.0,0,0,-0.42147261548539405,-0.8660084453657833,-0.61043910148393,0.40569438184962947,2.313630842593653,-0.5624999999999999,0.017515187525239503,0.43722673329169276,2.8260869565217392,0,0,-0.5,0.0,0.0,-0.6666666666666666,0.0,-1.0,0.0,0.1625860769126495,0.0,-1.314148681055156,0.0,0.0,0.0,0.753731343283582,-0.5,-0.8571428571428571,-0.8571428571428572,0.0,0,0,0,-0.5,-0.408248290463863,0.0,-1.0,-0.5,-1.0,0.0,-1.2564491654021244,-0.3826841261161515,0.0,-0.5,0.8217054263565892,0.24952736634809508,-0.5849625007211561,0,1,0,0,-0.375,0.3934525244337349,1,-0.3333333333333335,0.28571428571428603,0,0,0.0,0.0,0.0,-0.5,0.0,0,0,0,Far,Budget,Week,VeryHigh,Poor,0,0,1,3,2,0,4,2,2,3,5,23,0,0,0,1,3,0,1.5
713,921,61,-1.0,Red Fort,Delhi,Historical,0.19079052842782618,Nov-Feb,339,1.0,"Beaches, Historical",0.0,0.5,0.7727272727272727,0.0,18-25,Knee Pain,Leisure,"Cultural Exploration, Photography",Winter,"Long walking distances, crowd congestion",Mughlai Cuisine,0.010416666666666666,https://upload.wikimedia.org/wikipedia/commons/d/d6/Delhi%2C_India%2C_Red_Fort_Facade.jpg,2.0,0.5705474171164224,-0.2727272727272727,-0.16956521739130437,1,0,0,1,1,0,0.0,1.5,0,0,-0.83549925036719,0.8979910118845879,-0.279735585198098,-0.34124326383660347,-0.3752005184758122,0.0,0.02206400220642579,0.05246720799500313,-0.42934782608695654,0,0,-1.0,0.0,-0.3333333333333333,-1.0,0.0,1.0,0.0,0.19079052842782618,0.0,0.988009592326139,0.0,0.0,0.0,0.09701492537313433,0.5,0.8571428571428571,-1.2857142857142856,0.0,0,1,1,-1.0,-0.408248290463863,-0.5,-1.5,-0.5,1.0,0.0,0.928679817905918,-0.3826841261161515,0.0,-0.5,0.13953488372093023,0.29419441624210696,-0.5849625007211561,0,1,1,0,-0.375,0.3934525244337349,1,-0.3333333333333335,0.28571428571428603,0,0,0.0,0.0,0.0,-1.0,0.0,0,0,0,Medium,Moderate,Week,VeryHigh,Poor,3,1,0,0,2,4,0,3,3,7,2,29,1,3,0,1,3,0,3.0
887,60,847,-1.0,Manali,Himachal Pradesh,Adventure,-0.41957858250557756,Apr-Jun,931,0.5,"Beaches, Historical",-1.0,-0.5,-0.8939393939393939,0.0,18-25,Knee Pain,Adventure,"Trekking, Adventure Sports",Summer,"High altitude, physical exertion",Himachali Cuisine,0.46875,https://dynamic-media-cdn.tripadvisor.com/media/photo-o/0c/b2/79/37/solang-valley-manali.jpg,-1.0,-0.7016191210485736,0.15151515151515152,0.05869565217391305,0,1,0,0,0,0,-0.3333333333333333,1.0,0,0,-0.8640610958797882,0.3365162604421575,-0.4198997449284722,0.9827631672433469,1.4357136211570563,-0.18749999999999997,-0.07637634403687887,0.43722673329169276,2.8260869565217392,0,0,-0.5,1.0,-0.3333333333333333,-0.3333333333333333,2.0,-0.16666666666666674,2.160246899469287,-0.41957858250557756,0.0,-0.27817745803357313,1.4125299742019766,0.16666666666666652,0.40824829046386296,0.4452736318407959,-0.5,0.28571428571428564,0.0,-1.0,1,0,1,-0.16666666666666674,0.6718751592707803,-0.5,0.0,0.5,0.33333333333333326,0.8164965809277259,-1.0197268588770865,-0.16636547035135368,0.0,0.914213562373095,0.20671834625322985,-0.0676631485427785,0.415037499278844,0,1,0,0,-0.1875,-0.0026530743722125074,1,-0.3333333333333335,0.28571428571428603,0,1,-2.7586206896551717,-1.6617859297759043,1.438066465256798,-0.25,1.0,1,0,0,Far,Budget,Week,High,Poor,0,0,0,0,2,0,4,2,2,3,5,23,0,0,0,0,3,0,2.5
183,806,736,0.5,Red Fort,Delhi,Historical,0.07912316422144519,Nov-Feb,970,0.0,"Beaches, Historical",-1.0,0.0,-0.5,-0.5,46-60,Knee Pain,Leisure,"Cultural Exploration, Photography",Winter,"Long walking distances, crowd congestion",Mughlai Cuisine,0.010416666666666666,https://upload.wikimedia.org/wikipedia/commons/d/d6/Delhi%2C_India%2C_Red_Fort_Facade.jpg,0.0,-0.12336160370084816,-0.45454545454545453,0.12391304347826088,1,0,0,1,0,0,0.3333333333333333,0.0,1,0,0.39359789227822656,0.00011058453756062935,0.4737254790478611,0.38503011499866086,0.17648153139174558,0.625,0.4767405918698444,0.4634603372891943,0.33695652173913043,0,0,0.75,0.7071067811865476,0.6666666666666666,0.3333333333333333,1.0,-0.25,1.0,0.07912316422144519,0.0,-0.7769784172661871,0.3902439024390244,-0.75,0.5,-0.6343283582089553,-0.5,-0.42857142857142855,1.3424276799622294,-0.963710722590775,1,0,0,0.75,0.09175170953613696,1.0,0.5,0.0,-0.25,1.0,-0.9013657056145674,0.5887448094094637,-1.0,0.5,0.24806201550387597,0.2688606431081954,0.0,1,0,0,0,0.65625,-1.5299883612963223,1,0.6666666666666665,-1.047619047619047,0,1,-0.8275862068965516,-0.41632116793628804,-0.2537764350453172,0.5,0.0,0,0,0,Medium,Economy,Weekend,VeryHigh,Good,3,1,0,3,2,4,0,3,3,7,2,29,1,1,1,1,2,0,3.5
249,345,987,0.5,Valley of Flowers,Uttarakhand,Nature,0.8364378633211693,Apr-Jun,754,0.5,"City, Historical",0.0,0.5,0.07575757575757576,-1.0,46-60,Knee Pain,Adventure,"Trekking, Adventure Sports",Summer,"High altitude, physical exertion",North Indian Cuisine,0.5208333333333334,https://encrypted-tbn0.gstatic.com/images?q=tbn:ANd9GcSKohlQ-J1CgxwCnc1mL62LM__eo7IDPvD9Hm4v1DnS8PQfNYx8O_lBtpoE&s=10,2.0,1.310717039321511,-0.9696969696969697,0.3521739130434783,1,0,0,1,1,0,0.6666666666666666,-0.5,1,0,0.5353501864402171,0.5851473235950595,1.0579097739300887,-0.3766475105080962,-0.6015038966281594,1.8749999999999998,1.666392671186094,2.1424109931292943,-0.16304347826086957,0,0,0.5,0.0,0.6666666666666666,0.0,0.0,0.5,0.0,0.8364378633211693,0.0,0.10551558752997602,0.0,-1.0,0.0,0.8283582089552238,0.5,0.8571428571428571,0.0,0.0,0,1,1,0.5,-0.408248290463863,1.0,0.0,-0.5,0.5,0.0,0.09104704097116843,-0.3826841261161515,-1.0,-0.5,0.8992248062015504,1.316698318014441,-0.5849625007211561,1,0,1,0,-0.375,0.3934525244337349,1,-0.3333333333333335,0.28571428571428603,0,0,0.0,0.0,0.0,0.5,0.0,0,0,0,Far,Moderate,Weekend,VeryHigh,Good,4,0,1,3,2,0,4,2,2,10,17,37,0,3,1,1,2,1,4.0
551,210,188,-0.5,Auli,Uttarakhand,Adventure,-0.2275491821485294,Apr-Jun,387,0.5,"Nature, Adventure",-1.0,-0.5,-1.0454545454545454,-1.0,36-45,Knee Pain,Adventure,"Trekking, Adventure Sports",Summer,"High altitude, physical exertion",North Indian Cuisine,0.3125,https://encrypted-tbn0.gstatic.com/images?q=tbn:ANd9GcQF-TkMBCYdtCTzI4rau2709Tbi2zVPKRaXu7qTOHjiZS7J37ZNbGLQxYMv&s=10,-1.0,-0.4009252120277564,-0.45454545454545453,0.9065217391304349,0,1,0,0,0,0,0.0,0.5,0,0,-0.4579848923969256,0.37452887892818404,0.008925780826931757,0.5668756632871851,0.5691313474897921,1.1249999999999998,1.3231929539059848,1.7926296064959402,2.5,0,0,-0.5,0.0,0.0,-0.6666666666666666,1.0,-0.25,2.9999999999999996,-0.2275491821485294,0.0,-0.8249400479616307,1.2439024390243902,-0.5,1.0,1.126865671641791,0.0,-0.8571428571428571,-0.3557464279532948,0.0,1,0,0,-0.6666666666666666,0.0,-0.5,-1.0,0.5,0.5,0.0,-1.1229135053110773,0.21964142674948378,0.0,0.914213562373095,0.37467700258397946,-0.7305612044174292,0.415037499278844,0,1,0,0,0.08333333333333348,-0.701418133226062,1,1.6666666666666665,-1.314285714285714,1,0,0.5517241379310343,0.9953406844606423,0.5015105740181266,-0.75,1.0,1,0,0,Far,Budget,Weekend,High,Poor,0,0,2,2,2,0,4,2,2,10,17,2,0,0,1,0,3,0,3.0
528,322,925,0.0,Tarkarli Beach,Maharashtra,Beach,-0.6392930691500482,Nov-Mar,198,0.0,"Beaches, Historical",0.0,0.5,0.015151515151515152,1.0,18-25,Knee Pain,Honeymoon,"Relaxation, Nightlife, Water Sports",Winter,"Crowds, sun exposure",Seafood,-0.9166666666666666,https://encrypted-tbn0.gstatic.com/images?q=tbn:ANd9GcRmtn0Vsfvni1NmF01OGM9ahIFZcrRqMoNKSjV1xzIEbR5CCG-tr4PumVg&s=10,2.0,-0.41634541249036233,-1.0303030303030303,-0.8652173913043478,1,0,0,1,1,0,0.0,-0.5,0,0,-0.11869648864137418,-0.10654840417409878,0.0679797618243855,0.5969264106738478,0.506463536590892,-0.37499999999999994,-0.5458761443135751,-0.8773683114719967,-0.9130434782608695,0,0,0.5,1.4142135623730951,0.3333333333333333,0.3333333333333333,1.0,0.25,1.0,-0.6392930691500482,0.0,-0.5371702637889688,1.4390243902439026,0.0,2.0,0.2462686567164179,0.0,0.42857142857142855,1.0027928583791246,-1.0273550292155575,1,0,1,-0.5,0.591751709536137,-0.5,-0.5,0.0,0.0,0.0,0.5827010622154779,1.4424247830531862,0.5,0.5,-0.09302325581395349,-0.7612118019180095,0.0,0,1,1,1,1.5625,-1.070538179189472,1,0.6666666666666665,-0.3809523809523805,1,0,1.6551724137931032,-0.7121862254653464,-2.682779456193354,0.0,0.0,0,0,0,Near,Moderate,Week,High,Fair,1,2,0,0,2,3,2,3,0,14,10,35,2,3,0,0,1,0,3.0
543,623,805,0.0,Ahmedabad,Gujarat,City,-0.707832069896625,Oct-Mar,428,0.0,"Beaches, Historical",-1.0,0.5,0.3484848484848485,-1.0,18-25,High Blood Pressure,Business,"Shopping, Food & Local Cuisine",All seasons,"Traffic congestion, pollution",Gujarati Cuisine,-0.9166666666666666,https://encrypted-tbn0.gstatic.com/images?q=tbn:ANd9GcTjjS0tleUkYu3JCgQn5BM0ooo_ueYok5FwDld1RJJHOQ&s=10,1.0,1.7270624518118731,-0.05050505050505065,1.3413043478260869,1,0,0,1,0,0,0.0,-0.5,0,0,-0.1283182092486862,-0.1167239822963115,0.060359198191167716,-0.6688474944007408,-0.8123515803929623,1.1249999999999998,1.1682728804037223,-0.2710805746408495,-0.8188405797101449,0,0,0.0,0.0,0.3333333333333333,-0.3333333333333333,0.0,0.0,0.0,-0.707832069896625,0.0,0.45083932853717024,0.0,-1.0,0.0,-1.2313432835820894,-0.5,0.8571428571428571,-0.42857142857142866,0.0,0,1,1,0.0,1.005965271909232,-0.5,0.5,0.5,0.0,0.0,0.20030349013657053,0.11688241043002452,-0.33333333333333326,0.5801234497346434,0.08268733850129187,0.28823965090249365,0.415037499278844,0,0,1,0,0.375,-0.2758451274236133,1,1.0,-0.9450549450549448,0,0,0.0,-3.8940902100478034,-3.093655589123867,-0.5,1.0,1,0,0,Near,Moderate,Weekend,High,Fair,2,3,0,0,1,1,3,0,4,2,4,0,2,3,1,0,1,0,3.0
621,383,712,-0.5,Bangalore,Karnataka,City,0.21259582358354864,Oct-Mar,476,-0.5,"Beaches, Historical",0.0,-0.5,-0.015151515151515152,0.5,18-25,High Blood Pressure,Business,"Shopping, Food & Local Cuisine",All seasons,"Traffic congestion, pollution",Multi Cuisine,-0.4375,https://media.istockphoto.com/id/1382384282/photo/bangalore-or-bengaluru.jpg,0.0,-0.2713955281418659,0.5151515151515151,-0.08478260869565218,0,0,1,0,0,0,-0.6666666666666666,-0.5,0,0,-0.4167922650779035,-0.42180354250418106,-0.38866027065401754,-0.1692797800036388,0.4195758770753997,-0.5249999999999999,-0.26233631707707256,-0.4949406620861962,-0.13043478260869565,0,0,-0.5,0.0,0.0,-0.6666666666666666,0.0,-0.5,0.0,0.21259582358354864,0.0,-0.009592326139088728,0.0,0.5,0.0,-0.5447761194029851,0.5,-0.8571428571428571,-0.8571428571428572,0.0,0,0,0,-0.5,-0.408248290463863,0.0,-1.0,-0.5,-0.5,0.0,-0.018209408194233685,-0.3826841261161515,0.5,-0.5,-0.5271317829457365,0.3287271993437467,-0.5849625007211561,0,1,0,1,-0.375,0.3934525244337349,1,-0.3333333333333335,0.28571428571428603,0,0,0.0,0.0,0.0,-0.5,0.0,0,0,0,Medium,Moderate,Week,VeryHigh,Poor,2,3,0,0,1,1,3,0,4,8,6,4,1,3,0,1,3,0,2.0
33,515,332,1.0,Tawang,Arunachal Pradesh,Nature,1.006440326423217,Apr-Jun,583,-1.0,"Nature, Adventure",0.0,0.0,0.3484848484848485,-1.0,46-60,Knee Pain,Adventure,"Trekking, Adventure Sports",Summer,"High altitude, physical exertion",North East Cuisine,1.6666666666666667,https://s7ap1.scene7.com/is/image/incredibleindia/sela-pass-tawang-arunachal-pradesh-blog-ntr-hero,1.0,1.7270624518118731,-0.05050505050505065,1.3413043478260869,1,0,0,1,0,0,0.0,1.5,1,1,1.0220049105455167,-0.8242477701972736,-0.22935298777717203,-0.6688474944007408,-0.6939263408188439,1.1249999999999998,1.7212286746148655,4.066208619612743,0.9782608695652174,0,1,1.0,0.0,1.0,0.3333333333333333,0.0,-1.0,0.0,1.006440326423217,0.0,0.45083932853717024,0.0,-1.0,0.0,2.470149253731343,0.5,0.0,0.42857142857142866,0.0,0,1,1,1.0,-0.408248290463863,1.5,0.5,-0.5,-1.0,0.0,0.4188163884673748,-0.3826841261161515,-1.0,-0.5,2.604651162790698,1.5859291696549362,-0.5849625007211561,1,0,1,0,-0.375,0.3934525244337349,1,-0.3333333333333335,0.28571428571428603,0,0,0.0,0.0,0.0,1.0,0.0,0,0,0,Far,Moderate,Weekend,VeryHigh,Excellent,4,0,2,3,2,0,4,2,2,9,1,36,0,3,1,1,0,0,3.0
715,334,168,0.0,Tawang,Arunachal Pradesh,Nature,0.21639941782327615,Sep-Mar,932,0.0,"City, Historical",-1.0,0.5,1.1515151515151516,1.0,36-45,Asthma,Family Vacation,"Nature & Relaxation, Photography",Post-Monsoon,"Curvy roads, limited medical facilities",North East Cuisine,1.6666666666666667,https://s7ap1.scene7.com/is/image/incredibleindia/sela-pass-tawang-arunachal-pradesh-blog-ntr-hero,1.0,0.16191210485736313,1.0202020202020203,-0.1297101449275361,1,0,0,1,0,0,0.0,-0.5,0,0,0.0014283154227506597,0.02049117409437424,0.16312061559255736,-0.10373868383383632,-0.09965279952680495,-0.37499999999999994,-0.4538720731304477,0.5683947532792005,0.9782608695652174,0,1,-0.5,1.4142135623730951,-0.3333333333333333,-0.3333333333333333,1.0,0.0,0.0,0.21639941782327615,0.0,1.4772182254196642,0.024390243902439025,0.75,0.5,1.2014925373134329,0.0,0.42857142857142855,-0.3557464279532948,-1.0273550292155575,1,1,1,0.0,-0.408248290463863,0.5,-0.5,-0.5,0.0,0.0,1.38391502276176,-0.3826841261161515,1.0,-0.5,2.604651162790698,0.3347509056934719,-0.5849625007211561,0,0,1,1,-0.375,0.3934525244337349,1,-0.3333333333333335,0.28571428571428603,0,0,0.0,0.0,0.0,0.0,0.0,0,0,0,Far,Premium,Week,VeryHigh,Fair,4,4,1,2,0,2,1,1,1,9,1,36,0,4,0,1,1,0,3.0
356,701,233,-1.0,Konark Sun Temple,Odisha,Historical,0.3223630319470184,Nov-Feb,120,0.5,"Nature, Adventure",-1.0,0.0,-0.3787878787878788,0.0,36-45,Knee Pain,Leisure,"Cultural Exploration, Photography",Winter,"Long walking distances, crowd congestion",Odia Cuisine,0.3125,https://cdn.britannica.com/19/251919-050-D3E64798/konark-sun-temple-orissa-india-unesco-heritage-site.jpg,0.0,-0.3084040092521203,-0.21212121212121213,-0.13695652173913045,1,0,0,1,0,0,-0.3333333333333333,1.0,0,0,-0.8293423963391837,0.48338514341869054,-0.3832360240397598,0.13705891278703697,0.5072325857952704,-0.18749999999999997,0.0432840190298867,0.30605871330418494,0.6521739130434783,0,0,-0.25,2.1213203435596424,-0.3333333333333333,0.0,1.0,0.5,0.0,0.3223630319470184,0.0,-0.12470023980815348,0.8780487804878049,-0.5,1.0,-0.48507462686567165,0.0,-0.42857142857142855,-0.01611160637019009,-1.0504799024963116,1,0,0,-1.0,-0.408248290463863,-0.5,-1.5,0.0,0.75,1.0,-0.4916540212443095,-0.2649351642342587,0.0,-0.5,0.4186046511627907,0.9238569923487248,0.0,0,1,0,0,-0.25,0.22755962807476113,1,-0.3333333333333335,0.28571428571428603,0,0,0.0,-1.1576148659227952,0.3987915407854985,-1.0,0.0,0,0,0,Far,Economy,Week,VeryHigh,Poor,3,1,2,2,2,4,0,3,3,11,11,20,0,1,0,1,3,0,2.5
397,824,801,0.0,Coorg,Karnataka,Nature,0.7242397659169381,Sep-Mar,209,1.0,"City, Historical",0.0,-0.5,0.13636363636363635,-0.5,36-45,Asthma,Family Vacation,"Nature & Relaxation, Photography",Post-Monsoon,"Curvy roads, limited medical facilities",Coorgi Cuisine,-0.3854166666666667,https://images.unsplash.com/photo-1710612198146-77512950a4b7,0.0,0.5242868157286044,0.8181818181818182,1.0369565217391306,0,0,1,0,0,0,0.6666666666666666,0.5,0,0,0.07272054158963746,1.029987741998779,0.9191398550731347,-0.024122368650518478,-0.28964042806482204,0.8749999999999998,0.6154664884913011,0.02040391422027893,-0.07608695652173914,0,0,0.0,0.0,0.3333333333333333,-0.3333333333333333,0.0,1.0,0.0,0.7242397659169381,0.0,0.18225419664268586,0.0,-0.5,0.0,-0.4701492537313433,0.5,-0.8571428571428571,-0.42857142857142866,0.0,0,1,0,0.0,-0.408248290463863,0.5,-0.5,-0.5,1.0,0.0,0.16388467374810317,-0.3826841261161515,-0.5,-0.5,-0.4496124031007752,1.1390115435678145,-0.5849625007211561,0,0,1,0,-0.375,0.3934525244337349,1,-0.3333333333333335,0.28571428571428603,0,0,0.0,0.0,0.0,0.0,0.0,0,0,0,Medium,Moderate,Weekend,VeryHigh,Fair,4,4,1,2,0,2,1,1,1,1,6,8,1,3,1,1,1,0,4.0
311,409,546,1.0,Coorg,Karnataka,Nature,-0.8244850153145468,Sep-Mar,586,0.0,"City, Historical",-1.0,-0.5,-0.9696969696969697,-0.5,26-35,Asthma,Family Vacation,"Nature & Relaxation, Photography",Post-Monsoon,"Curvy roads, limited medical facilities",Coorgi Cuisine,-0.3854166666666667,https://images.unsplash.com/photo-1710612198146-77512950a4b7,-1.0,-0.6013878180416345,-0.15151515151515152,0.34130434782608693,0,1,0,0,0,0,0.6666666666666666,0.5,1,1,0.5936198086532875,-0.13404275184877804,0.6321461819537361,1.8117438582197953,0.9304883968698084,0.8749999999999998,0.28242865729684125,0.02040391422027893,1.0434782608695652,0,0,0.75,0.7071067811865476,0.6666666666666666,0.3333333333333333,1.0,-0.25,1.0,-0.8244850153145468,0.0,-0.60431654676259,1.5609756097560976,-0.25,0.5,1.0,0.0,-0.8571428571428571,1.3424276799622294,-0.963710722590775,1,0,0,1.0,-0.408248290463863,1.5,0.5,-0.5,0.0,0.0,-1.1654021244309558,-0.3826841261161515,-0.5,-0.5,-0.4496124031007752,-1.3136852244631327,-0.5849625007211561,1,0,0,0,-0.375,0.3934525244337349,1,-0.3333333333333335,0.28571428571428603,0,0,0.0,0.0,0.0,1.0,0.0,0,0,0,Medium,Budget,Weekend,High,Excellent,4,4,1,1,0,2,1,1,1,1,6,8,1,0,1,0,0,0,4.0
652,424,429,-0.5,Kerala Backwaters,Kerala,Nature,-0.4952115892279659,Sep-Mar,752,1.0,"City, Historical",-1.0,-0.5,-0.7727272727272727,0.5,36-45,Asthma,Family Vacation,"Nature & Relaxation, Photography",Post-Monsoon,"Curvy roads, limited medical facilities",Kerala Cuisine,0.0,https://www.backpackadventures.org/wp-content/uploads/2020/08/india0898.jpg,-1.0,-0.7340015420200463,0.6363636363636364,-0.03260869565217392,0,1,0,0,0,0,0.3333333333333333,1.0,0,0,-0.48303508639787057,0.7282465825773418,0.18552693550530064,2.025902054633391,1.5619583221466367,-0.07500000000000005,-0.35366047558069047,-0.20112429731417866,1.8478260869565217,0,0,-0.5,0.0,0.0,-0.6666666666666666,0.0,1.0,0.0,-0.4952115892279659,0.0,-0.9688249400479616,0.0,0.5,0.0,0.08208955223880597,-0.5,-0.8571428571428571,-0.8571428571428572,0.0,0,0,0,-0.5,-0.408248290463863,0.0,-1.0,-0.5,1.0,0.0,-0.928679817905918,-0.3826841261161515,0.5,-0.5,0.12403100775193798,-0.7922188685629863,-0.5849625007211561,0,1,0,1,-0.375,0.3934525244337349,1,-0.3333333333333335,0.28571428571428603,0,0,0.0,0.0,0.0,-0.5,0.0,0,0,0,Medium,Economy,Week,High,Poor,4,4,1,2,0,2,1,1,1,5,7,16,1,1,0,0,3,0,3.5
229,34,475,0.5,Coorg,Karnataka,Nature,-0.3009049678447322,Sep-Mar,821,0.5,"Beaches, Historical",-1.0,0.0,-0.015151515151515152,1.0,36-45,Asthma,Family Vacation,"Nature & Relaxation, Photography",Post-Monsoon,"Curvy roads, limited medical facilities",Coorgi Cuisine,-0.3854166666666667,https://images.unsplash.com/photo-1710612198146-77512950a4b7,0.0,-0.4317656129529685,0.5151515151515151,-0.3108695652173914,1,0,0,1,0,0,0.6666666666666666,-0.5,1,0,0.32246516551283344,0.3600079488506656,0.833098444820802,1.239390665147331,0.6185394467137262,-0.12500000000000003,-0.5094926497358225,-0.5800541328336457,-0.07608695652173914,0,0,0.5,0.0,0.6666666666666666,0.0,0.0,0.5,0.0,-0.3009049678447322,0.0,-0.009592326139088728,0.0,1.0,0.0,-0.4701492537313433,-0.5,0.0,0.0,0.0,0,0,1,0.33333333333333326,-7.850462293418875e-17,0.5,0.0,0.5,0.8333333333333335,0.8164965809277259,-0.20637329286798167,0.43557938304316657,0.3333333333333335,0.5801234497346434,0.8113695090439276,-0.45301580805859015,0.415037499278844,1,0,0,1,0.27083333333333304,-0.32030324725009535,1,0.9999999999999996,-0.655462184873949,1,0,0.5517241379310347,-0.08650525140560138,-2.9486404833836857,0.25,1.0,1,0,0,Medium,Moderate,Week,High,Good,4,4,0,2,0,2,1,1,1,1,6,8,1,3,0,0,2,1,4.0
810,814,272,-0.5,Spiti Valley,Himachal Pradesh,Nature,-0.9332729236456745,Sep-Mar,9,-0.5,"Nature, Adventure",0.0,-0.5,-0.2878787878787879,-0.5,18-25,Asthma,Family Vacation,"Nature & Relaxation, Photography",Post-Monsoon,"Curvy roads, limited medical facilities",Himachali Cuisine,0.625,https://storage.googleapis.com/stateless-www-justwravel-com/2021/05/1550217293_shutterstock_1129297934.jpg.jpg,0.0,0.09252120277563608,-0.030303030303030304,0.42826086956521753,0,0,1,0,0,0,-0.6666666666666666,-0.5,0,0,-0.5240327054928067,-0.5352170912693635,-0.44528441884188674,-0.4352514343463124,-0.20867070219935338,-0.12500000000000003,0.2590349016794157,1.1513637310014575,0.9782608695652174,0,0,-0.5,0.0,0.0,-0.6666666666666666,0.0,-0.5,0.0,-0.9332729236456745,0.0,-0.354916067146283,0.0,-0.5,0.0,0.9776119402985075,0.5,-0.8571428571428571,-0.8571428571428572,0.0,0,0,0,-0.5,-0.408248290463863,0.0,-1.0,-0.5,-0.5,0.0,-0.34597875569044,-0.3826841261161515,-0.5,-0.5,1.054263565891473,-1.4859713235803924,-0.5849625007211561,0,1,0,0,-0.375,0.3934525244337349,1,-0.3333333333333335,0.28571428571428603,0,0,0.0,0.0,0.0,-0.5,0.0,0,0,0,Far,Economy,Weekend,High,Poor,4,4,2,0,0,2,1,1,1,3,5,33,0,1,1,0,3,0,2.0
963,451,970,1.0,Fatehpur Sikri,Uttar Pradesh,Historical,-0.5644466861822672,Nov-Feb,270,1.0,"Beaches, Historical",-1.0,-0.5,-1.0151515151515151,1.0,46-60,Knee Pain,Leisure,"Cultural Exploration, Photography",Winter,"Long walking distances, crowd congestion",Mughlai Cuisine,0.052083333333333336,https://images.unsplash.com/photo-1717761558642-32cbeccbee7e,-1.0,-0.9406322282189669,-0.3333333333333333,-0.6152173913043479,0,1,0,0,0,0,1.3333333333333333,-0.5,1,1,0.6544614735654614,0.7111150435950718,1.6870541001961545,5.885857950726519,3.0931375057181625,0.12500000000000003,-0.5378286599062684,-0.3352071621902978,1.9565217391304348,0,0,1.0,0.0,1.0,0.3333333333333333,1.0,1.0,0.0,-0.5644466861822672,0.0,-0.24940047961630696,2.6097560975609757,0.5,1.0,0.15671641791044777,0.0,-0.42857142857142855,1.682062501545334,0.0,1,0,0,0.33333333333333326,0.6718751592707803,0.0,0.5,0.5,1.0,0.0,-1.1471927162367221,0.2177201282249127,1.1666666666666665,-0.09175170953613704,-0.7260981912144704,-0.3729198112020679,0.415037499278844,1,0,0,1,-0.125,-0.22270754898146844,1,-4.440892098500626e-16,0.10389610389610437,1,0,2.206896551724138,-1.4534204988635642,2.169184290030212,1.0,0.0,0,0,0,Medium,Budget,Week,High,Excellent,3,1,0,3,2,4,0,3,3,7,16,11,1,0,0,0,0,1,5.0
787,696,898,1.0,Red Fort,Delhi,Historical,0.1316147533299616,Nov-Feb,21,-0.5,"Beaches, Historical",0.0,-0.5,0.030303030303030304,-0.5,18-25,Knee Pain,Leisure,"Cultural Exploration, Photography",Winter,"Long walking distances, crowd congestion",Mughlai Cuisine,0.010416666666666666,https://upload.wikimedia.org/wikipedia/commons/d/d6/Delhi%2C_India%2C_Red_Fort_Facade.jpg,0.0,0.41634541249036217,0.6060606060606061,0.8847826086956521,0,0,1,0,0,0,0.3333333333333333,1.0,1,1,0.8173202990409383,-0.42981872799769427,0.26296492261090393,-0.10780350591603403,-0.29473596837698735,0.625,0.48802838503006646,0.4634603372891943,0.33695652173913043,0,0,1.0,0.0,1.0,0.3333333333333333,1.0,-0.5,0.0,0.1316147533299616,0.0,-0.047961630695443645,0.24390243902439024,0.25,1.4999999999999998,-0.6343283582089553,0.0,-0.42857142857142855,1.682062501545334,0.0,1,0,0,1.0,-0.408248290463863,1.5,0.5,0.5,-0.16666666666666674,0.8164965809277259,-0.018209408194233685,0.23057209187771904,0.8333333333333335,1.1329931618554523,0.7751937984496124,0.15486776767596674,0.415037499278844,1,0,0,1,-0.1875,0.20682181970989266,1,2.3333333333333335,-1.314285714285714,0,0,0.0,0.12532758832200294,-1.486404833836858,1.0,0.0,0,0,0,Medium,Moderate,Weekend,VeryHigh,Excellent,3,1,0,0,2,4,0,3,3,7,2,29,1,3,1,1,0,0,3.5
937,514,826,0.5,Tawang,Arunachal Pradesh,Nature,-0.5319957140087319,Sep-Mar,413,0.5,"Beaches, Historical",0.0,-0.5,-0.42424242424242425,-0.5,46-60,Asthma,Family Vacation,"Nature & Relaxation, Photography",Post-Monsoon,"Curvy roads, limited medical facilities",North East Cuisine,1.6666666666666667,https://s7ap1.scene7.com/is/image/incredibleindia/sela-pass-tawang-arunachal-pradesh-blog-ntr-hero,0.0,-0.04626060138781804,-0.30303030303030304,0.232608695652174,0,0,1,0,0,0,0.6666666666666666,-0.5,1,0,0.2792101706377906,0.3142630558642261,0.7874202057126086,0.5027915393421328,-0.017113484834053488,0.8749999999999998,0.3453255668930155,2.3173016864459717,2.0652173913043477,0,1,-0.25,2.1213203435596424,-0.3333333333333333,0.0,1.0,0.0,2.0,-0.5319957140087319,0.0,0.47961630695443647,2.5609756097560976,0.25,1.4999999999999998,1.1119402985074627,0.5,-0.42857142857142855,-0.01611160637019009,-1.0504799024963116,1,1,0,0.5,-0.408248290463863,1.0,0.0,-0.5,0.5,0.0,-0.5098634294385432,-0.3826841261161515,-0.5,-0.5,2.604651162790698,-0.8504734435901208,-0.5849625007211561,1,0,0,0,-0.375,0.3934525244337349,1,-0.3333333333333335,0.28571428571428603,0,0,0.0,0.0,0.0,0.5,0.0,0,0,0,Far,Economy,Weekend,High,Good,4,4,0,3,0,2,1,1,1,9,1,36,0,1,1,0,2,1,4.0
843,977,970,0.5,Calangute Beach,Goa,Beach,0.0,Nov-Mar,270,1.0,"Beaches, Historical",-1.0,-0.5,-1.1363636363636365,1.0,26-35,Knee Pain,Honeymoon,"Relaxation, Nightlife, Water Sports",Winter,"Crowds, sun exposure",Seafood,-0.8489583333333334,https://encrypted-tbn0.gstatic.com/images?q=tbn:ANd9GcQawETYRiYBsH6-h7nyRef7D05VLNnIS00HBpFyaZdOJDehCXzhEkUfAY5Vf_tWlUzd5qaIpJnkr2vAOF1xcvRS_dDd2Lq-Y2B30QDq-g&s=10,-1.0,-1.002313030069391,-0.8181818181818182,-0.7891304347826088,0,1,0,0,0,0,1.0,0.0,1,0,0.3787878139011939,0.8507817853651751,1.3231571855637425,6.3924276923874075,4.310030089759615,0.0,-0.4771393423241069,-0.8394753279200501,0.07608695652173914,0,0,0.16666666666666674,0.5773502691896257,0.3333333333333333,0.0,2.0,0.6666666666666665,1.632993161855452,0.0,0.0,-1.2885691446842524,0.32601524643517765,0.0,1.414213562373095,-0.6517412935323382,-0.16666666666666674,-0.8571428571428571,1.142857142857143,-0.9376024857396118,1,0,0,0.33333333333333326,0.6718751592707803,0.0,0.5,0.5,1.0,0.0,-1.1471927162367221,0.2177201282249127,1.1666666666666665,-0.09175170953613704,-0.7260981912144704,-0.3729198112020679,0.415037499278844,1,0,0,1,0.375,-1.455027695811875,1,-4.440892098500626e-16,0.10389610389610437,1,0,0.5517241379310347,1.002829736528234,-0.9667673716012084,0.5,0.0,0,0,0,Near,Budget,Week,High,Good,1,2,0,1,2,3,2,3,0,14,3,6,2,0,0,0,2,1,4.5
375,907,340,0.0,Radhanagar Beach,Andaman,Beach,-0.44125521631049724,Nov-Mar,645,0.0,"Beaches, Historical",-1.0,-0.5,-1.2575757575757576,-1.0,36-45,Knee Pain,Honeymoon,"Relaxation, Nightlife, Water Sports",Winter,"Crowds, sun exposure",Seafood,1.1458333333333333,https://dynamic-media-cdn.tripadvisor.com/media/photo-o/05/76/7a/1d/radhanagar-beach.jpg,-1.0,-0.7247494217424827,-1.303030303030303,-0.006521739130434783,0,1,0,0,0,0,0.0,-0.5,0,0,-0.0908953116627421,-0.07714690107697629,0.08999875893421724,1.5215647918019373,1.535845940126029,1.1249999999999998,1.2542599243002879,3.191755153029357,4.239130434782608,0,1,0.0,0.0,0.3333333333333333,-0.3333333333333333,0.0,0.0,0.0,-0.44125521631049724,0.0,-1.5827338129496402,0.0,-1.0,0.0,1.7238805970149254,-0.5,-0.8571428571428571,-0.42857142857142866,0.0,0,0,0,0.6666666666666665,0.408248290463863,0.5,0.5,0.5,-0.33333333333333326,0.816496580927726,-1.2807283763277695,0.1191898893905151,-0.5,0.7247448713915889,1.6227390180878551,-0.926800020325234,0.415037499278844,1,0,0,0,0.4166666666666665,-1.9704454846624795,0,0.6666666666666665,-0.714285714285714,0,1,-2.206896551724137,0.6045947279920076,0.4833836858006048,0.0,0.0,0,0,0,Far,Budget,Weekend,High,Fair,1,2,0,2,2,3,2,3,0,14,0,28,0,0,1,0,1,0,3.0
132,210,54,-0.5,Leh Ladakh,Ladakh,Adventure,-0.2275491821485294,Apr-Jun,678,-1.0,"City, Historical",0.0,-0.5,-0.2727272727272727,0.0,36-45,Knee Pain,Adventure,"Trekking, Adventure Sports",Summer,"High altitude, physical exertion",Tibetan Cuisine,1.1458333333333333,https://encrypted-tbn0.gstatic.com/images?q=tbn:ANd9GcR6syC-08_34gV3HDUrcoT836XfFU1TJFrrucb9MfdLPiXz7ULyfUkGJEq2&s=10,0.0,-0.22744795682343874,0.0,-0.022826086956521743,0,0,1,0,0,0,-1.0,0.0,0,0,-0.4579848923969256,-0.8853154664951852,-0.6200785461305399,-0.4595946027098791,0.263680313129343,-0.5624999999999999,-0.04540583730344669,1.0056214865708932,1.5217391304347827,0,1,-0.5,0.0,0.0,-0.6666666666666666,1.0,-0.25,2.9999999999999996,-0.2275491821485294,0.0,-0.8249400479616307,1.2439024390243902,-0.5,1.0,1.126865671641791,0.0,-0.8571428571428571,-0.3557464279532948,0.0,1,0,0,-0.5,-0.408248290463863,0.0,-1.0,-0.5,-1.0,0.0,-0.32776934749620634,-0.3826841261161515,0.0,-0.5,1.8294573643410852,-0.3683251408180871,-0.5849625007211561,0,1,0,0,-0.375,0.3934525244337349,1,-0.3333333333333335,0.28571428571428603,0,0,0.0,0.0,0.0,-0.5,0.0,0,0,0,Far,Economy,Week,High,Poor,0,0,1,2,2,0,4,2,2,17,8,22,0,1,0,0,3,0,1.5
659,170,297,0.5,Ooty,Tamil Nadu,Nature,-0.6669608149005253,Apr-Jun,659,-1.0,"City, Historical",-1.0,0.0,-0.13636363636363635,0.5,36-45,Knee Pain,Adventure,"Trekking, Adventure Sports",Summer,"High altitude, physical exertion",South Indian Cuisine,-0.22916666666666666,https://t3.ftcdn.net/jpg/05/09/58/00/360_F_509580096_YjyHXMHyTm9OOkjUQS4kOxDXkxbOMWYi.jpg,0.0,-0.34541249036237476,0.2727272727272727,-0.18913043478260871,1,0,0,1,0,0,-0.3333333333333333,1.0,1,0,0.2539477365321811,-0.9070610777441224,-0.4321243633414005,0.18774485034601676,0.3651273664043497,-0.37499999999999994,-0.3758202512828012,-0.3550281074328545,0.08695652173913043,0,0,0.5,0.0,0.6666666666666666,0.0,0.0,-1.0,0.0,-0.6669608149005253,0.0,-0.1630695443645084,0.0,0.5,0.0,-0.2462686567164179,-0.5,0.0,0.0,0.0,0,0,1,-0.25,1.0917517095361369,-0.5,0.0,0.0,-0.75,1.0,0.009104704097116842,0.17662344282283912,0.25,0.0,-0.7984496124031008,-0.24907857818237752,0.0,0,1,1,1,0.21875,-0.18914206224249125,1,0.16666666666666652,-0.07792207792207773,1,0,2.482758620689655,-2.2398086985369536,1.3595166163141994,0.5,0.0,0,0,0,Medium,Economy,Week,High,Good,4,0,1,2,2,0,4,2,2,15,14,27,1,1,0,0,2,0,2.5
686,290,678,-0.5,Kodaikanal,Tamil Nadu,Nature,-0.5796135727259253,Apr-Jun,706,0.0,"City, Historical",0.0,0.5,0.07575757575757576,0.0,46-60,Knee Pain,Adventure,"Trekking, Adventure Sports",Summer,"High altitude, physical exertion",South Indian Cuisine,-0.10416666666666667,https://encrypted-tbn0.gstatic.com/images?q=tbn:ANd9GcRR1MrvitA-PthZ_UMPeUYOYvzHFu6Olty-pnoL9EqaCl31ZwvMHSvu9OQ&s=10,2.0,0.038550501156514975,-0.9696969696969697,-0.5445652173913044,1,0,0,1,1,0,-0.3333333333333333,0.0,0,0,-0.490934163760875,-0.09768814400772444,-0.2268387021178615,-0.20442685297049598,-0.10826443099079598,-0.18749999999999997,-0.1021867914630983,-0.04372267332916927,-0.4891304347826087,0,0,-0.5,0.0,0.0,-0.6666666666666666,0.0,0.0,0.0,-0.5796135727259253,0.0,0.10551558752997602,0.0,0.0,0.0,-0.06716417910447761,0.5,0.8571428571428571,-0.8571428571428572,0.0,0,1,1,0.0,0.591751709536137,0.0,0.0,0.0,0.0,0.0,0.7738998482549316,1.8251089091693375,-0.25,0.0,-0.24031007751937986,-0.7379879561923463,0.0,0,0,1,0,1.96875,-1.2514375916908789,1,0.16666666666666652,-0.1587301587301586,0,1,-1.6551724137931032,-0.516298243550393,0.4894259818731118,0.0,1.0,1,0,0,Medium,Moderate,Week,High,Poor,4,0,1,3,2,0,4,2,2,15,14,18,1,3,0,0,3,0,2.5
196,970,798,-1.0,Valley of Flowers,Uttarakhand,Nature,0.5264437846070833,Apr-Jun,394,0.0,"City, Historical",0.0,0.0,-0.3181818181818182,0.5,36-45,Knee Pain,Adventure,"Trekking, Adventure Sports",Summer,"High altitude, physical exertion",North Indian Cuisine,0.5208333333333334,https://encrypted-tbn0.gstatic.com/images?q=tbn:ANd9GcSKohlQ-J1CgxwCnc1mL62LM__eo7IDPvD9Hm4v1DnS8PQfNYx8O_lBtpoE&s=10,1.0,-0.45643793369313806,-0.9393939393939394,-0.7108695652173913,1,0,0,1,0,0,-0.6666666666666666,0.5,0,0,-0.819792563581989,0.06652161867622378,-0.48730005455522785,0.05132418861812449,0.875471176260223,-0.5249999999999999,-0.22184239115914337,0.14865708931917554,0.18115942028985516,0,0,-1.0,0.0,-0.3333333333333333,-1.0,0.0,0.0,0.0,0.5264437846070833,0.0,-0.3932853717026379,0.0,0.5,0.0,0.8283582089552238,0.5,0.0,-1.2857142857142856,0.0,0,0,1,-0.75,0.29885849072268444,-0.5,-0.5,1.0,0.5,1.1547005383792515,0.36418816388467373,1.374696940956292,0.375,0.38975652100260916,0.44573643410852715,0.04404156085018127,0.7369655941662062,0,1,1,1,2.1875,-1.7286698647020389,0,-0.08333333333333348,0.11180124223602528,0,1,-0.8275862068965516,2.147993134796079,1.0604229607250757,-0.5,1.0,1,0,0,Far,Economy,Week,VeryHigh,Poor,4,0,1,2,2,0,4,2,2,10,17,37,0,1,0,1,3,0,2.0
733,640,188,-1.0,Zanskar Valley,Ladakh,Adventure,-0.5021853134893348,Apr-Jun,387,0.5,"Nature, Adventure",-1.0,-0.5,-0.6818181818181818,0.0,46-60,Knee Pain,Adventure,"Trekking, Adventure Sports",Summer,"High altitude, physical exertion",Tibetan Cuisine,1.0416666666666667,https://www.swantour.com/blogs/wp-content/uploads/2019/05/Zanskar-Valley-tourism.jpg,-1.0,-0.5397070161912105,1.0,0.5152173913043478,0,1,0,0,0,0,-0.3333333333333333,1.0,0,0,-0.8679266268288408,0.3201640865384486,-0.42398183180609256,0.5321110731732026,0.8368602718072397,-0.18749999999999997,-0.08969915977968902,0.9181761399125548,4.021739130434782,0,1,0.33333333333333326,2.3094010767585034,-0.3333333333333333,0.3333333333333333,2.0,0.5,0.0,-0.5021853134893348,0.0,-0.27817745803357313,0.928112077582461,-0.6666666666666667,0.8164965809277259,1.3258706467661694,-0.16666666666666674,0.0,1.4285714285714284,-1.0543455006054911,1,0,1,-0.6666666666666666,0.0,-0.5,-1.0,0.5,0.5,0.0,-1.1229135053110773,0.21964142674948378,0.0,0.914213562373095,0.37467700258397946,-0.7305612044174292,0.415037499278844,0,1,0,0,0.6666666666666665,-2.0948898793385293,0,-0.3333333333333335,0.28571428571428603,0,1,-1.103448275862069,-0.19976786833386762,3.039274924471299,-0.75,1.0,1,0,0,Far,Economy,Week,High,Poor,0,0,2,3,2,0,4,2,2,17,8,39,0,1,0,0,3,0,2.5
289,514,452,-1.0,Ooty,Tamil Nadu,Nature,-0.5319957140087319,Sep-Mar,991,-0.5,"Nature, Adventure",0.0,0.0,1.1666666666666667,1.0,26-35,Asthma,Family Vacation,"Nature & Relaxation, Photography",Post-Monsoon,"Curvy roads, limited medical facilities",South Indian Cuisine,-0.22916666666666666,https://t3.ftcdn.net/jpg/05/09/58/00/360_F_509580096_YjyHXMHyTm9OOkjUQS4kOxDXkxbOMWYi.jpg,1.0,0.16962220508866602,1.0404040404040402,-0.122463768115942,1,0,0,1,0,0,-1.0,0.0,0,0,-0.8693215861068451,-0.49550026288604104,-0.6276007975127422,-0.6577697430991905,-0.2117103651855239,-0.7499999999999999,-0.5343395308099314,-0.4926087861753072,-0.34057971014492755,0,0,-0.25,2.1213203435596424,-0.3333333333333333,0.0,1.0,0.0,2.0,-0.5319957140087319,0.0,0.47961630695443647,2.5609756097560976,0.25,1.4999999999999998,1.1119402985074627,0.5,-0.42857142857142855,-0.01611160637019009,-1.0504799024963116,1,1,0,-0.33333333333333326,0.6718751592707801,-0.5,0.0,0.5,-0.8333333333333334,0.8164965809277259,0.5220030349013655,1.3659639445661962,-0.16666666666666674,0.9719601443879744,-0.7286821705426356,-0.7643713616305085,0.415037499278844,0,1,1,0,2.645833333333334,-1.9460346238382848,0,2.0,-1.7142857142857144,0,1,-2.206896551724138,-0.2365885504044066,1.1963746223564955,-0.75,1.0,1,0,0,Medium,Premium,Week,High,Poor,4,4,2,1,0,2,1,1,1,15,14,27,1,4,0,0,3,0,1.5
587,682,26,-1.0,Calangute Beach,Goa,Beach,0.08029500726106187,Nov-Mar,952,1.0,"Nature, Adventure",0.0,-0.5,-0.7424242424242424,-1.0,18-25,Knee Pain,Honeymoon,"Relaxation, Nightlife, Water Sports",Winter,"Crowds, sun exposure",Seafood,-0.8489583333333334,https://encrypted-tbn0.gstatic.com/images?q=tbn:ANd9GcQawETYRiYBsH6-h7nyRef7D05VLNnIS00HBpFyaZdOJDehCXzhEkUfAY5Vf_tWlUzd5qaIpJnkr2vAOF1xcvRS_dDd2Lq-Y2B30QDq-g&s=10,0.0,0.061680801850423995,-0.9393939393939394,0.38478260869565223,0,0,1,0,0,0,0.0,1.5,0,0,-0.8406698200255611,0.8706499896067673,-0.2865608812668797,-0.024122368650518478,-0.028923491826425583,1.1249999999999998,1.4224911918136238,-0.1574016239850094,-0.5597826086956522,0,0,-0.5,1.4142135623730951,-0.3333333333333333,-0.3333333333333333,1.0,0.0,4.0,0.08029500726106187,0.0,0.1630695443645084,2.780487804878049,-0.5,1.0,-0.33955223880597013,0.5,0.0,-0.3557464279532948,-1.0273550292155575,1,1,1,0.0,1.591751709536137,-0.5,0.5,0.0,1.0,0.0,-0.6737481031866464,0.323809645175205,-1.0,-0.5,-0.5,-0.5129727873037393,0.0,0,0,0,0,0.375,-0.7482766336903806,1,-0.3333333333333335,0.28571428571428603,0,1,-3.3103448275862064,1.7370751581818924,-1.4954682779456194,-1.0,0.0,0,0,0,Near,Economy,Weekend,VeryHigh,Poor,1,2,2,0,2,3,2,3,0,14,3,6,2,1,1,1,3,0,3.0
211,793,399,1.0,Hyderabad,Telangana,City,-0.7360590318173725,Oct-Mar,953,0.0,"City, Historical",-1.0,0.0,-0.030303030303030304,-0.5,46-60,High Blood Pressure,Business,"Shopping, Food & Local Cuisine",All seasons,"Traffic congestion, pollution",Hyderabadi Cuisine,-0.71875,https://t4.ftcdn.net/jpg/03/60/89/09/360_F_360890991_Ykybj5JO5HYBaqWeROz9cR2jWXN8HZxf.jpg,0.0,0.35466461063993837,0.48484848484848486,0.7978260869565219,1,0,0,1,0,0,0.6666666666666666,0.5,1,1,0.6143090050322094,-0.12091467158341256,0.6485323714888902,0.0951616377956234,-0.3643287257993527,0.8749999999999998,0.30144378388487136,-0.3526962315219655,-0.42391304347826086,0,0,1.0,0.0,1.0,0.3333333333333333,0.0,0.0,0.0,-0.7360590318173725,0.0,-0.02877697841726619,0.0,-0.5,0.0,-0.9477611940298507,-0.5,0.0,0.42857142857142866,0.0,0,0,1,0.0,0.591751709536137,0.0,0.5,1.0,-0.25,0.8164965809277259,-0.3414264036418816,0.7565915921952288,-0.625,0.38975652100260916,-0.5852713178294574,-0.5596691892491039,0.7369655941662062,0,0,0,0,0.671875,-0.863008928663164,1,-0.08333333333333348,0.019047619047619424,1,0,3.3103448275862064,-1.6870660335959933,-0.8429003021148037,0.25,1.0,1,0,0,Near,Moderate,Weekend,High,Excellent,2,3,1,3,1,1,3,0,4,4,15,14,2,3,1,0,0,0,4.0
438,137,721,0.0,Tarkarli Beach,Maharashtra,Beach,0.3731510104342796,Nov-Mar,356,0.0,"Beaches, Historical",0.0,0.0,0.18181818181818182,0.0,18-25,Knee Pain,Honeymoon,"Relaxation, Nightlife, Water Sports",Winter,"Crowds, sun exposure",Seafood,-0.9166666666666666,https://encrypted-tbn0.gstatic.com/images?q=tbn:ANd9GcRmtn0Vsfvni1NmF01OGM9ahIFZcrRqMoNKSjV1xzIEbR5CCG-tr4PumVg&s=10,1.0,0.11950655358519655,-0.2727272727272727,-0.16956521739130437,1,0,0,1,0,0,0.0,-0.5,0,0,0.023433597268497874,0.043763151494398134,0.18054916682745492,-0.07140221120553482,-0.0396542348540485,0.0,0.051475105534310076,-0.72579637726421,-0.8188405797101449,0,0,0.0,0.0,0.3333333333333333,-0.3333333333333333,0.0,0.0,0.0,0.3731510104342796,0.0,0.23980815347721823,0.0,0.0,0.0,-1.2313432835820894,0.5,0.0,-0.42857142857142866,0.0,0,1,1,0.0,-0.408248290463863,0.5,-0.5,-0.5,0.0,0.0,0.21851289833080423,-0.3826841261161515,0.0,-0.5,-1.2403100775193798,0.5829965134605286,-0.5849625007211561,0,0,1,0,-0.375,0.3934525244337349,1,-0.3333333333333335,0.28571428571428603,0,0,0.0,0.0,0.0,0.0,0.0,0,0,0,Near,Moderate,Week,VeryHigh,Fair,1,2,0,0,2,3,2,3,0,14,10,35,2,3,0,1,1,0,3.0
738,587,418,-0.5,Calangute Beach,Goa,Beach,-0.7494441394901677,Nov-Mar,373,1.0,"Beaches, Historical",-1.0,0.5,0.16666666666666666,0.5,46-60,Knee Pain,Honeymoon,"Relaxation, Nightlife, Water Sports",Winter,"Crowds, sun exposure",Seafood,-0.8489583333333334,https://encrypted-tbn0.gstatic.com/images?q=tbn:ANd9GcQawETYRiYBsH6-h7nyRef7D05VLNnIS00HBpFyaZdOJDehCXzhEkUfAY5Vf_tWlUzd5qaIpJnkr2vAOF1xcvRS_dDd2Lq-Y2B30QDq-g&s=10,1.0,-0.1603700848111026,-0.2929292929292931,-0.43260869565217397,1,0,0,1,0,0,0.3333333333333333,1.0,0,0,-0.5068283966909111,0.6653392561348939,0.15411910272550686,0.4355427673010288,0.07551815983360582,-0.07500000000000005,-0.38646258148786194,-0.771267957526546,-0.7717391304347826,0,0,-0.5,0.0,0.0,-0.6666666666666666,1.0,0.5,2.0,-0.7494441394901677,0.0,-0.28776978417266186,1.2926829268292683,0.0,1.0,-1.1828358208955223,-0.5,0.42857142857142855,-0.3557464279532948,0.0,1,0,1,-0.375,-0.05469489987058931,0.0,-0.5,1.0,0.625,0.7071067811865475,0.6874051593323216,0.6247263137436568,0.75,0.4128709291752768,0.6802325581395349,-0.49920305103380624,0.7369655941662062,0,1,1,1,1.296875,-0.8189452126310846,1,0.16666666666666652,-0.021978021978021456,0,1,-0.4137931034482758,-1.9114596869348712,-4.255287009063444,-0.5,0.0,0,0,0,Near,Moderate,Week,High,Poor,1,2,0,3,2,3,2,3,0,14,3,6,2,3,0,0,3,0,3.5
918,598,95,0.0,Ahmedabad,Gujarat,City,-0.7635942267699773,Oct-Mar,67,-0.5,"Nature, Adventure",0.0,0.0,0.9090909090909091,0.0,46-60,High Blood Pressure,Business,"Shopping, Food & Local Cuisine",All seasons,"Traffic congestion, pollution",Gujarati Cuisine,-0.9166666666666666,https://encrypted-tbn0.gstatic.com/images?q=tbn:ANd9GcTjjS0tleUkYu3JCgQn5BM0ooo_ueYok5FwDld1RJJHOQ&s=10,1.0,0.674633770239013,0.696969696969697,0.3521739130434783,1,0,0,1,0,0,-0.3333333333333333,0.0,0,0,-0.13614627630616086,-0.5184229661053277,-0.24047605959464347,-0.5228837135228003,-0.5273244309136953,-0.18749999999999997,-0.13185919617976194,-0.72579637726421,-0.8188405797101449,0,0,0.125,1.707825127659933,-0.3333333333333333,0.3333333333333333,3.0,-0.5,2.0,-0.7635942267699773,0.0,1.2470023980815348,1.1654692021814188,-0.125,0.67700320038633,-0.21641791044776118,0.5,0.42857142857142855,1.519828417878826,-1.0391534068660804,1,1,1,0.5,0.29885849072268444,0.5,0.5,0.5,-0.5,0.0,0.8922610015174506,0.5208042031823015,0.16666666666666652,-0.09175170953613704,-0.1602067183462531,-0.26504632374080056,0.415037499278844,1,0,1,1,0.3125,-0.06868353457757467,1,-4.440892098500626e-16,0.03571428571428603,0,1,-1.6551724137931032,-2.6164436833788782,-2.5256797583081574,0.5,1.0,1,0,0,Near,Premium,Week,High,Fair,2,3,2,3,1,1,3,0,4,2,4,0,2,4,0,0,1,0,2.5
155,886,639,0.5,Red Fort,Delhi,Historical,-0.8062957054737068,Nov-Feb,545,1.0,"City, Historical",-1.0,0.5,0.5909090909090909,0.0,46-60,Knee Pain,Leisure,"Cultural Exploration, Photography",Winter,"Long walking distances, crowd congestion",Mughlai Cuisine,0.010416666666666666,https://upload.wikimedia.org/wikipedia/commons/d/d6/Delhi%2C_India%2C_Red_Fort_Facade.jpg,1.0,0.4317656129529683,0.2727272727272727,0.12391304347826088,1,0,0,1,0,0,1.0,0.0,1,0,0.22786737599113005,0.6512718992350698,1.1239380009041373,0.19361374837916168,-0.4166623091039093,0.5624999999999999,-0.13874609178669717,0.05246720799500313,-0.17391304347826086,0,0,0.5,0.0,0.6666666666666666,0.0,1.0,1.0,0.0,-0.8062957054737068,0.0,0.4028776978417266,0.902439024390244,0.5,1.0,-0.13432835820895522,0.0,0.0,1.0027928583791246,0.0,1,1,1,-0.16666666666666674,0.6718751592707801,-0.5,0.0,0.5,1.0,0.0,0.36418816388467373,0.42991168879157127,-0.6666666666666667,0.5801234497346434,0.015503875968992248,-0.9021301722107015,0.415037499278844,0,1,1,0,0.8125,-0.5899700461413799,1,1.0,-1.168831168831169,1,0,2.206896551724138,-1.051705095301936,0.29003021148036257,0.25,1.0,1,0,0,Medium,Moderate,Week,High,Good,3,1,1,3,2,4,0,3,3,7,2,29,1,3,0,0,2,1,4.5
852,464,286,-1.0,Spiti Valley,Himachal Pradesh,Nature,0.05694936599681861,Sep-Mar,968,-1.0,"Beaches, Historical",0.0,0.5,1.7727272727272727,-1.0,36-45,Asthma,Family Vacation,"Nature & Relaxation, Photography",Post-Monsoon,"Curvy roads, limited medical facilities",Himachali Cuisine,0.625,https://storage.googleapis.com/stateless-www-justwravel-com/2021/05/1550217293_shutterstock_1129297934.jpg.jpg,2.0,3.901310717039321,0.7272727272727273,2.1782608695652175,1,0,0,1,1,0,-1.3333333333333333,-0.5,0,0,-0.8417622648875924,-0.8712361969271273,-0.7213979118800051,-1.1015170109440313,-1.0115192235297576,-0.37499999999999994,1.4149608205410356,2.3173016864459717,-0.10869565217391304,0,0,-1.0,0.0,-0.3333333333333333,-1.0,0.0,-1.0,0.0,0.05694936599681861,0.0,2.2541966426858515,0.0,-1.0,0.0,0.9776119402985075,0.5,0.8571428571428571,-1.2857142857142856,0.0,0,1,1,-1.0,-0.408248290463863,-0.5,-1.5,-0.5,-1.0,0.0,2.1305007587253413,-0.3826841261161515,-1.0,-0.5,1.054263565891473,0.08223178059356484,-0.5849625007211561,0,1,1,0,-0.375,0.3934525244337349,1,-0.3333333333333335,0.28571428571428603,0,0,0.0,0.0,0.0,-1.0,0.0,0,0,0,Far,Premium,Weekend,VeryHigh,Poor,4,4,0,2,0,2,1,1,1,3,5,33,0,4,1,1,3,0,1.0
687,391,324,0.0,Hampi Ruins,Karnataka,Historical,0.4486089489819529,Nov-Feb,38,0.5,"City, Historical",-1.0,0.0,-0.3787878787878788,0.5,18-25,Knee Pain,Leisure,"Cultural Exploration, Photography",Winter,"Long walking distances, crowd congestion",South Indian Cuisine,-0.6875,https://wegobond.com/wp-content/uploads/2018/01/hampi-banner.jpg,0.0,-0.49344641480339246,-0.21212121212121213,-0.3978260869565218,1,0,0,1,0,0,0.3333333333333333,0.0,0,0,0.03402662013724316,0.5083757848035236,0.5285009091663113,1.0922072472318107,0.955349494673931,-0.07500000000000005,-0.23188495462636902,-0.6628357276702062,-0.391304347826087,0,0,0.33333333333333326,1.1547005383792517,0.3333333333333333,0.3333333333333333,2.0,0.0,1.414213562373095,0.4486089489819529,0.0,0.572342126298961,1.915630728155813,0.16666666666666652,0.40824829046386296,-1.1019900497512438,0.16666666666666674,0.28571428571428564,1.4285714285714284,-1.0123296781699866,1,1,1,0.5,0.591751709536137,0.5,0.5,0.0,0.5,0.0,-0.1274658573596358,0.6770565308208832,-0.25,0.9999999999999999,-0.32558139534883723,0.093666010601831,0.0,1,0,0,0,0.75,-0.7948885228523835,1,1.1666666666666665,-1.047619047619047,0,1,-1.6551724137931032,1.672930029722077,-1.341389728096677,0.0,0.0,0,0,0,Near,Economy,Week,VeryHigh,Fair,3,1,1,0,2,4,0,3,3,15,6,13,2,1,0,1,1,0,3.5
158,518,596,1.0,Kolkata,West Bengal,City,0.43910062153366575,Oct-Mar,926,1.0,"Nature, Adventure",-1.0,0.0,-0.5151515151515151,1.0,36-45,High Blood Pressure,Business,"Shopping, Food & Local Cuisine",All seasons,"Traffic congestion, pollution",Bengali Cuisine,0.6770833333333334,https://encrypted-tbn0.gstatic.com/images?q=tbn:ANd9GcR7RyEWQTvFgkgjKGGCyk4MsFgdUZhpvExLEydL8FmtvfqAtgLceIK1K2mg&s=10,0.0,-0.6861989205859677,-0.48484848484848486,-0.6695652173913044,1,0,0,1,0,0,1.3333333333333333,-0.5,1,1,0.8892633553623088,0.9594328849643864,1.9969991288209985,3.0661564971442212,1.6512340742328677,0.12500000000000003,-0.42992723580785763,0.014574224443056491,1.0326086956521738,0,1,0.75,0.7071067811865476,0.6666666666666666,0.3333333333333333,1.0,0.25,2.9999999999999996,0.43910062153366575,0.0,0.14388489208633093,2.0,0.25,1.4999999999999998,-0.08955223880597014,0.0,0.0,1.3424276799622294,-0.963710722590775,1,1,1,1.0,-0.408248290463863,1.5,0.5,-0.5,1.0,0.0,-0.6191198786039454,-0.3826841261161515,1.0,-0.5,1.1317829457364341,0.6874401176157753,-0.5849625007211561,1,0,0,1,-0.375,0.3934525244337349,1,-0.3333333333333335,0.28571428571428603,0,0,0.0,0.0,0.0,1.0,0.0,0,0,0,Far,Economy,Week,VeryHigh,Excellent,2,3,2,2,1,1,3,0,4,0,18,19,0,1,0,1,0,1,5.0
991,701,850,0.5,Ellora Caves,Maharashtra,Historical,0.3223630319470184,Nov-Feb,761,0.5,"Beaches, Historical",0.0,-0.5,0.16666666666666666,-1.0,18-25,Knee Pain,Leisure,"Cultural Exploration, Photography",Winter,"Long walking distances, crowd congestion",Maharashtrian Cuisine,-1.1041666666666667,https://indiaholidaymall.com/images/blog/Ellora-Caves-Unesco-World-Heritage-Site.jpg,0.0,1.4494988434849652,0.8787878787878788,2.341304347826087,0,0,1,0,0,0,0.6666666666666666,-0.5,1,0,0.439126929708436,0.48338514341869054,0.956295869190052,-0.4181210566089877,-0.6787629029551119,1.8749999999999998,1.5005726665726515,-0.5858838226108682,-0.8260869565217391,1,0,-0.25,2.1213203435596424,-0.3333333333333333,0.0,1.0,0.5,0.0,0.3223630319470184,0.0,-0.12470023980815348,0.8780487804878049,-0.5,1.0,-0.48507462686567165,0.0,-0.42857142857142855,-0.01611160637019009,-1.0504799024963116,1,0,0,0.5,-0.408248290463863,1.0,0.0,-0.5,0.5,0.0,0.20030349013657053,-0.3826841261161515,-1.0,-0.5,-1.5193798449612403,0.5025642041179482,-0.5849625007211561,1,0,1,0,-0.375,0.3934525244337349,1,-0.3333333333333335,0.28571428571428603,0,0,0.0,0.0,0.0,0.5,0.0,0,0,0,Near,Moderate,Weekend,VeryHigh,Good,3,1,0,0,2,4,0,3,3,6,10,10,2,3,1,1,2,1,4.0
291,878,101,1.0,Hyderabad,Telangana,City,-0.9206869753518302,Oct-Mar,984,0.0,"Nature, Adventure",0.0,-0.5,-0.3787878787878788,-1.0,36-45,High Blood Pressure,Business,"Shopping, Food & Local Cuisine",All seasons,"Traffic congestion, pollution",Hyderabadi Cuisine,-0.71875,https://t4.ftcdn.net/jpg/03/60/89/09/360_F_360890991_Ykybj5JO5HYBaqWeROz9cR2jWXN8HZxf.jpg,0.0,0.6168080185042405,-0.21212121212121213,1.1673913043478261,0,0,1,0,0,0,0.6666666666666666,0.5,1,1,0.5711112521800403,-0.1483252851394064,0.6143190287971683,-0.08040789550172849,-0.5194355142770873,1.8749999999999998,1.0996143909183904,0.06121174266083698,-0.42391304347826086,0,0,0.33333333333333326,1.5275252316519465,0.0,0.3333333333333333,2.0,0.16666666666666674,2.1602468994692865,-0.9206869753518311,0.0,-0.003197442046363003,1.0887632950240889,0.0,1.224744871391589,-1.1492537313432836,0.16666666666666674,0.0,1.4285714285714284,-1.032412722174298,1,0,1,0.25,0.8164965809277259,-0.5,0.5,1.0,0.0,0.0,-0.4825493171471927,-0.08538257061285559,-0.25,0.7247448713915889,-0.3236434108527132,-0.3839144374855786,0.7369655941662062,1,0,0,0,-0.28125,0.2698253139633706,1,1.1666666666666665,-1.047619047619047,1,0,2.482758620689655,-2.9734276054417856,-1.4546827794561934,1.0,0.0,0,0,0,Near,Economy,Weekend,High,Excellent,2,3,2,2,1,1,3,0,4,4,15,14,2,1,1,0,0,0,4.0
588,14,890,-0.5,Munnar,Kerala,Nature,0.053154240582139974,Sep-Mar,655,0.5,"Nature, Adventure",-1.0,-0.5,-0.7727272727272727,1.0,18-25,Asthma,Family Vacation,"Nature & Relaxation, Photography",Post-Monsoon,"Curvy roads, limited medical facilities",Kerala Cuisine,0.08333333333333333,https://images.unsplash.com/photo-1491497895121-1334fc14d8c9,-1.0,-0.8172706245181187,0.6363636363636364,-0.2673913043478261,0,1,0,0,0,0,0.0,0.5,0,0,-0.43171420585241693,0.4300947042452609,0.036668211614013645,2.0175071962251847,2.2682722701906997,-0.37499999999999994,-0.4714241974459485,-0.3177180928586301,2.0217391304347827,0,0,0.0,1.0,0.0,0.0,2.0,0.0,2.449489742783178,0.053154240582139974,0.0,0.04156674660271792,1.7178536659242105,0.16666666666666652,1.0801234497346432,1.2164179104477613,-0.5,0.0,0.857142857142857,-1.0,1,1,1,-0.25,0.09175170953613696,0.0,-0.5,0.0,0.5,0.0,-1.047040971168437,0.0,1.0,-0.5,0.5736434108527132,0.7726614392200299,0.0,0,1,0,1,0.03125,-0.491877093915518,1,-0.3333333333333335,0.28571428571428603,0,1,-0.8275862068965516,-1.9136554561047798,-0.7613293051359518,-0.25,1.0,1,0,0,Medium,Economy,Week,VeryHigh,Poor,4,4,2,0,0,2,1,1,1,5,7,26,1,1,0,1,3,0,3.0
264,63,662,-1.0,Ahmedabad,Gujarat,City,0.7201913374427084,Oct-Mar,959,-1.0,"Nature, Adventure",0.0,0.0,0.9090909090909091,1.0,36-45,High Blood Pressure,Business,"Shopping, Food & Local Cuisine",All seasons,"Traffic congestion, pollution",Gujarati Cuisine,-0.9166666666666666,https://encrypted-tbn0.gstatic.com/images?q=tbn:ANd9GcTjjS0tleUkYu3JCgQn5BM0ooo_ueYok5FwDld1RJJHOQ&s=10,1.0,0.038550501156514975,0.696969696969697,-0.2456521739130436,1,0,0,1,0,0,-1.3333333333333333,-0.5,0,0,-0.8107262665276173,-0.8384136656147139,-0.7132042352991624,-0.8054418007037539,0.0926284433906308,-0.875,-0.39970435711122837,-0.8773683114719967,-0.8188405797101449,0,0,-1.0,0.0,-0.3333333333333333,-1.0,0.0,-1.0,0.0,0.7201913374427084,0.0,1.160671462829736,0.0,1.0,0.0,-1.2313432835820894,0.5,0.0,-1.2857142857142856,0.0,0,1,1,-1.0,-0.408248290463863,-0.5,-1.5,-0.5,-1.0,0.0,1.0925644916540211,-0.3826841261161515,1.0,-0.5,-1.2403100775193798,1.132600096192089,-0.5849625007211561,0,1,1,1,-0.375,0.3934525244337349,1,-0.3333333333333335,0.28571428571428603,0,0,0.0,0.0,0.0,-1.0,0.0,0,0,0,Near,Premium,Week,VeryHigh,Poor,2,3,2,2,1,1,3,0,4,2,4,0,2,4,0,1,3,0,1.0
2,411,783,-1.0,Taj Mahal,Uttar Pradesh,Historical,-0.22086981542398462,Nov-Feb,894,-0.5,"City, Historical",-1.0,0.0,0.15151515151515152,-1.0,36-45,Knee Pain,Leisure,"Cultural Exploration, Photography",Winter,"Long walking distances, crowd congestion",Mughlai Cuisine,0.07291666666666667,https://upload.wikimedia.org/wikipedia/commons/1/1d/Taj_Mahal_%28Edited%29.jpeg,0.0,1.4263685427910562,0.8484848484848485,2.3086956521739133,1,0,0,1,0,0,-1.0,0.0,0,0,-0.8547626418693877,-0.4647062540987556,-0.6199135126342837,-0.9081362315489325,-0.7146201339131069,0.0,1.3253474507875347,1.390381011867583,0.40217391304347827,0,0,-1.0,0.0,-0.3333333333333333,-1.0,0.0,-0.5,0.0,-0.22086981542398462,0.0,0.2014388489208633,0.0,-1.0,0.0,0.1865671641791045,-0.5,0.0,-1.2857142857142856,0.0,0,1,1,-1.0,-0.408248290463863,-0.5,-1.5,-0.5,-0.5,0.0,0.18209408194233687,-0.3826841261161515,-1.0,-0.5,0.23255813953488372,-0.35774710824811834,-0.5849625007211561,0,1,1,0,-0.375,0.3934525244337349,1,-0.3333333333333335,0.28571428571428603,0,0,0.0,0.0,0.0,-1.0,0.0,0,0,0,Medium,Moderate,Weekend,High,Poor,3,1,1,2,2,4,0,3,3,7,16,34,1,3,1,0,3,0,1.5
626,55,939,1.0,Auli,Uttarakhand,Adventure,-0.9625681815605338,Apr-Jun,19,0.5,"City, Historical",0.0,-0.5,0.18181818181818182,0.5,26-35,Knee Pain,Adventure,"Trekking, Adventure Sports",Summer,"High altitude, physical exertion",North Indian Cuisine,0.3125,https://encrypted-tbn0.gstatic.com/images?q=tbn:ANd9GcQF-TkMBCYdtCTzI4rau2709Tbi2zVPKRaXu7qTOHjiZS7J37ZNbGLQxYMv&s=10,0.0,-0.15111796453353898,0.9090909090909091,0.08478260869565218,0,0,1,0,0,0,1.0,0.0,1,1,0.561312226310391,0.22903034197144978,1.0853262669467247,0.8879690822139692,0.02591574699370388,0.225,-0.4139607023702845,0.008744534665833855,0.6521739130434783,0,0,1.0,0.0,1.0,0.3333333333333333,1.0,0.0,2.0,-0.9625681815605338,0.0,-0.5371702637889688,1.9756097560975612,-0.25,1.4999999999999998,0.9029850746268657,0.0,-0.8571428571428571,1.682062501545334,0.0,1,0,0,1.0,-0.408248290463863,1.5,0.5,-0.5,0.5,0.0,0.21851289833080423,-0.3826841261161515,0.5,-0.5,0.5891472868217055,-1.532365870421229,-0.5849625007211561,1,0,1,1,-0.375,0.3934525244337349,1,-0.3333333333333335,0.28571428571428603,0,0,0.0,0.0,0.0,1.0,0.0,0,0,0,Far,Moderate,Week,High,Excellent,0,0,1,1,2,0,4,2,2,10,17,2,0,3,0,0,0,1,4.5
218,476,101,0.5,Konark Sun Temple,Odisha,Historical,0.09673022055555294,Nov-Feb,984,0.0,"Nature, Adventure",0.0,-0.5,-0.48484848484848486,0.5,18-25,Knee Pain,Leisure,"Cultural Exploration, Photography",Winter,"Long walking distances, crowd congestion",Odia Cuisine,0.3125,https://cdn.britannica.com/19/251919-050-D3E64798/konark-sun-temple-orissa-india-unesco-heritage-site.jpg,0.0,-0.5582112567463378,-0.42424242424242425,-0.48913043478260876,0,0,1,0,0,0,0.3333333333333333,0.0,1,0,0.3968935375783457,0.002724599554971751,0.476335685241438,1.286041943114993,1.0544265743266148,-0.07500000000000005,-0.27728576307681885,0.008744534665833855,0.6521739130434783,0,0,0.5,0.0,0.6666666666666666,0.0,0.0,0.0,0.0,0.09673022055555294,0.0,-0.60431654676259,0.0,0.5,0.0,0.5298507462686567,0.5,-0.8571428571428571,0.0,0.0,0,0,0,0.25,0.8164965809277259,-0.5,0.5,1.0,0.0,0.0,-0.4825493171471927,-0.08538257061285559,-0.25,0.7247448713915889,-0.3236434108527132,-0.3839144374855786,0.7369655941662062,1,0,0,0,-0.03125,-0.05984724729093315,1,1.1666666666666665,-1.047619047619047,1,0,0.8275862068965516,1.4539723388147798,2.1344410876132933,-0.25,1.0,1,0,0,Far,Economy,Week,VeryHigh,Good,3,1,2,0,2,4,0,3,3,11,11,20,0,1,0,1,2,0,3.5
391,241,745,0.5,Ellora Caves,Maharashtra,Historical,-0.8518377988901823,Nov-Feb,171,1.0,"Beaches, Historical",-1.0,0.5,0.0,-1.0,46-60,Knee Pain,Leisure,"Cultural Exploration, Photography",Winter,"Long walking distances, crowd congestion",Maharashtrian Cuisine,-1.1041666666666667,https://indiaholidaymall.com/images/blog/Ellora-Caves-Unesco-World-Heritage-Site.jpg,1.0,1.195065535851966,-0.5151515151515151,0.841304347826087,1,0,0,1,0,0,1.0,0.0,1,0,0.21934291947338458,0.6400029593040186,1.112685480697805,-0.2301583797847638,-0.7077023586999184,2.2499999999999996,1.1218223848946467,-0.5858838226108682,-0.9492753623188406,1,0,0.5,0.0,0.6666666666666666,0.0,0.0,1.0,0.0,-0.8518377988901823,0.0,0.009592326139088728,0.0,-1.0,0.0,-1.5,-0.5,0.8571428571428571,0.0,0.0,0,1,1,0.5,-0.408248290463863,1.0,0.0,0.0,0.0,4.0,0.1911987860394537,0.23549792376378553,-0.75,0.0,-0.6356589147286822,-1.2690228974160664,0.0,1,0,1,0,0.28125,-0.19471809542056742,1,0.16666666666666652,-0.28571428571428514,0,0,0.0,-0.24175028416814884,-2.066465256797583,0.5,0.0,0,0,0,Near,Moderate,Weekend,High,Good,3,1,0,3,2,4,0,3,3,6,10,10,2,3,1,0,2,1,4.5
159,90,919,-0.5,Spiti Valley,Himachal Pradesh,Nature,-0.6506956003775465,Apr-Jun,413,-1.0,"Beaches, Historical",-1.0,0.0,-0.13636363636363635,-1.0,18-25,Knee Pain,Adventure,"Trekking, Adventure Sports",Summer,"High altitude, physical exertion",Himachali Cuisine,0.625,https://storage.googleapis.com/stateless-www-justwravel-com/2021/05/1550217293_shutterstock_1129297934.jpg.jpg,0.0,0.9868928296067848,0.2727272727272727,1.6891304347826088,1,0,0,1,0,0,-1.0,0.0,0,0,-0.49758664291206633,-0.9062561444980859,-0.6305336290311354,-0.8515196133633037,-0.6301685191312029,0.0,1.1867028230132912,2.3173016864459717,0.9782608695652174,0,0,-0.5,0.0,0.0,-0.6666666666666666,0.0,-1.0,0.0,-0.6506956003775465,0.0,-0.1630695443645084,0.0,-1.0,0.0,0.9776119402985075,-0.5,0.0,-0.8571428571428572,0.0,0,0,1,-0.75,0.09175170953613696,-0.5,-1.0,0.0,-0.5,2.0,-0.4279210925644916,0.47099584752757095,-1.0,-0.5,0.6511627906976745,-0.21548671477583264,0.0,0,1,0,0,0.53125,-0.7576215392456469,1,-0.3333333333333335,0.28571428571428603,1,0,0.8275862068965516,-2.2613315239481606,0.9425981873111783,-0.75,1.0,1,0,0,Far,Economy,Weekend,High,Poor,4,0,0,0,2,0,4,2,2,3,5,33,0,1,1,0,3,0,1.5
601,965,234,0.0,Spiti Trek,Himachal Pradesh,Adventure,0.14040708729109186,Apr-Jun,884,-1.0,"City, Historical",-1.0,-0.5,-0.8333333333333334,-0.5,26-35,Knee Pain,Adventure,"Trekking, Adventure Sports",Summer,"High altitude, physical exertion",Himachali Cuisine,0.625,https://encrypted-tbn0.gstatic.com/images?q=tbn:ANd9GcSVhMTWqQOcmNTuyOBBWk2yd5Mz2ESU1_YGVNdtOk9y5DMIs2TGizrpcCBE&s=10,-1.0,-0.4626060138781804,0.3939393939393939,0.7326086956521741,0,1,0,0,0,0,-0.6666666666666666,0.5,0,0,-0.00923972707443601,-0.8671060396265086,-0.5016073209029003,0.060305921626296194,0.7971863510973143,-0.12500000000000003,0.48991908883298735,1.1513637310014575,3.152173913043478,0,0,0.0,0.0,0.3333333333333333,-0.3333333333333333,0.0,-1.0,0.0,0.14040708729109186,0.0,-1.0455635491606714,0.0,-0.5,0.0,0.9776119402985075,-0.5,-0.8571428571428571,-0.42857142857142866,0.0,0,0,0,0.0,-0.408248290463863,0.5,-0.5,-0.5,-1.0,0.0,-1.0015174506828528,-0.3826841261161515,-0.5,-0.5,1.054263565891473,0.21440276782534723,-0.5849625007211561,0,0,0,0,-0.375,0.3934525244337349,1,-0.3333333333333335,0.28571428571428603,0,0,0.0,0.0,0.0,0.0,0.0,0,0,0,Far,Budget,Weekend,VeryHigh,Fair,0,0,1,1,2,0,4,2,2,3,5,32,0,0,1,1,1,0,2.0
561,868,437,0.0,Bangalore,Karnataka,City,-0.0013793892250321144,Oct-Mar,632,0.0,"Nature, Adventure",0.0,0.0,0.5454545454545454,-0.5,26-35,High Blood Pressure,Business,"Shopping, Food & Local Cuisine",All seasons,"Traffic congestion, pollution",Multi Cuisine,-0.4375,https://media.istockphoto.com/id/1382384282/photo/bangalore-or-bengaluru.jpg,1.0,0.9406322282189667,0.21212121212121213,0.6021739130434782,1,0,0,1,0,0,0.0,-0.5,0,0,-0.029144158829687582,-0.011841151156122727,0.13890670469510658,-0.4824473730103704,-0.5547456553893665,0.37499999999999994,0.45942931995740555,-0.03789298355194664,-0.48550724637681153,0,0,0.0,0.0,0.3333333333333333,-0.3333333333333333,0.0,0.0,0.0,-0.0013793892250321144,0.0,0.7002398081534772,0.0,-0.5,0.0,-0.5447761194029851,0.5,0.0,-0.42857142857142866,0.0,0,1,1,0.0,-0.408248290463863,0.5,-0.5,-0.5,0.0,0.0,0.6555386949924127,-0.3826841261161515,-0.5,-0.5,-0.5271317829457365,-0.010142765968635625,-0.5849625007211561,0,0,1,0,-0.375,0.3934525244337349,1,-0.3333333333333335,0.28571428571428603,0,0,0.0,0.0,0.0,0.0,0.0,0,0,0,Medium,Moderate,Weekend,High,Fair,2,3,2,1,1,1,3,0,4,8,6,4,1,3,1,0,1,0,3.0
405,225,671,0.5,Spiti Valley,Himachal Pradesh,Nature,0.30114837711048786,Apr-Jun,94,-1.0,"Nature, Adventure",0.0,0.5,1.5606060606060606,-0.5,46-60,Knee Pain,Adventure,"Trekking, Adventure Sports",Summer,"High altitude, physical exertion",Himachali Cuisine,0.625,https://storage.googleapis.com/stateless-www-justwravel-com/2021/05/1550217293_shutterstock_1129297934.jpg.jpg,2.0,1.9737856592135692,0.5151515151515151,0.8195652173913043,1,0,0,1,1,0,-0.3333333333333333,1.0,1,0,0.43515602303448936,-0.8591512716150796,-0.3842843655379663,-0.7918674755602457,-0.7892094619753498,0.12500000000000003,0.5244849014251283,1.1513637310014575,-0.10869565217391304,0,0,0.5,0.0,0.6666666666666666,0.0,0.0,-1.0,0.0,0.30114837711048786,0.0,1.985611510791367,0.0,-0.5,0.0,0.9776119402985075,0.5,0.8571428571428571,0.0,0.0,0,1,1,0.25,0.09175170953613696,0.5,0.0,0.0,-0.75,1.0,1.7207890743550833,0.11774896188189272,-0.25,0.0,-0.23255813953488372,0.5857325760772937,0.0,1,0,1,0,0.15625,0.11779160257521229,1,0.16666666666666652,-0.1587301587301586,1,0,0.8275862068965516,-0.32084523945041954,3.0090634441087616,0.5,0.0,0,0,0,Far,Premium,Weekend,VeryHigh,Good,4,0,2,3,2,0,4,2,2,3,5,33,0,4,1,1,2,0,2.5
480,295,725,0.0,Valley of Flowers,Uttarakhand,Nature,0.8224135525993169,Apr-Jun,480,0.5,"Nature, Adventure",-1.0,0.0,-0.5757575757575758,1.0,46-60,Knee Pain,Adventure,"Trekking, Adventure Sports",Summer,"High altitude, physical exertion",North Indian Cuisine,0.5208333333333334,https://encrypted-tbn0.gstatic.com/images?q=tbn:ANd9GcSKohlQ-J1CgxwCnc1mL62LM__eo7IDPvD9Hm4v1DnS8PQfNYx8O_lBtpoE&s=10,0.0,-0.7170393215111797,-0.6060606060606061,-0.7130434782608697,1,0,0,1,0,0,0.3333333333333333,0.0,0,0,0.08650248670308286,0.5823711821708398,0.5839165943913046,1.9358964208137648,1.936709796726246,-0.24999999999999992,-0.38871342274760956,-0.07287112221528205,0.8695652173913043,0,0,0.0,0.0,0.3333333333333333,-0.3333333333333333,1.0,0.75,1.0,0.8224135525993169,0.0,-0.42206235011990406,0.7560975609756099,0.0,2.0,0.4552238805970149,0.0,0.0,0.32352321521291494,0.0,1,0,1,0.25,0.09175170953613696,0.5,0.0,0.0,-0.25,2.9999999999999996,-0.5189681335356601,0.17662344282283912,0.5,0.5,0.5736434108527132,0.7811617714398001,0.0,1,0,0,1,0.21875,-0.4099891383138438,1,0.6666666666666665,-0.3809523809523805,0,1,-0.8275862068965516,1.4105019249402233,0.7613293051359518,0.25,1.0,1,0,0,Far,Economy,Week,VeryHigh,Fair,4,0,2,3,2,0,4,2,2,10,17,37,0,1,0,1,1,0,3.5
446,586,322,-1.0,Khajuraho Temples,Madhya Pradesh,Historical,-0.9532464143011,Nov-Feb,424,0.5,"Beaches, Historical",0.0,-0.5,0.2878787878787879,0.0,36-45,Knee Pain,Leisure,"Cultural Exploration, Photography",Winter,"Long walking distances, crowd congestion",North Indian Cuisine,-0.3125,https://st2.depositphotos.com/1000434/7761/i/450/depositphotos_77615282-stock-photo-lakshmana-temple-in-khajuraho-madhya.jpg,0.0,0.2004626060138781,1.121212121212121,0.5804347826086957,0,0,1,0,0,0,-0.3333333333333333,1.0,0,0,-0.8890337524145815,0.23087560515401215,-0.44627142708121315,-0.3106668689839506,-0.29321868203259854,-0.18749999999999997,-0.16244630596618895,-0.21861336664584638,0.0,0,0,-0.25,2.1213203435596424,-0.3333333333333333,0.0,1.0,0.5,0.0,-0.9532464143011,0.0,0.047961630695443645,0.8292682926829269,0.0,0.0,0.08208955223880597,0.5,-0.8571428571428571,-0.01611160637019009,-1.0504799024963116,1,1,0,-0.5,0.29885849072268444,-0.5,-0.5,0.5,0.16666666666666674,1.632993161855452,0.024279210925644827,0.36705104761766766,-0.16666666666666674,-0.09175170953613696,-0.13953488372093023,0.15928540462889693,0.415037499278844,0,1,1,0,0.729166666666667,-0.6814783831275847,1,0.0,0.0,0,1,-1.6551724137931032,-4.607700667216939,-0.47129909365558914,-0.75,1.0,1,0,0,Medium,Moderate,Week,High,Poor,3,1,0,2,2,4,0,3,3,10,9,17,1,3,0,0,3,0,2.5
335,208,5,0.5,Delhi,Delhi,City,0.7515311282137931,Oct-Mar,425,0.0,"Nature, Adventure",0.0,0.5,1.2272727272727273,-0.5,36-45,High Blood Pressure,Business,"Shopping, Food & Local Cuisine",All seasons,"Traffic congestion, pollution",Street Food,0.010416666666666666,https://encrypted-tbn0.gstatic.com/images?q=tbn:ANd9GcTFxblF-zkMM4NsiVuRyJ1Yx76TMcpdDWzU6zEf57y1aQ&s=10,2.0,1.6345412490362372,0.18181818181818182,0.5804347826086957,1,0,0,1,1,0,0.3333333333333333,0.0,1,0,0.5194575535551262,0.09993899891583642,0.5734084356374511,-0.5597143350940625,-0.6911029620840452,0.625,0.6213352239953975,0.4634603372891943,-0.42934782608695654,0,0,0.5,0.0,0.6666666666666666,0.0,0.0,0.0,0.0,0.7515311282137931,0.0,1.5635491606714629,0.0,-0.5,0.0,0.09701492537313433,0.5,0.8571428571428571,0.0,0.0,0,1,1,0.5,-0.408248290463863,1.0,0.0,-0.5,0.0,0.0,1.4749620637329286,-0.3826841261161515,-0.5,-0.5,0.13953488372093023,1.1822325450729574,-0.5849625007211561,1,0,1,0,-0.375,0.3934525244337349,1,-0.3333333333333335,0.28571428571428603,0,0,0.0,0.0,0.0,0.5,0.0,0,0,0,Medium,Premium,Weekend,VeryHigh,Good,2,3,2,2,1,1,3,0,4,16,2,9,1,4,1,1,2,0,3.5
681,693,580,0.5,Kolkata,West Bengal,City,-0.1046696820172315,Oct-Mar,890,-1.0,"Beaches, Historical",-1.0,-0.5,-1.0757575757575757,0.5,26-35,High Blood Pressure,Business,"Shopping, Food & Local Cuisine",All seasons,"Traffic congestion, pollution",Bengali Cuisine,0.6770833333333334,https://encrypted-tbn0.gstatic.com/images?q=tbn:ANd9GcR7RyEWQTvFgkgjKGGCyk4MsFgdUZhpvExLEydL8FmtvfqAtgLceIK1K2mg&s=10,-1.0,-0.9190439475713185,-0.5757575757575758,-0.5543478260869565,0,1,0,0,0,0,-0.3333333333333333,1.0,1,0,0.3591960014449104,-0.8792344034528076,-0.4043382346856555,2.1518249307564807,3.0949174506883925,-0.37499999999999994,-0.3032711883383484,0.2535915053091818,3.260869565217391,0,1,0.16666666666666674,2.0816659994661326,-0.3333333333333333,0.3333333333333333,2.0,-0.5,2.449489742783178,-0.1046696820172315,0.0,-0.7258193445243803,1.397428305682302,0.5,0.7071067811865475,0.40049751243781084,-0.16666666666666674,-0.8571428571428571,1.142857142857143,-1.0495798165131978,1,0,0,0.5,-0.408248290463863,1.0,0.0,0.0,-1.0,0.0,-1.329286798179059,-0.2649351642342587,0.75,0.0,1.4806201550387597,0.4329007334466458,0.0,1,0,0,1,-0.25,-0.01089650693282602,1,0.16666666666666652,-0.021978021978021456,0,0,0.0,-1.6668595519625913,-0.8157099697885197,0.5,0.0,0,0,0,Far,Budget,Week,High,Good,2,3,0,1,1,1,3,0,4,0,18,19,0,0,0,0,2,0,2.5
812,12,402,0.0,Gokarna Beach,Karnataka,Beach,-0.425705712331239,Nov-Mar,613,-1.0,"City, Historical",0.0,-0.5,-0.6212121212121212,0.0,46-60,Knee Pain,Honeymoon,"Relaxation, Nightlife, Water Sports",Winter,"Crowds, sun exposure",Seafood,-0.75,https://realtalktravel.com/wp-content/uploads/Om-Beach-Gokarna.webp,0.0,-0.49344641480339246,-0.696969696969697,-0.3978260869565218,0,0,1,0,0,0,-0.6666666666666666,0.5,0,0,-0.08871242336205173,-0.8951218406341774,-0.5225885557526878,0.10721052733563775,0.7338852439192983,-0.37499999999999994,-0.07736452769609684,-0.5858838226108682,-0.45652173913043476,0,0,0.0,0.0,0.3333333333333333,-0.3333333333333333,0.0,-1.0,0.0,-0.425705712331239,0.0,-0.7769784172661871,0.0,0.0,0.0,-0.9925373134328358,0.5,-0.8571428571428571,-0.42857142857142866,0.0,0,0,0,0.0,-0.408248290463863,0.5,-0.5,-0.5,-1.0,0.0,-0.7465857359635811,-0.3826841261161515,0.0,-0.5,-0.9922480620155039,-0.6821432491309769,-0.5849625007211561,0,0,0,0,-0.375,0.3934525244337349,1,-0.3333333333333335,0.28571428571428603,0,0,0.0,0.0,0.0,0.0,0.0,0,0,0,Near,Economy,Week,High,Fair,1,2,1,3,2,3,2,3,0,14,6,12,2,1,0,0,1,0,2.0
656,629,639,-1.0,Munnar,Kerala,Nature,-0.8463206889586713,Sep-Mar,545,1.0,"City, Historical",-1.0,0.5,0.3181818181818182,-0.5,26-35,Asthma,Family Vacation,"Nature & Relaxation, Photography",Post-Monsoon,"Curvy roads, limited medical facilities",Kerala Cuisine,0.08333333333333333,https://images.unsplash.com/photo-1491497895121-1334fc14d8c9,1.0,0.7093292212798765,-0.09090909090909091,0.38478260869565223,1,0,0,1,0,0,0.0,1.5,0,0,-0.8840302291466975,0.641368113510758,-0.34379782989518504,-0.4002120253381482,-0.5501820264176862,0.37499999999999994,0.2777331132716938,0.5450759941703102,-0.1231884057971015,0,0,0.0,2.8284271247461903,-0.3333333333333333,0.3333333333333333,1.0,0.5,2.0,-0.8463206889586713,0.0,-0.4028776978417266,2.073170731707317,-0.5,0.0,0.1417910447761194,-0.5,0.0,0.32352321521291494,-1.062437173501617,1,0,1,-0.16666666666666674,0.6718751592707801,-0.5,0.0,0.5,1.0,0.0,0.36418816388467373,0.42991168879157127,-0.6666666666666667,0.5801234497346434,0.015503875968992248,-0.9021301722107015,0.415037499278844,0,1,1,0,-0.3125,0.3416934417718866,1,0.0,-0.07792207792207773,0,1,-2.7586206896551717,-1.225878099614253,0.5438066465256798,-1.0,0.0,0,0,0,Medium,Moderate,Weekend,High,Poor,4,4,1,1,0,2,1,1,1,5,7,26,1,3,1,0,3,0,3.0
553,605,128,-0.5,Spiti Valley,Himachal Pradesh,Nature,0.529100140609277,Apr-Jun,330,0.0,"Nature, Adventure",0.0,0.5,1.8484848484848484,1.0,36-45,Knee Pain,Adventure,"Trekking, Adventure Sports",Summer,"High altitude, physical exertion",Himachali Cuisine,0.625,https://storage.googleapis.com/stateless-www-justwravel-com/2021/05/1550217293_shutterstock_1129297934.jpg.jpg,2.0,0.5165767154973014,0.803030303030303,-0.20760869565217385,1,0,0,1,1,0,-0.3333333333333333,0.0,0,0,-0.3871710170657458,0.0669159920654811,-0.14465655461586246,-0.46427989871290876,-0.3074754681028609,-0.49999999999999994,-0.4202504859408953,-0.014574224443056491,-0.10869565217391304,0,0,-0.5,0.0,0.0,-0.6666666666666666,0.0,0.0,0.0,0.529100140609277,0.0,2.3501199040767387,0.0,1.0,0.0,0.9776119402985075,0.5,0.8571428571428571,-0.8571428571428572,0.0,0,1,1,0.16666666666666674,0.6718751592707803,0.0,0.5,0.5,0.0,1.414213562373095,1.3232169954476476,1.4889935582436746,0.3333333333333335,1.1329931618554523,-0.025839793281653863,0.16839339683410304,0.415037499278844,1,0,1,1,2.708333333333334,-1.4030719986160218,1,0.9999999999999996,-0.655462184873949,0,1,-2.206896551724138,1.8178625498878669,2.5256797583081574,-0.25,1.0,1,0,0,Far,Premium,Week,VeryHigh,Poor,4,0,2,2,2,0,4,2,2,3,5,33,0,4,0,1,3,0,2.5
904,865,729,0.0,Auli,Uttarakhand,Adventure,0.501928686869584,Apr-Jun,874,0.5,"City, Historical",0.0,-0.5,-0.42424242424242425,-1.0,18-25,Knee Pain,Adventure,"Trekking, Adventure Sports",Summer,"High altitude, physical exertion",North Indian Cuisine,0.3125,https://encrypted-tbn0.gstatic.com/images?q=tbn:ANd9GcQF-TkMBCYdtCTzI4rau2709Tbi2zVPKRaXu7qTOHjiZS7J37ZNbGLQxYMv&s=10,0.0,0.5474171164225135,-0.30303030303030304,1.0695652173913044,0,0,1,0,0,0,0.3333333333333333,0.0,0,0,0.04151181273155655,0.5189305376191284,0.5364054394542388,-0.1846403526335986,-0.3279486365390096,1.4999999999999998,1.5584933736574234,1.7926296064959402,0.6521739130434783,0,0,0.5,1.4142135623730951,0.3333333333333333,0.3333333333333333,1.0,0.25,1.0,0.501928686869584,0.0,-0.3261390887290168,0.5121951219512195,-0.75,0.5,0.753731343283582,0.5,-0.42857142857142855,1.0027928583791246,-1.0273550292155575,1,0,0,-0.5,0.591751709536137,-0.5,-0.5,0.0,0.25,1.0,-0.39150227617602423,0.0,-0.75,0.0,0.5891472868217055,0.1528257868660908,0.0,0,1,0,0,0.03125,-0.11018723905487836,1,0.16666666666666652,-0.28571428571428514,1,0,1.6551724137931032,1.7423992389037046,0.0,0.0,0.0,0,0,0,Far,Economy,Weekend,VeryHigh,Fair,0,0,1,0,2,0,4,2,2,10,17,2,0,1,1,1,1,0,3.5
470,44,318,-0.5,Ooty,Tamil Nadu,Nature,0.3533016437831276,Sep-Mar,191,0.0,"City, Historical",0.0,-0.5,0.2727272727272727,-1.0,36-45,Asthma,Family Vacation,"Nature & Relaxation, Photography",Post-Monsoon,"Curvy roads, limited medical facilities",South Indian Cuisine,-0.22916666666666666,https://t3.ftcdn.net/jpg/05/09/58/00/360_F_509580096_YjyHXMHyTm9OOkjUQS4kOxDXkxbOMWYi.jpg,0.0,1.6114109483423282,1.0909090909090908,2.5695652173913044,0,0,1,0,0,0,-0.3333333333333333,0.0,0,0,-0.4036237811973282,0.0408162339899825,-0.1576874189616599,-0.7407656514726159,-0.7143871495258853,0.7499999999999999,1.5105522268317753,0.8831980012492193,0.08695652173913043,0,0,-0.5,0.0,0.0,-0.6666666666666666,0.0,0.0,0.0,0.3533016437831276,0.0,0.354916067146283,0.0,-1.0,0.0,-0.2462686567164179,0.5,-0.8571428571428571,-0.8571428571428572,0.0,0,1,0,-0.5,-0.408248290463863,0.0,-1.0,-0.5,0.0,0.0,0.32776934749620634,-0.3826841261161515,-1.0,-0.5,-0.21705426356589147,0.5515613107552231,-0.5849625007211561,0,1,1,0,-0.375,0.3934525244337349,1,-0.3333333333333335,0.28571428571428603,0,0,0.0,0.0,0.0,-0.5,0.0,0,0,0,Medium,Moderate,Weekend,VeryHigh,Poor,4,4,1,2,0,2,1,1,1,15,14,27,1,3,1,1,3,0,2.5
381,359,476,0.0,Kodaikanal,Tamil Nadu,Nature,-0.6841582931853094,Sep-Mar,987,-0.5,"Nature, Adventure",-1.0,-0.5,-0.7727272727272727,-0.5,36-45,Asthma,Family Vacation,"Nature & Relaxation, Photography",Post-Monsoon,"Curvy roads, limited medical facilities",South Indian Cuisine,-0.10416666666666667,https://encrypted-tbn0.gstatic.com/images?q=tbn:ANd9GcRR1MrvitA-PthZ_UMPeUYOYvzHFu6Olty-pnoL9EqaCl31ZwvMHSvu9OQ&s=10,-1.0,-0.4009252120277564,0.6363636363636364,0.9065217391304349,0,1,0,0,0,0,-0.3333333333333333,0.0,0,0,-0.12499480997593648,-0.5105607121176026,-0.23458796104197369,0.2713766473183333,0.4650380053279955,0.12500000000000003,0.3126045205379446,0.3352071621902977,1.6304347826086956,0,0,0.0,0.0,0.3333333333333333,-0.3333333333333333,0.0,-0.5,0.0,-0.6841582931853094,0.0,-0.9688249400479616,0.0,-0.5,0.0,-0.06716417910447761,-0.5,-0.8571428571428571,-0.42857142857142866,0.0,0,0,0,0.0,-0.408248290463863,0.5,-0.5,-0.5,-0.5,0.0,-0.928679817905918,-0.3826841261161515,-0.5,-0.5,-0.031007751937984496,-1.0914514860960876,-0.5849625007211561,0,0,0,0,-0.375,0.3934525244337349,1,-0.3333333333333335,0.28571428571428603,0,0,0.0,0.0,0.0,0.0,0.0,0,0,0,Medium,Economy,Weekend,High,Fair,4,4,2,2,0,2,1,1,1,15,14,18,1,1,1,0,1,0,2.5
208,293,103,0.5,Jaipur,Rajasthan,City,-0.9894978806384706,Oct-Mar,828,0.0,"Beaches, Historical",-1.0,-0.5,-1.0757575757575757,1.0,26-35,High Blood Pressure,Business,"Shopping, Food & Local Cuisine",All seasons,"Traffic congestion, pollution",Rajasthani Cuisine,-0.2708333333333333,https://t4.ftcdn.net/jpg/05/84/76/73/360_F_584767353_EXYOkE8NcX37UwV4WfBw7AjBaEtU6mMy.jpg,-1.0,-0.9714726291441789,-0.5757575757575758,-0.7021739130434783,0,1,0,0,0,0,0.3333333333333333,0.0,1,0,0.19357604550996577,-0.15854123131278797,0.31530483127173614,4.189950554731368,3.2280555228041403,-0.24999999999999992,-0.583530171777134,-0.5159275452841975,1.2826086956521738,0,0,0.0,1.4142135623730951,0.0,0.0,1.0,-0.25,1.0,-0.9894978806384706,0.0,-0.60431654676259,1.902439024390244,0.0,2.0,-0.6268656716417911,0.0,-0.8571428571428571,0.32352321521291494,-1.0273550292155575,1,0,0,0.25,0.09175170953613696,0.5,0.0,0.0,-0.25,1.0,-1.1471927162367221,0.08831172141141956,0.25,0.9999999999999999,0.15503875968992248,-1.1062105134952465,0.0,1,0,0,1,0.125,-0.8388676223966718,1,1.1666666666666665,-0.8051948051948048,1,0,0.8275862068965516,-1.2881635479111289,-1.0151057401812689,0.5,0.0,0,0,0,Medium,Budget,Week,High,Good,2,3,0,1,1,1,3,0,4,13,13,15,1,0,0,0,2,0,3.5
616,779,485,-0.5,Coorg,Karnataka,Nature,0.37103584320997046,Sep-Mar,315,1.0,"Nature, Adventure",-1.0,-0.5,-0.5606060606060606,-1.0,26-35,Asthma,Family Vacation,"Nature & Relaxation, Photography",Post-Monsoon,"Curvy roads, limited medical facilities",Coorgi Cuisine,-0.3854166666666667,https://images.unsplash.com/photo-1710612198146-77512950a4b7,-1.0,0.33924441017733226,1.4848484848484849,2.9934782608695656,0,1,0,0,0,0,0.3333333333333333,1.0,0,0,-0.4019640593822957,0.9425909297355001,0.29254295086555426,-0.056955592647057615,-0.21484583696789675,1.4999999999999998,1.5162725711305112,0.6208619612742037,1.0434782608695652,0,0,-0.5,0.0,0.0,-0.6666666666666666,0.0,1.0,0.0,0.37103584320997046,0.0,-0.7002398081534772,0.0,-1.0,0.0,-0.4701492537313433,-0.5,-0.8571428571428571,-0.8571428571428572,0.0,0,0,0,-0.5,-0.408248290463863,0.0,-1.0,-0.5,1.0,0.0,-0.6737481031866464,-0.3826841261161515,-1.0,-0.5,-0.4496124031007752,0.5796467486231746,-0.5849625007211561,0,1,0,0,-0.375,0.3934525244337349,1,-0.3333333333333335,0.28571428571428603,0,0,0.0,0.0,0.0,-0.5,0.0,0,0,0,Medium,Economy,Weekend,VeryHigh,Poor,4,4,2,1,0,2,1,1,1,1,6,8,1,1,1,1,3,0,3.5
663,614,574,1.0,Valley of Flowers,Uttarakhand,Nature,0.5166776639099561,Sep-Mar,326,-1.0,"Beaches, Historical",-1.0,0.5,1.3636363636363635,1.0,26-35,Asthma,Family Vacation,"Nature & Relaxation, Photography",Post-Monsoon,"Curvy roads, limited medical facilities",North Indian Cuisine,0.5208333333333334,https://encrypted-tbn0.gstatic.com/images?q=tbn:ANd9GcSKohlQ-J1CgxwCnc1mL62LM__eo7IDPvD9Hm4v1DnS8PQfNYx8O_lBtpoE&s=10,1.0,0.26985350809560515,1.303030303030303,-0.028260869565217315,1,0,0,1,0,0,0.0,1.5,1,1,0.9074142042501846,-0.8484851541658242,-0.25960557303845827,-0.17829576828644128,-0.1455745497905914,-0.37499999999999994,-0.4215861508531323,-0.07287112221528205,0.18115942028985516,0,0,1.0,0.0,1.0,0.3333333333333333,0.0,-1.0,0.0,0.5166776639099561,0.0,1.73621103117506,0.0,1.0,0.0,0.8283582089552238,-0.5,0.8571428571428571,0.42857142857142866,0.0,0,1,1,1.0,-0.408248290463863,1.5,0.5,-0.5,-1.0,0.0,1.6388467374810318,-0.3826841261161515,1.0,-0.5,0.8992248062015504,0.8102979445296248,-0.5849625007211561,1,0,1,1,-0.375,0.3934525244337349,1,-0.3333333333333335,0.28571428571428603,0,0,0.0,0.0,0.0,1.0,0.0,0,0,0,Far,Premium,Week,VeryHigh,Excellent,4,4,0,1,0,2,1,1,1,10,17,37,0,4,0,1,0,0,3.0
942,960,475,0.0,Spiti Valley,Himachal Pradesh,Nature,0.4366390423566627,Apr-Jun,821,1.0,"Beaches, Historical",-1.0,0.0,0.015151515151515152,-0.5,18-25,Knee Pain,Adventure,"Trekking, Adventure Sports",Summer,"High altitude, physical exertion",Himachali Cuisine,0.625,https://storage.googleapis.com/stateless-www-justwravel-com/2021/05/1550217293_shutterstock_1129297934.jpg.jpg,0.0,0.4009252120277564,0.5757575757575758,0.8630434782608698,1,0,0,1,0,0,0.6666666666666666,0.5,0,0,0.03234624697758772,0.9588237915784606,0.8658446608290495,0.060305921626296194,-0.24792484632417375,0.8749999999999998,0.5536208188247322,1.1513637310014575,0.9782608695652174,0,0,0.125,0.9574271077563382,0.0,0.0,3.0,0.625,1.35400640077266,0.4366390423566627,0.0,-0.37889688249400477,0.7458657286054042,-0.625,1.2076147288491197,1.2761194029850746,0.25,-0.42857142857142855,1.519828417878826,-0.9959739170736794,1,0,0,0.33333333333333326,-7.850462293418875e-17,0.5,0.0,0.5,0.8333333333333335,0.8164965809277259,-0.20637329286798167,0.43557938304316657,0.3333333333333335,0.5801234497346434,0.8113695090439276,-0.45301580805859015,0.415037499278844,1,0,0,1,0.39583333333333304,-0.45844952564051433,1,1.3333333333333335,-0.8907563025210083,0,1,-1.1034482758620685,3.1229965368359194,0.5679758308157102,0.25,1.0,1,0,0,Far,Moderate,Weekend,VeryHigh,Fair,4,0,0,0,2,0,4,2,2,3,5,33,0,3,1,1,1,0,4.0
370,141,216,-0.5,Taj Mahal,Uttar Pradesh,Historical,-0.9036178549712672,Nov-Feb,112,-1.0,"City, Historical",-1.0,0.5,0.0,1.0,46-60,Knee Pain,Leisure,"Cultural Exploration, Photography",Winter,"Long walking distances, crowd congestion",Mughlai Cuisine,0.07291666666666667,https://upload.wikimedia.org/wikipedia/commons/1/1d/Taj_Mahal_%28Edited%29.jpeg,1.0,-0.4240555127216654,-0.5151515151515151,-0.6804347826086957,1,0,0,1,0,0,-1.0,0.0,0,0,-0.5212573242522697,-0.918772765849583,-0.6367828208599356,-0.2968906910833048,0.460659002442276,-0.7499999999999999,-0.5742963499135788,-0.32354778263585265,-0.13043478260869565,0,0,-0.5,0.0,0.0,-0.6666666666666666,0.0,-1.0,0.0,-0.9036178549712672,0.0,0.009592326139088728,0.0,1.0,0.0,0.1865671641791045,-0.5,0.8571428571428571,-0.8571428571428572,0.0,0,1,1,-0.25,0.09175170953613696,0.0,-0.5,0.0,-1.0,0.0,0.7010622154779969,1.8839833901102838,1.25,0.0,-0.3333333333333333,-0.8255476179287832,0.0,0,1,1,1,2.03125,-1.3423739501764387,1,0.16666666666666652,0.019047619047619424,0,1,-0.8275862068965516,-1.6856439532490701,1.3232628398791542,-0.25,1.0,1,0,0,Medium,Moderate,Week,High,Poor,3,1,1,3,2,4,0,3,3,7,16,34,1,3,0,0,3,0,1.5
27,674,454,1.0,Munnar,Kerala,Nature,-0.5116311063379355,Sep-Mar,457,-1.0,"Beaches, Historical",0.0,-0.5,0.2727272727272727,-1.0,46-60,Asthma,Family Vacation,"Nature & Relaxation, Photography",Post-Monsoon,"Curvy roads, limited medical facilities",Kerala Cuisine,0.08333333333333333,https://images.unsplash.com/photo-1491497895121-1334fc14d8c9,0.0,1.6114109483423282,1.0909090909090908,2.5695652173913044,0,0,1,0,0,0,0.0,1.5,1,1,0.6668188357349297,-0.899374118168978,-0.3231240915535573,-0.6476950952619539,-0.776490780402456,1.1249999999999998,1.2315594735160489,1.4078700811992506,0.41304347826086957,0,0,1.0,0.0,1.0,0.3333333333333333,0.0,-1.0,0.0,-0.5116311063379355,0.0,0.354916067146283,0.0,-1.0,0.0,0.20149253731343283,0.5,-0.8571428571428571,0.42857142857142866,0.0,0,1,0,0.5,0.8164965809277259,-0.5,0.5,1.5,-0.6,1.1832159566199232,-0.10197268588770864,0.43765946339539363,0.0,0.8228756555322951,0.6945736434108527,-0.3240374314843945,1.0000000000000002,1,0,0,0,1.1,-1.1426507419105403,1,1.6666666666666665,-1.314285714285714,1,0,1.6551724137931032,-1.3579052854934832,-1.0441087613293052,1.0,0.0,0,0,0,Medium,Moderate,Weekend,High,Excellent,4,4,0,3,0,2,1,1,1,5,7,26,1,3,1,0,0,0,3.0
417,799,814,0.5,Kodaikanal,Tamil Nadu,Nature,0.5939003011815217,Sep-Mar,853,1.0,"Beaches, Historical",-1.0,0.5,0.5151515151515151,1.0,26-35,Asthma,Family Vacation,"Nature & Relaxation, Photography",Post-Monsoon,"Curvy roads, limited medical facilities",South Indian Cuisine,-0.10416666666666667,https://encrypted-tbn0.gstatic.com/images?q=tbn:ANd9GcRR1MrvitA-PthZ_UMPeUYOYvzHFu6Olty-pnoL9EqaCl31ZwvMHSvu9OQ&s=10,1.0,-0.16191210485736313,0.17171717171717185,-0.4340579710144927,1,0,0,1,0,0,1.0,0.0,1,0,0.4899526048342854,0.9977365324349825,1.469897808101183,0.9073844631453323,0.3207983416232902,0.0,-0.4132831715414728,-0.42265250884863637,-0.2536231884057971,0,0,0.5,0.0,0.6666666666666666,0.0,0.0,1.0,0.0,0.5939003011815217,0.0,0.6618705035971223,0.0,1.0,0.0,-0.06716417910447761,-0.5,0.8571428571428571,0.0,0.0,0,1,1,-0.16666666666666674,0.6718751592707801,-0.5,0.0,0.5,0.33333333333333326,2.160246899469287,0.2670713201820942,1.9709455179536737,0.3333333333333335,0.5801234497346434,-0.8036175710594315,-0.024530569317868598,0.415037499278844,0,1,1,1,0.833333333333333,-0.6518206836797439,1,0.9999999999999996,-0.655462184873949,1,0,2.206896551724138,2.629957703476411,1.8066465256797586,0.5,0.0,0,0,0,Medium,Moderate,Week,VeryHigh,Good,4,4,0,1,0,2,1,1,1,15,14,18,1,3,0,1,2,1,4.5
32,56,322,-0.5,Fatehpur Sikri,Uttar Pradesh,Historical,0.28680087527557085,Nov-Feb,424,0.5,"Beaches, Historical",0.0,-0.5,0.030303030303030304,-0.5,26-35,Knee Pain,Leisure,"Cultural Exploration, Photography",Winter,"Long walking distances, crowd congestion",Mughlai Cuisine,0.052083333333333336,https://images.unsplash.com/photo-1717761558642-32cbeccbee7e,0.0,0.41634541249036217,0.6060606060606061,0.8847826086956521,0,0,1,0,0,0,0.0,0.5,0,0,-0.4098475059650422,0.476345540672556,0.05975993428900375,-0.2647056382888758,-0.275951276876883,0.37499999999999994,0.5213996141280788,0.5100978555069748,0.3804347826086957,0,0,-0.25,0.7071067811865476,0.0,-0.3333333333333333,1.0,-0.25,2.9999999999999996,0.28680087527557085,0.0,0.5179856115107914,1.1951219512195124,-0.5,0.0,0.12686567164179105,0.5,0.0,-0.01611160637019009,-0.963710722590775,1,1,1,-0.5,0.29885849072268444,-0.5,-0.5,0.5,0.16666666666666674,1.632993161855452,0.024279210925644827,0.36705104761766766,-0.16666666666666674,-0.09175170953613696,-0.13953488372093023,0.15928540462889693,0.415037499278844,0,1,1,0,-0.33333333333333304,0.3528890939597226,1,0.33333333333333304,-0.28571428571428514,0,0,0.0,0.7884979844589237,0.797583081570997,-0.75,1.0,1,0,0,Medium,Moderate,Weekend,VeryHigh,Poor,3,1,0,1,2,4,0,3,3,7,16,11,1,3,1,1,3,0,3.0
230,761,703,0.0,Hampi Ruins,Karnataka,Historical,0.882215496895412,Nov-Feb,82,-0.5,"Beaches, Historical",0.0,0.0,0.21212121212121213,-1.0,26-35,Knee Pain,Leisure,"Cultural Exploration, Photography",Winter,"Long walking distances, crowd congestion",South Indian Cuisine,-0.6875,https://wegobond.com/wp-content/uploads/2018/01/hampi-banner.jpg,1.0,1.518889745566692,-0.23232323232323246,1.1456521739130434,1,0,0,1,0,0,-0.3333333333333333,0.0,0,0,0.09489767183159979,-0.35552724021657844,-0.11848227901478633,-0.7256322276985245,-0.6540043358338858,0.7499999999999999,1.6811587070765939,0.11367895065584012,-0.6594202898550725,0,0,0.0,0.0,0.3333333333333333,-0.3333333333333333,0.0,-0.5,0.0,0.882215496895412,0.0,0.27817745803357313,0.0,-1.0,0.0,-0.9029850746268657,0.5,0.0,-0.42857142857142866,0.0,0,1,1,-0.25,0.09175170953613696,0.0,-0.5,0.0,-0.5,0.0,0.34597875569044,-0.0883117214114196,0.25,2.0,-1.069767441860465,0.06267360361532515,0.0,0,1,1,1,-0.0625,0.1325700850014538,1,2.1666666666666665,-1.5324675324675323,1,0,0.8275862068965516,3.6449753298253817,0.3987915407854985,0.0,0.0,0,0,0,Near,Moderate,Weekend,VeryHigh,Fair,3,1,0,1,2,4,0,3,3,15,6,13,2,3,1,1,1,0,2.5
586,479,882,0.5,Kerala Backwaters,Kerala,Nature,-0.06874114127716806,Sep-Mar,814,-0.5,"City, Historical",-1.0,0.0,-0.30303030303030304,-1.0,46-60,Asthma,Family Vacation,"Nature & Relaxation, Photography",Post-Monsoon,"Curvy roads, limited medical facilities",Kerala Cuisine,0.0,https://www.backpackadventures.org/wp-content/uploads/2020/08/india0898.jpg,0.0,0.7324595219737856,-0.06060606060606061,1.3304347826086957,1,0,0,1,0,0,0.0,0.5,1,0,0.3659210169263884,-0.449649160652711,0.024621068898046734,-0.40926715350879733,-0.4796719854404967,1.1249999999999998,1.3744180839119604,1.2679575265459089,0.32608695652173914,0,0,-0.25,2.1213203435596424,-0.3333333333333333,0.0,1.0,-0.25,1.0,-0.06874114127716806,0.0,0.42206235011990406,2.024390243902439,-0.5,1.0,0.08208955223880597,0.0,0.0,-0.01611160637019009,-1.0504799024963116,1,1,1,0.5,-0.408248290463863,1.0,0.0,-0.5,-0.5,0.0,-0.36418816388467373,-0.3826841261161515,-1.0,-0.5,0.12403100775193798,-0.11682276072909982,-0.5849625007211561,1,0,0,0,-0.375,0.3934525244337349,1,-0.3333333333333335,0.28571428571428603,0,0,0.0,0.0,0.0,0.5,0.0,0,0,0,Medium,Economy,Weekend,High,Good,4,4,1,3,0,2,1,1,1,5,7,16,1,1,1,0,2,0,3.0
950,961,569,-0.5,Ajanta Caves,Maharashtra,Historical,-0.11734903752501752,Nov-Feb,451,-1.0,"Nature, Adventure",0.0,0.5,1.5606060606060606,-0.5,26-35,Knee Pain,Leisure,"Cultural Exploration, Photography",Winter,"Long walking distances, crowd congestion",Maharashtrian Cuisine,-1.0104166666666667,https://plus.unsplash.com/premium_photo-1697729588019-20a1f5a325d1,2.0,1.9737856592135692,0.5151515151515151,0.8195652173913043,1,0,0,1,1,0,-1.0,0.0,0,0,-0.4476713970059501,-0.879861879639618,-0.6173557258535339,-0.9575678583465178,-0.81595852883092,-0.37499999999999994,0.4344912027255623,-0.6791588590464294,-0.9619565217391305,1,0,0.16666666666666674,1.5275252316519468,0.0,0.3333333333333333,2.0,0.0,2.82842712474619,-0.11734903752501752,0.0,1.1223021582733812,2.6884643518351954,-0.5,1.414213562373095,-0.2263681592039802,0.5,0.28571428571428564,1.142857142857143,-1.032412722174298,1,1,1,-0.75,0.09175170953613696,-0.5,-1.0,0.0,-0.75,1.0,1.566009104704097,0.618182049879937,-0.5,-0.5,-0.5736434108527132,-0.10946658079954906,0.0,0,1,1,0,0.6875,-0.18240432766853493,1,-0.3333333333333335,0.28571428571428603,1,0,0.8275862068965516,-0.23173554508730754,-1.8851963746223566,-0.75,1.0,1,0,0,Near,Premium,Weekend,High,Poor,3,1,2,1,2,4,0,3,3,6,10,1,2,4,1,0,3,0,1.5
452,282,563,-0.5,Varkala Beach,Kerala,Beach,0.3992077839094117,Nov-Mar,403,0.0,"Nature, Adventure",0.0,0.5,-0.22727272727272727,0.0,36-45,Knee Pain,Honeymoon,"Relaxation, Nightlife, Water Sports",Winter,"Crowds, sun exposure",Seafood,0.15625,https://encrypted-tbn0.gstatic.com/images?q=tbn:ANd9GcQhhfqvS3M6-Q5xL-XOgqAbXut9hnDO4dA-_VCx1YCE79I6gDY3_C1Zv3dOXwu2pL_OmQVlumXjSSQ8I6p748JioJniT2Wxf2InPIObpQ&s=10,2.0,-0.19275250578257522,-1.2727272727272727,-0.707608695652174,1,0,0,1,1,0,-0.3333333333333333,0.0,0,0,-0.399327482256638,0.04763164580013485,-0.1542846783499676,0.0,0.3304491315639471,-0.18749999999999997,0.055677542644787026,0.1748906933166771,-0.3532608695652174,0,0,0.0,1.4142135623730951,0.0,0.0,1.0,-0.5,2.0,0.3992077839094117,0.0,-0.47961630695443647,0.5121951219512195,-0.5,1.0,-0.4141791044776119,0.5,0.42857142857142855,0.32352321521291494,-1.0273550292155575,1,0,1,-0.25,0.09175170953613696,0.0,-0.5,0.0,0.0,0.0,0.8012139605462821,3.090910249399685,0.25,0.0,0.27906976744186046,0.21522990571140377,0.0,0,1,1,1,3.3125,-2.168454981525139,0,0.16666666666666652,-0.07792207792207773,0,1,-0.8275862068965516,1.1239261787709758,0.1812688821752266,-0.5,0.0,0,0,0,Far,Economy,Week,VeryHigh,Poor,1,2,2,2,2,3,2,3,0,14,7,38,0,1,0,1,3,0,2.5
806,217,580,0.5,Radhanagar Beach,Andaman,Beach,0.6614194866512607,Nov-Mar,890,-1.0,"Beaches, Historical",-1.0,-0.5,-1.1363636363636365,1.0,36-45,Knee Pain,Honeymoon,"Relaxation, Nightlife, Water Sports",Winter,"Crowds, sun exposure",Seafood,1.1458333333333333,https://dynamic-media-cdn.tripadvisor.com/media/photo-o/05/76/7a/1d/radhanagar-beach.jpg,-1.0,-1.002313030069391,-0.8181818181818182,-0.7891304347826088,0,1,0,0,0,0,-0.3333333333333333,1.0,1,0,0.5025906791403331,-0.8413221680858187,-0.36648124040363195,3.0152960813148146,4.740841623065201,-0.49999999999999994,-0.4060235075374598,0.27691026441807215,4.239130434782608,0,1,-0.25,2.1213203435596424,-0.3333333333333333,0.0,1.0,-0.75,1.0,0.6614194866512607,0.0,-0.9400479616306955,1.2439024390243902,1.0,0.0,0.3656716417910448,0.0,-0.42857142857142855,-0.01611160637019009,-1.0504799024963116,1,0,0,0.5,-0.408248290463863,1.0,0.0,0.0,-1.0,0.0,-1.329286798179059,-0.2649351642342587,0.75,0.0,1.4806201550387597,0.4329007334466458,0.0,1,0,0,1,-0.25,-0.01089650693282602,1,0.16666666666666652,-0.021978021978021456,0,0,0.0,1.6668595519625993,0.8157099697885197,0.5,0.0,0,0,0,Far,Budget,Week,VeryHigh,Good,1,2,0,2,2,3,2,3,0,14,0,28,0,0,0,1,2,0,2.5
52,316,211,-0.5,Ellora Caves,Maharashtra,Historical,-0.47802642615869056,Nov-Feb,714,0.0,"Beaches, Historical",0.0,0.5,1.5606060606060606,0.5,26-35,Knee Pain,Leisure,"Cultural Exploration, Photography",Winter,"Long walking distances, crowd congestion",Maharashtrian Cuisine,-1.1041666666666667,https://indiaholidaymall.com/images/blog/Ellora-Caves-Unesco-World-Heritage-Site.jpg,2.0,0.6908249807247493,0.5151515151515151,-0.08478260869565218,1,0,0,1,1,0,-0.3333333333333333,0.0,0,0,-0.48142674821724796,-0.08260610407647818,-0.2193086700067031,-0.528368395900119,-0.5041891954388383,-0.37499999999999994,-0.3514431767397316,-0.9426608369768895,-1.0108695652173914,1,0,-0.5,0.0,0.0,-0.6666666666666666,0.0,0.0,0.0,-0.47802642615869056,0.0,1.985611510791367,0.0,0.5,0.0,-1.5,0.5,0.8571428571428571,-0.8571428571428572,0.0,0,1,1,-0.5,-0.408248290463863,0.0,-1.0,-0.5,0.0,0.0,1.8755690440060697,-0.3826841261161515,0.5,-0.5,-1.5193798449612403,-0.7650029329565448,-0.5849625007211561,0,1,1,1,-0.375,0.3934525244337349,1,-0.3333333333333335,0.28571428571428603,0,0,0.0,0.0,0.0,-0.5,0.0,0,0,0,Near,Premium,Week,High,Poor,3,1,0,1,2,4,0,3,3,6,10,10,2,4,0,0,3,0,2.5
186,386,262,0.0,Konark Sun Temple,Odisha,Historical,0.9880011631773818,Nov-Feb,202,-1.0,"Beaches, Historical",0.0,0.5,1.8181818181818181,0.0,46-60,Knee Pain,Leisure,"Cultural Exploration, Photography",Winter,"Long walking distances, crowd congestion",Odia Cuisine,0.3125,https://cdn.britannica.com/19/251919-050-D3E64798/konark-sun-temple-orissa-india-unesco-heritage-site.jpg,2.0,1.3685427910562835,0.7727272727272727,0.3929347826086957,1,0,0,1,1,0,-0.6666666666666666,0.5,0,0,0.1097481965567407,-0.8251602878591033,-0.4701938457521478,-0.8002828741137689,-0.606033015505771,-0.37499999999999994,0.150638154318382,0.30605871330418494,-0.2717391304347826,0,0,-0.25,0.7071067811865476,0.0,-0.3333333333333333,1.0,-0.75,1.0,0.9880011631773818,0.0,0.60431654676259,4.341463414634147,-0.25,0.5,-0.1865671641791045,0.0,0.0,-0.01611160637019009,-0.963710722590775,1,1,1,0.0,-0.408248290463863,0.5,-0.5,-0.5,-1.0,0.0,2.1851289833080423,-0.3826841261161515,0.0,-0.5,0.5891472868217055,1.5567272890843333,-0.5849625007211561,0,0,1,0,-0.375,0.3934525244337349,1,-0.3333333333333335,0.28571428571428603,0,0,0.0,0.0,0.0,0.0,0.0,0,0,0,Far,Premium,Week,VeryHigh,Fair,3,1,0,3,2,4,0,3,3,11,11,20,0,4,0,1,1,0,2.0
166,770,752,-1.0,Coorg,Karnataka,Nature,0.5960810384964936,Apr-Jun,203,0.5,"Nature, Adventure",-1.0,0.5,0.10606060606060606,-1.0,18-25,Knee Pain,Adventure,"Trekking, Adventure Sports",Summer,"High altitude, physical exertion",Coorgi Cuisine,-0.3854166666666667,https://images.unsplash.com/photo-1710612198146-77512950a4b7,1.0,1.356977640709329,-0.3737373737373736,0.9934782608695655,1,0,0,1,0,0,-0.3333333333333333,1.0,0,0,-0.8165339313021391,0.5375681910998006,-0.36970999935148446,-0.6966373705106641,-0.6335689414195761,0.7499999999999999,1.5888631611442139,0.6208619612742037,-0.44927536231884063,0,0,0.16666666666666674,2.0816659994661326,-0.3333333333333333,0.3333333333333333,2.0,0.0,2.449489742783178,0.5960810384964936,0.0,0.457234212629896,0.8590999629735311,-0.33333333333333326,1.632993161855452,-0.4701492537313433,-0.16666666666666674,0.28571428571428564,1.142857142857143,-1.0495798165131978,1,1,1,-0.16666666666666674,0.6718751592707803,-0.5,0.0,0.5,0.16666666666666674,1.632993161855452,0.7283763277693475,1.057636462114266,-0.5,0.7247448713915889,0.7596899224806202,0.8776410061389017,0.415037499278844,0,1,1,0,1.6875,-1.079007387012861,1,0.6666666666666665,-0.714285714285714,0,1,-2.7586206896551717,0.16048917907088722,-2.8277945619335347,-0.16666666666666674,2.0,1,0,0,Medium,Moderate,Weekend,VeryHigh,Poor,4,0,2,0,2,0,4,2,2,1,6,8,1,3,1,1,3,0,2.5
192,762,391,0.5,Radhanagar Beach,Andaman,Beach,-0.3606143763106535,Nov-Mar,541,0.0,"Beaches, Historical",-1.0,0.0,-0.3939393939393939,-1.0,46-60,Knee Pain,Honeymoon,"Relaxation, Nightlife, Water Sports",Winter,"Crowds, sun exposure",Seafood,1.1458333333333333,https://dynamic-media-cdn.tripadvisor.com/media/photo-o/05/76/7a/1d/radhanagar-beach.jpg,0.0,0.5936777178103314,-0.24242424242424243,1.1347826086956523,1,0,0,1,0,0,0.3333333333333333,0.0,1,0,0.3112889059695267,-0.06517463480053434,0.40853538536810663,-0.2092542822695583,-0.44771076276883637,1.4999999999999998,1.280271437886865,3.191755153029357,1.5217391304347827,0,1,0.5,0.0,0.6666666666666666,0.0,1.0,0.0,0.0,-0.3606143763106535,0.0,-0.12470023980815348,0.926829268292683,0.0,2.0,0.2462686567164179,0.0,0.0,1.0027928583791246,0.0,1,0,1,0.5,-0.408248290463863,1.0,0.0,-0.5,0.0,0.0,-0.47344461305007585,-0.3826841261161515,-1.0,-0.5,1.8294573643410852,-0.5790588848725582,-0.5849625007211561,1,0,0,0,-0.375,0.3934525244337349,1,-0.3333333333333335,0.28571428571428603,0,0,0.0,0.0,0.0,0.5,0.0,0,0,0,Far,Economy,Weekend,High,Good,1,2,0,3,2,3,2,3,0,14,0,28,0,1,1,0,2,0,3.5
969,555,668,0.5,Auli,Uttarakhand,Adventure,0.5562505140379319,Apr-Jun,322,0.0,"Nature, Adventure",0.0,-0.5,-0.2727272727272727,1.0,26-35,Knee Pain,Adventure,"Trekking, Adventure Sports",Summer,"High altitude, physical exertion",North Indian Cuisine,0.3125,https://encrypted-tbn0.gstatic.com/images?q=tbn:ANd9GcQF-TkMBCYdtCTzI4rau2709Tbi2zVPKRaXu7qTOHjiZS7J37ZNbGLQxYMv&s=10,0.0,-0.5628373168851195,0.0,-0.4956521739130435,0,0,1,0,0,0,0.3333333333333333,0.0,1,0,0.4829054107039471,0.07094684665719066,0.5444585272067078,1.301145945391605,1.1960703290977348,-0.24999999999999992,-0.4173312773144249,-0.1894649177597336,0.6521739130434783,0,0,0.8333333333333335,0.5773502691896258,0.6666666666666666,0.3333333333333333,2.0,-0.5,1.414213562373095,0.5562505140379319,0.0,-0.565947242206235,1.3588671489935726,0.16666666666666652,2.041241452319315,1.0024875621890548,0.16666666666666674,-0.8571428571428571,2.285714285714286,-0.9376024857396118,1,0,0,-0.5,0.8164965809277259,-0.5,0.0,0.5,0.33333333333333326,0.8164965809277259,-0.09104704097116843,0.7777556399236832,0.5,1.3708286933869707,0.1912144702842376,0.6606360319053435,0.415037499278844,0,1,0,1,0.4375,-0.4476292045482101,1,0.6666666666666665,-0.3809523809523805,1,0,3.3103448275862064,0.5834417203428758,0.9305135951661635,0.5,0.0,0,0,0,Far,Economy,Week,VeryHigh,Good,0,0,2,1,2,0,4,2,2,10,17,2,0,1,0,1,2,0,3.5
915,682,864,0.0,Kovalam Beach,Kerala,Beach,0.08029500726106187,Nov-Mar,410,-1.0,"City, Historical",0.0,0.5,0.9848484848484849,0.0,46-60,Knee Pain,Honeymoon,"Relaxation, Nightlife, Water Sports",Winter,"Crowds, sun exposure",Seafood,0.2604166666666667,https://eastindiantraveller.com/wp-content/uploads/2021/01/kovalambeach.jpg,2.0,0.7324595219737856,-0.06060606060606061,-0.05543478260869566,1,0,0,1,1,0,-0.6666666666666666,0.5,0,0,-0.017678450033235787,-0.8700808673876932,-0.5038351908066733,-0.6748842465145068,-0.4644019521713563,-0.37499999999999994,0.00424328165037283,0.26233603997501564,-0.29891304347826086,0,0,-0.5,1.4142135623730951,-0.3333333333333333,-0.3333333333333333,1.0,0.0,4.0,0.08029500726106187,0.0,0.1630695443645084,2.780487804878049,-0.5,1.0,-0.33955223880597013,0.5,0.0,-0.3557464279532948,-1.0273550292155575,1,1,1,0.0,-0.408248290463863,0.5,-0.5,-0.5,-1.0,0.0,1.1836115326251895,-0.3826841261161515,0.0,-0.5,0.5116279069767442,0.1192039912602584,-0.5849625007211561,0,0,1,0,-0.375,0.3934525244337349,1,-0.3333333333333335,0.28571428571428603,0,0,0.0,0.0,0.0,0.0,0.0,0,0,0,Far,Premium,Week,VeryHigh,Fair,1,2,1,3,2,3,2,3,0,14,7,21,0,4,0,1,1,0,2.0
972,289,63,-0.5,Kerala Backwaters,Kerala,Nature,-0.6720592936179617,Sep-Mar,747,-1.0,"City, Historical",0.0,-0.5,-0.42424242424242425,-1.0,36-45,Asthma,Family Vacation,"Nature & Relaxation, Photography",Post-Monsoon,"Curvy roads, limited medical facilities",Kerala Cuisine,0.0,https://www.backpackadventures.org/wp-content/uploads/2020/08/india0898.jpg,0.0,0.5474171164225135,-0.30303030303030304,1.0695652173913044,0,0,1,0,0,0,-1.0,0.0,0,0,-0.499586044569133,-0.9073133913559764,-0.6310614822144998,-0.7683421125720713,-0.4601138016286138,0.0,1.1798117489993847,1.2679575265459089,0.32608695652173914,0,0,-0.5,0.0,0.0,-0.6666666666666666,0.0,-1.0,0.0,-0.6720592936179617,0.0,-0.5275779376498801,0.0,-1.0,0.0,0.08208955223880597,0.5,-0.8571428571428571,-0.8571428571428572,0.0,0,0,0,-0.5,-0.408248290463863,0.0,-1.0,-0.5,-1.0,0.0,-0.5098634294385432,-0.3826841261161515,-1.0,-0.5,0.12403100775193798,-1.072290446320095,-0.5849625007211561,0,1,0,0,-0.375,0.3934525244337349,1,-0.3333333333333335,0.28571428571428603,0,0,0.0,0.0,0.0,-0.5,0.0,0,0,0,Medium,Economy,Weekend,High,Poor,4,4,1,2,0,2,1,1,1,5,7,16,1,1,1,0,3,0,1.5
24,512,30,0.0,Calangute Beach,Goa,Beach,0.741096524947911,Nov-Mar,239,0.5,"City, Historical",-1.0,0.0,-0.2727272727272727,0.0,18-25,Knee Pain,Honeymoon,"Relaxation, Nightlife, Water Sports",Winter,"Crowds, sun exposure",Seafood,-0.8489583333333334,https://encrypted-tbn0.gstatic.com/images?q=tbn:ANd9GcQawETYRiYBsH6-h7nyRef7D05VLNnIS00HBpFyaZdOJDehCXzhEkUfAY5Vf_tWlUzd5qaIpJnkr2vAOF1xcvRS_dDd2Lq-Y2B30QDq-g&s=10,0.0,-0.22744795682343874,0.0,-0.022826086956521743,1,0,0,1,0,0,0.3333333333333333,0.0,0,0,0.07508694646823384,0.566274307719411,0.5718615293542377,0.5357705037115164,0.4496361092431435,0.18749999999999997,0.1108173677795316,-0.6689569019362899,-0.5597826086956522,0,0,0.0,0.0,0.3333333333333333,-0.3333333333333333,0.0,0.5,0.0,0.741096524947911,0.0,-0.33573141486810554,0.0,0.0,0.0,-1.1343283582089552,-0.5,0.0,-0.42857142857142866,0.0,0,0,1,0.0,-0.408248290463863,0.5,-0.5,-0.5,0.5,0.0,-0.32776934749620634,-0.3826841261161515,0.0,-0.5,-1.1395348837209303,1.1657073896573105,-0.5849625007211561,0,0,0,0,-0.375,0.3934525244337349,1,-0.3333333333333335,0.28571428571428603,0,0,0.0,0.0,0.0,0.0,0.0,0,0,0,Near,Economy,Week,VeryHigh,Fair,1,2,1,0,2,3,2,3,0,14,3,6,2,1,0,1,1,0,3.5
319,25,916,0.0,Kodaikanal,Tamil Nadu,Nature,0.9400177804986067,Apr-Jun,627,-1.0,"Beaches, Historical",-1.0,0.5,0.5606060606060606,0.0,26-35,Knee Pain,Adventure,"Trekking, Adventure Sports",Summer,"High altitude, physical exertion",South Indian Cuisine,-0.10416666666666667,https://encrypted-tbn0.gstatic.com/images?q=tbn:ANd9GcRR1MrvitA-PthZ_UMPeUYOYvzHFu6Olty-pnoL9EqaCl31ZwvMHSvu9OQ&s=10,1.0,0.4086353122590593,0.23232323232323246,0.10217391304347835,1,0,0,1,0,0,-0.6666666666666666,0.5,0,0,0.10301213829939918,-0.8275348904148134,-0.47197220268303197,-0.5757205317923753,-0.19168847002414133,-0.37499999999999994,0.14289939309961686,-0.04372267332916927,-0.2536231884057971,0,0,0.0,0.0,0.3333333333333333,-0.3333333333333333,0.0,-1.0,0.0,0.9400177804986067,0.0,0.7194244604316546,0.0,0.0,0.0,-0.06716417910447761,-0.5,0.8571428571428571,-0.42857142857142866,0.0,0,1,1,-0.16666666666666674,0.6718751592707803,-0.5,0.0,0.5,-0.6666666666666666,0.8164965809277259,1.0925644916540211,0.47756854725665515,0.16666666666666652,-0.09175170953613696,-0.08268733850129187,0.028849812814337003,0.415037499278844,0,1,1,1,1.0625,-0.5084137776148215,1,-4.440892098500626e-16,0.03571428571428603,1,0,0.5517241379310347,3.9894480923518794,0.12084592145015079,0.25,1.0,1,0,0,Medium,Moderate,Week,VeryHigh,Fair,4,0,0,1,2,0,4,2,2,15,14,18,1,3,0,1,1,0,2.0
770,177,373,-0.5,Tarkarli Beach,Maharashtra,Beach,0.9711524741852399,Nov-Mar,867,1.0,"Beaches, Historical",0.0,0.5,0.7424242424242424,0.5,46-60,Knee Pain,Honeymoon,"Relaxation, Nightlife, Water Sports",Winter,"Crowds, sun exposure",Seafood,-0.9166666666666666,https://encrypted-tbn0.gstatic.com/images?q=tbn:ANd9GcRmtn0Vsfvni1NmF01OGM9ahIFZcrRqMoNKSjV1xzIEbR5CCG-tr4PumVg&s=10,2.0,0.1912104857363145,-0.30303030303030304,-0.43695652173913047,1,0,0,1,1,0,0.3333333333333333,1.0,0,0,-0.3457998852901807,1.0910838460413315,0.3666812261359915,0.05515785514600281,-0.019177441812978684,-0.07500000000000005,-0.16446428785043055,-0.8167395377888821,-0.9130434782608695,0,0,-0.5,0.0,0.0,-0.6666666666666666,0.0,1.0,0.0,0.9711524741852399,0.0,0.9496402877697842,0.0,0.5,0.0,-1.2313432835820894,0.5,0.8571428571428571,-0.8571428571428572,0.0,0,1,1,0.25,1.0917517095361369,0.0,0.5,0.0,1.0,0.0,1.0379362670713201,0.08831172141141956,-0.25,0.9999999999999999,-0.7596899224806202,0.425452670684006,0.0,1,0,1,0,0.125,0.07395084663240724,1,1.1666666666666665,-1.047619047619047,0,1,-2.482758620689655,3.03516138405208,-1.1238670694864048,-0.5,0.0,0,0,0,Near,Moderate,Week,VeryHigh,Poor,1,2,0,3,2,3,2,3,0,14,10,35,2,3,0,1,3,0,3.5
286,390,827,0.0,Sandakphu,West Bengal,Adventure,0.3640868016626474,Apr-Jun,221,0.5,"Nature, Adventure",0.0,-0.5,-0.12121212121212122,0.0,18-25,Knee Pain,Adventure,"Trekking, Adventure Sports",Summer,"High altitude, physical exertion",North East Cuisine,0.8333333333333334,https://aquaterra.in/wp-content/uploads/2020/01/Sandakphu-Trek-03.jpg,0.0,-0.11179645335389365,0.30303030303030304,0.14021739130434785,0,0,1,0,0,0,0.3333333333333333,0.0,0,0,0.022161135117357608,0.4916444502594663,0.5159706924031661,0.36987631930795056,0.21129284164600748,0.18749999999999997,0.05001322970554058,0.7432854465958777,1.1956521739130435,0,1,-0.5,1.4142135623730951,-0.3333333333333333,-0.3333333333333333,1.0,0.5,0.0,0.3640868016626474,0.0,-0.24940047961630696,0.2682926829268293,0.5,1.0,0.7388059701492538,0.0,-0.42857142857142855,-0.3557464279532948,-1.0273550292155575,1,0,0,0.0,-0.408248290463863,0.5,-0.5,-0.5,0.5,0.0,-0.14567526555386948,-0.3826841261161515,0.0,-0.5,1.3643410852713178,0.5686416352869759,-0.5849625007211561,0,0,0,0,-0.375,0.3934525244337349,1,-0.3333333333333335,0.28571428571428603,0,0,0.0,0.0,0.0,0.0,0.0,0,0,0,Far,Economy,Week,VeryHigh,Fair,0,0,2,0,2,0,4,2,2,9,18,31,0,1,0,1,1,0,3.5
951,419,240,0.5,Munnar,Kerala,Nature,-0.3423227393615792,Sep-Mar,700,-0.5,"City, Historical",-1.0,0.5,1.1515151515151516,0.5,18-25,Asthma,Family Vacation,"Nature & Relaxation, Photography",Post-Monsoon,"Curvy roads, limited medical facilities",Kerala Cuisine,0.08333333333333333,https://images.unsplash.com/photo-1491497895121-1334fc14d8c9,1.0,0.4410177332305319,1.0202020202020203,0.13260869565217384,1,0,0,1,0,0,0.0,0.5,1,0,0.3147126893776553,-0.47672718332383285,-0.002417498981328088,-0.2778492724143494,-0.36625142574068537,-0.225,-0.33393414140290484,-0.145159275452842,-0.1231884057971015,0,0,0.16666666666666674,1.1547005383792515,0.0,0.0,2.0,-0.33333333333333326,0.816496580927726,-0.3423227393615792,0.0,1.4036770583533171,0.32601524643517765,-0.33333333333333326,1.0801234497346432,0.1865671641791045,0.16666666666666674,0.8571428571428571,1.142857142857143,-1.0123296781699866,1,1,1,0.5,-0.408248290463863,1.0,0.0,0.0,-0.75,1.0,0.464339908952959,2.5904771614016404,0.75,0.0,-0.49612403100775193,0.4436111624016774,0.0,1,0,1,1,2.78125,-2.1102212657784096,0,0.16666666666666652,-0.021978021978021456,0,0,0.0,-2.730462070078417,1.7401812688821754,0.5,0.0,0,0,0,Medium,Premium,Week,High,Good,4,4,1,0,0,2,1,1,1,5,7,26,1,4,0,0,2,0,3.0
164,317,862,1.0,Varkala Beach,Kerala,Beach,0.12119346890865378,Nov-Mar,525,0.5,"Beaches, Historical",-1.0,0.0,-0.6363636363636364,-1.0,26-35,Knee Pain,Honeymoon,"Relaxation, Nightlife, Water Sports",Winter,"Crowds, sun exposure",Seafood,0.15625,https://encrypted-tbn0.gstatic.com/images?q=tbn:ANd9GcQhhfqvS3M6-Q5xL-XOgqAbXut9hnDO4dA-_VCx1YCE79I6gDY3_C1Zv3dOXwu2pL_OmQVlumXjSSQ8I6p748JioJniT2Wxf2InPIObpQ&s=10,0.0,0.22359290670778714,-0.7272727272727273,0.6130434782608696,1,0,0,1,0,0,1.0,0.0,1,1,0.8148820112053279,0.4435632107533816,1.3531016140136825,0.3816374741723825,-0.16298816602950097,2.2499999999999996,1.4356834017511506,1.5302935665209245,0.4891304347826087,0,0,0.0,2.8284271247461903,-0.3333333333333333,0.3333333333333333,1.0,0.25,1.0,0.12119346890865378,0.0,-0.6906474820143885,0.2682926829268293,-0.5,1.0,0.30597014925373134,0.0,0.42857142857142855,0.32352321521291494,-1.062437173501617,1,0,1,0.25,0.5046226387114138,0.0,0.5,1.0,-0.25,1.414213562373095,-0.3869499241274658,0.45502822743402954,0.125,0.5606601717798212,-0.8585271317829457,-0.508324249297519,0.7369655941662062,1,0,0,1,0.921875,-1.2095213586508369,1,1.9166666666666665,-1.4285714285714284,1,0,2.482758620689655,1.9022760920692878,2.841389728096677,1.0,0.0,0,0,0,Far,Economy,Weekend,VeryHigh,Excellent,1,2,0,1,2,3,2,3,0,14,7,38,0,1,1,1,0,1,4.5
978,831,20,0.0,Taj Mahal,Uttar Pradesh,Historical,0.2792379407895455,Nov-Feb,311,0.5,"Nature, Adventure",0.0,-0.5,-0.48484848484848486,1.0,46-60,Knee Pain,Leisure,"Cultural Exploration, Photography",Winter,"Long walking distances, crowd congestion",Mughlai Cuisine,0.07291666666666667,https://upload.wikimedia.org/wikipedia/commons/1/1d/Taj_Mahal_%28Edited%29.jpeg,0.0,-0.6707787201233617,-0.42424242424242425,-0.6478260869565219,0,0,1,0,0,0,0.3333333333333333,0.0,0,0,0.010249785020668934,0.4748484420891227,0.503392041096196,1.71410713704861,1.5288043544524472,-0.24999999999999992,-0.44711567404076935,-0.32354778263585265,0.40217391304347827,0,0,0.0,0.0,0.3333333333333333,-0.3333333333333333,0.0,0.5,0.0,0.2792379407895455,0.0,-0.60431654676259,0.0,1.0,0.0,0.1865671641791045,0.5,-0.8571428571428571,-0.42857142857142866,0.0,0,0,0,0.30000000000000004,0.3979774843659918,0.0,0.5,1.5,0.7000000000000002,0.7745966692414833,0.021851289833080424,0.6796699519458869,0.6000000000000001,-0.18377223398316214,0.6232558139534884,-0.20554910690815856,1.0000000000000002,1,0,1,1,1.7,-1.6291424346984706,0,0.46666666666666634,-0.23041474654377847,0,1,-0.993103448275862,1.7580676813747553,-0.9135951661631421,0.5,1.0,1,0,0,Medium,Economy,Week,VeryHigh,Fair,3,1,2,3,2,4,0,3,3,7,16,34,1,1,0,1,1,0,3.5
758,717,199,1.0,Radhanagar Beach,Andaman,Beach,-0.13559746306570822,Nov-Mar,396,-0.5,"Beaches, Historical",-1.0,-0.5,-1.1363636363636365,0.0,46-60,Knee Pain,Honeymoon,"Relaxation, Nightlife, Water Sports",Winter,"Crowds, sun exposure",Seafood,1.1458333333333333,https://dynamic-media-cdn.tripadvisor.com/media/photo-o/05/76/7a/1d/radhanagar-beach.jpg,-1.0,-0.8866615265998458,-0.8181818181818182,-0.4630434782608696,0,1,0,0,0,0,0.3333333333333333,1.0,1,1,0.7548001460133644,-0.4562663345042189,0.22995358476050815,3.1486039080676798,2.751419674851006,0.18749999999999997,-0.030575861634563894,1.0056214865708932,4.239130434782608,0,1,1.0,0.0,1.0,0.3333333333333333,0.0,-0.5,0.0,-0.13559746306570822,0.0,-1.4292565947242206,0.0,0.0,0.0,1.7238805970149254,-0.5,-0.8571428571428571,0.42857142857142866,0.0,0,0,0,1.0,-0.408248290463863,1.5,0.5,-0.5,-0.5,0.0,-1.3657056145675264,-0.3826841261161515,0.0,-0.5,1.8294573643410852,-0.2227023116734583,-0.5849625007211561,1,0,0,0,-0.375,0.3934525244337349,1,-0.3333333333333335,0.28571428571428603,0,0,0.0,0.0,0.0,1.0,0.0,0,0,0,Far,Budget,Week,High,Excellent,1,2,0,3,2,3,2,3,0,14,0,28,0,0,0,0,0,0,3.5
109,103,99,0.0,Jaipur,Rajasthan,City,0.8142721207831711,Oct-Mar,37,0.0,"City, Historical",0.0,-0.5,-0.015151515151515152,0.0,36-45,High Blood Pressure,Business,"Shopping, Food & Local Cuisine",All seasons,"Traffic congestion, pollution",Rajasthani Cuisine,-0.2708333333333333,https://t4.ftcdn.net/jpg/05/84/76/73/360_F_584767353_EXYOkE8NcX37UwV4WfBw7AjBaEtU6mMy.jpg,0.0,-0.03084040092521208,0.5151515151515151,0.25434782608695655,0,0,1,0,0,0,0.0,-0.5,0,0,0.08535956688480206,0.10925378122081153,0.22959557040428766,0.060305921626296194,0.18605641003438744,0.0,0.12261912979787379,-0.18363522798251095,0.043478260869565216,0,0,0.33333333333333326,0.5773502691896258,0.3333333333333333,0.0,2.0,-0.16666666666666674,2.160246899469287,0.8142721207831711,0.0,0.11830535571542775,0.9186632124764574,-0.6666666666666667,0.8164965809277259,-0.2512437810945273,0.16666666666666674,-0.28571428571428575,1.4285714285714284,-0.9376024857396118,1,1,1,0.0,-0.408248290463863,0.5,-0.5,-0.5,0.0,0.0,-0.018209408194233685,-0.3826841261161515,0.0,-0.5,-0.27906976744186046,1.2815946987382485,-0.5849625007211561,0,0,0,0,-0.375,0.3934525244337349,1,-0.3333333333333335,0.28571428571428603,0,0,0.0,0.0,0.0,0.0,0.0,0,0,0,Medium,Moderate,Week,VeryHigh,Fair,2,3,1,2,1,1,3,0,4,13,13,15,1,3,0,1,1,0,3.0
797,517,70,0.0,Baga Beach,Goa,Beach,0.22086302375639655,Nov-Mar,41,0.0,"Beaches, Historical",-1.0,0.5,-0.015151515151515152,0.5,26-35,Knee Pain,Honeymoon,"Relaxation, Nightlife, Water Sports",Winter,"Crowds, sun exposure",Seafood,-0.84375,https://encrypted-tbn0.gstatic.com/images?q=tbn:ANd9GcQeseYB8OMIYAnzRmlYP6matYpojVkK9lRx0Wgn7x8BYcxvxjfwm4QrUxM&s=10,1.0,-0.2713955281418659,-0.5353535353535355,-0.5369565217391306,1,0,0,1,0,0,0.0,-0.5,0,0,0.0020549304699764587,0.021153859140617896,0.16361690518937713,0.34913954625750476,0.42122910214274467,-0.225,-0.2612696496682539,-0.7677701436602125,-0.7681159420289856,0,0,0.25,0.7071067811865476,0.3333333333333333,0.0,1.0,0.5,2.0,0.22086302375639655,0.0,-0.2973621103117506,0.7317073170731707,0.5,0.0,-1.126865671641791,0.0,0.8571428571428571,0.6631580367960199,-0.963710722590775,1,0,1,0.25,0.29885849072268444,0.5,0.5,1.0,0.0,0.0,0.22306525037936265,1.1828955944192863,0.5,0.5,-0.4108527131782946,-0.4446812448171974,0.7369655941662062,1,0,1,1,0.453125,-0.3376851301425329,1,-0.3333333333333335,0.28571428571428603,0,1,-0.8275862068965516,2.1611226248543516,-1.6858006042296074,0.0,2.0,1,0,0,Near,Moderate,Week,VeryHigh,Fair,1,2,0,1,2,3,2,3,0,14,3,3,2,3,0,1,1,0,3.0
252,915,484,-0.5,Zanskar Valley,Ladakh,Adventure,-0.6647678474581071,Apr-Jun,850,-1.0,"Beaches, Historical",0.0,-0.5,-0.2727272727272727,1.0,26-35,Knee Pain,Adventure,"Trekking, Adventure Sports",Summer,"High altitude, physical exertion",Tibetan Cuisine,1.0416666666666667,https://www.swantour.com/blogs/wp-content/uploads/2019/05/Zanskar-Valley-tourism.jpg,0.0,-0.5628373168851195,0.0,-0.4956521739130435,0,0,1,0,0,0,-1.0,0.0,0,0,-0.49890364713108865,-0.9069525521295734,-0.6308813254867516,-0.13157655627555553,0.8586691265934224,-0.7499999999999999,-0.5486151929233382,0.21861336664584638,1.4130434782608696,0,1,0.25,2.1213203435596424,0.0,0.3333333333333333,1.0,-0.5,2.0,-0.6647678474581071,0.0,0.3261390887290168,1.6829268292682928,0.25,1.4999999999999998,0.753731343283582,0.0,0.0,0.6631580367960199,-1.0504799024963116,1,1,1,-0.5,-0.408248290463863,0.0,-1.0,-0.5,-1.0,0.0,-0.32776934749620634,-0.3826841261161515,1.0,-0.5,1.6744186046511629,-1.060743070926304,-0.5849625007211561,0,1,0,1,-0.375,0.3934525244337349,1,-0.3333333333333335,0.28571428571428603,0,0,0.0,0.0,0.0,-0.5,0.0,0,0,0,Far,Economy,Week,High,Poor,0,0,0,1,2,0,4,2,2,17,8,39,0,1,0,0,3,0,1.5
188,722,240,0.5,Tarkarli Beach,Maharashtra,Beach,0.912598477536581,Nov-Mar,700,-1.0,"City, Historical",-1.0,0.5,-0.3787878787878788,1.0,46-60,Knee Pain,Honeymoon,"Relaxation, Nightlife, Water Sports",Winter,"Crowds, sun exposure",Seafood,-0.9166666666666666,https://encrypted-tbn0.gstatic.com/images?q=tbn:ANd9GcRmtn0Vsfvni1NmF01OGM9ahIFZcrRqMoNKSjV1xzIEbR5CCG-tr4PumVg&s=10,1.0,-0.6168080185042405,-1.02020202020202,-0.8615942028985508,1,0,0,1,0,0,-0.3333333333333333,1.0,1,0,0.5496057420271546,-0.8288918174019184,-0.3540690017105343,0.7210490629231079,1.4969251997434418,-0.49999999999999994,-0.3790167380391558,-0.8773683114719967,-0.8188405797101449,0,0,0.5,0.0,0.6666666666666666,0.0,0.0,-1.0,0.0,0.912598477536581,0.0,-0.47002398081534774,0.0,1.0,0.0,-1.2313432835820894,-0.5,0.8571428571428571,0.0,0.0,0,0,1,0.5,-0.408248290463863,1.0,0.0,0.0,-0.75,1.0,0.464339908952959,2.5904771614016404,0.75,0.0,-0.49612403100775193,0.4436111624016774,0.0,1,0,1,1,2.78125,-2.1102212657784096,0,0.16666666666666652,-0.021978021978021456,0,0,0.0,2.7304620700784095,-1.7401812688821754,0.5,0.0,0,0,0,Near,Economy,Week,VeryHigh,Good,1,2,1,3,2,3,2,3,0,14,10,35,2,1,0,1,2,0,2.5
506,910,752,0.0,Tawang,Arunachal Pradesh,Nature,0.07151403614424044,Apr-Jun,799,0.5,"Nature, Adventure",-1.0,0.5,0.5606060606060606,-1.0,36-45,Knee Pain,Adventure,"Trekking, Adventure Sports",Summer,"High altitude, physical exertion",North East Cuisine,1.6666666666666667,https://s7ap1.scene7.com/is/image/incredibleindia/sela-pass-tawang-arunachal-pradesh-blog-ntr-hero,1.0,2.0508866615265995,0.23232323232323246,1.6456521739130439,1,0,0,1,0,0,0.3333333333333333,0.0,0,0,-0.0189111503910851,0.4337290638948038,0.47259744305717905,-0.6394079909418265,-0.8167067286667886,1.4999999999999998,1.4196588013088998,4.066208619612743,0.9782608695652174,0,1,0.0,0.0,0.3333333333333333,-0.3333333333333333,0.0,0.5,0.0,0.07151403614424044,0.0,0.7194244604316546,0.0,-1.0,0.0,2.470149253731343,-0.5,0.8571428571428571,-0.42857142857142866,0.0,0,1,1,-0.16666666666666674,0.6718751592707803,-0.5,0.0,0.5,0.16666666666666674,1.632993161855452,0.7283763277693475,1.057636462114266,-0.5,0.7247448713915889,0.7596899224806202,0.8776410061389017,0.415037499278844,0,1,1,0,-0.1875,0.25959253248404457,1,0.6666666666666665,-0.714285714285714,1,0,0.5517241379310347,-2.1222203390259713,4.314199395770393,-0.16666666666666674,2.0,1,0,0,Far,Moderate,Weekend,VeryHigh,Fair,4,0,2,2,2,0,4,2,2,9,1,36,0,3,1,1,1,0,3.5
809,535,872,0.0,Kodaikanal,Tamil Nadu,Nature,0.6951055407472138,Apr-Jun,782,-1.0,"Nature, Adventure",-1.0,0.0,-0.13636363636363635,0.5,18-25,Knee Pain,Adventure,"Trekking, Adventure Sports",Summer,"High altitude, physical exertion",South Indian Cuisine,-0.10416666666666667,https://encrypted-tbn0.gstatic.com/images?q=tbn:ANd9GcRR1MrvitA-PthZ_UMPeUYOYvzHFu6Olty-pnoL9EqaCl31ZwvMHSvu9OQ&s=10,0.0,-0.34541249036237476,0.2727272727272727,-0.18913043478260871,1,0,0,1,0,0,-0.6666666666666666,0.5,0,0,0.0686305873790401,-0.8396551119992661,-0.48104912378999076,-0.09102780622837171,0.6580620396880424,-0.5249999999999999,-0.20008097319086107,-0.2710805746408495,0.21739130434782608,0,0,0.0,0.0,0.3333333333333333,-0.3333333333333333,0.0,-1.0,0.0,0.6951055407472138,0.0,-0.1630695443645084,0.0,0.5,0.0,-0.06716417910447761,-0.5,0.0,-0.42857142857142866,0.0,0,0,1,0.33333333333333326,0.4082482904638629,0.5,0.5,0.5,-1.0,0.0,0.09711684370257957,0.38079479158234986,0.6666666666666665,0.5801234497346432,0.847545219638243,0.6370809115052705,0.415037499278844,1,0,1,1,0.520833333333333,-0.44704438676588887,1,-4.440892098500626e-16,0.07518796992481258,0,1,-1.1034482758620685,1.2524082547878947,-2.054380664652568,0.33333333333333326,2.0,1,0,0,Medium,Economy,Week,VeryHigh,Fair,4,0,2,0,2,0,4,2,2,15,14,18,1,1,0,1,1,0,2.0
815,95,324,1.0,Munnar,Kerala,Nature,-0.32027021315341925,Apr-Jun,38,0.5,"City, Historical",-1.0,0.0,0.16666666666666666,-1.0,26-35,Knee Pain,Adventure,"Trekking, Adventure Sports",Summer,"High altitude, physical exertion",Kerala Cuisine,0.08333333333333333,https://images.unsplash.com/photo-1491497895121-1334fc14d8c9,0.0,1.4494988434849652,0.8787878787878788,2.341304347826087,1,0,0,1,0,0,1.0,0.0,1,1,0.7115919096862859,0.35617455833630307,1.2440249635984812,-0.3196213846193704,-0.7275966797749217,2.2499999999999996,1.2932848532742234,1.4078700811992506,0.41304347826086957,0,0,1.0,0.0,1.0,0.3333333333333333,0.0,0.5,0.0,-0.32027021315341925,0.0,0.22062350119904076,0.0,-1.0,0.0,0.20149253731343283,-0.5,0.0,0.42857142857142866,0.0,0,1,1,0.5,0.591751709536137,0.5,0.5,0.0,0.5,0.0,-0.1274658573596358,0.6770565308208832,-0.25,0.9999999999999999,-0.32558139534883723,0.093666010601831,0.0,1,0,0,0,0.75,-0.7948885228523835,1,1.1666666666666665,-1.047619047619047,1,0,1.6551724137931032,-1.672930029722077,1.341389728096677,1.0,0.0,0,0,0,Medium,Moderate,Weekend,High,Excellent,4,0,1,1,2,0,4,2,2,5,7,26,1,3,1,0,0,1,4.5
38,204,551,0.5,Coorg,Karnataka,Nature,-0.5495793752264555,Sep-Mar,944,-1.0,"Nature, Adventure",0.0,0.5,0.6515151515151515,1.0,18-25,Asthma,Family Vacation,"Nature & Relaxation, Photography",Post-Monsoon,"Curvy roads, limited medical facilities",Coorgi Cuisine,-0.3854166666666667,https://images.unsplash.com/photo-1710612198146-77512950a4b7,2.0,-0.09252120277563608,-0.3939393939393939,-0.6369565217391304,1,0,0,1,1,0,-0.3333333333333333,1.0,1,0,0.2759189043777502,-0.9012521028223467,-0.42632385254932076,-0.0979971226427315,0.030440539467373826,-0.49999999999999994,-0.5362301263719628,-0.5800541328336457,-0.6358695652173914,0,0,0.0,1.4142135623730951,0.0,0.0,1.0,-0.25,2.9999999999999996,-0.5495793752264555,0.0,0.5083932853717026,0.8292682926829269,1.0,0.0,0.2537313432835821,0.5,0.0,0.32352321521291494,-1.0273550292155575,1,1,1,-0.25,1.0917517095361369,-0.5,0.0,0.0,-1.0,0.0,0.8376327769347496,-0.20606068329331237,0.25,0.9999999999999999,-1.2209302325581395,0.21956393523104487,0.0,0,1,1,1,-0.1875,0.2649114021129108,1,1.1666666666666665,-0.8051948051948048,1,0,2.482758620689655,-3.0167317146348975,1.8036253776435047,0.5,0.0,0,0,0,Medium,Moderate,Week,High,Good,4,4,2,0,0,2,1,1,1,1,6,8,1,3,0,0,2,0,2.5
317,844,781,-0.5,Tawang,Arunachal Pradesh,Nature,0.6909604061026207,Sep-Mar,284,-0.5,"Beaches, Historical",-1.0,-0.5,-0.7727272727272727,1.0,26-35,Asthma,Family Vacation,"Nature & Relaxation, Photography",Post-Monsoon,"Curvy roads, limited medical facilities",North East Cuisine,1.6666666666666667,https://s7ap1.scene7.com/is/image/incredibleindia/sela-pass-tawang-arunachal-pradesh-blog-ntr-hero,-1.0,-0.8172706245181187,0.6363636363636364,-0.2673913043478261,0,1,0,0,0,0,-0.6666666666666666,-0.5,0,0,-0.37202271478492016,-0.3744569113666709,-0.36502144895311506,0.9429653199748148,2.5326375418328158,-0.625,-0.4028472673607681,0.5683947532792005,5.326086956521739,0,1,-0.5,0.0,0.0,-0.6666666666666666,0.0,-0.5,0.0,0.6909604061026207,0.0,-0.9688249400479616,0.0,1.0,0.0,2.470149253731343,-0.5,-0.8571428571428571,-0.8571428571428572,0.0,0,0,0,-0.5,-0.408248290463863,0.0,-1.0,0.0,0.0,2.0,-1.047040971168437,0.0,0.75,0.0,1.751937984496124,-0.21003584560061028,0.0,0,1,0,1,0.03125,-0.491877093915518,1,0.16666666666666652,-0.021978021978021456,0,0,0.0,3.562050622508898,1.9939577039274925,-0.5,1.0,1,0,0,Far,Economy,Week,VeryHigh,Poor,4,4,0,1,0,2,1,1,1,9,1,36,0,1,0,1,3,0,2.0
744,859,746,0.0,Ooty,Tamil Nadu,Nature,-0.5924928985061453,Sep-Mar,807,1.0,"Nature, Adventure",0.0,0.0,0.5303030303030303,1.0,18-25,Asthma,Family Vacation,"Nature & Relaxation, Photography",Post-Monsoon,"Curvy roads, limited medical facilities",South Indian Cuisine,-0.22916666666666666,https://t3.ftcdn.net/jpg/05/09/58/00/360_F_509580096_YjyHXMHyTm9OOkjUQS4kOxDXkxbOMWYi.jpg,1.0,-0.15420200462606024,0.19191919191919177,-0.42681159420289866,1,0,0,1,0,0,0.6666666666666666,0.5,0,0,-0.11212653341288832,0.7041752861473621,0.6751365638114123,0.6601911420141912,0.09618197320983236,-0.12500000000000003,-0.54084418914644,-0.4926087861753072,-0.34057971014492755,0,0,0.0,0.0,0.3333333333333333,-0.3333333333333333,0.0,1.0,0.0,-0.5924928985061453,0.0,0.6810551558752997,0.0,1.0,0.0,-0.2462686567164179,0.5,0.0,-0.42857142857142866,0.0,0,1,1,0.0,-0.408248290463863,0.5,-0.5,-0.5,1.0,0.0,0.637329286798179,-0.3826841261161515,1.0,-0.5,-0.21705426356589147,-0.9462821054582359,-0.5849625007211561,0,0,1,1,-0.375,0.3934525244337349,1,-0.3333333333333335,0.28571428571428603,0,0,0.0,0.0,0.0,0.0,0.0,0,0,0,Medium,Moderate,Week,High,Fair,4,4,2,0,0,2,1,1,1,15,14,27,1,3,0,0,1,0,4.0
349,746,778,0.5,Ellora Caves,Maharashtra,Historical,0.573867609738183,Nov-Feb,429,1.0,"Beaches, Historical",-1.0,-0.5,-0.6212121212121212,-1.0,26-35,Knee Pain,Leisure,"Cultural Exploration, Photography",Winter,"Long walking distances, crowd congestion",Maharashtrian Cuisine,-1.1041666666666667,https://indiaholidaymall.com/images/blog/Ellora-Caves-Unesco-World-Heritage-Site.jpg,-1.0,0.24672320740169615,1.2424242424242424,2.732608695652174,0,1,0,0,0,0,1.0,0.0,1,0,0.48620293514781515,0.9927796413569233,1.4649481396001771,0.35828812260328974,-0.11996687603214733,2.2499999999999996,1.5816979963970166,-0.5858838226108682,-0.45652173913043476,1,0,0.5,0.0,0.6666666666666666,0.0,0.0,1.0,0.0,0.573867609738183,0.0,-0.7769784172661871,0.0,-1.0,0.0,-1.5,-0.5,-0.8571428571428571,0.0,0.0,0,0,0,0.5,-0.408248290463863,1.0,0.0,0.0,0.75,1.0,-0.7465857359635811,-0.3826841261161515,0.0,1.5,-0.23255813953488372,0.9789332220755725,0.0,1,0,0,0,-0.375,0.3934525244337349,1,1.6666666666666665,-1.314285714285714,0,0,0.0,-0.21450245166018506,-3.0090634441087616,0.5,0.0,0,0,0,Near,Economy,Weekend,VeryHigh,Good,3,1,0,1,2,4,0,3,3,6,10,10,2,1,1,1,2,1,4.5
820,29,961,-1.0,Ooty,Tamil Nadu,Nature,-0.1835667354784162,Sep-Mar,355,-0.5,"Beaches, Historical",-1.0,0.5,0.9393939393939394,-0.5,36-45,Asthma,Family Vacation,"Nature & Relaxation, Photography",Post-Monsoon,"Curvy roads, limited medical facilities",South Indian Cuisine,-0.22916666666666666,https://t3.ftcdn.net/jpg/05/09/58/00/360_F_509580096_YjyHXMHyTm9OOkjUQS4kOxDXkxbOMWYi.jpg,1.0,1.341557440246723,0.7373737373737372,0.9789855072463768,1,0,0,1,0,0,-1.0,0.0,0,0,-0.8530170672859687,-0.4610141430374074,-0.6189918297924184,-0.8986628089745193,-0.6909814961278341,-0.37499999999999994,0.4202517466386298,0.19529460753695602,-0.34057971014492755,0,0,-1.0,0.0,-0.3333333333333333,-1.0,0.0,-0.5,0.0,-0.1835667354784162,0.0,1.1990407673860912,0.0,-0.5,0.0,-0.2462686567164179,-0.5,0.8571428571428571,-1.2857142857142856,0.0,0,1,1,-0.125,0.6524118813159581,-0.5,0.0,1.0,-0.75,0.8164965809277259,1.0333839150227617,0.22477480641201647,0.25,1.1832508230603462,-0.5736434108527132,-0.08194228257697016,0.7369655941662062,0,1,1,1,-0.046875,0.18345548286883423,1,1.1666666666666665,-0.8051948051948048,0,1,-2.8965517241379306,-0.5955193403915341,0.8338368580060423,-0.75,1.0,1,0,0,Medium,Premium,Weekend,High,Poor,4,4,0,2,0,2,1,1,1,15,14,27,1,4,1,0,3,0,1.5
841,132,971,1.0,Baga Beach,Goa,Beach,-0.3187259253148033,Nov-Mar,767,0.0,"Nature, Adventure",0.0,0.5,0.015151515151515152,0.5,18-25,Knee Pain,Honeymoon,"Relaxation, Nightlife, Water Sports",Winter,"Crowds, sun exposure",Seafood,-0.84375,https://encrypted-tbn0.gstatic.com/images?q=tbn:ANd9GcQeseYB8OMIYAnzRmlYP6matYpojVkK9lRx0Wgn7x8BYcxvxjfwm4QrUxM&s=10,2.0,-0.2528912875867387,-1.0303030303030303,-0.7500000000000001,1,0,0,1,1,0,0.6666666666666666,0.5,1,1,0.7119532296636852,-0.05895570541895806,0.7258682303845319,0.8318058155351213,0.2843819427224435,0.07500000000000005,-0.33088958557149817,-0.7677701436602125,-0.875,0,0,1.0,0.0,1.0,0.3333333333333333,1.0,0.0,0.0,-0.3187259253148033,0.0,-0.14388489208633093,0.43902439024390244,1.0,1.0,-0.41044776119402987,0.5,0.0,1.682062501545334,0.0,1,0,1,1.0,-0.408248290463863,1.5,0.5,-0.5,0.0,0.0,0.018209408194233685,-0.3826841261161515,0.5,-0.5,-1.1317829457364341,-0.5127206499450779,-0.5849625007211561,1,0,1,1,-0.375,0.3934525244337349,1,-0.3333333333333335,0.28571428571428603,0,0,0.0,0.0,0.0,1.0,0.0,0,0,0,Near,Moderate,Week,High,Excellent,1,2,2,0,2,3,2,3,0,14,3,3,2,3,0,0,0,0,4.0
54,665,321,1.0,Valley of Flowers,Uttarakhand,Nature,-0.33225685342249156,Apr-Jun,805,0.5,"City, Historical",0.0,0.5,1.8484848484848484,-0.5,18-25,Knee Pain,Adventure,"Trekking, Adventure Sports",Summer,"High altitude, physical exertion",North Indian Cuisine,0.5208333333333334,https://encrypted-tbn0.gstatic.com/images?q=tbn:ANd9GcSKohlQ-J1CgxwCnc1mL62LM__eo7IDPvD9Hm4v1DnS8PQfNYx8O_lBtpoE&s=10,2.0,2.266769468003084,0.803030303030303,1.0260869565217394,1,0,0,1,1,0,1.0,0.0,1,1,0.7087873725509057,0.353801778008758,1.2410633098466362,-0.521270927705411,-0.8733782291675484,1.1249999999999998,0.3882774184686063,1.0347699354570064,-0.16304347826086957,0,0,1.0,0.0,1.0,0.3333333333333333,0.0,0.5,0.0,-0.33225685342249156,0.0,2.3501199040767387,0.0,-0.5,0.0,0.8283582089552238,0.5,0.8571428571428571,0.42857142857142866,0.0,0,1,1,1.0,-0.408248290463863,1.5,0.5,0.0,0.5,0.0,2.139605462822458,-0.1177489618818928,-0.5,-0.5,0.18604651162790697,-0.8757013171500996,0.0,1,0,1,0,-0.09375,0.2625999935394798,1,-0.3333333333333335,0.28571428571428603,0,0,0.0,0.9385053989633368,1.6676737160120847,1.0,0.0,0,0,0,Far,Premium,Weekend,High,Excellent,4,0,1,0,2,0,4,2,2,10,17,37,0,4,1,0,0,1,4.5
642,983,531,0.0,Ahmedabad,Gujarat,City,0.5952472985090724,Oct-Mar,367,0.5,"City, Historical",-1.0,0.0,-0.6363636363636364,-1.0,18-25,High Blood Pressure,Business,"Shopping, Food & Local Cuisine",All seasons,"Traffic congestion, pollution",Gujarati Cuisine,-0.9166666666666666,https://encrypted-tbn0.gstatic.com/images?q=tbn:ANd9GcTjjS0tleUkYu3JCgQn5BM0ooo_ueYok5FwDld1RJJHOQ&s=10,0.0,0.22359290670778714,-0.7272727272727273,0.6130434782608696,1,0,0,1,0,0,0.3333333333333333,0.0,0,0,0.0546121730939342,0.5374031505383061,0.5502397121148848,0.028802828239425024,-0.09846863117297014,1.4999999999999998,1.5885942299300733,-0.2710805746408495,-0.6304347826086957,0,0,-0.25,0.7071067811865476,0.0,-0.3333333333333333,1.0,0.75,1.0,0.5952472985090724,0.0,-0.6330935251798561,0.41463414634146345,-0.75,0.5,-0.3880597014925373,0.0,-0.42857142857142855,-0.01611160637019009,-0.963710722590775,1,0,0,0.0,-0.408248290463863,0.5,-0.5,-0.5,0.5,0.0,-0.7647951441578148,-0.3826841261161515,-1.0,-0.5,-1.2403100775193798,0.9347277277822643,-0.5849625007211561,0,0,0,0,-0.375,0.3934525244337349,1,-0.3333333333333335,0.28571428571428603,0,0,0.0,0.0,0.0,0.0,0.0,0,0,0,Near,Economy,Weekend,VeryHigh,Fair,2,3,1,0,1,1,3,0,4,2,4,0,2,1,1,1,1,0,3.5
548,410,608,-1.0,Bir Billing,Himachal Pradesh,Adventure,0.5706674169766124,Apr-Jun,694,-1.0,"Nature, Adventure",-1.0,-0.5,-1.0454545454545454,0.0,26-35,Knee Pain,Adventure,"Trekking, Adventure Sports",Summer,"High altitude, physical exertion",Himachali Cuisine,0.4166666666666667,https://media-cdn.tripadvisor.com/media/attractions-splice-spp-674x446/0a/c6/99/67.jpg,-1.0,-0.8172706245181187,-0.45454545454545453,-0.2673913043478261,0,1,0,0,0,0,-1.3333333333333333,-0.5,0,0,-0.8177231460228128,-0.8458133082379848,-0.7150514504908186,-0.13157655627555553,2.482777113279279,-0.7499999999999999,0.08333055676942676,0.39350405996252347,2.717391304347826,0,0,-1.0,0.0,-0.3333333333333333,-1.0,0.0,-1.0,0.0,0.5706674169766124,0.0,-1.314148681055156,0.0,0.0,0.0,0.6791044776119403,-0.5,-0.8571428571428571,-1.2857142857142856,0.0,0,0,0,-1.0,-0.408248290463863,-0.5,-1.5,0.0,-1.0,0.0,-1.3110773899848254,-0.20606068329331237,-0.25,0.0,-0.19767441860465115,0.47601178142501377,0.0,0,1,0,0,-0.1875,-0.19469263503202566,1,0.16666666666666652,-0.1587301587301586,0,0,0.0,1.1534830361719213,2.202416918429003,-1.0,0.0,0,0,0,Far,Budget,Week,VeryHigh,Poor,0,0,2,1,2,0,4,2,2,3,5,5,0,0,0,1,3,0,1.0
129,9,509,0.5,Spiti Valley,Himachal Pradesh,Nature,0.7800153246726131,Sep-Mar,849,-1.0,"Nature, Adventure",-1.0,-0.5,-0.6212121212121212,-0.5,46-60,Asthma,Family Vacation,"Nature & Relaxation, Photography",Post-Monsoon,"Curvy roads, limited medical facilities",Himachali Cuisine,0.625,https://storage.googleapis.com/stateless-www-justwravel-com/2021/05/1550217293_shutterstock_1129297934.jpg.jpg,-1.0,-0.24672320740169632,1.2424242424242424,1.3413043478260869,0,1,0,0,0,0,-0.3333333333333333,1.0,1,0,0.5247891550679432,-0.8354530949955079,-0.36062071901073783,0.06030592162629636,0.4896521797403713,0.12500000000000003,0.6274604665994572,1.1513637310014575,3.152173913043478,0,0,0.5,0.0,0.6666666666666666,0.0,0.0,-1.0,0.0,0.7800153246726131,0.0,-0.7769784172661871,0.0,-0.5,0.0,0.9776119402985075,-0.5,-0.8571428571428571,0.0,0.0,0,0,0,0.5,-0.408248290463863,1.0,0.0,0.0,-0.75,1.0,-0.8194233687405159,-0.14718620235236596,0.25,0.9999999999999999,0.8217054263565892,0.4291398601250297,0.0,1,0,0,1,-0.125,-0.037865688352261666,1,1.1666666666666665,-0.8051948051948048,0,0,0.0,2.1932760562356557,0.5438066465256798,0.5,0.0,0,0,0,Far,Economy,Weekend,VeryHigh,Good,4,4,2,3,0,2,1,1,1,3,5,33,0,1,1,1,2,0,2.5
157,358,524,-0.5,Hyderabad,Telangana,City,-0.7799552114946409,Oct-Mar,476,1.0,"Nature, Adventure",0.0,0.5,0.7424242424242424,-0.5,26-35,High Blood Pressure,Business,"Shopping, Food & Local Cuisine",All seasons,"Traffic congestion, pollution",Hyderabadi Cuisine,-0.71875,https://t4.ftcdn.net/jpg/03/60/89/09/360_F_360890991_Ykybj5JO5HYBaqWeROz9cR2jWXN8HZxf.jpg,2.0,1.141094834232845,-0.30303030303030304,0.232608695652174,1,0,0,1,1,0,0.3333333333333333,1.0,0,0,-0.5096838902255786,0.6577895935731373,0.15034977166832944,-0.4304335156076898,-0.6871702384645206,0.625,0.29200434786976787,-0.3526962315219655,-0.8097826086956522,0,0,-0.25,0.7071067811865476,0.0,-0.3333333333333333,1.0,0.75,1.0,-0.7799552114946409,0.0,0.07673860911270983,2.2195121951219514,-1.0,1.0,-0.4253731343283582,0.0,0.42857142857142855,-0.01611160637019009,-0.963710722590775,1,1,1,0.5,0.8164965809277259,0.0,0.5,0.5,1.0,0.0,1.1289833080424885,1.8119208864495515,-0.33333333333333326,1.2795130420052183,-0.9147286821705426,-0.4292062724881418,0.415037499278844,1,0,1,0,0.4375,-0.11019327059657846,1,0.0,-0.0219780219780219,0,1,-3.3103448275862064,-2.2365667981678548,-0.07250755287009064,0.25,1.0,1,0,0,Near,Moderate,Weekend,High,Poor,2,3,2,1,1,1,3,0,4,4,15,14,2,3,1,0,3,0,3.5
308,685,88,1.0,Kerala Backwaters,Kerala,Nature,-0.9234097143944835,Apr-Jun,889,-0.5,"Beaches, Historical",0.0,0.0,-0.3181818181818182,1.0,46-60,Knee Pain,Adventure,"Trekking, Adventure Sports",Summer,"High altitude, physical exertion",Kerala Cuisine,0.0,https://www.backpackadventures.org/wp-content/uploads/2020/08/india0898.jpg,1.0,-0.5859676175790286,-0.9393939393939394,-0.832608695652174,1,0,0,1,0,0,0.3333333333333333,1.0,1,1,0.5704742077219053,-0.5342408698948857,0.13262743424953774,1.3794979572015276,0.8544676842377439,-0.24999999999999992,-0.5764243709853318,-0.36435561107641057,-0.18115942028985504,0,0,1.0,0.0,1.0,0.3333333333333333,0.0,-0.5,0.0,-0.9234097143944835,0.0,-0.3932853717026379,0.0,1.0,0.0,0.08208955223880597,0.5,0.0,0.42857142857142866,0.0,0,0,1,1.0,-0.408248290463863,1.5,0.5,-0.5,-0.5,0.0,-0.3823975720789074,-0.3826841261161515,1.0,-0.5,0.12403100775193798,-1.4703510779783475,-0.5849625007211561,1,0,0,1,-0.375,0.3934525244337349,1,-0.3333333333333335,0.28571428571428603,0,0,0.0,0.0,0.0,1.0,0.0,0,0,0,Medium,Economy,Week,High,Excellent,4,0,0,3,2,0,4,2,2,5,7,16,1,1,0,0,0,0,3.5
667,978,961,0.5,Hyderabad,Telangana,City,0.020089983388225027,Oct-Mar,355,-1.0,"Beaches, Historical",-1.0,0.5,0.5303030303030303,1.0,18-25,High Blood Pressure,Business,"Shopping, Food & Local Cuisine",All seasons,"Traffic congestion, pollution",Hyderabadi Cuisine,-0.71875,https://t4.ftcdn.net/jpg/03/60/89/09/360_F_360890991_Ykybj5JO5HYBaqWeROz9cR2jWXN8HZxf.jpg,1.0,-0.15420200462606024,0.19191919191919177,-0.42681159420289866,1,0,0,1,0,0,-0.3333333333333333,1.0,1,0,0.38254820735234785,-0.8730602947555403,-0.3981731221464841,-0.039674948438352835,0.2064325561762824,-0.49999999999999994,-0.4749792669584157,-0.7666042057047681,-0.6811594202898551,0,0,-0.25,2.1213203435596424,-0.3333333333333333,0.0,1.0,-0.25,2.9999999999999996,0.020089983388225027,0.0,0.45083932853717024,0.5853658536585366,0.25,1.4999999999999998,-1.4514925373134329,-0.5,0.8571428571428571,-0.01611160637019009,-1.0504799024963116,1,1,1,-0.125,0.6524118813159581,-0.5,0.0,1.0,-0.75,0.8164965809277259,1.0333839150227617,0.22477480641201647,0.25,1.1832508230603462,-0.5736434108527132,-0.08194228257697016,0.7369655941662062,0,1,1,1,0.984375,-0.47653521919228164,1,1.1666666666666665,-0.8051948051948048,1,0,2.068965517241379,0.2907146935766934,-0.8700906344410877,0.5,0.0,0,0,0,Near,Moderate,Week,VeryHigh,Good,2,3,0,0,1,1,3,0,4,4,15,14,2,3,0,1,2,0,2.5
657,703,331,0.5,Delhi,Delhi,City,0.06573477809537472,Oct-Mar,723,-1.0,"Beaches, Historical",-1.0,0.5,0.16666666666666666,-1.0,26-35,High Blood Pressure,Business,"Shopping, Food & Local Cuisine",All seasons,"Traffic congestion, pollution",Street Food,0.010416666666666666,https://encrypted-tbn0.gstatic.com/images?q=tbn:ANd9GcTFxblF-zkMM4NsiVuRyJ1Yx76TMcpdDWzU6zEf57y1aQ&s=10,1.0,1.4494988434849652,-0.2929292929292931,1.0804347826086955,1,0,0,1,0,0,-0.3333333333333333,1.0,1,0,0.3910918872439216,-0.8708014242859016,-0.395917543027364,-0.7136200725778395,-0.6982641145245352,0.7499999999999999,1.4177946435290614,1.2854465958775767,-0.17391304347826086,0,0,0.5,0.0,0.6666666666666666,0.0,0.0,-1.0,0.0,0.06573477809537472,0.0,0.22062350119904076,0.0,-1.0,0.0,0.09701492537313433,-0.5,0.8571428571428571,0.0,0.0,0,1,1,0.5,-0.408248290463863,1.0,0.0,-0.5,-1.0,0.0,0.20030349013657053,-0.3826841261161515,-1.0,-0.5,0.13953488372093023,0.09614513183652387,-0.5849625007211561,1,0,1,0,-0.375,0.3934525244337349,1,-0.3333333333333335,0.28571428571428603,0,0,0.0,0.0,0.0,0.5,0.0,0,0,0,Medium,Moderate,Weekend,VeryHigh,Good,2,3,0,1,1,1,3,0,4,16,2,9,1,3,1,1,2,0,2.5
754,188,626,-0.5,Hyderabad,Telangana,City,-0.3044209090768489,Oct-Mar,952,1.0,"Nature, Adventure",0.0,-0.5,-0.3787878787878788,1.0,26-35,High Blood Pressure,Business,"Shopping, Food & Local Cuisine",All seasons,"Traffic congestion, pollution",Hyderabadi Cuisine,-0.71875,https://t4.ftcdn.net/jpg/03/60/89/09/360_F_360890991_Ykybj5JO5HYBaqWeROz9cR2jWXN8HZxf.jpg,0.0,-0.6168080185042405,-0.21212121212121213,-0.5717391304347826,0,0,1,0,0,0,0.3333333333333333,1.0,0,0,-0.46517922235066683,0.7754558466391803,0.20909717374564088,1.4919160611027211,1.1350412723519487,-0.24999999999999992,-0.5098706837986662,-0.7666042057047681,-0.42391304347826086,0,0,0.25,2.1213203435596424,0.0,0.3333333333333333,1.0,0.25,2.9999999999999996,-0.3044209090768489,0.0,0.0,1.1951219512195124,0.5,1.0,-0.2462686567164179,0.5,-0.42857142857142855,0.6631580367960199,-1.0504799024963116,1,0,0,-0.75,0.09175170953613696,-0.5,-1.0,0.0,0.75,1.0,-0.30045523520485584,0.11774896188189272,0.75,0.0,-0.06201550387596899,-0.8175538390498114,0.0,0,1,0,1,0.15625,-0.22794479124973985,1,0.16666666666666652,-0.021978021978021456,1,0,0.8275862068965516,0.899860710516784,-2.066465256797583,-0.5,0.0,0,0,0,Near,Economy,Week,High,Poor,2,3,2,1,1,1,3,0,4,4,15,14,2,1,0,0,3,0,3.5
56,204,499,-0.5,Spiti Valley,Himachal Pradesh,Nature,-0.5495793752264555,Sep-Mar,830,0.5,"Beaches, Historical",0.0,-0.5,0.13636363636363635,1.0,36-45,Asthma,Family Vacation,"Nature & Relaxation, Photography",Post-Monsoon,"Curvy roads, limited medical facilities",Himachali Cuisine,0.625,https://storage.googleapis.com/stateless-www-justwravel-com/2021/05/1550217293_shutterstock_1129297934.jpg.jpg,0.0,-0.35466461063993837,0.8181818181818182,-0.2021739130434783,0,0,1,0,0,0,0.0,0.5,0,0,-0.4881233003219867,0.31078233361953816,-0.022901049982277672,0.4824473730103702,0.4070937293577535,-0.37499999999999994,-0.5362301263719628,-0.014574224443056491,0.9782608695652174,0,0,0.0,1.4142135623730951,0.0,0.0,1.0,-0.25,2.9999999999999996,-0.5495793752264555,0.0,0.5083932853717026,0.8292682926829269,1.0,0.0,0.2537313432835821,0.5,0.0,0.32352321521291494,-1.0273550292155575,1,1,1,-0.25,0.09175170953613696,0.0,-0.5,0.0,0.25,1.0,0.10015174506828527,-0.17662344282283915,0.75,0.0,0.6434108527131783,-1.075124971934504,0.0,0,1,1,1,-0.15625,0.1885244599811714,1,0.16666666666666652,-0.021978021978021456,0,1,-0.8275862068965516,0.5407731075439911,0.960725075528701,-0.5,0.0,0,0,0,Far,Moderate,Week,High,Poor,4,4,0,2,0,2,1,1,1,3,5,33,0,3,0,0,3,0,3.0
420,456,215,1.0,Red Fort,Delhi,Historical,-1.014625063962226,Nov-Feb,242,1.0,"Nature, Adventure",-1.0,-0.5,-0.7424242424242424,-0.5,46-60,Knee Pain,Leisure,"Cultural Exploration, Photography",Winter,"Long walking distances, crowd congestion",Mughlai Cuisine,0.010416666666666666,https://upload.wikimedia.org/wikipedia/commons/d/d6/Delhi%2C_India%2C_Red_Fort_Facade.jpg,-1.0,-0.3700848111025443,0.7575757575757576,0.9934782608695655,0,1,0,0,0,0,1.3333333333333333,-0.5,1,1,0.549132378031774,0.5997228629355609,1.5480167582447655,1.6535494639468336,0.3330854663232592,1.375,0.241540934576682,0.4634603372891943,1.8695652173913044,0,0,0.16666666666666674,1.5275252316519468,0.0,0.3333333333333333,2.0,1.0,0.0,-1.014625063962226,0.0,-0.10551558752997602,1.2873798263801608,0.5,1.414213562373095,-0.36069651741293546,-0.5,0.0,1.142857142857143,-1.032412722174298,1,0,1,1.0,-0.408248290463863,1.5,0.5,-0.5,1.0,0.0,-0.8922610015174506,-0.3826841261161515,-0.5,-0.5,0.13953488372093023,-1.6148077275979908,-0.5849625007211561,1,0,0,0,-0.375,0.3934525244337349,1,-0.3333333333333335,0.28571428571428603,0,0,0.0,0.0,0.0,1.0,0.0,0,0,0,Medium,Economy,Weekend,High,Excellent,3,1,2,3,2,4,0,3,3,7,2,29,1,1,1,0,0,1,5.0
997,823,858,1.0,Mumbai,Maharashtra,City,0.001689944248330467,Oct-Mar,250,0.5,"City, Historical",-1.0,0.5,0.16666666666666666,1.0,36-45,High Blood Pressure,Business,"Shopping, Food & Local Cuisine",All seasons,"Traffic congestion, pollution",Street Food,-1.421875,https://t4.ftcdn.net/jpg/01/46/43/87/360_F_146438747_3XYwVkfnYZuukBZYmDM8xeoqENzyhAqa.jpg,1.0,-0.3392444101773324,-0.2929292929292931,-0.6007246376811595,1,0,0,1,0,0,1.0,0.0,1,1,0.7869215431179154,0.419907239937444,1.3235747362377528,1.2871545147112615,0.49721713908058923,0.0,-0.4769576394889343,-1.1601082656672914,-1.1702898550724639,1,0,1.0,0.0,1.0,0.3333333333333333,0.0,0.5,0.0,0.001689944248330467,0.0,0.22062350119904076,0.0,1.0,0.0,-1.955223880597015,-0.5,0.8571428571428571,0.42857142857142866,0.0,0,1,1,1.0,-0.408248290463863,1.5,0.5,0.0,0.0,2.0,0.40971168437025796,0.29437240470473186,1.0,-0.5,-0.872093023255814,0.12505495408471265,0.0,1,0,1,1,0.34375,-0.19010594355349603,1,-0.3333333333333335,0.28571428571428603,0,0,0.0,-0.35813544298205446,-2.6193353474320245,1.0,0.0,0,0,0,VeryNear,Moderate,Week,VeryHigh,Excellent,2,3,1,2,1,1,3,0,4,16,10,25,3,3,0,1,0,1,4.5
266,130,133,1.0,Coorg,Karnataka,Nature,0.9852357570849098,Apr-Jun,242,1.0,"Beaches, Historical",0.0,0.5,0.9545454545454546,-0.5,26-35,Knee Pain,Adventure,"Trekking, Adventure Sports",Summer,"High altitude, physical exertion",Coorgi Cuisine,-0.3854166666666667,https://images.unsplash.com/photo-1710612198146-77512950a4b7,2.0,1.356977640709329,-0.09090909090909091,0.38478260869565223,1,0,0,1,1,0,1.3333333333333333,-0.5,1,1,1.0170436369263807,1.0945686149029001,2.1656726621163296,-0.18715630849540224,-0.602977306861652,1.375,0.6715910755724954,0.02040391422027893,-0.6358695652173914,0,0,1.0,0.0,1.0,0.3333333333333333,0.0,1.0,0.0,0.9852357570849098,0.0,1.2182254196642686,0.0,-0.5,0.0,-0.4701492537313433,0.5,0.8571428571428571,0.42857142857142866,0.0,0,1,1,0.25,1.0917517095361369,0.0,0.5,0.0,0.5,2.0,1.1380880121396053,-0.3532468856456783,-0.25,0.0,-0.3333333333333333,1.4493462437877327,0.0,1,0,1,0,-0.34375,0.374139355483823,1,0.16666666666666652,-0.1587301587301586,1,0,2.482758620689655,0.2830242452119445,-0.2719033232628399,0.25,1.0,1,0,0,Medium,Premium,Weekend,VeryHigh,Excellent,4,0,0,1,2,0,4,2,2,1,6,8,1,4,1,1,0,1,5.0
55,503,903,-1.0,Mumbai,Maharashtra,City,0.4297943044209848,Oct-Mar,16,1.0,"City, Historical",0.0,0.0,0.18181818181818182,1.0,46-60,High Blood Pressure,Business,"Shopping, Food & Local Cuisine",All seasons,"Traffic congestion, pollution",Street Food,-1.421875,https://t4.ftcdn.net/jpg/01/46/43/87/360_F_146438747_3XYwVkfnYZuukBZYmDM8xeoqENzyhAqa.jpg,1.0,-0.33153430994602934,-0.2727272727272727,-0.5934782608695652,1,0,0,1,0,0,0.0,1.5,0,0,-0.824315216305563,0.9571301289719667,-0.26497234850320883,0.44317840078859594,0.5735644527372327,-0.37499999999999994,-0.43092785118677307,-1.1601082656672914,-1.1702898550724639,1,0,0.0,2.8284271247461903,-0.3333333333333333,0.3333333333333333,1.0,0.0,4.0,0.4297943044209848,0.0,-0.03836930455635491,0.7073170731707317,0.0,2.0,-1.4514925373134329,0.5,-0.42857142857142855,0.32352321521291494,-1.062437173501617,1,0,0,-1.0,-0.408248290463863,-0.5,-1.5,-0.5,1.0,0.0,0.21851289833080423,-0.3826841261161515,1.0,-0.5,-1.9922480620155039,0.6727018153808272,-0.5849625007211561,0,1,1,1,-0.375,0.3934525244337349,1,-0.3333333333333335,0.28571428571428603,0,0,0.0,0.0,0.0,-1.0,0.0,0,0,0,VeryNear,Moderate,Week,VeryHigh,Poor,2,3,1,3,1,1,3,0,4,16,10,25,3,3,0,1,3,0,3.0
542,176,80,-1.0,Khajuraho Temples,Madhya Pradesh,Historical,-0.34289717399303554,Nov-Feb,49,-0.5,"Nature, Adventure",-1.0,0.5,0.0,-0.5,26-35,Knee Pain,Leisure,"Cultural Exploration, Photography",Winter,"Long walking distances, crowd congestion",North Indian Cuisine,-0.3125,https://st2.depositphotos.com/1000434/7761/i/450/depositphotos_77615282-stock-photo-lakshmana-temple-in-khajuraho-madhya.jpg,1.0,0.38550501156515027,-0.5151515151515151,0.08043478260869558,1,0,0,1,0,0,-1.0,0.0,0,0,-0.8604728367356216,-0.4767840385877927,-0.622928559187956,-0.7269308390629229,-0.33391765677041596,-0.37499999999999994,0.3859893235604781,0.10201957110139503,-0.3985507246376811,0,0,-0.5,1.4142135623730951,-0.3333333333333333,-0.3333333333333333,1.0,0.25,2.9999999999999996,-0.34289717399303554,0.0,0.6330935251798561,1.5853658536585367,-0.25,0.5,-0.9328358208955224,0.0,0.42857142857142855,-0.3557464279532948,-1.0273550292155575,1,1,1,-1.0,-0.408248290463863,-0.5,-1.5,-0.5,-0.5,0.0,0.0,-0.3826841261161515,-0.5,-0.5,-0.34108527131782945,-0.5510003651216063,-0.5849625007211561,0,1,0,0,-0.375,0.3934525244337349,1,-0.3333333333333335,0.28571428571428603,0,0,0.0,0.0,0.0,-1.0,0.0,0,0,0,Medium,Moderate,Weekend,High,Poor,3,1,2,1,2,4,0,3,3,10,9,17,1,3,1,0,3,0,1.5
596,688,814,0.0,Ahmedabad,Gujarat,City,-0.45410102764591453,Oct-Mar,137,-0.5,"Beaches, Historical",-1.0,0.5,0.8939393939393939,0.5,36-45,High Blood Pressure,Business,"Shopping, Food & Local Cuisine",All seasons,"Traffic congestion, pollution",Gujarati Cuisine,-0.9166666666666666,https://encrypted-tbn0.gstatic.com/images?q=tbn:ANd9GcTjjS0tleUkYu3JCgQn5BM0ooo_ueYok5FwDld1RJJHOQ&s=10,1.0,0.2837316885119506,0.6767676767676766,-0.015217391304347749,1,0,0,1,0,0,-0.3333333333333333,0.0,0,0,-0.09269864708195308,-0.4877905554420429,-0.21753522695646224,-0.35698332916715614,-0.28327916181322194,-0.37499999999999994,-0.3483562256192793,-0.8167395377888821,-0.8188405797101449,0,0,0.0,0.0,0.3333333333333333,-0.3333333333333333,0.0,-0.5,0.0,-0.45410102764591453,0.0,1.1414868105515588,0.0,0.5,0.0,-1.2313432835820894,-0.5,0.8571428571428571,-0.42857142857142866,0.0,0,1,1,-0.16666666666666674,0.6718751592707801,-0.5,0.0,0.5,0.33333333333333326,2.160246899469287,0.2670713201820942,1.9709455179536737,0.3333333333333335,0.5801234497346434,-0.8036175710594315,-0.024530569317868598,0.415037499278844,0,1,1,1,2.395833333333333,-2.0034670734816573,0,-4.440892098500626e-16,0.0504201680672276,1,0,0.5517241379310347,-1.9305323722720005,-1.0211480362537764,0.0,0.0,0,0,0,Near,Premium,Week,High,Fair,2,3,0,2,1,1,3,0,4,2,4,0,2,4,0,0,1,0,2.5
108,648,397,1.0,Bangalore,Karnataka,City,0.27856603932095475,Oct-Mar,85,0.5,"Beaches, Historical",0.0,-0.5,-0.015151515151515152,0.5,18-25,High Blood Pressure,Business,"Shopping, Food & Local Cuisine",All seasons,"Traffic congestion, pollution",Multi Cuisine,-0.4375,https://media.istockphoto.com/id/1382384282/photo/bangalore-or-bengaluru.jpg,0.0,-0.2713955281418659,0.5151515151515151,-0.08478260869565218,0,0,1,0,0,0,1.0,0.0,1,1,0.851702772311365,0.4747154377984346,1.391985158788245,1.1267685356492203,0.43276820483751666,0.225,-0.2538245745755496,-0.4949406620861962,-0.13043478260869565,0,0,1.0,0.0,1.0,0.3333333333333333,0.0,0.5,0.0,0.27856603932095475,0.0,-0.009592326139088728,0.0,0.5,0.0,-0.5447761194029851,0.5,-0.8571428571428571,0.42857142857142866,0.0,0,0,0,0.6666666666666665,0.0,1.0,0.5,0.5,0.16666666666666674,0.8164965809277259,-0.188163884673748,1.397883682631451,0.3333333333333335,1.2795130420052183,-0.20671834625322985,-0.02672098481830285,0.415037499278844,1,0,0,1,0.20833333333333304,-0.24442022411769496,1,-4.440892098500626e-16,0.0504201680672276,1,0,1.1034482758620694,1.2637656286624477,-0.7492447129909369,1.0,0.0,0,0,0,Medium,Moderate,Week,VeryHigh,Excellent,2,3,0,0,1,1,3,0,4,8,6,4,1,3,0,1,0,1,4.5
742,103,454,0.5,Delhi,Delhi,City,0.8142721207831711,Oct-Mar,457,-1.0,"Beaches, Historical",0.0,-0.5,-0.25757575757575757,-1.0,36-45,High Blood Pressure,Business,"Shopping, Food & Local Cuisine",All seasons,"Traffic congestion, pollution",Street Food,0.010416666666666666,https://encrypted-tbn0.gstatic.com/images?q=tbn:ANd9GcTFxblF-zkMM4NsiVuRyJ1Yx76TMcpdDWzU6zEf57y1aQ&s=10,0.0,0.8018504240555127,0.030303030303030304,1.4282608695652175,0,0,1,0,0,0,-0.3333333333333333,1.0,1,0,0.5312012575203106,-0.8337577940172685,-0.35892788821829646,-0.563729267376248,-0.4210320474198282,0.7499999999999999,1.6592428881086259,1.2854465958775767,0.33695652173913043,0,0,0.33333333333333326,0.5773502691896258,0.3333333333333333,0.0,2.0,-0.16666666666666674,2.160246899469287,0.8142721207831711,0.0,0.11830535571542775,0.9186632124764574,-0.6666666666666667,0.8164965809277259,-0.2512437810945273,0.16666666666666674,-0.28571428571428575,1.4285714285714284,-0.9376024857396118,1,1,1,0.5,0.8164965809277259,-0.5,0.5,1.5,-0.6,1.1832159566199232,-0.10197268588770864,0.43765946339539363,0.0,0.8228756555322951,0.6945736434108527,-0.3240374314843945,1.0000000000000002,1,0,0,0,0.3375,-0.34856346015629625,1,1.6666666666666665,-1.314285714285714,0,0,0.0,4.4119046778718,-1.2978851963746225,0.75,1.0,1,0,0,Medium,Economy,Weekend,VeryHigh,Good,2,3,0,2,1,1,3,0,4,16,2,9,1,1,1,1,2,0,2.5
995,231,346,0.5,Red Fort,Delhi,Historical,-0.7292152042214416,Nov-Feb,128,1.0,"Beaches, Historical",0.0,0.5,1.8181818181818181,0.5,26-35,Knee Pain,Leisure,"Cultural Exploration, Photography",Winter,"Long walking distances, crowd congestion",Mughlai Cuisine,0.010416666666666666,https://upload.wikimedia.org/wikipedia/commons/d/d6/Delhi%2C_India%2C_Red_Fort_Facade.jpg,2.0,0.8481110254433306,0.7727272727272727,0.026086956521739132,1,0,0,1,1,0,1.0,0.0,1,0,0.2422951137607174,0.6703447058037915,1.1429830169055664,-0.07442007349628056,-0.5908564508287805,0.225,-0.38385256291868297,-0.19412866958151156,-0.42934782608695654,0,0,0.5,0.0,0.6666666666666666,0.0,0.0,1.0,0.0,-0.7292152042214416,0.0,2.3117505995203835,0.0,0.5,0.0,0.09701492537313433,0.5,0.8571428571428571,0.0,0.0,0,1,1,0.5,-0.408248290463863,1.0,0.0,-0.5,1.0,0.0,2.1851289833080423,-0.3826841261161515,0.5,-0.5,0.13953488372093023,-1.162807572997406,-0.5849625007211561,1,0,1,1,-0.375,0.3934525244337349,1,-0.3333333333333335,0.28571428571428603,0,0,0.0,0.0,0.0,0.5,0.0,0,0,0,Medium,Premium,Week,High,Good,3,1,0,1,2,4,0,3,3,7,2,29,1,4,0,0,2,1,4.5
872,782,274,-1.0,Kovalam Beach,Kerala,Beach,0.5107906628464601,Nov-Mar,772,0.5,"Beaches, Historical",-1.0,0.5,-0.5606060606060606,-1.0,18-25,Knee Pain,Honeymoon,"Relaxation, Nightlife, Water Sports",Winter,"Crowds, sun exposure",Seafood,0.2604166666666667,https://eastindiantraveller.com/wp-content/uploads/2021/01/kovalambeach.jpg,1.0,0.33924441017733226,-1.2626262626262625,0.03695652173913052,1,0,0,1,0,0,-0.3333333333333333,1.0,0,0,-0.8205250417456255,0.5206847841627044,-0.37392470097545716,-0.38528783261244853,-0.19714586132431255,0.7499999999999999,1.5613518930940622,1.7051842598376017,0.0,0,0,-0.5,1.4142135623730951,-0.3333333333333333,-0.3333333333333333,1.0,0.0,2.0,0.5107906628464601,0.0,-0.8249400479616307,0.3170731707317074,-0.75,0.5,0.3805970149253731,-0.5,0.42857142857142855,-0.3557464279532948,-1.0273550292155575,1,0,1,-0.25,1.0917517095361369,-0.5,0.0,0.0,0.5,0.0,-0.7830045523520485,-0.029437240470473237,-1.25,0.0,0.5116279069767442,-0.2937314489826122,0.0,0,1,0,0,0.0,-0.23265523185441764,1,0.16666666666666652,-0.5142857142857138,0,1,-2.482758620689655,3.0079987849796788,0.0,-0.25,1.0,1,0,0,Far,Economy,Weekend,VeryHigh,Poor,1,2,0,0,2,3,2,3,0,14,7,21,0,1,1,1,3,0,2.5
813,222,258,0.5,Tarkarli Beach,Maharashtra,Beach,-0.2652423898326058,Nov-Mar,721,-0.5,"City, Historical",0.0,0.0,0.0,0.0,26-35,Knee Pain,Honeymoon,"Relaxation, Nightlife, Water Sports",Winter,"Crowds, sun exposure",Seafood,-0.9166666666666666,https://encrypted-tbn0.gstatic.com/images?q=tbn:ANd9GcRmtn0Vsfvni1NmF01OGM9ahIFZcrRqMoNKSjV1xzIEbR5CCG-tr4PumVg&s=10,1.0,-0.01927525057825757,-0.5151515151515151,-0.30000000000000004,1,0,0,1,0,0,0.0,0.5,1,0,0.3291403987480518,-0.4690980757133145,0.005200492424153933,0.049098626456807556,-0.0019014038644798873,0.0,-0.051484998828784954,-0.72579637726421,-0.8188405797101449,0,0,0.5,0.0,0.6666666666666666,0.0,0.0,-0.5,0.0,-0.2652423898326058,0.0,0.009592326139088728,0.0,0.0,0.0,-1.2313432835820894,0.5,0.0,0.0,0.0,0,1,1,-0.25,1.0917517095361369,-0.5,0.0,0.0,-0.5,0.0,-0.21851289833080423,0.323809645175205,0.5,0.5,-1.1162790697674418,0.30575220251799906,0.0,0,1,0,1,0.375,-0.4413667935460516,1,0.6666666666666665,-0.3809523809523805,1,0,2.482758620689655,-2.0162342236757427,-0.29003021148036257,-0.25,1.0,1,0,0,Near,Moderate,Week,High,Good,1,2,1,1,2,3,2,3,0,14,10,35,2,3,0,0,2,0,3.0
811,454,727,1.0,Kerala Backwaters,Kerala,Nature,-0.25507025658349347,Sep-Mar,732,-0.5,"Beaches, Historical",-1.0,0.0,0.3939393939393939,-0.5,18-25,Asthma,Family Vacation,"Nature & Relaxation, Photography",Post-Monsoon,"Curvy roads, limited medical facilities",Kerala Cuisine,0.0,https://www.backpackadventures.org/wp-content/uploads/2020/08/india0898.jpg,0.0,0.7864302235929065,1.3333333333333333,1.4065217391304348,1,0,0,1,0,0,0.3333333333333333,1.0,1,1,0.7268468681501122,-0.4680912782654535,0.21519394239106573,-0.30020904050462827,-0.5209031569385193,0.625,0.4048756269560439,0.4518009577347492,0.32608695652173914,0,0,1.0,0.0,1.0,0.3333333333333333,0.0,-0.5,0.0,-0.25507025658349347,0.0,0.5083932853717026,0.0,-0.5,0.0,0.08208955223880597,-0.5,0.0,0.42857142857142866,0.0,0,1,1,1.0,-0.408248290463863,1.5,0.5,-0.5,-0.5,0.0,0.47344461305007585,-0.3826841261161515,-0.5,-0.5,0.12403100775193798,-0.41190993466745107,-0.5849625007211561,1,0,1,0,-0.375,0.3934525244337349,1,-0.3333333333333335,0.28571428571428603,0,0,0.0,0.0,0.0,1.0,0.0,0,0,0,Medium,Moderate,Weekend,High,Excellent,4,4,0,0,0,2,1,1,1,5,7,16,1,3,1,0,0,0,3.5
608,395,847,0.5,Bir Billing,Himachal Pradesh,Adventure,0.3890404699251065,Apr-Jun,931,0.5,"Beaches, Historical",-1.0,-0.5,-0.7575757575757576,-1.0,18-25,Knee Pain,Adventure,"Trekking, Adventure Sports",Summer,"High altitude, physical exertion",Himachali Cuisine,0.4166666666666667,https://media-cdn.tripadvisor.com/media/attractions-splice-spp-674x446/0a/c6/99/67.jpg,-1.0,0.038550501156514975,0.696969696969697,2.1456521739130436,0,1,0,0,0,0,0.6666666666666666,-0.5,1,0,0.4516074477988332,0.49658408070003446,0.9694755745899531,0.396588094762762,0.04144703215801505,1.8749999999999998,1.522080144469565,1.9675202998126173,2.717391304347826,0,0,0.5,0.0,0.6666666666666666,0.0,0.0,0.5,0.0,0.3890404699251065,0.0,-0.9496402877697842,0.0,-1.0,0.0,0.6791044776119403,-0.5,-0.8571428571428571,0.0,0.0,0,0,0,-0.16666666666666674,0.6718751592707803,-0.5,0.0,0.5,0.33333333333333326,0.8164965809277259,-1.0197268588770865,-0.16636547035135368,0.0,0.914213562373095,0.20671834625322985,-0.0676631485427785,0.415037499278844,0,1,0,0,0.0,-0.39875867317815916,1,1.6666666666666665,-1.314285714285714,1,0,2.206896551724138,1.8570065204180544,1.2567975830815714,-0.25,1.0,1,0,0,Far,Economy,Weekend,VeryHigh,Good,0,0,0,0,2,0,4,2,2,3,5,5,0,1,1,1,2,1,4.0
110,715,474,-1.0,Kodaikanal,Tamil Nadu,Nature,-0.09974618536129198,Apr-Jun,273,0.5,"City, Historical",0.0,0.5,0.36363636363636365,0.0,46-60,Knee Pain,Adventure,"Trekking, Adventure Sports",Summer,"High altitude, physical exertion",South Indian Cuisine,-0.10416666666666667,https://encrypted-tbn0.gstatic.com/images?q=tbn:ANd9GcRR1MrvitA-PthZ_UMPeUYOYvzHFu6Olty-pnoL9EqaCl31ZwvMHSvu9OQ&s=10,2.0,0.25828835774865067,-0.6818181818181818,-0.3896739130434783,1,0,0,1,1,0,-0.3333333333333333,1.0,0,0,-0.8490947364203633,0.399827747482745,-0.40409493561242177,-0.343347582981833,-0.21872996504607983,-0.18749999999999997,-0.02479376662472538,-0.04372267332916927,-0.4891304347826087,0,0,-1.0,0.0,-0.3333333333333333,-1.0,0.0,0.5,0.0,-0.09974618536129198,0.0,0.47002398081534774,0.0,0.0,0.0,-0.06716417910447761,0.5,0.8571428571428571,-1.2857142857142856,0.0,0,1,1,-0.5,0.29885849072268444,-0.5,-0.5,0.5,0.16666666666666674,2.943920288775949,0.6798179059180578,2.120116154212268,0.16666666666666652,0.5801234497346434,-0.3514211886304911,-0.8056119002890064,0.415037499278844,0,1,1,1,0.4583333333333339,-0.2126269077893576,1,-4.440892098500626e-16,0.03571428571428603,0,1,-1.6551724137931032,1.7577110238050087,0.7492447129909369,-0.5,1.0,1,0,0,Medium,Moderate,Week,High,Poor,4,0,1,3,2,0,4,2,2,15,14,18,1,3,0,0,3,0,2.5
126,503,682,1.0,Hyderabad,Telangana,City,0.4297943044209848,Oct-Mar,335,-1.0,"Beaches, Historical",0.0,-0.5,-0.25757575757575757,-1.0,18-25,High Blood Pressure,Business,"Shopping, Food & Local Cuisine",All seasons,"Traffic congestion, pollution",Hyderabadi Cuisine,-0.71875,https://t4.ftcdn.net/jpg/03/60/89/09/360_F_360890991_Ykybj5JO5HYBaqWeROz9cR2jWXN8HZxf.jpg,0.0,0.8018504240555127,0.030303030303030304,1.4282608695652175,0,0,1,0,0,0,0.0,1.5,1,1,0.8870859385590797,-0.8527848395146533,-0.26497234850320883,-0.4352514343463124,-0.45914054530969467,1.1249999999999998,1.5352257034654375,0.06121174266083698,-0.42391304347826086,0,0,0.0,2.8284271247461903,-0.3333333333333333,0.3333333333333333,1.0,0.0,4.0,0.4297943044209848,0.0,-0.03836930455635491,0.7073170731707317,0.0,2.0,-1.4514925373134329,0.5,-0.42857142857142855,0.32352321521291494,-1.062437173501617,1,0,0,0.5,0.591751709536137,0.5,0.5,0.0,-0.75,1.0,-0.13657056145675264,0.17662344282283912,-0.5,0.5,-0.17829457364341086,0.714204966950678,0.0,1,0,0,0,0.21875,-0.23694371444870058,1,0.6666666666666665,-0.714285714285714,1,0,1.6551724137931032,-0.114041034126576,-1.7945619335347434,1.0,0.0,0,0,0,Near,Economy,Weekend,VeryHigh,Excellent,2,3,0,0,1,1,3,0,4,4,15,14,2,1,1,1,0,0,3.0
818,102,470,-0.5,Baga Beach,Goa,Beach,-0.6134233356374184,Nov-Mar,660,-0.5,"Nature, Adventure",0.0,0.0,0.0,-1.0,46-60,Knee Pain,Honeymoon,"Relaxation, Nightlife, Water Sports",Winter,"Crowds, sun exposure",Seafood,-0.84375,https://encrypted-tbn0.gstatic.com/images?q=tbn:ANd9GcQeseYB8OMIYAnzRmlYP6matYpojVkK9lRx0Wgn7x8BYcxvxjfwm4QrUxM&s=10,1.0,1.195065535851966,-0.5151515151515151,0.841304347826087,1,0,0,1,0,0,-0.6666666666666666,-0.5,0,0,-0.49409837770223547,-0.5035596462654627,-0.42947876002363,-0.7723584090854094,-0.6877568796691806,0.37499999999999994,1.1987253666858548,-0.14865708931917554,-0.7681159420289856,0,0,-0.5,0.0,0.0,-0.6666666666666666,0.0,-0.5,0.0,-0.6134233356374184,0.0,0.009592326139088728,0.0,-1.0,0.0,-1.126865671641791,0.5,0.0,-0.8571428571428572,0.0,0,1,1,-0.5,-0.408248290463863,0.0,-1.0,-0.5,-0.5,0.0,0.0,-0.3826841261161515,-1.0,-0.5,-1.1317829457364341,-0.9794293864519111,-0.5849625007211561,0,1,0,0,-0.375,0.3934525244337349,1,-0.3333333333333335,0.28571428571428603,0,0,0.0,0.0,0.0,-0.5,0.0,0,0,0,Near,Moderate,Weekend,High,Poor,1,2,2,3,2,3,2,3,0,14,3,3,2,3,1,0,3,0,2.0
578,998,287,0.5,Jaipur,Rajasthan,City,-0.1959495703673228,Oct-Mar,253,0.5,"Nature, Adventure",-1.0,0.5,0.8939393939393939,-0.5,36-45,High Blood Pressure,Business,"Shopping, Food & Local Cuisine",All seasons,"Traffic congestion, pollution",Rajasthani Cuisine,-0.2708333333333333,https://t4.ftcdn.net/jpg/05/84/76/73/360_F_584767353_EXYOkE8NcX37UwV4WfBw7AjBaEtU6mMy.jpg,1.0,1.295296838858905,0.6767676767676766,0.9355072463768117,1,0,0,1,0,0,0.6666666666666666,-0.5,1,0,0.34211045748299135,0.38078408768638533,0.8538443112012162,-0.3717682697903442,-0.6800764610431279,0.8749999999999998,0.4175889413904557,0.14865708931917554,-0.3695652173913043,0,0,0.5,0.0,0.6666666666666666,0.0,0.0,0.5,0.0,-0.1959495703673228,0.0,1.1414868105515588,0.0,-0.5,0.0,-0.30597014925373134,-0.5,0.8571428571428571,0.0,0.0,0,1,1,0.5,-0.408248290463863,1.0,0.0,0.0,0.5,0.0,0.7283763277693475,0.7359310117618298,-0.75,0.0,1.1627906976744187,-0.2099550896260758,0.0,1,0,1,0,0.8125,-0.4543274245809717,1,0.16666666666666652,-0.28571428571428514,0,0,0.0,-0.2976550712026077,-3.371601208459215,0.5,0.0,0,0,0,Medium,Premium,Weekend,High,Good,2,3,2,2,1,1,3,0,4,13,13,15,1,4,1,0,2,1,4.0
935,683,847,0.0,Hyderabad,Telangana,City,-0.08256163943675462,Oct-Mar,931,0.0,"Beaches, Historical",-1.0,-0.5,-0.8939393939393939,1.0,18-25,High Blood Pressure,Business,"Shopping, Food & Local Cuisine",All seasons,"Traffic congestion, pollution",Hyderabadi Cuisine,-0.71875,https://t4.ftcdn.net/jpg/03/60/89/09/360_F_360890991_Ykybj5JO5HYBaqWeROz9cR2jWXN8HZxf.jpg,-1.0,-0.8789514263685427,0.15151515151515152,-0.44130434782608696,0,1,0,0,0,0,0.0,-0.5,0,0,-0.04054077858342855,-0.023893797389189855,0.12988039125476733,2.4621452139839586,2.7054551909565863,-0.37499999999999994,-0.4860163712420571,-0.7666042057047681,0.34782608695652173,0,0,0.0,0.0,0.3333333333333333,-0.3333333333333333,0.0,0.0,0.0,-0.08256163943675462,0.0,-1.1223021582733812,0.0,1.0,0.0,-0.9477611940298507,-0.5,-0.8571428571428571,-0.42857142857142866,0.0,0,0,0,-0.16666666666666674,0.6718751592707803,-0.5,0.0,0.5,0.33333333333333326,0.8164965809277259,-1.0197268588770865,-0.16636547035135368,0.0,0.914213562373095,0.20671834625322985,-0.0676631485427785,0.415037499278844,0,1,0,0,-0.1875,-0.0026530743722125074,1,1.6666666666666665,-1.314285714285714,1,0,0.5517241379310347,-0.19522059064214986,-2.6948640483383683,0.0,0.0,0,0,0,Near,Budget,Week,High,Fair,2,3,0,0,1,1,3,0,4,4,15,14,2,0,0,0,1,0,3.0
345,709,778,0.5,Spiti Valley,Himachal Pradesh,Nature,0.6724530032563257,Sep-Mar,429,0.5,"Beaches, Historical",-1.0,-0.5,-0.6212121212121212,1.0,46-60,Asthma,Family Vacation,"Nature & Relaxation, Photography",Post-Monsoon,"Curvy roads, limited medical facilities",Himachali Cuisine,0.625,https://storage.googleapis.com/stateless-www-justwravel-com/2021/05/1550217293_shutterstock_1129297934.jpg.jpg,-1.0,-0.7401696222050888,1.2424242424242424,-0.050000000000000086,0,1,0,0,0,0,0.6666666666666666,-0.5,1,0,0.5046559055162395,0.5526861800850597,1.0254959288389065,2.5265007165543083,2.0130771361985382,-0.12500000000000003,-0.4048371836388789,-0.014574224443056491,3.152173913043478,0,0,0.75,0.7071067811865476,0.6666666666666666,0.3333333333333333,1.0,0.0,2.0,0.6724530032563257,0.0,0.38369304556354916,2.951219512195122,0.75,0.5,0.9029850746268657,0.0,0.0,1.3424276799622294,-0.963710722590775,1,1,1,0.5,-0.408248290463863,1.0,0.0,0.0,0.75,1.0,-0.7465857359635811,-0.3826841261161515,0.0,1.5,-0.23255813953488372,0.9789332220755725,0.0,1,0,0,0,-0.375,0.3934525244337349,1,1.6666666666666665,-1.314285714285714,0,0,0.0,0.21450245166019297,3.0090634441087616,0.5,0.0,0,0,0,Far,Economy,Week,VeryHigh,Good,4,4,0,3,0,2,1,1,1,3,5,33,0,1,0,1,2,1,4.0
711,343,469,0.5,Mumbai,Maharashtra,City,-0.6418458535029582,Oct-Mar,715,0.0,"Beaches, Historical",0.0,-0.5,-0.015151515151515152,0.5,18-25,High Blood Pressure,Business,"Shopping, Food & Local Cuisine",All seasons,"Traffic congestion, pollution",Street Food,-1.421875,https://t4.ftcdn.net/jpg/01/46/43/87/360_F_146438747_3XYwVkfnYZuukBZYmDM8xeoqENzyhAqa.jpg,0.0,-0.2713955281418659,0.5151515151515151,-0.08478260869565218,0,0,1,0,0,0,0.3333333333333333,0.0,1,0,0.258648692951127,-0.10692740089609995,0.3668434563104285,0.6083492093880767,0.24870975921083804,-0.07500000000000005,-0.3725798179757055,-1.1560274828232355,-1.1576086956521738,1,0,0.25,0.7071067811865476,0.3333333333333333,0.0,1.0,-0.5,2.0,-0.6418458535029582,0.0,0.7769784172661871,2.0,-0.25,1.4999999999999998,-0.9291044776119403,0.5,0.0,0.6631580367960199,-0.963710722590775,1,1,1,0.5,-0.408248290463863,1.0,0.0,-0.5,0.0,0.0,-0.018209408194233685,-0.3826841261161515,0.5,-0.5,-1.9922480620155039,-1.024441785396467,-0.5849625007211561,1,0,0,1,-0.375,0.3934525244337349,1,-0.3333333333333335,0.28571428571428603,0,0,0.0,0.0,0.0,0.5,0.0,0,0,0,VeryNear,Moderate,Week,High,Good,2,3,0,0,1,1,3,0,4,16,10,25,3,3,0,0,2,0,3.5
817,598,917,-1.0,Chandigarh,Punjab,City,-0.7635942267699773,Oct-Mar,601,-1.0,"Nature, Adventure",0.0,0.5,0.7424242424242424,-0.5,18-25,High Blood Pressure,Business,"Shopping, Food & Local Cuisine",All seasons,"Traffic congestion, pollution",Punjabi Cuisine,0.2604166666666667,https://s7ap1.scene7.com/is/image/incredibleindia/chandigarh-union-territory-1-city-ff,2.0,1.141094834232845,-0.30303030303030304,0.232608695652174,1,0,0,1,1,0,-1.3333333333333333,-0.5,0,0,-0.8801590954498695,-0.911843273870818,-0.731534889196077,-0.984494170549287,-0.6857715561398448,-0.625,0.2955226145979434,0.7432854465958777,-0.29891304347826086,0,0,0.125,1.707825127659933,-0.3333333333333333,0.3333333333333333,3.0,-0.5,2.0,-0.7635942267699773,0.0,1.2470023980815348,1.1654692021814188,-0.125,0.67700320038633,-0.21641791044776118,0.5,0.42857142857142855,1.519828417878826,-1.0391534068660804,1,1,1,0.0,1.591751709536137,-0.5,0.5,0.0,-0.75,1.0,1.2018209408194234,0.618182049879937,0.0,0.5,0.24031007751937986,-0.3051041594041178,0.0,0,0,1,0,0.6875,-0.24975521854726965,1,0.6666666666666665,-0.5142857142857138,0,1,-3.3103448275862064,-2.5063740421317875,0.6344410876132931,-1.0,0.0,0,0,0,Far,Moderate,Weekend,High,Poor,2,3,2,0,1,1,3,0,4,12,12,7,0,3,1,0,3,0,1.0
383,108,364,1.0,Mumbai,Maharashtra,City,-0.3274315750440385,Oct-Mar,262,0.5,"Beaches, Historical",0.0,0.5,0.25757575757575757,0.0,18-25,High Blood Pressure,Business,"Shopping, Food & Local Cuisine",All seasons,"Traffic congestion, pollution",Street Food,-1.421875,https://t4.ftcdn.net/jpg/01/46/43/87/360_F_146438747_3XYwVkfnYZuukBZYmDM8xeoqENzyhAqa.jpg,2.0,0.1773323053199691,-0.7878787878787878,-0.44673913043478264,1,0,0,1,1,0,1.0,0.0,1,1,0.7099163521562952,0.3547569518818626,1.2422555374844437,0.43049150207079206,-0.18892848992585182,0.5624999999999999,-0.061514872253147,-1.149906308557152,-1.1766304347826086,1,0,1.0,0.0,1.0,0.3333333333333333,0.0,0.5,0.0,-0.3274315750440385,0.0,0.33573141486810554,0.0,0.0,0.0,-1.955223880597015,0.5,0.8571428571428571,0.42857142857142866,0.0,0,1,1,0.75,-7.850462293418875e-17,1.0,0.5,1.0,0.25,0.8164965809277259,1.306525037936267,1.4510693050864027,-0.25,0.4128709291752768,-0.044573643410852716,-0.3390242217086835,0.7369655941662062,1,0,1,0,3.046875,-1.6106656161619846,0,0.16666666666666652,-0.1587301587301586,1,0,0.8275862068965516,-0.5151610646385937,-4.554380664652569,1.0,0.0,0,0,0,VeryNear,Moderate,Week,High,Excellent,2,3,0,0,1,1,3,0,4,16,10,25,3,3,0,0,0,1,4.5
617,652,798,-1.0,Kovalam Beach,Kerala,Beach,-0.5570844406039948,Nov-Mar,394,0.5,"City, Historical",0.0,0.0,0.0,1.0,26-35,Knee Pain,Honeymoon,"Relaxation, Nightlife, Water Sports",Winter,"Crowds, sun exposure",Seafood,0.2604166666666667,https://eastindiantraveller.com/wp-content/uploads/2021/01/kovalambeach.jpg,1.0,-0.4240555127216654,-0.5151515151515151,-0.6804347826086957,1,0,0,1,0,0,-0.3333333333333333,1.0,0,0,-0.8704955975702134,0.3092966903462756,-0.42669472219309545,0.309261136545109,0.5416839729742543,-0.49999999999999994,-0.5370370711327745,-0.21861336664584638,0.0,0,0,-1.0,0.0,-0.3333333333333333,-1.0,0.0,0.5,0.0,-0.5570844406039948,0.0,0.009592326139088728,0.0,1.0,0.0,0.4552238805970149,0.5,0.0,-1.2857142857142856,0.0,0,1,1,-0.75,0.29885849072268444,-0.5,-0.5,1.0,0.5,1.1547005383792515,0.36418816388467373,1.374696940956292,0.375,0.38975652100260916,0.44573643410852715,0.04404156085018127,0.7369655941662062,0,1,1,1,0.875,-0.6417291288032282,1,0.9166666666666665,-0.5838509316770182,0,1,-0.8275862068965516,-2.5670960372731524,0.15407854984894262,-1.0,0.0,0,0,0,Far,Moderate,Week,High,Poor,1,2,1,1,2,3,2,3,0,14,7,21,0,3,0,0,3,0,2.5
98,343,937,0.0,Delhi,Delhi,City,-0.6418458535029582,Oct-Mar,712,-1.0,"Beaches, Historical",0.0,0.5,1.2272727272727273,-1.0,26-35,High Blood Pressure,Business,"Shopping, Food & Local Cuisine",All seasons,"Traffic congestion, pollution",Street Food,0.010416666666666666,https://encrypted-tbn0.gstatic.com/images?q=tbn:ANd9GcTFxblF-zkMM4NsiVuRyJ1Yx76TMcpdDWzU6zEf57y1aQ&s=10,2.0,3.0686198920585963,0.18181818181818182,1.591304347826087,1,0,0,1,1,0,-0.6666666666666666,0.5,0,0,-0.11905485654208559,-0.9058181880562388,-0.5305991272596657,-0.957277155920577,-0.9780074790854522,0.37499999999999994,1.1895573978300538,1.2854465958775767,-0.42934782608695654,0,0,0.25,0.7071067811865476,0.3333333333333333,0.0,1.0,-0.5,2.0,-0.6418458535029582,0.0,0.7769784172661871,2.0,-0.25,1.4999999999999998,-0.9291044776119403,0.5,0.0,0.6631580367960199,-0.963710722590775,1,1,1,0.5,0.591751709536137,0.5,0.5,0.0,-1.0,0.0,1.8482549317147192,0.8242427331732491,0.25,2.0,0.5193798449612403,-0.26235224018184805,0.0,1,0,1,1,0.90625,-0.24884039013065148,1,2.1666666666666665,-1.5324675324675323,0,1,-1.6551724137931032,-2.0940453085124453,-0.8882175226586103,0.0,0.0,0,0,0,Medium,Premium,Weekend,High,Fair,2,3,0,1,1,1,3,0,4,16,2,9,1,4,1,0,1,0,2.0
124,206,128,1.0,Ajanta Caves,Maharashtra,Historical,0.8023392941000204,Nov-Feb,330,0.5,"Nature, Adventure",0.0,0.5,0.5151515151515151,1.0,26-35,Knee Pain,Leisure,"Cultural Exploration, Photography",Winter,"Long walking distances, crowd congestion",Maharashtrian Cuisine,-1.0104166666666667,https://plus.unsplash.com/premium_photo-1697729588019-20a1f5a325d1,2.0,-0.16191210485736313,-0.5303030303030303,-0.6858695652173913,1,0,0,1,1,0,1.0,0.0,1,1,0.9742510018879981,0.5783974410233654,1.5213988218590275,0.9073844631453323,0.35856092044043497,0.0,-0.39087180737296784,-0.9298355194669998,-0.9619565217391305,1,0,1.0,0.0,1.0,0.3333333333333333,0.0,0.5,0.0,0.8023392941000204,0.0,0.6618705035971223,0.0,1.0,0.0,-1.3656716417910448,0.5,0.8571428571428571,0.42857142857142866,0.0,0,1,1,0.16666666666666674,0.6718751592707803,0.0,0.5,0.5,0.0,1.414213562373095,1.3232169954476476,1.4889935582436746,0.3333333333333335,1.1329931618554523,-0.025839793281653863,0.16839339683410304,0.415037499278844,1,0,1,1,2.041666666666666,-1.01463426390256,1,0.9999999999999996,-0.655462184873949,1,0,2.7586206896551717,3.006892003881637,-3.1661631419939575,1.0,0.0,0,0,0,Near,Moderate,Week,VeryHigh,Excellent,3,1,2,1,2,4,0,3,3,6,10,1,2,3,0,1,0,1,4.5
535,335,126,0.5,Rishikesh,Uttarakhand,Adventure,0.8310548009172934,Apr-Jun,983,0.5,"City, Historical",-1.0,-0.5,-0.7575757575757576,0.0,18-25,Knee Pain,Adventure,"Trekking, Adventure Sports",Summer,"High altitude, physical exertion",North Indian Cuisine,0.20833333333333334,https://dynamic-media-cdn.tripadvisor.com/media/photo-o/2c/31/c5/45/caption.jpg,-1.0,-0.5975327679259831,0.696969696969697,0.3521739130434783,0,1,0,0,0,0,0.6666666666666666,-0.5,1,0,0.5343425981202312,0.5840817352160689,1.0568457381965068,1.7957763328719338,1.3975967594744934,0.37499999999999994,0.1253258408907192,0.21861336664584638,2.282608695652174,0,0,0.5,0.0,0.6666666666666666,0.0,0.0,0.5,0.0,0.8310548009172934,0.0,-0.9496402877697842,0.0,0.0,0.0,0.3805970149253731,-0.5,-0.8571428571428571,0.0,0.0,0,0,0,0.375,0.2687549099224669,0.5,0.5,1.0,-0.25,1.414213562373095,-1.1107738998482548,-0.04790965621719187,-0.375,0.1770032003863299,0.4069767441860465,0.420487400767731,0.7369655941662062,1,0,0,0,0.3125,-1.2239711690315567,1,0.4166666666666665,-0.4201680672268906,1,0,0.4137931034482758,2.439154757426829,0.0634441087613293,0.5,0.0,0,0,0,Far,Economy,Week,VeryHigh,Good,0,0,1,0,2,0,4,2,2,10,17,30,0,1,0,1,2,1,4.0
458,630,252,-0.5,Kerala Backwaters,Kerala,Nature,0.784209682248419,Apr-Jun,504,-1.0,"City, Historical",0.0,0.5,0.07575757575757576,-0.5,46-60,Knee Pain,Adventure,"Trekking, Adventure Sports",Summer,"High altitude, physical exertion",Kerala Cuisine,0.0,https://www.backpackadventures.org/wp-content/uploads/2020/08/india0898.jpg,2.0,0.46260601387818023,-0.9696969696969697,-0.2456521739130436,1,0,0,1,1,0,-1.0,0.0,0,0,-0.3632956302331971,-0.8352455245479271,-0.5950800530629292,-0.7475854767121903,-0.24547415596802588,-0.37499999999999994,0.6283624213994506,0.4518009577347492,-0.43478260869565216,0,0,-0.5,0.0,0.0,-0.6666666666666666,0.0,-1.0,0.0,0.784209682248419,0.0,0.10551558752997602,0.0,-0.5,0.0,0.08208955223880597,0.5,0.8571428571428571,-0.8571428571428572,0.0,0,1,1,-0.33333333333333326,-7.850462293418875e-17,0.0,-0.5,0.5,-0.33333333333333326,2.160246899469287,0.8072837632776936,1.0360157775006216,0.16666666666666652,0.3164965809277261,-0.36175710594315236,0.5378121297200935,0.415037499278844,0,1,1,1,2.083333333333334,-1.3106735015698636,1,0.9999999999999996,-0.714285714285714,0,1,-0.5517241379310347,1.9129220616345504,1.1359516616314198,-0.5,1.0,1,0,0,Medium,Moderate,Weekend,VeryHigh,Poor,4,0,1,3,2,0,4,2,2,5,7,16,1,3,1,1,3,0,1.5
238,613,874,0.0,Jaipur,Rajasthan,City,-0.6214029381611527,Oct-Mar,315,-0.5,"Beaches, Historical",0.0,-0.5,0.10606060606060606,0.0,46-60,High Blood Pressure,Business,"Shopping, Food & Local Cuisine",All seasons,"Traffic congestion, pollution",Rajasthani Cuisine,-0.2708333333333333,https://t4.ftcdn.net/jpg/05/84/76/73/360_F_584767353_EXYOkE8NcX37UwV4WfBw7AjBaEtU6mMy.jpg,0.0,0.061680801850423995,0.7575757575757576,0.38478260869565223,0,0,1,0,0,0,-0.3333333333333333,0.0,0,0,-0.1161850157554499,-0.504349435708748,-0.2299362914710966,-0.22112171262975316,-0.1355677126877721,-0.18749999999999997,-0.10892658141813193,-0.18363522798251095,0.043478260869565216,0,0,0.0,0.0,0.3333333333333333,-0.3333333333333333,0.0,-0.5,0.0,-0.6214029381611527,0.0,0.14388489208633093,0.0,0.0,0.0,-0.30597014925373134,0.5,-0.8571428571428571,-0.42857142857142866,0.0,0,1,0,0.0,-0.408248290463863,0.5,-0.5,-0.5,-0.5,0.0,0.1274658573596358,-0.3826841261161515,0.0,-0.5,-0.27906976744186046,-0.9920665867842853,-0.5849625007211561,0,0,1,0,-0.375,0.3934525244337349,1,-0.3333333333333335,0.28571428571428603,0,0,0.0,0.0,0.0,0.0,0.0,0,0,0,Medium,Moderate,Week,High,Fair,2,3,0,3,1,1,3,0,4,13,13,15,1,3,0,0,1,0,2.5
199,855,503,0.0,Kerala Backwaters,Kerala,Nature,0.42409997655974957,Apr-Jun,139,0.5,"Nature, Adventure",-1.0,0.5,-0.3333333333333333,-0.5,36-45,Knee Pain,Adventure,"Trekking, Adventure Sports",Summer,"High altitude, physical exertion",Kerala Cuisine,0.0,https://www.backpackadventures.org/wp-content/uploads/2020/08/india0898.jpg,1.0,0.04626060138781804,-0.9595959595959596,-0.23840579710144924,1,0,0,1,0,0,0.3333333333333333,0.0,0,0,0.030585973462356645,0.5035241828277974,0.5248675095564791,0.18837130575404903,0.038931664112912524,0.625,0.5509244176766291,0.4518009577347492,-0.18115942028985504,0,0,0.0,0.0,0.3333333333333333,-0.3333333333333333,0.0,0.5,0.0,0.42409997655974957,0.0,-0.41247002398081534,0.0,-0.5,0.0,0.08208955223880597,-0.5,0.8571428571428571,-0.42857142857142866,0.0,0,0,1,-0.25,0.09175170953613696,0.0,-0.5,0.0,0.75,1.0,-0.10015174506828527,0.5887448094094637,0.0,0.5,-0.20155038759689922,-0.460133345135036,0.0,0,1,0,0,0.65625,-0.6794386339328273,1,0.6666666666666665,-0.5142857142857138,1,0,0.8275862068965516,3.087988789479008,0.7613293051359518,0.0,0.0,0,0,0,Medium,Economy,Weekend,VeryHigh,Fair,4,0,2,2,2,0,4,2,2,5,7,16,1,1,1,1,1,0,3.5
423,153,148,0.5,Kolkata,West Bengal,City,0.5874761894161635,Oct-Mar,368,1.0,"Beaches, Historical",0.0,0.0,0.7272727272727273,1.0,36-45,High Blood Pressure,Business,"Shopping, Food & Local Cuisine",All seasons,"Traffic congestion, pollution",Bengali Cuisine,0.6770833333333334,https://encrypted-tbn0.gstatic.com/images?q=tbn:ANd9GcR7RyEWQTvFgkgjKGGCyk4MsFgdUZhpvExLEydL8FmtvfqAtgLceIK1K2mg&s=10,1.0,-0.053970701619121104,0.45454545454545453,-0.33260869565217394,1,0,0,1,0,0,1.0,0.0,1,0,0.4887501554671001,0.9961469496081204,1.4683105414205238,0.7280569447247407,0.17666256095064306,0.0,-0.4139738921509747,0.014574224443056491,0.2898550724637682,0,1,0.5,0.0,0.6666666666666666,0.0,0.0,1.0,0.0,0.5874761894161635,0.0,0.9304556354916067,0.0,1.0,0.0,1.0522388059701493,0.5,0.0,0.0,0.0,0,1,1,0.5,-0.408248290463863,1.0,0.0,-0.5,1.0,0.0,0.8740515933232169,-0.3826841261161515,1.0,-0.5,1.1317829457364341,0.9224207159831519,-0.5849625007211561,1,0,1,1,-0.375,0.3934525244337349,1,-0.3333333333333335,0.28571428571428603,0,0,0.0,0.0,0.0,0.5,0.0,0,0,0,Far,Moderate,Week,VeryHigh,Good,2,3,0,2,1,1,3,0,4,0,18,19,0,3,0,1,2,1,4.5
555,639,627,1.0,Kerala Backwaters,Kerala,Nature,0.596999602055179,Sep-Mar,499,0.0,"City, Historical",0.0,-0.5,-0.42424242424242425,-0.5,26-35,Asthma,Family Vacation,"Nature & Relaxation, Photography",Post-Monsoon,"Curvy roads, limited medical facilities",Kerala Cuisine,0.0,https://www.backpackadventures.org/wp-content/uploads/2020/08/india0898.jpg,0.0,-0.04626060138781804,-0.30303030303030304,0.232608695652174,0,0,1,0,0,0,0.6666666666666666,0.5,1,1,0.9262072816477943,0.07699662158842412,0.8955610227088954,0.5027915393421328,0.16894251434038687,0.8749999999999998,0.5881047591983455,0.4518009577347492,0.32608695652173914,0,0,1.0,0.0,1.0,0.3333333333333333,0.0,0.0,0.0,0.596999602055179,0.0,-0.5275779376498801,0.0,-0.5,0.0,0.08208955223880597,0.5,-0.8571428571428571,0.42857142857142866,0.0,0,0,0,0.75,0.09175170953613696,1.0,0.5,0.0,-0.25,1.0,-0.2549317147192716,0.4415586070570978,-0.25,0.0,1.3643410852713178,-0.1880911973384012,0.0,1,0,0,0,0.5,-0.6019084996377002,1,0.16666666666666652,-0.1587301587301586,1,0,0.8275862068965516,3.092871312289672,-2.9003021148036257,0.75,1.0,1,0,0,Medium,Economy,Weekend,VeryHigh,Excellent,4,4,1,1,0,2,1,1,1,5,7,16,1,1,1,1,0,0,4.0
763,362,315,-1.0,Kovalam Beach,Kerala,Beach,0.4192104033864025,Nov-Mar,496,-0.5,"City, Historical",0.0,-0.5,-0.9848484848484849,1.0,26-35,Knee Pain,Honeymoon,"Relaxation, Nightlife, Water Sports",Winter,"Crowds, sun exposure",Seafood,0.2604166666666667,https://eastindiantraveller.com/wp-content/uploads/2021/01/kovalambeach.jpg,0.0,-0.9252120277563608,-1.4242424242424243,-1.0065217391304349,0,0,1,0,0,0,-1.0,0.0,0,0,-0.8248104834166525,-0.40135364998487577,-0.6040984390276062,0.839643985719971,3.43914327920873,-0.7499999999999999,-0.43206583241134255,-0.21861336664584638,0.5978260869565217,0,0,-1.0,0.0,-0.3333333333333333,-1.0,0.0,-0.5,0.0,0.4192104033864025,0.0,-1.2374100719424461,0.0,1.0,0.0,0.4552238805970149,0.5,-0.8571428571428571,-1.2857142857142856,0.0,0,0,0,-1.0,-0.408248290463863,-0.5,-1.5,0.0,-0.75,1.0,-0.8922610015174506,0.5593075689389906,0.0,1.5,-0.7403100775193798,0.6790352846407742,0.0,0,1,0,0,0.625,-1.455049700742892,1,1.6666666666666665,-1.314285714285714,0,0,0.0,-0.06345988393625042,2.9274924471299095,-1.0,0.0,0,0,0,Far,Budget,Week,VeryHigh,Poor,1,2,1,1,2,3,2,3,0,14,7,21,0,0,0,1,3,0,1.5
253,969,117,1.0,Kodaikanal,Tamil Nadu,Nature,0.9326708835765062,Sep-Mar,366,-0.5,"City, Historical",0.0,0.0,0.5303030303030303,-1.0,46-60,Asthma,Family Vacation,"Nature & Relaxation, Photography",Post-Monsoon,"Curvy roads, limited medical facilities",South Indian Cuisine,-0.10416666666666667,https://encrypted-tbn0.gstatic.com/images?q=tbn:ANd9GcRR1MrvitA-PthZ_UMPeUYOYvzHFu6Olty-pnoL9EqaCl31ZwvMHSvu9OQ&s=10,1.0,2.0046260601387815,0.19191919191919177,1.6021739130434782,1,0,0,1,0,0,0.3333333333333333,1.0,1,1,1.0047449329975369,-0.3505333659428806,0.36192721898115215,-0.6315370125864918,-0.7545532588831148,1.4999999999999998,1.6974335992549716,1.093066833229232,-0.2536231884057971,0,0,0.16666666666666674,1.5275252316519468,0.0,0.3333333333333333,2.0,0.33333333333333326,2.160246899469287,0.9326708835765062,0.0,-0.2973621103117506,1.7097543578850618,0.3333333333333335,1.6329931618554518,1.0771144278606963,0.16666666666666674,-0.5714285714285715,1.142857142857143,-1.032412722174298,1,0,0,0.5,0.591751709536137,0.5,0.5,0.0,-0.75,1.0,0.8012139605462821,0.14718620235236587,-0.5,0.5,-0.18604651162790697,0.6290322424511415,0.0,1,0,1,0,0.1875,0.0026530743722117892,1,0.6666666666666665,-0.714285714285714,1,0,1.6551724137931032,2.3083151749631456,0.3625377643504532,1.0,0.0,0,0,0,Medium,Moderate,Weekend,VeryHigh,Excellent,4,4,1,3,0,2,1,1,1,15,14,18,1,3,1,1,0,0,3.5
953,429,78,-0.5,Coorg,Karnataka,Nature,-0.3209683627513594,Sep-Mar,61,0.0,"City, Historical",-1.0,-0.5,-0.9696969696969697,1.0,18-25,Asthma,Family Vacation,"Nature & Relaxation, Photography",Post-Monsoon,"Curvy roads, limited medical facilities",Coorgi Cuisine,-0.3854166666666667,https://images.unsplash.com/photo-1710612198146-77512950a4b7,-1.0,-0.9175019275250579,-0.15151515151515152,-0.55,0,1,0,0,0,0,-0.3333333333333333,0.0,0,0,-0.4667278780968775,-0.05928862677864096,-0.2076669190496486,2.1391534463667368,2.9664415192497886,-0.49999999999999994,-0.5116498663075066,-0.5800541328336457,1.0434782608695652,0,0,0.0,1.4142135623730951,0.0,0.0,1.0,0.5,2.0,-0.3209683627513594,0.0,-0.34532374100719426,2.2195121951219514,0.75,0.5,-0.4701492537313433,0.0,-0.8571428571428571,0.32352321521291494,-1.0273550292155575,1,0,0,-0.5,-0.408248290463863,0.0,-1.0,-0.5,0.0,0.0,-1.1654021244309558,-0.3826841261161515,1.0,-0.5,-0.4496124031007752,-0.516271971083479,-0.5849625007211561,0,1,0,1,-0.375,0.3934525244337349,1,-0.3333333333333335,0.28571428571428603,0,0,0.0,0.0,0.0,-0.5,0.0,0,0,0,Medium,Budget,Week,High,Poor,4,4,1,0,0,2,1,1,1,1,6,8,1,0,0,0,3,0,2.5
162,405,399,0.0,Kerala Backwaters,Kerala,Nature,-0.2391352575518918,Apr-Jun,953,-0.5,"City, Historical",-1.0,0.0,0.16666666666666666,0.0,46-60,Knee Pain,Adventure,"Trekking, Adventure Sports",Summer,"High altitude, physical exertion",Kerala Cuisine,0.0,https://www.backpackadventures.org/wp-content/uploads/2020/08/india0898.jpg,0.0,0.10794140323824203,0.8787878787878788,0.45,1,0,0,1,0,0,-0.3333333333333333,0.0,0,0,-0.06252107580938548,-0.466514095194431,-0.2016011328677328,-0.25289580036833936,-0.11901642763124302,-0.18749999999999997,-0.04727443984882103,0.04372267332916927,0.32608695652173914,0,0,0.5,1.4142135623730951,0.3333333333333333,0.3333333333333333,1.0,-0.75,1.0,-0.2391352575518918,0.0,0.7577937649880095,1.3658536585365855,-0.5,1.0,0.007462686567164179,0.0,0.0,1.0027928583791246,-1.0273550292155575,1,1,1,0.0,0.591751709536137,0.0,0.5,1.0,-0.25,0.8164965809277259,-0.3414264036418816,0.7565915921952288,-0.625,0.38975652100260916,-0.5852713178294574,-0.5596691892491039,0.7369655941662062,0,0,0,0,1.484375,-1.8381730415144881,0,0.9166666666666665,-1.047619047619047,0,0,0.0,0.4753510155090308,1.6586102719033233,0.0,0.0,0,0,0,Medium,Moderate,Week,High,Fair,4,0,1,3,2,0,4,2,2,5,7,16,1,3,0,0,1,0,2.5
414,323,360,1.0,Mumbai,Maharashtra,City,-0.3782717186641674,Oct-Mar,555,-0.5,"City, Historical",0.0,0.5,0.5,1.0,26-35,High Blood Pressure,Business,"Shopping, Food & Local Cuisine",All seasons,"Traffic congestion, pollution",Street Food,-1.421875,https://t4.ftcdn.net/jpg/01/46/43/87/360_F_146438747_3XYwVkfnYZuukBZYmDM8xeoqENzyhAqa.jpg,2.0,-0.1696222050886662,-0.5454545454545454,-0.691304347826087,1,0,0,1,1,0,0.3333333333333333,1.0,1,1,0.6980211865761116,-0.4802852708683717,0.19997366113571452,0.44867605689964457,0.15473848757176384,-0.24999999999999992,-0.5178111241386725,-1.1601082656672914,-1.1766304347826086,1,0,1.0,0.0,1.0,0.3333333333333333,0.0,-0.5,0.0,-0.3782717186641674,0.0,0.6426858513189448,0.0,1.0,0.0,-1.955223880597015,0.5,0.8571428571428571,0.42857142857142866,0.0,0,1,1,1.0,-0.408248290463863,1.5,0.5,-0.5,-0.5,0.0,0.6009104704097117,-0.3826841261161515,1.0,-0.5,-1.9922480620155039,-0.6070226051198977,-0.5849625007211561,1,0,1,1,-0.375,0.3934525244337349,1,-0.3333333333333335,0.28571428571428603,0,0,0.0,0.0,0.0,1.0,0.0,0,0,0,VeryNear,Moderate,Week,High,Excellent,2,3,1,1,1,1,3,0,4,16,10,25,3,3,0,0,0,0,3.5
85,867,757,-1.0,Calangute Beach,Goa,Beach,-0.978812217357367,Nov-Mar,36,1.0,"Beaches, Historical",-1.0,-0.5,-1.1363636363636365,-1.0,26-35,Knee Pain,Honeymoon,"Relaxation, Nightlife, Water Sports",Winter,"Crowds, sun exposure",Seafood,-0.8489583333333334,https://encrypted-tbn0.gstatic.com/images?q=tbn:ANd9GcQawETYRiYBsH6-h7nyRef7D05VLNnIS00HBpFyaZdOJDehCXzhEkUfAY5Vf_tWlUzd5qaIpJnkr2vAOF1xcvRS_dDd2Lq-Y2B30QDq-g&s=10,-1.0,-0.5397070161912105,-0.8181818181818182,0.5152173913043478,0,1,0,0,0,0,0.0,1.5,0,0,-0.8902300883762457,0.6085843971092205,-0.3519818168873971,0.8797569743130284,0.7090287358723214,1.1249999999999998,1.0808655098036473,-0.1574016239850094,0.07608695652173914,0,0,0.0,1.7320508075688772,-0.3333333333333333,0.0,2.0,0.6666666666666665,1.632993161855452,-0.9788122173573661,0.0,-1.0519584332533973,0.7088573081540591,-0.5,1.224744871391589,0.29850746268656714,-0.16666666666666674,-0.5714285714285715,0.857142857142857,-1.039957997045961,1,0,0,-1.0,-0.408248290463863,-0.5,-1.5,-0.5,1.0,0.0,-1.3657056145675264,-0.3826841261161515,-1.0,-0.5,-1.1395348837209303,-1.5580913541104557,-0.5849625007211561,0,1,0,0,-0.375,0.3934525244337349,1,-0.3333333333333335,0.28571428571428603,0,0,0.0,0.0,0.0,-1.0,0.0,0,0,0,Near,Budget,Weekend,High,Poor,1,2,0,1,2,3,2,3,0,14,3,6,2,0,1,0,3,0,3.0
676,14,953,0.5,Spiti Valley,Himachal Pradesh,Nature,0.053154240582139974,Sep-Mar,421,-1.0,"Nature, Adventure",-1.0,0.0,0.12121212121212122,-0.5,18-25,Asthma,Family Vacation,"Nature & Relaxation, Photography",Post-Monsoon,"Curvy roads, limited medical facilities",Himachali Cuisine,0.625,https://storage.googleapis.com/stateless-www-justwravel-com/2021/05/1550217293_shutterstock_1129297934.jpg.jpg,0.0,0.5088666152659983,0.7878787878787878,1.0152173913043478,1,0,0,1,0,0,-0.3333333333333333,1.0,1,0,0.3887370933168897,-0.8714240101659159,-0.39653922175117506,-0.4611629300834423,-0.3577371085258495,0.12500000000000003,0.4711562336209813,1.1513637310014575,0.9782608695652174,0,0,0.0,1.0,0.0,0.0,2.0,0.0,2.449489742783178,0.053154240582139974,0.0,0.04156674660271792,1.7178536659242105,0.16666666666666652,1.0801234497346432,1.2164179104477613,-0.5,0.0,0.857142857142857,-1.0,1,1,1,0.5,-0.408248290463863,1.0,0.0,-0.5,-1.0,0.0,0.14567526555386948,-0.3826841261161515,-0.5,-0.5,1.054263565891473,0.07622148621998813,-0.5849625007211561,1,0,1,0,-0.375,0.3934525244337349,1,-0.3333333333333335,0.28571428571428603,0,0,0.0,0.0,0.0,0.5,0.0,0,0,0,Far,Moderate,Weekend,VeryHigh,Good,4,4,2,0,0,2,1,1,1,3,5,33,0,3,1,1,2,0,2.5
961,769,781,-0.5,Valley of Flowers,Uttarakhand,Nature,-0.9461591682129972,Sep-Mar,284,0.5,"Beaches, Historical",-1.0,-0.5,-0.9696969696969697,0.5,26-35,Asthma,Family Vacation,"Nature & Relaxation, Photography",Post-Monsoon,"Curvy roads, limited medical facilities",North Indian Cuisine,0.5208333333333334,https://encrypted-tbn0.gstatic.com/images?q=tbn:ANd9GcSKohlQ-J1CgxwCnc1mL62LM__eo7IDPvD9Hm4v1DnS8PQfNYx8O_lBtpoE&s=10,-1.0,-0.8542791056283732,-0.15151515151515152,-0.3717391304347826,0,1,0,0,0,0,0.0,0.5,0,0,-0.5252387132018356,0.2322785402314676,-0.06209575360026941,2.270340578872331,2.1065717423781187,-0.225,-0.4118435454873325,0.14865708931917554,2.9347826086956523,0,0,-0.5,0.0,0.0,-0.6666666666666666,0.0,0.5,0.0,-0.9461591682129972,0.0,-1.2182254196642686,0.0,0.5,0.0,0.8283582089552238,-0.5,-0.8571428571428571,-0.8571428571428572,0.0,0,0,0,-0.5,-0.408248290463863,0.0,-1.0,0.0,0.0,2.0,-1.047040971168437,0.0,0.75,0.0,1.751937984496124,-0.21003584560061028,0.0,0,1,0,1,0.03125,-0.491877093915518,1,0.16666666666666652,-0.021978021978021456,0,0,0.0,-3.562050622508894,-1.9939577039274925,-0.5,1.0,1,0,0,Far,Budget,Week,High,Poor,4,4,0,1,0,2,1,1,1,10,17,37,0,0,0,0,3,0,3.0
96,671,700,0.5,Konark Sun Temple,Odisha,Historical,0.9302434175362104,Nov-Feb,535,0.5,"Beaches, Historical",-1.0,0.5,0.7727272727272727,-0.5,18-25,Knee Pain,Leisure,"Cultural Exploration, Photography",Winter,"Long walking distances, crowd congestion",Odia Cuisine,0.3125,https://cdn.britannica.com/19/251919-050-D3E64798/konark-sun-temple-orissa-india-unesco-heritage-site.jpg,1.0,1.171935235158057,0.5151515151515151,0.8195652173913043,1,0,0,1,0,0,0.6666666666666666,-0.5,1,0,0.5529084782981811,0.6037163278080425,1.0764517216551193,-0.3305657926182168,-0.5511453478392067,0.8749999999999998,0.6597655209500368,0.8015823443681033,0.03623188405797093,0,0,0.5,0.0,0.6666666666666666,0.0,0.0,0.5,0.0,0.9302434175362104,0.0,0.988009592326139,0.0,-0.5,0.0,0.5298507462686567,-0.5,0.8571428571428571,0.0,0.0,0,1,1,0.75,0.09175170953613696,1.0,0.5,0.0,0.25,1.0,0.928679817905918,-0.3826841261161515,-0.5,-0.5,0.27906976744186046,0.20225698629296018,0.0,1,0,1,0,-0.375,0.3934525244337349,1,-0.3333333333333335,0.28571428571428603,0,1,-0.8275862068965516,3.470431212550135,0.7250755287009064,0.5,0.0,0,0,0,Far,Moderate,Weekend,VeryHigh,Good,3,1,0,0,2,4,0,3,3,11,11,20,0,3,1,1,2,1,4.0
716,274,745,0.5,Munnar,Kerala,Nature,-0.7407292930741486,Sep-Mar,114,-1.0,"Beaches, Historical",-1.0,0.5,0.3181818181818182,-0.5,36-45,Asthma,Family Vacation,"Nature & Relaxation, Photography",Post-Monsoon,"Curvy roads, limited medical facilities",Kerala Cuisine,0.08333333333333333,https://images.unsplash.com/photo-1491497895121-1334fc14d8c9,1.0,0.7093292212798765,-0.09090909090909091,0.38478260869565223,1,0,0,1,0,0,-0.3333333333333333,1.0,1,0,0.24013993505892214,-0.9107117335966831,-0.43576969990354797,-0.5345297598694445,-0.539240340853506,0.12500000000000003,0.3004394907406555,0.5450759941703102,-0.1231884057971015,0,0,0.5,0.0,0.6666666666666666,0.0,0.0,-1.0,0.0,-0.7407292930741486,0.0,0.41247002398081534,0.0,-0.5,0.0,0.20149253731343283,-0.5,0.8571428571428571,0.0,0.0,0,1,1,0.5,-0.408248290463863,1.0,0.0,0.0,0.0,4.0,0.1911987860394537,0.23549792376378553,-0.75,0.0,-0.6356589147286822,-1.2690228974160664,0.0,1,0,1,0,0.28125,-0.19471809542056742,1,0.16666666666666652,-0.28571428571428514,0,0,0.0,0.24175028416814487,2.066465256797583,0.5,0.0,0,0,0,Medium,Moderate,Weekend,High,Good,4,4,0,2,0,2,1,1,1,5,7,26,1,3,1,0,2,0,2.5
430,256,852,0.0,Hampi Ruins,Karnataka,Historical,-0.09833415512553839,Nov-Feb,874,1.0,"City, Historical",0.0,0.5,2.0757575757575757,1.0,36-45,Knee Pain,Leisure,"Cultural Exploration, Photography",Winter,"Long walking distances, crowd congestion",South Indian Cuisine,-0.6875,https://wegobond.com/wp-content/uploads/2018/01/hampi-banner.jpg,2.0,0.6322282189668466,1.0303030303030303,-0.12608695652173907,1,0,0,1,1,0,0.6666666666666666,0.5,0,0,-0.0427549739696884,0.8264499726584832,0.7667089558758673,-0.08927175799798195,-0.4375271078489206,-0.12500000000000003,-0.4877122324051025,-0.7491151363731003,-0.7934782608695652,0,0,0.0,0.0,0.3333333333333333,-0.3333333333333333,0.0,1.0,0.0,-0.09833415512553839,0.0,2.6378896882494005,0.0,1.0,0.0,-0.9029850746268657,0.5,0.8571428571428571,-0.42857142857142866,0.0,0,1,1,-0.5,0.591751709536137,-0.5,-0.5,0.0,0.5,2.0,0.9650986342943854,4.562772272923345,0.5,0.5,-0.2713178294573643,0.010142765968638508,0.0,0,1,1,1,4.875,-3.0462448431647298,0,0.6666666666666665,-0.3809523809523805,1,0,1.6551724137931032,-0.47764898918625875,-1.4682779456193356,0.0,0.0,0,0,0,Near,Luxury,Week,High,Fair,3,1,1,2,2,4,0,3,3,15,6,13,2,2,0,0,1,0,4.0
216,518,336,0.5,Ahmedabad,Gujarat,City,0.43910062153366575,Oct-Mar,986,-0.5,"City, Historical",0.0,0.0,0.7272727272727273,-0.5,26-35,High Blood Pressure,Business,"Shopping, Food & Local Cuisine",All seasons,"Traffic congestion, pollution",Gujarati Cuisine,-0.9166666666666666,https://encrypted-tbn0.gstatic.com/images?q=tbn:ANd9GcTjjS0tleUkYu3JCgQn5BM0ooo_ueYok5FwDld1RJJHOQ&s=10,1.0,1.1256746337702388,0.45454545454545453,0.7760869565217392,1,0,0,1,0,0,0.0,0.5,1,0,0.46097758328550215,-0.3993849949960304,0.07481199574359211,-0.5370640567473934,-0.5780335261584045,0.37499999999999994,0.554150156897163,-0.5742244430564231,-0.8188405797101449,0,0,0.75,0.7071067811865476,0.6666666666666666,0.3333333333333333,1.0,0.25,2.9999999999999996,0.43910062153366575,0.0,0.14388489208633093,2.0,0.25,1.4999999999999998,-0.08955223880597014,0.0,0.0,1.3424276799622294,-0.963710722590775,1,1,1,0.5,-0.408248290463863,1.0,0.0,-0.5,-0.5,0.0,0.8740515933232169,-0.3826841261161515,-0.5,-0.5,-1.2403100775193798,0.6874401176157753,-0.5849625007211561,1,0,1,0,-0.375,0.3934525244337349,1,-0.3333333333333335,0.28571428571428603,0,0,0.0,0.0,0.0,0.5,0.0,0,0,0,Near,Moderate,Weekend,VeryHigh,Good,2,3,1,1,1,1,3,0,4,2,4,0,2,3,1,1,2,0,3.0
899,645,579,1.0,Tawang,Arunachal Pradesh,Nature,0.6780936907832332,Apr-Jun,211,0.5,"City, Historical",0.0,0.0,1.0151515151515151,1.0,46-60,Knee Pain,Adventure,"Trekking, Adventure Sports",Summer,"High altitude, physical exertion",North East Cuisine,1.6666666666666667,https://s7ap1.scene7.com/is/image/incredibleindia/sela-pass-tawang-arunachal-pradesh-blog-ntr-hero,1.0,0.09252120277563608,0.8383838383838386,-0.19492753623188394,1,0,0,1,0,0,1.0,0.0,1,1,0.9451810205931809,0.5538027658920275,1.4907002733956336,0.5283323133782043,0.030901356106029194,0.0,-0.40423069681721346,0.5683947532792005,0.9782608695652174,0,1,0.33333333333333326,1.1547005383792515,0.3333333333333333,0.3333333333333333,2.0,-0.33333333333333326,2.160246899469287,0.6780936907832332,0.0,0.2653876898481214,2.038398005472206,0.6666666666666665,0.816496580927726,1.31592039800995,0.16666666666666674,-0.28571428571428575,1.4285714285714284,-1.0123296781699866,1,1,1,0.30000000000000004,0.9701565847451589,-0.5,0.5,1.5,0.5,1.0,0.4916540212443095,0.7691360745647999,0.10000000000000009,0.7649110640673515,0.20155038759689922,0.3645957763051332,1.0000000000000002,1,0,1,1,2.125,-1.567120452004907,0,1.4666666666666663,-1.098901098901098,1,0,2.3172413793103446,1.9271053172162411,5.619335347432025,1.0,1.0,1,0,0,Far,Premium,Week,VeryHigh,Excellent,4,0,1,3,2,0,4,2,2,9,1,36,0,4,0,1,0,1,4.5
411,795,259,0.0,Rishikesh,Uttarakhand,Adventure,-0.31786200469435283,Apr-Jun,336,0.0,"Beaches, Historical",-1.0,-0.5,-0.8939393939393939,0.0,18-25,Knee Pain,Adventure,"Trekking, Adventure Sports",Summer,"High altitude, physical exertion",North Indian Cuisine,0.20833333333333334,https://dynamic-media-cdn.tripadvisor.com/media/photo-o/2c/31/c5/45/caption.jpg,-1.0,-0.7016191210485736,0.15151515151515152,0.05869565217391305,0,1,0,0,0,0,0.0,-0.5,0,0,-0.0735729843151438,-0.05882744425861099,0.10371833188954549,1.4205394871972015,1.4700667538693364,0.0,-0.0599714916957952,0.21861336664584638,2.282608695652174,0,0,0.0,1.0,0.0,0.0,2.0,0.0,1.414213562373095,-0.31786200469435283,0.0,-0.12470023980815348,2.2452276044614745,0.3333333333333335,1.4719601443879746,1.2014925373134329,-0.16666666666666674,-0.28571428571428575,0.857142857142857,-1.0,1,0,1,0.5,0.591751709536137,0.5,0.5,0.0,0.0,0.0,-1.1471927162367221,-0.14718620235236596,0.25,0.0,-0.2558139534883721,0.40304793855047333,0.0,1,0,0,1,-0.125,-0.22270754898146844,1,0.16666666666666652,-0.07792207792207773,0,1,-1.6551724137931032,-2.5125602314400632,1.6132930513595167,0.0,0.0,0,0,0,Far,Budget,Week,High,Fair,0,0,0,0,2,0,4,2,2,10,17,30,0,0,0,0,1,0,3.0
341,604,733,1.0,Valley of Flowers,Uttarakhand,Nature,0.8195332448182882,Sep-Mar,676,1.0,"Beaches, Historical",-1.0,0.0,0.25757575757575757,0.0,46-60,Asthma,Family Vacation,"Nature & Relaxation, Photography",Post-Monsoon,"Curvy roads, limited medical facilities",North Indian Cuisine,0.5208333333333334,https://encrypted-tbn0.gstatic.com/images?q=tbn:ANd9GcSKohlQ-J1CgxwCnc1mL62LM__eo7IDPvD9Hm4v1DnS8PQfNYx8O_lBtpoE&s=10,0.0,0.1773323053199691,1.0606060606060606,0.5478260869565218,1,0,0,1,0,0,1.3333333333333333,-0.5,1,1,0.9782739034025865,1.0535671694910542,2.114495533232811,0.6123370503593163,-0.028021425479709705,0.7499999999999999,0.12346764402044622,0.480949406620862,0.8695652173913043,0,0,1.0,0.0,1.0,0.3333333333333333,0.0,1.0,0.0,0.8195332448182882,0.0,0.33573141486810554,0.0,0.0,0.0,0.8283582089552238,-0.5,0.0,0.42857142857142866,0.0,0,1,1,0.5,0.591751709536137,0.5,0.5,0.0,0.75,1.0,0.16388467374810317,0.08831172141141956,0.25,0.0,0.8992248062015504,1.0333860879585415,0.0,1,0,1,1,0.125,-0.06057381551793934,1,0.16666666666666652,-0.07792207792207773,1,0,1.6551724137931032,0.7049140370102339,0.0,0.5,1.0,1,0,0,Far,Moderate,Week,VeryHigh,Excellent,4,4,0,3,0,2,1,1,1,10,17,37,0,3,0,1,0,1,5.0
521,546,44,0.0,Hampi Ruins,Karnataka,Historical,0.5069310068506925,Nov-Feb,670,1.0,"Nature, Adventure",0.0,0.5,1.5606060606060606,0.5,18-25,Knee Pain,Leisure,"Cultural Exploration, Photography",Winter,"Long walking distances, crowd congestion",South Indian Cuisine,-0.6875,https://wegobond.com/wp-content/uploads/2018/01/hampi-banner.jpg,2.0,0.6908249807247493,0.5151515151515151,-0.08478260869565218,1,0,0,1,1,0,0.6666666666666666,0.5,0,0,0.04221405415209538,0.9762168419653857,0.8788704413456362,-0.12171837392463485,-0.4011886918293419,0.07500000000000005,-0.22436000820640223,-0.6628357276702062,-0.7934782608695652,0,0,0.0,0.0,0.3333333333333333,-0.3333333333333333,0.0,1.0,0.0,0.5069310068506925,0.0,1.985611510791367,0.0,0.5,0.0,-0.9029850746268657,0.5,0.8571428571428571,-0.42857142857142866,0.0,0,1,1,0.0,-0.408248290463863,0.5,-0.5,-0.5,1.0,0.0,1.8755690440060697,-0.3826841261161515,0.5,-0.5,-0.8992248062015504,0.7948622812290395,-0.5849625007211561,0,0,1,1,-0.375,0.3934525244337349,1,-0.3333333333333335,0.28571428571428603,0,0,0.0,0.0,0.0,0.0,0.0,0,0,0,Near,Premium,Week,VeryHigh,Fair,3,1,2,0,2,4,0,3,3,15,6,13,2,4,0,1,1,0,4.0
287,468,855,0.0,Delhi,Delhi,City,1.0041673997812626,Oct-Mar,371,0.5,"City, Historical",-1.0,0.0,-0.2727272727272727,0.0,18-25,High Blood Pressure,Business,"Shopping, Food & Local Cuisine",All seasons,"Traffic congestion, pollution",Street Food,0.010416666666666666,https://encrypted-tbn0.gstatic.com/images?q=tbn:ANd9GcTFxblF-zkMM4NsiVuRyJ1Yx76TMcpdDWzU6zEf57y1aQ&s=10,0.0,-0.22744795682343874,0.0,-0.022826086956521743,1,0,0,1,0,0,0.3333333333333333,0.0,0,0,0.11201766372404555,0.6183497335720773,0.6108611902748164,0.5357705037115164,0.500139150350535,0.18749999999999997,0.15324544538247856,0.05246720799500313,0.33695652173913043,0,0,0.0,0.0,0.3333333333333333,-0.3333333333333333,0.0,0.5,0.0,1.0041673997812626,0.0,-0.33573141486810554,0.0,0.0,0.0,0.09701492537313433,-0.5,0.0,-0.42857142857142866,0.0,0,0,1,-0.25,0.09175170953613696,0.0,-0.5,0.0,0.75,1.0,-0.17298937784522,0.11774896188189272,0.5,0.5,1.372093023255814,1.3493910643601867,0.0,0,1,0,1,0.15625,-0.18239829788013215,1,0.6666666666666665,-0.3809523809523805,1,0,0.8275862068965516,0.6400609660408771,-2.882175226586103,0.0,0.0,0,0,0,Medium,Economy,Week,VeryHigh,Fair,2,3,1,0,1,1,3,0,4,16,2,9,1,1,0,1,1,0,3.5
353,344,310,-1.0,Munnar,Kerala,Nature,0.6794213013597242,Sep-Mar,948,-1.0,"Beaches, Historical",0.0,-0.5,0.0,1.0,26-35,Asthma,Family Vacation,"Nature & Relaxation, Photography",Post-Monsoon,"Curvy roads, limited medical facilities",Kerala Cuisine,0.08333333333333333,https://images.unsplash.com/photo-1491497895121-1334fc14d8c9,0.0,-0.4240555127216654,0.5454545454545454,-0.30000000000000004,0,0,1,0,0,0,-1.3333333333333333,-0.5,0,0,-0.8126340751818996,-0.8404312939367345,-0.7137079074191958,-0.5999666048975119,0.830798491665512,-0.875,-0.40408795210478177,-0.3177180928586301,0.41304347826086957,0,0,-1.0,0.0,-0.3333333333333333,-1.0,0.0,-1.0,0.0,0.6794213013597242,0.0,0.009592326139088728,0.0,1.0,0.0,0.20149253731343283,0.5,-0.8571428571428571,-1.2857142857142856,0.0,0,1,0,-1.0,-0.408248290463863,-0.5,-1.5,-0.5,-1.0,0.0,0.0,-0.3826841261161515,1.0,-0.5,0.24806201550387597,1.068033081480975,-0.5849625007211561,0,1,0,1,-0.375,0.3934525244337349,1,-0.3333333333333335,0.28571428571428603,0,0,0.0,0.0,0.0,-1.0,0.0,0,0,0,Medium,Moderate,Week,VeryHigh,Poor,4,4,0,1,0,2,1,1,1,5,7,26,1,3,0,1,3,0,1.0
28,56,982,0.0,Red Fort,Delhi,Historical,0.28680087527557085,Nov-Feb,544,-1.0,"Beaches, Historical",0.0,0.5,0.7727272727272727,-0.5,46-60,Knee Pain,Leisure,"Cultural Exploration, Photography",Winter,"Long walking distances, crowd congestion",Mughlai Cuisine,0.010416666666666666,https://upload.wikimedia.org/wikipedia/commons/d/d6/Delhi%2C_India%2C_Red_Fort_Facade.jpg,2.0,1.171935235158057,-0.2727272727272727,0.25434782608695655,1,0,0,1,1,0,-0.6666666666666666,0.5,0,0,0.01131149356329852,-0.8598613010590921,-0.496181684089351,-0.7683421125720713,-0.6054734316251894,-0.12500000000000003,0.5213996141280788,0.4634603372891943,-0.42934782608695654,0,0,-0.25,0.7071067811865476,0.0,-0.3333333333333333,1.0,-0.25,2.9999999999999996,0.28680087527557085,0.0,0.5179856115107914,1.1951219512195124,-0.5,0.0,0.12686567164179105,0.5,0.0,-0.01611160637019009,-0.963710722590775,1,1,1,0.0,-0.408248290463863,0.5,-0.5,-0.5,-1.0,0.0,0.928679817905918,-0.3826841261161515,-0.5,-0.5,0.13953488372093023,0.4462448452561929,-0.5849625007211561,0,0,1,0,-0.375,0.3934525244337349,1,-0.3333333333333335,0.28571428571428603,0,0,0.0,0.0,0.0,0.0,0.0,0,0,0,Medium,Moderate,Weekend,VeryHigh,Fair,3,1,0,3,2,4,0,3,3,7,2,29,1,3,1,1,1,0,2.0
491,677,352,0.5,Baga Beach,Goa,Beach,0.06742482588459921,Nov-Mar,149,0.5,"Beaches, Historical",-1.0,-0.5,-1.1363636363636365,0.5,36-45,Knee Pain,Honeymoon,"Relaxation, Nightlife, Water Sports",Winter,"Crowds, sun exposure",Seafood,-0.84375,https://encrypted-tbn0.gstatic.com/images?q=tbn:ANd9GcQeseYB8OMIYAnzRmlYP6matYpojVkK9lRx0Wgn7x8BYcxvxjfwm4QrUxM&s=10,-1.0,-0.9560524286815728,-0.8181818181818182,-0.6586956521739131,0,1,0,0,0,0,0.6666666666666666,-0.5,1,0,0.39140822621324406,0.4329195962340192,0.9059038542451145,4.703861886851111,3.639029498883147,0.07500000000000005,-0.28106686293463284,-0.7677701436602125,0.08695652173913043,0,0,0.0,1.4142135623730951,0.0,0.0,1.0,-0.25,2.9999999999999996,0.06742482588459921,0.0,-0.3932853717026379,2.6341463414634148,0.5,0.0,-1.1791044776119404,0.0,0.0,0.32352321521291494,-1.0273550292155575,1,0,1,0.5,-0.408248290463863,1.0,0.0,-0.5,0.5,0.0,-1.3657056145675264,-0.3826841261161515,0.5,-0.5,-1.1317829457364341,0.0988216401488353,-0.5849625007211561,1,0,0,1,-0.375,0.3934525244337349,1,-0.3333333333333335,0.28571428571428603,0,0,0.0,0.0,0.0,0.5,0.0,0,0,0,Near,Budget,Week,VeryHigh,Good,1,2,0,2,2,3,2,3,0,14,3,3,2,0,0,1,2,1,4.0
726,94,225,-1.0,Kodaikanal,Tamil Nadu,Nature,-0.8415705863954566,Sep-Mar,64,1.0,"City, Historical",0.0,-0.5,0.2727272727272727,0.0,36-45,Asthma,Family Vacation,"Nature & Relaxation, Photography",Post-Monsoon,"Curvy roads, limited medical facilities",South Indian Cuisine,-0.10416666666666667,https://encrypted-tbn0.gstatic.com/images?q=tbn:ANd9GcRR1MrvitA-PthZ_UMPeUYOYvzHFu6Olty-pnoL9EqaCl31ZwvMHSvu9OQ&s=10,0.0,0.1888974556669236,1.0909090909090908,0.5641304347826087,0,0,1,0,0,0,0.0,1.5,0,0,-0.8838079510314566,0.6425434793412585,-0.3435044165874901,-0.12337394653318634,-0.26948680830202015,0.0,-0.14443522550828758,-0.04372267332916927,0.21739130434782608,0,0,-0.75,0.7071067811865476,-0.3333333333333333,-0.6666666666666666,1.0,1.0,0.0,-0.8415705863954566,0.0,0.34532374100719426,0.024390243902439025,0.5,1.0,0.007462686567164179,0.0,-0.42857142857142855,-0.6953812495363997,-0.963710722590775,1,1,0,-0.6666666666666666,0.408248290463863,-0.5,-0.5,0.5,0.8333333333333335,0.8164965809277259,0.1274658573596358,0.7505540525106544,0.16666666666666652,-0.09175170953613696,0.13953488372093023,-0.6797437149296713,0.415037499278844,0,1,1,1,0.3125,-0.24198146210096758,1,-4.440892098500626e-16,0.03571428571428603,0,1,-1.103448275862069,-1.816273922845792,-0.3987915407854985,-0.5,1.0,1,0,0,Medium,Moderate,Week,High,Poor,4,4,1,2,0,2,1,1,1,15,14,18,1,3,0,0,3,0,3.0
823,415,878,0.0,Kodaikanal,Tamil Nadu,Nature,0.15465648464099102,Apr-Jun,239,-0.5,"Nature, Adventure",-1.0,0.5,0.7727272727272727,0.0,18-25,Knee Pain,Adventure,"Trekking, Adventure Sports",Summer,"High altitude, physical exertion",South Indian Cuisine,-0.10416666666666667,https://encrypted-tbn0.gstatic.com/images?q=tbn:ANd9GcRR1MrvitA-PthZ_UMPeUYOYvzHFu6Olty-pnoL9EqaCl31ZwvMHSvu9OQ&s=10,1.0,0.5705474171164224,0.5151515151515151,0.25434782608695655,1,0,0,1,0,0,-0.3333333333333333,0.0,0,0,-0.0072393518336261,-0.4275381487219294,-0.17241176625963683,-0.48538912528482386,-0.3792188067053669,-0.18749999999999997,0.016236302675387615,-0.04372267332916927,-0.2536231884057971,0,0,-0.5,1.4142135623730951,-0.3333333333333333,-0.3333333333333333,1.0,0.0,2.0,0.15465648464099102,0.0,1.669064748201439,1.731707317073171,-0.5,1.0,0.06716417910447761,0.0,0.8571428571428571,-0.3557464279532948,-1.0273550292155575,1,1,1,0.25,0.09175170953613696,0.5,0.0,0.0,-0.75,1.0,0.928679817905918,-0.3826841261161515,-0.5,0.5,0.27906976744186046,-0.18240403320413637,0.0,1,0,1,0,-0.375,0.3934525244337349,1,0.6666666666666665,-0.714285714285714,0,1,-0.8275862068965516,1.1523408318510808,-0.7250755287009064,0.0,0.0,0,0,0,Medium,Moderate,Week,VeryHigh,Fair,4,0,2,0,2,0,4,2,2,15,14,18,1,3,0,1,1,0,2.5
892,586,76,0.5,Konark Sun Temple,Odisha,Historical,-0.9532464143011,Nov-Feb,29,0.5,"Beaches, Historical",0.0,-0.5,-0.22727272727272727,0.0,36-45,Knee Pain,Leisure,"Cultural Exploration, Photography",Winter,"Long walking distances, crowd congestion",Odia Cuisine,0.3125,https://cdn.britannica.com/19/251919-050-D3E64798/konark-sun-temple-orissa-india-unesco-heritage-site.jpg,0.0,-0.19275250578257522,0.09090909090909091,0.026086956521739132,0,0,1,0,0,0,0.6666666666666666,-0.5,1,0,0.20036150540684514,0.23087560515401215,0.7041542570242388,0.7236710595155553,0.07875977097953185,0.37499999999999994,-0.16244630596618895,0.30605871330418494,0.6521739130434783,0,0,-0.25,2.1213203435596424,-0.3333333333333333,0.0,1.0,0.5,0.0,-0.9532464143011,0.0,0.047961630695443645,0.8292682926829269,0.0,0.0,0.08208955223880597,0.5,-0.8571428571428571,-0.01611160637019009,-1.0504799024963116,1,1,0,0.33333333333333326,0.6718751592707803,0.0,0.5,0.5,0.33333333333333326,2.1602468994692865,0.07890743550834588,0.34475926544504376,0.0,0.2071067811865475,-0.18087855297157635,-0.7984967974242664,0.415037499278844,1,0,1,0,0.833333333333333,-0.7506099419601349,1,-0.3333333333333335,0.28571428571428603,1,0,0.5517241379310347,-1.9759373273572907,1.800604229607251,0.75,1.0,1,0,0,Far,Economy,Week,High,Good,3,1,0,2,2,4,0,3,3,11,11,20,0,1,0,0,2,1,4.0
419,863,503,-0.5,Bangalore,Karnataka,City,-0.9951406318071672,Oct-Mar,926,1.0,"Nature, Adventure",-1.0,0.5,0.16666666666666666,0.5,18-25,High Blood Pressure,Business,"Shopping, Food & Local Cuisine",All seasons,"Traffic congestion, pollution",Multi Cuisine,-0.4375,https://media.istockphoto.com/id/1382384282/photo/bangalore-or-bengaluru.jpg,1.0,-0.1603700848111026,-0.2929292929292931,-0.43260869565217397,1,0,0,1,0,0,0.3333333333333333,1.0,0,0,-0.5298228278665448,0.6045440926831283,0.12376581264791664,0.4355427673010288,0.031064574813001553,-0.07500000000000005,-0.4181633308753449,-0.4949406620861962,-0.48550724637681153,0,0,-0.5,0.0,0.0,-0.6666666666666666,0.0,1.0,0.0,-0.9951406318071672,0.0,0.22062350119904076,0.0,0.5,0.0,-0.5447761194029851,-0.5,0.8571428571428571,-0.8571428571428572,0.0,0,1,1,-0.25,0.09175170953613696,0.0,-0.5,0.0,0.75,1.0,-0.10015174506828527,0.5887448094094637,0.0,0.5,-0.20155038759689922,-0.460133345135036,0.0,0,1,0,0,0.65625,-0.6794386339328273,1,0.6666666666666665,-0.5142857142857138,0,1,-0.8275862068965516,-3.087988789479016,-0.7613293051359518,-0.5,0.0,0,0,0,Medium,Moderate,Week,High,Poor,2,3,2,0,1,1,3,0,4,8,6,4,1,3,0,0,3,0,3.5
585,734,929,-0.5,Spiti Valley,Himachal Pradesh,Nature,-0.25728955826848204,Sep-Mar,770,0.0,"Nature, Adventure",-1.0,0.0,0.3939393939393939,0.5,26-35,Asthma,Family Vacation,"Nature & Relaxation, Photography",Post-Monsoon,"Curvy roads, limited medical facilities",Himachali Cuisine,0.625,https://storage.googleapis.com/stateless-www-justwravel-com/2021/05/1550217293_shutterstock_1129297934.jpg.jpg,0.0,-0.021588280647648474,1.3333333333333333,0.2673913043478261,1,0,0,1,0,0,-0.3333333333333333,0.0,0,0,-0.4607682574559,-0.04983461311216654,-0.20294679983418382,-0.15824958157255054,0.0018019550138126707,-0.37499999999999994,-0.32296281845876273,0.21861336664584638,0.9782608695652174,0,0,-0.5,0.0,0.0,-0.6666666666666666,0.0,0.0,0.0,-0.25728955826848204,0.0,0.5083932853717026,0.0,0.5,0.0,0.9776119402985075,-0.5,0.0,-0.8571428571428572,0.0,0,1,1,-0.5,-0.408248290463863,0.0,-1.0,-0.5,0.0,0.0,0.47344461305007585,-0.3826841261161515,0.5,-0.5,1.054263565891473,-0.415424615994968,-0.5849625007211561,0,1,1,1,-0.375,0.3934525244337349,1,-0.3333333333333335,0.28571428571428603,0,0,0.0,0.0,0.0,-0.5,0.0,0,0,0,Far,Moderate,Week,High,Poor,4,4,2,1,0,2,1,1,1,3,5,33,0,3,0,0,3,0,2.5
736,638,762,-1.0,Chandigarh,Punjab,City,0.8360600866786784,Oct-Mar,964,1.0,"City, Historical",0.0,-0.5,-0.6212121212121212,-1.0,26-35,High Blood Pressure,Business,"Shopping, Food & Local Cuisine",All seasons,"Traffic congestion, pollution",Punjabi Cuisine,0.2604166666666667,https://s7ap1.scene7.com/is/image/incredibleindia/chandigarh-union-territory-1-city-ff,0.0,0.24672320740169615,-0.696969696969697,0.6456521739130435,0,0,1,0,0,0,0.0,1.5,0,0,-0.8053042599808659,1.0576565728145153,-0.23987735626059123,-0.16318072910644876,-0.08480680977709155,1.1249999999999998,1.6662708155324468,1.7051842598376017,0.5978260869565217,0,0,-1.0,0.0,-0.3333333333333333,-1.0,0.0,1.0,0.0,0.8360600866786784,0.0,-0.7769784172661871,0.0,-1.0,0.0,0.4552238805970149,0.5,-0.8571428571428571,-1.2857142857142856,0.0,0,0,0,-1.0,-0.408248290463863,-0.5,-1.5,-0.5,1.0,0.0,-0.7465857359635811,-0.3826841261161515,-1.0,-0.5,0.5116279069767442,1.3161000376993686,-0.5849625007211561,0,1,0,0,-0.375,0.3934525244337349,1,-0.3333333333333335,0.28571428571428603,0,0,0.0,0.0,0.0,-1.0,0.0,0,0,0,Far,Economy,Weekend,VeryHigh,Poor,2,3,1,1,1,1,3,0,4,12,12,7,0,1,1,1,3,0,3.0
322,905,516,0.5,Spiti Valley,Himachal Pradesh,Nature,-0.37226683782994874,Apr-Jun,921,0.5,"City, Historical",-1.0,0.0,-0.7272727272727273,1.0,36-45,Knee Pain,Adventure,"Trekking, Adventure Sports",Summer,"High altitude, physical exertion",Himachali Cuisine,0.625,https://storage.googleapis.com/stateless-www-justwravel-com/2021/05/1550217293_shutterstock_1129297934.jpg.jpg,0.0,-0.7941403238242097,-0.9090909090909091,-0.8217391304347826,1,0,0,1,0,0,0.6666666666666666,-0.5,1,0,0.3091078270138984,0.34588171852784155,0.8189927975177325,2.9051722244320124,1.9416200984851684,-0.12500000000000003,-0.5171654792462277,-0.014574224443056491,0.9782608695652174,0,0,0.5,0.0,0.6666666666666666,0.0,0.0,0.5,0.0,-0.37226683782994874,0.0,-0.9112709832134293,0.0,1.0,0.0,0.9776119402985075,-0.5,0.0,0.0,0.0,0,0,1,0.5,-0.408248290463863,1.0,0.0,-0.5,0.5,0.0,-0.8740515933232169,-0.3826841261161515,1.0,-0.5,1.054263565891473,-0.5975127477243262,-0.5849625007211561,1,0,0,1,-0.375,0.3934525244337349,1,-0.3333333333333335,0.28571428571428603,0,0,0.0,0.0,0.0,0.5,0.0,0,0,0,Far,Economy,Week,High,Good,4,0,1,2,2,0,4,2,2,3,5,33,0,1,0,0,2,1,4.0
486,456,968,-0.5,Ajanta Caves,Maharashtra,Historical,-1.014625063962226,Nov-Feb,567,1.0,"Nature, Adventure",-1.0,0.5,0.19696969696969696,0.5,36-45,Knee Pain,Leisure,"Cultural Exploration, Photography",Winter,"Long walking distances, crowd congestion",Maharashtrian Cuisine,-1.0104166666666667,https://plus.unsplash.com/premium_photo-1697729588019-20a1f5a325d1,1.0,-0.14186584425597537,-0.2525252525252524,-0.4152173913043478,1,0,0,1,0,0,0.3333333333333333,1.0,0,0,-0.5316463518003246,0.5997228629355609,0.12135871022808797,0.40989181105373257,0.005774729611608877,-0.07500000000000005,-0.420677290659142,-0.8797001873828858,-0.8840579710144927,1,0,0.16666666666666674,1.5275252316519468,0.0,0.3333333333333333,2.0,1.0,0.0,-1.014625063962226,0.0,-0.10551558752997602,1.2873798263801608,0.5,1.414213562373095,-0.36069651741293546,-0.5,0.0,1.142857142857143,-1.032412722174298,1,0,1,-0.5,-0.408248290463863,0.0,-1.0,-0.5,1.0,0.0,0.23672230652503792,-0.3826841261161515,0.5,-0.5,-1.37984496124031,-1.6148077275979908,-0.5849625007211561,0,1,1,1,-0.375,0.3934525244337349,1,-0.3333333333333335,0.28571428571428603,0,0,0.0,0.0,0.0,-0.5,0.0,0,0,0,Near,Moderate,Week,High,Poor,3,1,2,2,2,4,0,3,3,6,10,1,2,3,0,0,3,0,3.5
19,849,69,-1.0,Kodaikanal,Tamil Nadu,Nature,0.25597972494597665,Sep-Mar,92,-0.5,"City, Historical",-1.0,-0.5,-0.8333333333333334,0.5,36-45,Asthma,Family Vacation,"Nature & Relaxation, Photography",Post-Monsoon,"Curvy roads, limited medical facilities",South Indian Cuisine,-0.10416666666666667,https://encrypted-tbn0.gstatic.com/images?q=tbn:ANd9GcRR1MrvitA-PthZ_UMPeUYOYvzHFu6Olty-pnoL9EqaCl31ZwvMHSvu9OQ&s=10,-1.0,-0.7710100231303008,0.3939393939393939,-0.13695652173913045,0,1,0,0,0,0,-1.0,0.0,0,0,-0.8324487621844009,-0.4175095758306949,-0.6081315353779373,0.2713766473183333,2.042530588710389,-0.6749999999999999,-0.2567387516760688,-0.2710805746408495,1.6304347826086956,0,0,-1.0,0.0,-0.3333333333333333,-1.0,0.0,-0.5,0.0,0.25597972494597665,0.0,-1.0455635491606714,0.0,0.5,0.0,-0.06716417910447761,-0.5,-0.8571428571428571,-1.2857142857142856,0.0,0,0,0,-1.0,-0.408248290463863,-0.5,-1.5,-0.5,-0.5,0.0,-1.0015174506828528,-0.3826841261161515,0.5,-0.5,-0.031007751937984496,0.3974337609909294,-0.5849625007211561,0,1,0,1,-0.375,0.3934525244337349,1,-0.3333333333333335,0.28571428571428603,0,0,0.0,0.0,0.0,-1.0,0.0,0,0,0,Medium,Budget,Week,VeryHigh,Poor,4,4,1,2,0,2,1,1,1,15,14,18,1,0,0,1,3,0,1.5
334,792,434,-1.0,Kovalam Beach,Kerala,Beach,-1.018952765807709,Nov-Mar,396,-0.5,"Nature, Adventure",0.0,0.5,-0.22727272727272727,0.5,26-35,Knee Pain,Honeymoon,"Relaxation, Nightlife, Water Sports",Winter,"Crowds, sun exposure",Seafood,0.2604166666666667,https://eastindiantraveller.com/wp-content/uploads/2021/01/kovalambeach.jpg,2.0,-0.4009252120277564,-1.2727272727272727,-0.8543478260869566,1,0,0,1,1,0,-1.0,0.0,0,0,-0.8921084405456016,-0.5436973425902358,-0.6396325107123856,-0.3196213846193704,0.38871478980250734,-0.6749999999999999,-0.4212356681529908,-0.026233603997501565,-0.29891304347826086,0,0,-1.0,0.0,-0.3333333333333333,-1.0,0.0,-0.5,0.0,-1.018952765807709,0.0,-0.27817745803357313,0.0,0.5,0.0,0.4552238805970149,0.5,0.8571428571428571,-1.2857142857142856,0.0,0,0,1,-1.0,-0.408248290463863,-0.5,-1.5,-0.5,-0.5,0.0,-0.2731411229135053,-0.3826841261161515,0.5,-0.5,0.5116279069767442,-1.6216614568454673,-0.5849625007211561,0,1,0,1,-0.375,0.3934525244337349,1,-0.3333333333333335,0.28571428571428603,0,0,0.0,0.0,0.0,-1.0,0.0,0,0,0,Far,Economy,Week,High,Poor,1,2,2,1,2,3,2,3,0,14,7,21,0,1,0,0,3,0,1.5
728,865,344,1.0,Spiti Valley,Himachal Pradesh,Nature,0.501928686869584,Apr-Jun,565,0.0,"Nature, Adventure",0.0,0.0,-0.10606060606060606,-0.5,46-60,Knee Pain,Adventure,"Trekking, Adventure Sports",Summer,"High altitude, physical exertion",Himachali Cuisine,0.625,https://storage.googleapis.com/stateless-www-justwravel-com/2021/05/1550217293_shutterstock_1129297934.jpg.jpg,1.0,0.27756360832690824,-0.6565656565656565,-0.021014492753623215,1,0,0,1,0,0,0.6666666666666666,0.5,1,1,0.9039633579004098,0.06288200780526935,0.8779434630968894,0.15772317963800542,-0.15337886165651843,0.8749999999999998,0.567660706267323,1.1513637310014575,0.253623188405797,0,0,0.5,1.4142135623730951,0.3333333333333333,0.3333333333333333,1.0,0.25,1.0,0.501928686869584,0.0,-0.3261390887290168,0.5121951219512195,-0.75,0.5,0.753731343283582,0.5,-0.42857142857142855,1.0027928583791246,-1.0273550292155575,1,0,0,1.0,-0.408248290463863,1.5,0.5,-0.5,0.0,0.0,-0.1274658573596358,-0.3826841261161515,-0.5,-0.5,1.054263565891473,0.7869401673718793,-0.5849625007211561,1,0,0,0,-0.375,0.3934525244337349,1,-0.3333333333333335,0.28571428571428603,0,0,0.0,0.0,0.0,1.0,0.0,0,0,0,Far,Economy,Weekend,VeryHigh,Excellent,4,0,2,3,2,0,4,2,2,3,5,33,0,1,1,1,0,0,4.0
261,180,544,1.0,Spiti Valley,Himachal Pradesh,Nature,-0.41848283484736143,Apr-Jun,763,0.5,"Beaches, Historical",-1.0,0.0,-0.7272727272727273,0.5,46-60,Knee Pain,Adventure,"Trekking, Adventure Sports",Summer,"High altitude, physical exertion",Himachali Cuisine,0.625,https://storage.googleapis.com/stateless-www-justwravel-com/2021/05/1550217293_shutterstock_1129297934.jpg.jpg,0.0,-0.7062451811873555,-0.9090909090909091,-0.6978260869565218,1,0,0,1,0,0,1.0,0.0,1,1,0.688612914861991,0.3367331659660579,1.2197586326676295,2.7632713342198447,1.4569902262936312,0.225,-0.3437606231632003,0.21861336664584638,0.9782608695652174,0,0,0.5,1.4142135623730951,0.3333333333333333,0.3333333333333333,1.0,0.0,2.0,-0.41848283484736143,0.0,-0.37410071942446044,1.3658536585365855,0.75,0.5,0.9776119402985075,0.0,0.0,1.0027928583791246,-1.0273550292155575,1,0,1,1.0,-0.408248290463863,1.5,0.5,0.0,0.75,1.0,-0.34597875569044,1.3246758211712932,0.75,0.0,0.6434108527131783,-0.2382375720069516,0.0,1,0,0,1,1.4375,-1.7882371650617876,0,0.16666666666666652,-0.021978021978021456,0,0,0.0,-1.1883187143857195,0.960725075528701,1.0,0.0,0,0,0,Far,Economy,Week,High,Excellent,4,0,0,3,2,0,4,2,2,3,5,33,0,1,0,0,0,1,4.5
989,469,858,1.0,Munnar,Kerala,Nature,0.16628910526450955,Sep-Mar,250,-0.5,"City, Historical",-1.0,0.5,0.5151515151515151,1.0,36-45,Asthma,Family Vacation,"Nature & Relaxation, Photography",Post-Monsoon,"Curvy roads, limited medical facilities",Kerala Cuisine,0.08333333333333333,https://images.unsplash.com/photo-1491497895121-1334fc14d8c9,1.0,-0.16191210485736313,0.17171717171717185,-0.4340579710144927,1,0,0,1,0,0,0.3333333333333333,1.0,1,1,0.825433123440665,-0.4263867980200777,0.26724858434573995,0.43771715299616365,0.24332866446349125,-0.24999999999999992,-0.45925993481423194,-0.3177180928586301,-0.1231884057971015,0,0,1.0,0.0,1.0,0.3333333333333333,0.0,-0.5,0.0,0.16628910526450955,0.0,0.6618705035971223,0.0,1.0,0.0,0.20149253731343283,-0.5,0.8571428571428571,0.42857142857142866,0.0,0,1,1,1.0,-0.408248290463863,1.5,0.5,0.0,0.0,2.0,0.40971168437025796,0.29437240470473186,1.0,-0.5,-0.872093023255814,0.12505495408471265,0.0,1,0,1,1,0.34375,-0.19010594355349603,1,-0.3333333333333335,0.28571428571428603,0,0,0.0,0.3581354429820624,2.6193353474320245,1.0,0.0,0,0,0,Medium,Moderate,Week,VeryHigh,Excellent,4,4,1,2,0,2,1,1,1,5,7,26,1,3,0,1,0,0,3.5
884,76,821,0.5,Ellora Caves,Maharashtra,Historical,0.533287321058322,Nov-Feb,469,-0.5,"Nature, Adventure",-1.0,0.5,0.5909090909090909,1.0,36-45,Knee Pain,Leisure,"Cultural Exploration, Photography",Winter,"Long walking distances, crowd congestion",Maharashtrian Cuisine,-1.1041666666666667,https://indiaholidaymall.com/images/blog/Ellora-Caves-Unesco-World-Heritage-Site.jpg,1.0,-0.12336160370084816,0.2727272727272727,-0.3978260869565218,1,0,0,1,0,0,0.0,0.5,1,0,0.4786072169807647,-0.39006276863685885,0.08412063889160806,0.15772317963800572,0.2561245814528309,-0.37499999999999994,-0.4198002802256937,-0.982302727462003,-0.9492753623188406,1,0,0.5,0.0,0.6666666666666666,0.0,0.0,-0.5,0.0,0.533287321058322,0.0,0.7577937649880095,0.0,1.0,0.0,-1.5,-0.5,0.8571428571428571,0.0,0.0,0,1,1,0.25,0.09175170953613696,0.5,0.0,0.0,-0.25,1.0,0.34597875569044,0.7948054927027761,0.75,0.0,0.15503875968992248,-0.27982840065705206,0.0,1,0,1,1,0.875,-0.6500772332953894,1,0.16666666666666652,-0.021978021978021456,1,0,0.8275862068965516,3.067693051629243,-3.9154078549848945,0.5,0.0,0,0,0,Near,Moderate,Week,VeryHigh,Good,3,1,2,2,2,4,0,3,3,6,10,10,2,3,0,1,2,0,3.0
168,426,338,-1.0,Fatehpur Sikri,Uttar Pradesh,Historical,-0.7762802345239482,Nov-Feb,436,1.0,"Nature, Adventure",0.0,0.0,0.015151515151515152,1.0,46-60,Knee Pain,Leisure,"Cultural Exploration, Photography",Winter,"Long walking distances, crowd congestion",Mughlai Cuisine,0.052083333333333336,https://images.unsplash.com/photo-1717761558642-32cbeccbee7e,1.0,-0.41634541249036233,-0.4949494949494948,-0.6731884057971014,1,0,0,1,0,0,0.0,1.5,0,0,-0.8807527293463921,0.6586989302246615,-0.33947143880474884,0.5969264106738478,0.4747052182578472,-0.37499999999999994,-0.5606050067333149,-0.3352071621902978,-0.1449275362318841,0,0,-1.0,0.0,-0.3333333333333333,-1.0,0.0,1.0,0.0,-0.7762802345239482,0.0,0.02877697841726619,0.0,1.0,0.0,0.15671641791044777,0.5,0.0,-1.2857142857142856,0.0,0,1,1,-1.0,-0.408248290463863,-0.5,-1.5,0.0,1.0,0.0,-0.4279210925644916,1.0597406569370347,-0.25,2.0,1.0155038759689923,-0.06458646784005698,0.0,0,1,0,0,1.15625,-1.5514657210934957,0,2.1666666666666665,-1.9365079365079363,0,0,0.0,-3.222465394075336,-1.9033232628398793,-1.0,0.0,0,0,0,Medium,Moderate,Week,High,Poor,3,1,2,3,2,4,0,3,3,7,16,11,1,3,0,0,3,0,3.0
447,138,989,1.0,Kolkata,West Bengal,City,0.7135782584189878,Oct-Mar,779,0.5,"Nature, Adventure",0.0,0.0,0.0,1.0,26-35,High Blood Pressure,Business,"Shopping, Food & Local Cuisine",All seasons,"Traffic congestion, pollution",Bengali Cuisine,0.6770833333333334,https://encrypted-tbn0.gstatic.com/images?q=tbn:ANd9GcR7RyEWQTvFgkgjKGGCyk4MsFgdUZhpvExLEydL8FmtvfqAtgLceIK1K2mg&s=10,1.0,-0.4240555127216654,-0.5151515151515151,-0.6804347826086957,1,0,0,1,0,0,1.0,0.0,1,1,0.9534834127091898,0.5608270097274587,1.4994677846007693,1.5215647918019373,0.8387849262327012,0.0,-0.40041539548365834,0.014574224443056491,0.2898550724637682,0,1,1.0,0.0,1.0,0.3333333333333333,0.0,0.5,0.0,0.7135782584189878,0.0,0.009592326139088728,0.0,1.0,0.0,1.0522388059701493,0.5,0.0,0.42857142857142866,0.0,0,1,1,0.5,0.8164965809277259,0.0,0.5,0.5,0.6666666666666665,0.816496580927726,-0.29135053110773895,0.38041636334710666,0.6666666666666665,-0.09175170953613704,0.21188630490956084,-0.38817566591872904,0.415037499278844,1,0,0,1,0.625,-0.7696654011672794,1,0.3333333333333335,-0.13533834586466176,1,0,1.6551724137931032,4.149961538222628,2.1510574018126887,0.25,1.0,1,0,0,Far,Moderate,Week,VeryHigh,Excellent,2,3,2,1,1,1,3,0,4,0,18,19,0,3,0,1,0,1,4.5
835,668,794,-0.5,Ahmedabad,Gujarat,City,-0.9285123644772661,Oct-Mar,853,0.5,"Nature, Adventure",0.0,0.0,0.5454545454545454,1.0,46-60,High Blood Pressure,Business,"Shopping, Food & Local Cuisine",All seasons,"Traffic congestion, pollution",Gujarati Cuisine,-0.9166666666666666,https://encrypted-tbn0.gstatic.com/images?q=tbn:ANd9GcTjjS0tleUkYu3JCgQn5BM0ooo_ueYok5FwDld1RJJHOQ&s=10,1.0,-0.14649190439475718,0.21212121212121213,-0.4195652173913044,1,0,0,1,0,0,0.0,0.5,0,0,-0.5235871706415631,0.23577176166868963,-0.06035168782975174,0.18446517203337684,0.026548828327782256,-0.37499999999999994,-0.5769730080115835,-0.8773683114719967,-0.8188405797101449,0,0,-0.5,0.0,0.0,-0.6666666666666666,0.0,0.5,0.0,-0.9285123644772661,0.0,0.7002398081534772,0.0,1.0,0.0,-1.2313432835820894,0.5,0.0,-0.8571428571428572,0.0,0,1,1,-0.5,-0.408248290463863,0.0,-1.0,-0.5,0.5,0.0,0.6555386949924127,-0.3826841261161515,1.0,-0.5,-1.2403100775193798,-1.478432083408171,-0.5849625007211561,0,1,1,1,-0.375,0.3934525244337349,1,-0.3333333333333335,0.28571428571428603,0,0,0.0,0.0,0.0,-0.5,0.0,0,0,0,Near,Moderate,Week,High,Poor,2,3,2,3,1,1,3,0,4,2,4,0,2,3,0,0,3,0,3.0
893,686,916,-1.0,Taj Mahal,Uttar Pradesh,Historical,-0.2447231525496173,Nov-Feb,627,-0.5,"Beaches, Historical",-1.0,0.5,1.1666666666666667,0.0,36-45,Knee Pain,Leisure,"Cultural Exploration, Photography",Winter,"Long walking distances, crowd congestion",Mughlai Cuisine,0.07291666666666667,https://upload.wikimedia.org/wikipedia/commons/1/1d/Taj_Mahal_%28Edited%29.jpeg,1.0,0.8712413261372397,1.0404040404040402,0.5369565217391304,1,0,0,1,0,0,-1.0,0.0,0,0,-0.855878844045642,-0.467067162902536,-0.6205028798281457,-0.8328565176179025,-0.5525042653059126,-0.5624999999999999,-0.04817565570082594,0.10493441599000626,-0.13043478260869565,0,0,-1.0,0.0,-0.3333333333333333,-1.0,0.0,-0.5,0.0,-0.2447231525496173,0.0,1.486810551558753,0.0,0.0,0.0,0.1865671641791045,-0.5,0.8571428571428571,-1.2857142857142856,0.0,0,1,1,-0.16666666666666674,0.6718751592707803,-0.5,0.0,0.5,-0.6666666666666666,0.8164965809277259,1.0925644916540211,0.47756854725665515,0.16666666666666652,-0.09175170953613696,-0.08268733850129187,0.028849812814337003,0.415037499278844,0,1,1,1,0.6875,-0.27314430751519825,1,-4.440892098500626e-16,0.03571428571428603,0,1,-2.7586206896551717,-1.1660790228136357,0.7371601208459212,-1.0,0.0,0,0,0,Medium,Premium,Week,High,Poor,3,1,0,2,2,4,0,3,3,7,16,34,1,4,0,0,3,0,1.5
650,547,828,-1.0,Tarkarli Beach,Maharashtra,Beach,0.14960533948973034,Nov-Mar,434,-0.5,"City, Historical",0.0,0.5,0.9848484848484849,-1.0,46-60,Knee Pain,Honeymoon,"Relaxation, Nightlife, Water Sports",Winter,"Crowds, sun exposure",Seafood,-0.9166666666666666,https://encrypted-tbn0.gstatic.com/images?q=tbn:ANd9GcRmtn0Vsfvni1NmF01OGM9ahIFZcrRqMoNKSjV1xzIEbR5CCG-tr4PumVg&s=10,2.0,2.698535080956052,-0.06060606060606061,1.3304347826086957,1,0,0,1,1,0,-1.0,0.0,0,0,-0.8374264858428814,-0.4280380910567891,-0.6107598289674224,-1.002326007719821,-0.9009083600922507,0.0,1.444847936218316,-0.2710805746408495,-0.9130434782608695,0,0,-0.75,0.7071067811865476,-0.3333333333333333,-0.6666666666666666,1.0,-0.75,1.0,0.14960533948973034,0.0,-0.08633093525179857,3.4146341463414633,-0.75,0.5,-0.6194029850746269,0.0,0.0,-0.6953812495363997,-0.963710722590775,1,0,1,-1.0,-0.408248290463863,-0.5,-1.5,0.0,-0.5,0.0,1.0379362670713201,0.08831172141141956,-0.5,0.5,-1.186046511627907,-0.43740730355038093,0.0,0,1,1,0,0.125,0.07395084663240724,1,0.6666666666666665,-0.714285714285714,0,0,0.0,1.8310500730485546,-0.1268882175226586,-1.0,1.0,1,0,0,Near,Premium,Weekend,VeryHigh,Poor,1,2,1,3,2,3,2,3,0,14,10,35,2,4,1,1,3,0,1.5
514,31,418,0.0,Fatehpur Sikri,Uttar Pradesh,Historical,0.0355638348540658,Nov-Feb,373,0.5,"Beaches, Historical",-1.0,0.5,0.3939393939393939,1.0,18-25,Knee Pain,Leisure,"Cultural Exploration, Photography",Winter,"Long walking distances, crowd congestion",Mughlai Cuisine,0.052083333333333336,https://images.unsplash.com/photo-1717761558642-32cbeccbee7e,1.0,-0.2235929067077873,0.010101010101009954,-0.49202898550724644,1,0,0,1,0,0,0.3333333333333333,0.0,0,0,-0.023957952778380844,0.42661264691074635,0.46726790720023,0.5296799829554415,0.3083187755490684,-0.24999999999999992,-0.47331551817785084,-0.3352071621902978,-0.1449275362318841,0,0,0.0,0.0,0.3333333333333333,-0.3333333333333333,0.0,0.5,0.0,0.0355638348540658,0.0,0.5083932853717026,0.0,1.0,0.0,0.15671641791044777,-0.5,0.8571428571428571,-0.42857142857142866,0.0,0,1,1,-0.375,-0.05469489987058931,0.0,-0.5,1.0,0.625,0.7071067811865475,0.6874051593323216,0.6247263137436568,0.75,0.4128709291752768,0.6802325581395349,-0.49920305103380624,0.7369655941662062,0,1,1,1,0.359375,-0.13909601427697998,1,0.16666666666666652,-0.021978021978021456,1,0,1.2413793103448274,1.5045866270385782,-1.1193353474320242,0.0,0.0,0,0,0,Medium,Moderate,Week,VeryHigh,Fair,3,1,0,0,2,4,0,3,3,7,16,11,1,3,0,1,1,0,3.5
946,626,446,-1.0,Fatehpur Sikri,Uttar Pradesh,Historical,-0.8710955308194903,Nov-Feb,105,-0.5,"Nature, Adventure",0.0,0.5,0.7727272727272727,0.0,46-60,Knee Pain,Leisure,"Cultural Exploration, Photography",Winter,"Long walking distances, crowd congestion",Mughlai Cuisine,0.052083333333333336,https://images.unsplash.com/photo-1717761558642-32cbeccbee7e,2.0,0.5705474171164224,-0.2727272727272727,-0.16956521739130437,1,0,0,1,1,0,-1.0,0.0,0,0,-0.8851895525678084,-0.5290630192690267,-0.6359792607198074,-0.7736808481812646,-0.493287613243664,-0.5624999999999999,-0.14919700932049845,0.08744534665833854,-0.4076086956521739,0,0,-1.0,0.0,-0.3333333333333333,-1.0,0.0,-0.5,0.0,-0.8710955308194903,0.0,0.988009592326139,0.0,0.0,0.0,0.15671641791044777,0.5,0.8571428571428571,-1.2857142857142856,0.0,0,1,1,-1.0,-0.408248290463863,-0.5,-1.5,0.0,-0.25,1.0,0.7738998482549316,0.11774896188189272,-0.5,0.5,-0.06976744186046512,-1.0933243936394275,0.0,0,1,1,0,0.15625,0.020610764778822524,1,0.6666666666666665,-0.714285714285714,0,0,0.0,-0.808331104372232,0.6344410876132931,-1.0,1.0,1,0,0,Medium,Moderate,Week,High,Poor,3,1,2,3,2,4,0,3,3,7,16,11,1,3,0,0,3,0,1.5
665,364,165,0.0,Kodaikanal,Tamil Nadu,Nature,-0.4818571850184592,Sep-Mar,519,-0.5,"City, Historical",0.0,-0.5,-0.13636363636363635,-1.0,46-60,Asthma,Family Vacation,"Nature & Relaxation, Photography",Post-Monsoon,"Curvy roads, limited medical facilities",South Indian Cuisine,-0.10416666666666667,https://encrypted-tbn0.gstatic.com/images?q=tbn:ANd9GcRR1MrvitA-PthZ_UMPeUYOYvzHFu6Olty-pnoL9EqaCl31ZwvMHSvu9OQ&s=10,0.0,0.9868928296067848,0.2727272727272727,1.6891304347826088,0,0,1,0,0,0,-0.3333333333333333,0.0,0,0,-0.09659514379859885,-0.4905377499312172,-0.21959262066580618,-0.6151204005882221,-0.6147724575851481,0.7499999999999999,1.2411633511409437,1.093066833229232,0.21739130434782608,0,0,0.5,1.4142135623730951,0.3333333333333333,0.3333333333333333,1.0,-0.75,1.0,-0.4818571850184592,0.0,-0.1630695443645084,0.0,-0.75,0.5,-0.15671641791044777,0.5,-0.8571428571428571,1.0027928583791246,-1.0273550292155575,1,0,0,0.3999999999999999,0.5137061552654256,0.0,0.5,1.5,0.19999999999999996,1.2649110640673515,-0.10561456752655538,-0.0029551340015912925,0.20000000000000018,1.1278820596099706,-0.15193798449612403,-0.3402901752312759,1.0000000000000002,1,0,0,1,-0.175,0.18474741442719964,1,2.066666666666667,-1.4920634920634916,0,1,-1.3241379310344823,-1.1836821064980159,0.2827794561933535,0.25,1.0,1,0,0,Medium,Economy,Weekend,High,Fair,4,4,1,3,0,2,1,1,1,15,14,18,1,1,1,0,1,0,2.5
409,795,537,0.5,Manali,Himachal Pradesh,Adventure,-0.31786200469435283,Apr-Jun,287,-0.5,"City, Historical",0.0,-0.5,-0.42424242424242425,-0.5,36-45,Knee Pain,Adventure,"Trekking, Adventure Sports",Summer,"High altitude, physical exertion",Himachali Cuisine,0.46875,https://dynamic-media-cdn.tripadvisor.com/media/photo-o/0c/b2/79/37/solang-valley-manali.jpg,0.0,-0.04626060138781804,-0.30303030303030304,0.232608695652174,0,0,1,0,0,0,0.0,0.5,1,0,0.319291189253716,-0.47430615671784343,0.0,0.07556404637511824,0.01817528977514136,0.37499999999999994,0.3913728872432324,0.9764730376847803,0.8152173913043478,0,0,0.0,1.0,0.0,0.0,2.0,0.0,1.414213562373095,-0.31786200469435283,0.0,-0.12470023980815348,2.2452276044614745,0.3333333333333335,1.4719601443879746,1.2014925373134329,-0.16666666666666674,-0.28571428571428575,0.857142857142857,-1.0,1,0,1,0.5,-0.408248290463863,1.0,0.0,-0.5,-0.5,0.0,-0.5098634294385432,-0.3826841261161515,-0.5,-0.5,0.8217054263565892,-0.5113524692719894,-0.5849625007211561,1,0,0,0,-0.375,0.3934525244337349,1,-0.3333333333333335,0.28571428571428603,0,0,0.0,0.0,0.0,0.5,0.0,0,0,0,Far,Economy,Weekend,High,Good,0,0,1,2,2,0,4,2,2,3,5,23,0,1,1,0,2,0,3.0
271,635,769,-1.0,Ooty,Tamil Nadu,Nature,0.013433289044117494,Apr-Jun,236,-1.0,"Beaches, Historical",0.0,0.0,-0.3181818181818182,0.5,36-45,Knee Pain,Adventure,"Trekking, Adventure Sports",Summer,"High altitude, physical exertion",South Indian Cuisine,-0.22916666666666666,https://t3.ftcdn.net/jpg/05/09/58/00/360_F_509580096_YjyHXMHyTm9OOkjUQS4kOxDXkxbOMWYi.jpg,1.0,-0.45643793369313806,-0.9393939393939394,-0.7108695652173913,1,0,0,1,0,0,-1.3333333333333333,-0.5,0,0,-0.8437985728281052,-0.8733897213719988,-0.7219355085279378,-0.5773971219539007,0.7510550210038129,-0.825,-0.2880330681184532,-0.3550281074328545,-0.34057971014492755,0,0,-1.0,0.0,-0.3333333333333333,-1.0,0.0,-1.0,0.0,0.013433289044117494,0.0,-0.3932853717026379,0.0,0.5,0.0,-0.2462686567164179,0.5,0.0,-1.2857142857142856,0.0,0,0,1,-1.0,-0.408248290463863,-0.5,-1.5,-0.5,-1.0,0.0,-0.3823975720789074,-0.3826841261161515,0.5,-0.5,-0.21705426356589147,0.013315894057283575,-0.5849625007211561,0,1,0,1,-0.375,0.3934525244337349,1,-0.3333333333333335,0.28571428571428603,0,0,0.0,0.0,0.0,-1.0,0.0,0,0,0,Medium,Economy,Week,VeryHigh,Poor,4,0,0,2,2,0,4,2,2,15,14,27,1,1,0,1,3,0,1.0
550,915,700,1.0,Kodaikanal,Tamil Nadu,Nature,-0.6647678474581071,Apr-Jun,535,0.0,"Beaches, Historical",-1.0,0.5,0.7727272727272727,-0.5,18-25,Knee Pain,Adventure,"Trekking, Adventure Sports",Summer,"High altitude, physical exertion",South Indian Cuisine,-0.10416666666666667,https://encrypted-tbn0.gstatic.com/images?q=tbn:ANd9GcRR1MrvitA-PthZ_UMPeUYOYvzHFu6Olty-pnoL9EqaCl31ZwvMHSvu9OQ&s=10,1.0,1.171935235158057,0.5151515151515151,0.8195652173913043,1,0,0,1,0,0,0.6666666666666666,0.5,1,1,0.6309891397048638,-0.11033049311610378,0.6617433171057279,-0.3305657926182168,-0.6858176766842222,0.8749999999999998,0.31677424266620186,0.3352071621902977,-0.2536231884057971,0,0,0.25,2.1213203435596424,0.0,0.3333333333333333,1.0,-0.5,2.0,-0.6647678474581071,0.0,0.3261390887290168,1.6829268292682928,0.25,1.4999999999999998,0.753731343283582,0.0,0.0,0.6631580367960199,-1.0504799024963116,1,1,1,0.75,0.09175170953613696,1.0,0.5,0.0,0.25,1.0,0.928679817905918,-0.3826841261161515,-0.5,-0.5,0.27906976744186046,0.20225698629296018,0.0,1,0,1,0,-0.375,0.3934525244337349,1,-0.3333333333333335,0.28571428571428603,1,0,0.8275862068965516,-3.470431212550135,-0.7250755287009064,1.0,0.0,0,0,0,Medium,Moderate,Weekend,High,Excellent,4,0,0,0,2,0,4,2,2,15,14,18,1,3,1,0,0,0,4.0
400,463,104,0.0,Ahmedabad,Gujarat,City,0.49381198594987563,Oct-Mar,635,-0.5,"Nature, Adventure",0.0,0.0,0.7272727272727273,-1.0,18-25,High Blood Pressure,Business,"Shopping, Food & Local Cuisine",All seasons,"Traffic congestion, pollution",Gujarati Cuisine,-0.9166666666666666,https://encrypted-tbn0.gstatic.com/images?q=tbn:ANd9GcTjjS0tleUkYu3JCgQn5BM0ooo_ueYok5FwDld1RJJHOQ&s=10,1.0,2.3053199691595987,0.45454545454545453,1.8847826086956523,1,0,0,1,0,0,-0.3333333333333333,0.0,0,0,0.04037236471434198,-0.3939698809079365,-0.1472722490881248,-0.8296865650496816,-0.8306218877553881,0.7499999999999999,1.5558752501823754,-0.2710805746408495,-0.8188405797101449,0,0,0.0,0.0,0.3333333333333333,-0.3333333333333333,0.0,-0.5,0.0,0.49381198594987563,0.0,0.9304556354916067,0.0,-1.0,0.0,-1.2313432835820894,0.5,0.0,-0.42857142857142866,0.0,0,1,1,0.0,-0.408248290463863,0.5,-0.5,-0.5,-0.5,0.0,0.8740515933232169,-0.3826841261161515,-1.0,-0.5,-1.2403100775193798,0.7740858459623563,-0.5849625007211561,0,0,1,0,-0.375,0.3934525244337349,1,-0.3333333333333335,0.28571428571428603,0,0,0.0,0.0,0.0,0.0,0.0,0,0,0,Near,Moderate,Weekend,VeryHigh,Fair,2,3,2,0,1,1,3,0,4,2,4,0,2,3,1,1,1,0,2.5
45,763,535,0.0,Kolkata,West Bengal,City,0.4131375064360296,Oct-Mar,317,1.0,"Beaches, Historical",-1.0,0.5,-0.19696969696969696,0.5,26-35,High Blood Pressure,Business,"Shopping, Food & Local Cuisine",All seasons,"Traffic congestion, pollution",Bengali Cuisine,0.6770833333333334,https://encrypted-tbn0.gstatic.com/images?q=tbn:ANd9GcR7RyEWQTvFgkgjKGGCyk4MsFgdUZhpvExLEydL8FmtvfqAtgLceIK1K2mg&s=10,1.0,-0.38242097147262916,-0.7777777777777777,-0.641304347826087,1,0,0,1,0,0,0.6666666666666666,0.5,0,0,0.02904702740905132,0.95300856929267,0.8614895990391513,1.1115209084062456,0.674393218982728,0.07500000000000005,-0.23646162277476898,0.2535915053091818,0.2898550724637682,0,1,0.0,0.0,0.3333333333333333,-0.3333333333333333,0.0,1.0,0.0,0.4131375064360296,0.0,-0.23980815347721823,0.0,0.5,0.0,1.0522388059701493,-0.5,0.8571428571428571,-0.42857142857142866,0.0,0,0,1,0.0,-0.408248290463863,0.5,-0.5,-0.5,1.0,0.0,-0.23672230652503792,-0.3826841261161515,0.5,-0.5,1.1317829457364341,0.6463226451896208,-0.5849625007211561,0,0,0,1,-0.375,0.3934525244337349,1,-0.3333333333333335,0.28571428571428603,0,0,0.0,0.0,0.0,0.0,0.0,0,0,0,Far,Economy,Week,VeryHigh,Fair,2,3,0,1,1,1,3,0,4,0,18,19,0,1,0,1,1,0,4.0
284,693,316,-1.0,Chandigarh,Punjab,City,-0.1046696820172315,Oct-Mar,975,0.5,"Beaches, Historical",0.0,-0.5,0.10606060606060606,0.0,46-60,High Blood Pressure,Business,"Shopping, Food & Local Cuisine",All seasons,"Traffic congestion, pollution",Punjabi Cuisine,0.2604166666666667,https://s7ap1.scene7.com/is/image/incredibleindia/chandigarh-union-territory-1-city-ff,0.0,0.061680801850423995,0.7575757575757576,0.38478260869565223,0,0,1,0,0,0,-0.3333333333333333,1.0,0,0,-0.8493251284050651,0.3988531310976942,-0.4043382346856555,-0.22112171262975316,-0.05703446935405059,-0.18749999999999997,-0.025587828294715953,0.26233603997501564,0.5978260869565217,0,0,0.16666666666666674,2.0816659994661326,-0.3333333333333333,0.3333333333333333,2.0,-0.5,2.449489742783178,-0.1046696820172315,0.0,-0.7258193445243803,1.397428305682302,0.5,0.7071067811865475,0.40049751243781084,-0.16666666666666674,-0.8571428571428571,1.142857142857143,-1.0495798165131978,1,0,0,-1.0,-0.408248290463863,-0.5,-1.5,-0.5,0.5,0.0,0.1274658573596358,-0.3826841261161515,0.0,-0.5,0.5116279069767442,-0.17372235762400506,-0.5849625007211561,0,1,1,0,-0.375,0.3934525244337349,1,-0.3333333333333335,0.28571428571428603,0,0,0.0,0.0,0.0,-1.0,0.0,0,0,0,Far,Moderate,Week,High,Poor,2,3,0,3,1,1,3,0,4,12,12,7,0,3,0,0,3,0,2.5
584,902,295,-1.0,Baga Beach,Goa,Beach,0.6317769146452167,Nov-Mar,916,-0.5,"Beaches, Historical",-1.0,-0.5,-1.0757575757575757,1.0,36-45,Knee Pain,Honeymoon,"Relaxation, Nightlife, Water Sports",Winter,"Crowds, sun exposure",Seafood,-0.84375,https://encrypted-tbn0.gstatic.com/images?q=tbn:ANd9GcQeseYB8OMIYAnzRmlYP6matYpojVkK9lRx0Wgn7x8BYcxvxjfwm4QrUxM&s=10,-1.0,-0.9714726291441789,-0.5757575757575758,-0.7021739130434783,0,1,0,0,0,0,-1.0,0.0,0,0,-0.8148635648276012,-0.38031465887111116,-0.5988463551120609,1.1064825620129144,4.192236203492773,-0.7499999999999999,-0.40921067739861117,-0.8365604830314388,0.08695652173913043,0,0,-1.0,0.0,-0.3333333333333333,-1.0,0.0,-0.5,0.0,0.6317769146452167,0.0,-1.3525179856115108,0.0,1.0,0.0,-1.126865671641791,-0.5,-0.8571428571428571,-1.2857142857142856,0.0,0,0,0,-0.75,0.09175170953613696,-0.5,-1.0,0.0,-0.75,1.0,-1.329286798179059,-0.2649351642342587,0.25,0.9999999999999999,-0.5503875968992248,0.6107745847476118,0.0,0,1,0,1,-0.25,-0.01089650693282602,1,1.1666666666666665,-0.8051948051948048,0,1,-0.8275862068965516,1.0491106369897798,-1.3595166163141994,-0.75,1.0,1,0,0,Near,Budget,Week,VeryHigh,Poor,1,2,0,2,2,3,2,3,0,14,3,3,2,0,0,1,3,0,1.5
885,920,40,0.0,Munnar,Kerala,Nature,-0.9379131641939717,Apr-Jun,654,1.0,"Beaches, Historical",-1.0,0.0,-0.7272727272727273,0.0,36-45,Knee Pain,Adventure,"Trekking, Adventure Sports",Summer,"High altitude, physical exertion",Kerala Cuisine,0.08333333333333333,https://images.unsplash.com/photo-1491497895121-1334fc14d8c9,0.0,-0.574402467232074,-0.9090909090909091,-0.5119565217391304,1,0,0,1,0,0,0.6666666666666666,0.5,0,0,-0.16061771729869653,0.6187044627179838,0.6111268494832147,1.7034103400904617,0.8162466367773822,0.37499999999999994,-0.15997335898616788,0.11367895065584012,0.41304347826086957,0,0,0.0,0.0,0.3333333333333333,-0.3333333333333333,0.0,1.0,0.0,-0.9379131641939717,0.0,-0.9112709832134293,0.0,0.0,0.0,0.20149253731343283,-0.5,0.0,-0.42857142857142866,0.0,0,0,1,-0.25,0.09175170953613696,0.0,-0.5,0.0,1.0,0.0,-0.6646433990895295,0.29437240470473186,0.5,0.5,0.4186046511627907,-1.3768849985246665,0.0,0,1,0,1,0.34375,-0.6927182703650729,1,0.6666666666666665,-0.3809523809523805,1,0,0.8275862068965516,-0.3199364233338577,-0.3987915407854985,0.0,0.0,0,0,0,Medium,Economy,Week,High,Fair,4,0,0,2,2,0,4,2,2,5,7,26,1,1,0,0,1,0,4.0
37,390,560,-1.0,Munnar,Kerala,Nature,0.3640868016626474,Apr-Jun,657,0.5,"Nature, Adventure",-1.0,0.0,-0.2878787878787879,1.0,46-60,Knee Pain,Adventure,"Trekking, Adventure Sports",Summer,"High altitude, physical exertion",Kerala Cuisine,0.08333333333333333,https://images.unsplash.com/photo-1491497895121-1334fc14d8c9,0.0,-0.5705474171164225,-0.030303030303030304,-0.5065217391304347,1,0,0,1,0,0,-0.3333333333333333,1.0,0,0,-0.8273899583086965,0.4916444502594663,-0.3811742059431871,0.6030592162629627,1.16856570236496,-0.49999999999999994,-0.43799272303393233,-0.3177180928586301,0.41304347826086957,0,0,-0.5,1.4142135623730951,-0.3333333333333333,-0.3333333333333333,1.0,0.5,0.0,0.3640868016626474,0.0,-0.24940047961630696,0.2682926829268293,0.5,1.0,0.7388059701492538,0.0,-0.42857142857142855,-0.3557464279532948,-1.0273550292155575,1,0,0,-0.5,0.591751709536137,-0.5,-0.5,0.0,0.75,1.0,-0.5189681335356601,0.17662344282283912,1.0,-0.5,0.5736434108527132,0.39831949205205214,0.0,0,1,0,1,0.21875,-0.4099891383138438,1,-0.3333333333333335,0.28571428571428603,0,1,-1.6551724137931032,0.4680057444908709,-0.7613293051359518,-0.5,1.0,1,0,0,Medium,Economy,Week,VeryHigh,Poor,4,0,2,3,2,0,4,2,2,5,7,26,1,1,0,1,3,0,2.5
831,287,126,0.0,Gokarna Beach,Karnataka,Beach,0.6888534247599277,Nov-Mar,983,-0.5,"City, Historical",-1.0,-0.5,-1.0151515151515151,0.0,18-25,Knee Pain,Honeymoon,"Relaxation, Nightlife, Water Sports",Winter,"Crowds, sun exposure",Seafood,-0.75,https://realtalktravel.com/wp-content/uploads/Om-Beach-Gokarna.webp,-1.0,-0.7941403238242097,-0.3333333333333333,-0.2021739130434783,0,1,0,0,0,0,-0.3333333333333333,0.0,0,0,0.06775289566222314,-0.37466545203228785,-0.13281502347568772,1.3634382280727857,2.3623226468965193,-0.18749999999999997,0.10239159920899552,-0.5858838226108682,0.2826086956521739,0,0,0.0,0.0,0.3333333333333333,-0.3333333333333333,0.0,-0.5,0.0,0.6888534247599277,0.0,-1.275779376498801,0.0,0.0,0.0,-0.9925373134328358,-0.5,-0.8571428571428571,-0.42857142857142866,0.0,0,0,0,0.375,0.2687549099224669,0.5,0.5,1.0,-0.25,1.414213562373095,-1.1107738998482548,-0.04790965621719187,-0.375,0.1770032003863299,0.4069767441860465,0.420487400767731,0.7369655941662062,1,0,0,0,0.0,-0.4887785810927878,1,0.4166666666666665,-0.4201680672268906,0,1,-1.2413793103448274,1.8203502321987732,-3.27190332326284,0.0,0.0,0,0,0,Near,Budget,Week,VeryHigh,Fair,1,2,1,0,2,3,2,3,0,14,6,12,2,0,0,1,1,0,2.5
580,384,320,-0.5,Valley of Flowers,Uttarakhand,Nature,0.1363318037943475,Sep-Mar,168,-1.0,"Nature, Adventure",0.0,-0.5,-0.42424242424242425,1.0,18-25,Asthma,Family Vacation,"Nature & Relaxation, Photography",Post-Monsoon,"Curvy roads, limited medical facilities",North Indian Cuisine,0.5208333333333334,https://encrypted-tbn0.gstatic.com/images?q=tbn:ANd9GcSKohlQ-J1CgxwCnc1mL62LM__eo7IDPvD9Hm4v1DnS8PQfNYx8O_lBtpoE&s=10,0.0,-0.6399383191981496,-0.30303030303030304,-0.6043478260869566,0,0,1,0,0,0,-1.0,0.0,0,0,-0.42392972047127303,-0.8673077173337972,-0.6110877908976216,-0.010841514000233102,1.354802236805096,-0.7499999999999999,-0.46248094439287635,-0.07287112221528205,0.8695652173913043,0,0,-0.5,0.0,0.0,-0.6666666666666666,0.0,-1.0,0.0,0.1363318037943475,0.0,-0.5275779376498801,0.0,1.0,0.0,0.8283582089552238,0.5,-0.8571428571428571,-0.8571428571428572,0.0,0,0,0,-0.5,-0.408248290463863,0.0,-1.0,-0.5,-1.0,0.0,-0.5098634294385432,-0.3826841261161515,1.0,-0.5,0.8992248062015504,0.20794879047417011,-0.5849625007211561,0,1,0,1,-0.375,0.3934525244337349,1,-0.3333333333333335,0.28571428571428603,0,0,0.0,0.0,0.0,-0.5,0.0,0,0,0,Far,Economy,Week,VeryHigh,Poor,4,4,2,0,0,2,1,1,1,10,17,37,0,1,0,1,3,0,1.5
958,249,620,0.0,Tawang,Arunachal Pradesh,Nature,0.4046374550932023,Sep-Mar,624,0.0,"Nature, Adventure",0.0,-0.5,-0.2878787878787879,-1.0,18-25,Asthma,Family Vacation,"Nature & Relaxation, Photography",Post-Monsoon,"Curvy roads, limited medical facilities",North East Cuisine,1.6666666666666667,https://s7ap1.scene7.com/is/image/incredibleindia/sela-pass-tawang-arunachal-pradesh-blog-ntr-hero,0.0,0.7555898226676946,-0.030303030303030304,1.3630434782608696,0,0,1,0,0,0,0.0,-0.5,0,0,0.02785376345308988,0.04843775681294147,0.18405001236785476,-0.4181210566089877,-0.44155052294855524,1.1249999999999998,1.5271111088247276,4.066208619612743,2.0652173913043477,0,1,0.0,0.0,0.3333333333333333,-0.3333333333333333,0.0,0.0,0.0,0.4046374550932023,0.0,-0.354916067146283,0.0,-1.0,0.0,2.470149253731343,0.5,-0.8571428571428571,-0.42857142857142866,0.0,0,0,0,0.0,1.005965271909232,-0.5,0.5,0.5,0.5,1.414213562373095,0.0,0.6173158738838486,0.0,0.7247448713915889,1.1472868217054264,0.15184610567781012,0.415037499278844,0,0,0,0,0.8125,-0.777285063107745,1,1.6666666666666665,-1.314285714285714,0,0,0.0,1.3217179557467318,3.40785498489426,0.5,1.0,1,0,0,Far,Economy,Weekend,VeryHigh,Fair,4,4,2,0,0,2,1,1,1,9,1,36,0,1,1,1,1,0,3.0
576,134,35,0.5,Ooty,Tamil Nadu,Nature,-0.7753336739174362,Sep-Mar,977,0.0,"Nature, Adventure",0.0,0.0,0.12121212121212122,0.0,36-45,Asthma,Family Vacation,"Nature & Relaxation, Photography",Post-Monsoon,"Curvy roads, limited medical facilities",South Indian Cuisine,-0.22916666666666666,https://t3.ftcdn.net/jpg/05/09/58/00/360_F_509580096_YjyHXMHyTm9OOkjUQS4kOxDXkxbOMWYi.jpg,1.0,0.0732459521973785,-0.3535353535353537,-0.21304347826086967,1,0,0,1,0,0,0.3333333333333333,0.0,1,0,0.23366277255511428,-0.12674554429176785,0.34705418949596395,0.16148031906545454,-0.16893263618427362,0.18749999999999997,-0.1337525345240526,-0.14865708931917554,-0.34057971014492755,0,0,0.5,0.0,0.6666666666666666,0.0,0.0,0.0,0.0,-0.7753336739174362,0.0,0.1630695443645084,0.0,0.0,0.0,-0.2462686567164179,0.5,0.0,0.0,0.0,0,1,1,0.5,-0.408248290463863,1.0,0.0,-0.5,0.0,0.0,0.14567526555386948,-0.3826841261161515,0.0,-0.5,-0.21705426356589147,-1.2358448375525422,-0.5849625007211561,1,0,1,0,-0.375,0.3934525244337349,1,-0.3333333333333335,0.28571428571428603,0,0,0.0,0.0,0.0,0.5,0.0,0,0,0,Medium,Moderate,Week,High,Good,4,4,2,2,0,2,1,1,1,15,14,27,1,3,0,0,2,0,3.5
401,714,291,1.0,Ooty,Tamil Nadu,Nature,0.16002074975929553,Sep-Mar,675,-1.0,"City, Historical",0.0,0.0,1.1666666666666667,0.0,46-60,Asthma,Family Vacation,"Nature & Relaxation, Photography",Post-Monsoon,"Curvy roads, limited medical facilities",South Indian Cuisine,-0.22916666666666666,https://t3.ftcdn.net/jpg/05/09/58/00/360_F_509580096_YjyHXMHyTm9OOkjUQS4kOxDXkxbOMWYi.jpg,1.0,0.8712413261372397,1.0404040404040402,0.5369565217391304,1,0,0,1,0,0,0.0,1.5,1,1,0.8239665043215866,-0.8661353983247974,-0.2816362310085887,-0.4595946027098791,-0.5136539023586236,0.0,0.017101451494565642,-0.14865708931917554,-0.34057971014492755,0,0,1.0,0.0,1.0,0.3333333333333333,0.0,-1.0,0.0,0.16002074975929553,0.0,1.486810551558753,0.0,0.0,0.0,-0.2462686567164179,0.5,0.0,0.42857142857142866,0.0,0,1,1,1.0,-0.408248290463863,1.5,0.5,-0.5,-1.0,0.0,1.4021244309559937,-0.3826841261161515,0.0,-0.5,-0.21705426356589147,0.2454646886572466,-0.5849625007211561,1,0,1,0,-0.375,0.3934525244337349,1,-0.3333333333333335,0.28571428571428603,0,0,0.0,0.0,0.0,1.0,0.0,0,0,0,Medium,Premium,Week,VeryHigh,Excellent,4,4,1,3,0,2,1,1,1,15,14,27,1,4,0,1,0,0,3.0
121,486,415,1.0,Hampi Ruins,Karnataka,Historical,0.7693334565241012,Nov-Feb,216,0.5,"Beaches, Historical",-1.0,0.5,0.3939393939393939,-1.0,18-25,Knee Pain,Leisure,"Cultural Exploration, Photography",Winter,"Long walking distances, crowd congestion",South Indian Cuisine,-0.6875,https://wegobond.com/wp-content/uploads/2018/01/hampi-banner.jpg,1.0,1.7964533538936003,0.010101010101009954,1.4065217391304348,1,0,0,1,0,0,1.0,0.0,1,1,0.9665285629820081,0.5718638669495394,1.51324375417574,-0.4181210566089877,-0.7248636008285835,2.2499999999999996,1.6447474702045008,0.11367895065584012,-0.6594202898550725,0,0,1.0,0.0,1.0,0.3333333333333333,1.0,-0.25,2.9999999999999996,0.7693334565241012,0.0,-0.21103117505995203,1.829268292682927,-0.75,0.5,-0.9029850746268657,-0.5,0.0,1.682062501545334,0.0,1,0,1,1.0,-0.408248290463863,1.5,0.5,-0.5,0.5,0.0,0.47344461305007585,-0.3826841261161515,-1.0,-0.5,-0.8992248062015504,1.2104258778324415,-0.5849625007211561,1,0,1,0,-0.375,0.3934525244337349,1,-0.3333333333333335,0.28571428571428603,0,0,0.0,0.0,0.0,1.0,0.0,0,0,0,Near,Moderate,Weekend,VeryHigh,Excellent,3,1,0,0,2,4,0,3,3,15,6,13,2,3,1,1,0,1,4.5
595,278,623,0.0,Hyderabad,Telangana,City,0.6364273257798017,Oct-Mar,470,-1.0,"Nature, Adventure",-1.0,-0.5,-0.7121212121212122,-1.0,26-35,High Blood Pressure,Business,"Shopping, Food & Local Cuisine",All seasons,"Traffic congestion, pollution",Hyderabadi Cuisine,-0.71875,https://t4.ftcdn.net/jpg/03/60/89/09/360_F_360890991_Ykybj5JO5HYBaqWeROz9cR2jWXN8HZxf.jpg,-1.0,0.10794140323824203,0.8787878787878788,2.341304347826087,0,1,0,0,0,0,-0.6666666666666666,0.5,0,0,0.06039315490990029,-0.8425589806189279,-0.48322385188237615,-0.44354032679985667,0.009759259405875832,0.37499999999999994,1.6018772616897903,0.06121174266083698,0.34782608695652173,0,0,0.0,0.0,0.3333333333333333,-0.3333333333333333,0.0,-1.0,0.0,0.6364273257798017,0.0,-0.8920863309352518,0.0,-1.0,0.0,-0.9477611940298507,-0.5,-0.8571428571428571,-0.42857142857142866,0.0,0,0,0,0.0,-0.408248290463863,0.5,-0.5,-0.5,-1.0,0.0,-0.8558421851289832,-0.3826841261161515,-1.0,-0.5,-0.9457364341085271,0.999944040595462,-0.5849625007211561,0,0,0,0,-0.375,0.3934525244337349,1,-0.3333333333333335,0.28571428571428603,0,0,0.0,0.0,0.0,0.0,0.0,0,0,0,Near,Economy,Weekend,VeryHigh,Fair,2,3,2,1,1,1,3,0,4,4,15,14,2,1,1,1,1,0,2.0
889,373,996,1.0,Delhi,Delhi,City,0.7969374323602584,Oct-Mar,452,0.0,"City, Historical",-1.0,0.0,-0.030303030303030304,-0.5,46-60,High Blood Pressure,Business,"Shopping, Food & Local Cuisine",All seasons,"Traffic congestion, pollution",Street Food,0.010416666666666666,https://encrypted-tbn0.gstatic.com/images?q=tbn:ANd9GcTFxblF-zkMM4NsiVuRyJ1Yx76TMcpdDWzU6zEf57y1aQ&s=10,0.0,0.35466461063993837,0.48484848484848486,0.7978260869565219,1,0,0,1,0,0,0.6666666666666666,0.5,1,1,0.9729871179714646,0.10668020304852703,0.9326114354162782,0.0951616377956234,-0.17195565153225092,0.8749999999999998,0.6310993972292436,0.4634603372891943,0.33695652173913043,0,0,0.75,0.7071067811865476,0.6666666666666666,0.3333333333333333,1.0,0.5,2.0,0.7969374323602584,0.0,-0.019184652278177457,0.024390243902439025,-0.75,0.5,-0.1044776119402985,-0.5,0.42857142857142855,1.3424276799622294,-0.963710722590775,1,0,1,1.0,-0.408248290463863,1.5,0.5,-0.5,0.0,0.0,-0.03641881638846737,-0.3826841261161515,-0.5,-0.5,0.13953488372093023,1.2541419616315987,-0.5849625007211561,1,0,0,0,-0.375,0.3934525244337349,1,-0.3333333333333335,0.28571428571428603,0,0,0.0,0.0,0.0,1.0,0.0,0,0,0,Medium,Moderate,Weekend,VeryHigh,Excellent,2,3,1,3,1,1,3,0,4,16,2,9,1,3,1,1,0,0,4.0
209,214,949,-1.0,Tawang,Arunachal Pradesh,Nature,-0.12438408259974264,Sep-Mar,509,1.0,"Beaches, Historical",0.0,0.5,1.7727272727272727,1.0,26-35,Asthma,Family Vacation,"Nature & Relaxation, Photography",Post-Monsoon,"Curvy roads, limited medical facilities",North East Cuisine,1.6666666666666667,https://s7ap1.scene7.com/is/image/incredibleindia/sela-pass-tawang-arunachal-pradesh-blog-ntr-hero,2.0,0.47802621434078635,0.7272727272727273,-0.2347826086956522,1,0,0,1,1,0,0.0,1.5,0,0,-0.850247651602463,0.8200041761240433,-0.2992038859121119,-0.2968906910833048,-0.3612678689905151,-0.37499999999999994,-0.4905131210632809,0.5683947532792005,0.43478260869565216,0,1,-1.0,0.0,-0.3333333333333333,-1.0,0.0,1.0,0.0,-0.12438408259974264,0.0,2.2541966426858515,0.0,1.0,0.0,2.470149253731343,0.5,0.8571428571428571,-1.2857142857142856,0.0,0,1,1,-1.0,-0.408248290463863,-0.5,-1.5,-0.5,1.0,0.0,2.1305007587253413,-0.3826841261161515,1.0,-0.5,2.604651162790698,-0.20494381619325697,-0.5849625007211561,0,1,1,1,-0.375,0.3934525244337349,1,-0.3333333333333335,0.28571428571428603,0,0,0.0,0.0,0.0,-1.0,0.0,0,0,0,Far,Premium,Week,High,Poor,4,4,0,1,0,2,1,1,1,9,1,36,0,4,0,0,3,0,3.0
599,154,752,0.5,Kerala Backwaters,Kerala,Nature,1.010006725901178,Sep-Mar,799,-0.5,"Nature, Adventure",-1.0,0.5,1.1515151515151516,0.5,36-45,Asthma,Family Vacation,"Nature & Relaxation, Photography",Post-Monsoon,"Curvy roads, limited medical facilities",Kerala Cuisine,0.0,https://www.backpackadventures.org/wp-content/uploads/2020/08/india0898.jpg,1.0,0.4410177332305319,1.0202020202020203,0.13260869565217384,1,0,0,1,0,0,0.0,0.5,1,0,0.5678383772742943,-0.342878970667685,0.13123568638570782,-0.2778492724143494,-0.2048425088290364,-0.225,-0.15945115606059623,-0.20112429731417866,-0.18115942028985504,0,0,0.5,0.0,0.6666666666666666,0.0,0.0,-0.5,0.0,1.010006725901178,0.0,1.4676258992805755,0.0,0.5,0.0,0.08208955223880597,-0.5,0.8571428571428571,0.0,0.0,0,1,1,-0.16666666666666674,0.6718751592707803,-0.5,0.0,0.5,0.16666666666666674,1.632993161855452,0.7283763277693475,1.057636462114266,-0.5,0.7247448713915889,0.7596899224806202,0.8776410061389017,0.415037499278844,0,1,1,0,1.875,-1.2128673789625513,1,1.6666666666666665,-1.714285714285714,1,0,2.206896551724138,1.961731159955084,-1.486404833836858,-0.16666666666666674,2.0,1,0,0,Medium,Premium,Week,VeryHigh,Good,4,4,2,2,0,2,1,1,1,5,7,16,1,4,0,1,2,0,3.0
76,140,548,1.0,Spiti Trek,Himachal Pradesh,Adventure,0.4185013727681162,Apr-Jun,880,0.0,"Nature, Adventure",-1.0,-0.5,-0.6818181818181818,0.0,36-45,Knee Pain,Adventure,"Trekking, Adventure Sports",Summer,"High altitude, physical exertion",Himachali Cuisine,0.625,https://encrypted-tbn0.gstatic.com/images?q=tbn:ANd9GcSVhMTWqQOcmNTuyOBBWk2yd5Mz2ESU1_YGVNdtOk9y5DMIs2TGizrpcCBE&s=10,-1.0,-0.5397070161912105,1.0,0.5152173913043478,0,1,0,0,0,0,0.6666666666666666,0.5,1,1,0.8844437097546084,0.05049605027862299,0.8624835753217175,1.5750487765926795,1.0837888280091506,0.37499999999999994,0.05878921316268462,0.5683947532792005,3.152173913043478,0,0,0.0,2.8284271247461903,-0.3333333333333333,0.3333333333333333,1.0,0.25,1.0,0.4185013727681162,0.0,-0.4988009592326139,0.902439024390244,0.25,0.5,0.9776119402985075,0.0,-0.8571428571428571,0.32352321521291494,-1.062437173501617,1,0,0,0.0,1.591751709536137,-0.5,0.5,0.0,0.25,1.0,-1.0834597875569043,0.47099584752757095,0.25,0.0,0.8217054263565892,0.500207863915608,0.0,0,0,0,1,0.53125,-1.6683214269969047,0,0.16666666666666652,-0.07792207792207773,1,0,3.3103448275862064,0.4248309676456316,0.5438066465256798,0.0,1.0,1,0,0,Far,Economy,Week,VeryHigh,Excellent,0,0,2,2,2,0,4,2,2,3,5,32,0,1,0,1,0,0,4.0
371,405,718,1.0,Kodaikanal,Tamil Nadu,Nature,-0.2391352575518918,Apr-Jun,555,-1.0,"Beaches, Historical",0.0,0.0,1.0151515151515151,-1.0,46-60,Knee Pain,Adventure,"Trekking, Adventure Sports",Summer,"High altitude, physical exertion",South Indian Cuisine,-0.10416666666666667,https://encrypted-tbn0.gstatic.com/images?q=tbn:ANd9GcRR1MrvitA-PthZ_UMPeUYOYvzHFu6Olty-pnoL9EqaCl31ZwvMHSvu9OQ&s=10,1.0,2.74479568234387,0.8383838383838386,2.297826086956522,1,0,0,1,0,0,0.0,1.5,1,1,0.7305752103321733,-0.8858888384153696,-0.3062920532425046,-0.803165228932037,-0.9263277937928696,1.1249999999999998,1.319455748815236,1.093066833229232,-0.2536231884057971,0,0,0.5,1.4142135623730951,0.3333333333333333,0.3333333333333333,1.0,-0.75,1.0,-0.2391352575518918,0.0,0.7577937649880095,1.3658536585365855,-0.5,1.0,0.007462686567164179,0.0,0.0,1.0027928583791246,-1.0273550292155575,1,1,1,1.0,-0.408248290463863,1.5,0.5,-0.5,-1.0,0.0,1.220030349013657,-0.3826841261161515,-1.0,-0.5,-0.031007751937984496,-0.38667386877825677,-0.5849625007211561,1,0,1,0,-0.375,0.3934525244337349,1,-0.3333333333333335,0.28571428571428603,0,0,0.0,0.0,0.0,1.0,0.0,0,0,0,Medium,Premium,Weekend,High,Excellent,4,0,0,3,2,0,4,2,2,15,14,18,1,4,1,0,0,0,3.0
403,969,890,0.0,Valley of Flowers,Uttarakhand,Nature,0.9326708835765062,Sep-Mar,655,0.5,"Nature, Adventure",-1.0,-0.5,-0.9696969696969697,1.0,46-60,Asthma,Family Vacation,"Nature & Relaxation, Photography",Post-Monsoon,"Curvy roads, limited medical facilities",North Indian Cuisine,0.5208333333333334,https://encrypted-tbn0.gstatic.com/images?q=tbn:ANd9GcSKohlQ-J1CgxwCnc1mL62LM__eo7IDPvD9Hm4v1DnS8PQfNYx8O_lBtpoE&s=10,-1.0,-0.9175019275250579,-0.15151515151515152,-0.55,0,1,0,0,0,0,0.3333333333333333,0.0,0,0,0.10198075778983272,0.6041968497505471,0.6002619938006554,3.4772621979238023,3.613519074347071,-0.24999999999999992,-0.3768585525902616,-0.07287112221528205,2.9347826086956523,0,0,0.16666666666666674,1.5275252316519468,0.0,0.3333333333333333,2.0,0.33333333333333326,2.160246899469287,0.9326708835765062,0.0,-0.2973621103117506,1.7097543578850618,0.3333333333333335,1.6329931618554518,1.0771144278606963,0.16666666666666674,-0.5714285714285715,1.142857142857143,-1.032412722174298,1,0,0,-0.25,0.09175170953613696,0.0,-0.5,0.0,0.5,0.0,-1.047040971168437,0.0,1.0,-0.5,0.5736434108527132,0.7726614392200299,0.0,0,1,0,1,0.03125,-0.491877093915518,1,-0.3333333333333335,0.28571428571428603,1,0,0.8275862068965516,1.9136554561047798,0.7613293051359518,-0.25,1.0,1,0,0,Far,Budget,Week,VeryHigh,Fair,4,4,2,3,0,2,1,1,1,10,17,37,0,0,0,1,1,0,3.5
276,218,100,0.0,Bangalore,Karnataka,City,0.5480411122377138,Oct-Mar,53,-0.5,"Beaches, Historical",-1.0,0.0,-0.030303030303030304,0.0,46-60,High Blood Pressure,Business,"Shopping, Food & Local Cuisine",All seasons,"Traffic congestion, pollution",Multi Cuisine,-0.4375,https://media.istockphoto.com/id/1382384282/photo/bangalore-or-bengaluru.jpg,0.0,-0.042405551272166594,0.48484848484848486,0.23804347826086958,1,0,0,1,0,0,-0.3333333333333333,0.0,0,0,0.047985220113992574,-0.38860249683920195,-0.14325257655960044,-0.14125711371925265,0.15629087877363754,-0.18749999999999997,0.07968138574683428,-0.32354778263585265,-0.13043478260869565,0,0,0.0,0.0,0.3333333333333333,-0.3333333333333333,0.0,-0.5,0.0,0.5480411122377138,0.0,-0.02877697841726619,0.0,0.0,0.0,-0.5447761194029851,-0.5,0.0,-0.42857142857142866,0.0,0,0,1,0.0,-0.408248290463863,0.5,-0.5,0.0,-0.25,1.0,-0.2549317147192716,0.323809645175205,-0.25,0.0,-0.007751937984496124,0.22819139467129798,0.0,0,0,0,0,0.375,-0.4597140676274956,1,0.16666666666666652,-0.1587301587301586,0,0,0.0,1.7359751891563018,-1.2145015105740182,0.0,1.0,1,0,0,Medium,Moderate,Week,VeryHigh,Fair,2,3,0,3,1,1,3,0,4,8,6,4,1,3,0,1,1,0,2.5
729,608,158,-1.0,Delhi,Delhi,City,-0.05717655727294923,Oct-Mar,552,0.5,"Nature, Adventure",0.0,0.0,0.9090909090909091,-0.5,36-45,High Blood Pressure,Business,"Shopping, Food & Local Cuisine",All seasons,"Traffic congestion, pollution",Street Food,0.010416666666666666,https://encrypted-tbn0.gstatic.com/images?q=tbn:ANd9GcTFxblF-zkMM4NsiVuRyJ1Yx76TMcpdDWzU6zEf57y1aQ&s=10,1.0,1.310717039321511,0.696969696969697,0.95,1,0,0,1,0,0,-0.3333333333333333,1.0,0,0,-0.8471027169698234,0.40825449374454376,-0.4019913186536685,-0.6876991062647824,-0.6729837558201157,0.12500000000000003,0.4474306949862889,0.4634603372891943,-0.17391304347826086,0,0,-0.25,2.1213203435596424,-0.3333333333333333,0.0,1.0,0.75,1.0,-0.05717655727294923,0.0,-0.05755395683453238,3.097560975609756,-0.25,0.5,0.09701492537313433,0.0,-0.42857142857142855,-0.01611160637019009,-1.0504799024963116,1,0,0,-1.0,-0.408248290463863,-0.5,-1.5,-0.5,0.5,0.0,1.0925644916540211,-0.3826841261161515,-0.5,-0.5,0.13953488372093023,-0.09850806843870098,-0.5849625007211561,0,1,1,0,-0.375,0.3934525244337349,1,-0.3333333333333335,0.28571428571428603,0,0,0.0,0.0,0.0,-1.0,0.0,0,0,0,Medium,Premium,Weekend,High,Poor,2,3,2,2,1,1,3,0,4,16,2,9,1,4,1,0,3,0,2.5
384,458,973,-1.0,Delhi,Delhi,City,0.5630868057020231,Oct-Mar,628,0.5,"Beaches, Historical",-1.0,0.5,0.7121212121212122,-0.5,46-60,High Blood Pressure,Business,"Shopping, Food & Local Cuisine",All seasons,"Traffic congestion, pollution",Street Food,0.010416666666666666,https://encrypted-tbn0.gstatic.com/images?q=tbn:ANd9GcTFxblF-zkMM4NsiVuRyJ1Yx76TMcpdDWzU6zEf57y1aQ&s=10,1.0,1.1102544333076327,0.4343434343434342,0.7615942028985505,1,0,0,1,0,0,-0.3333333333333333,1.0,0,0,-0.8180778760447577,0.5310369142165557,-0.37134043942729306,-0.6450443515724097,-0.5623166348557195,0.12500000000000003,0.5808121502828909,0.4634603372891943,-0.17391304347826086,0,0,-1.0,0.0,-0.3333333333333333,-1.0,0.0,0.5,0.0,0.5630868057020231,0.0,0.9112709832134293,0.0,-0.5,0.0,0.09701492537313433,-0.5,0.8571428571428571,-1.2857142857142856,0.0,0,1,1,-0.75,0.09175170953613696,-0.5,-1.0,0.0,0.25,1.0,0.22761760242792106,1.6484854663464985,-1.0,0.5,-0.03875968992248062,0.06064360580516136,0.0,0,1,1,0,1.78125,-1.5062139949099682,1,0.6666666666666665,-1.047619047619047,0,1,-0.8275862068965516,2.261830598591474,0.4169184290030212,-1.0,0.0,0,0,0,Medium,Moderate,Weekend,VeryHigh,Poor,2,3,0,3,1,1,3,0,4,16,2,9,1,3,1,1,3,0,2.5
432,899,635,-1.0,Coorg,Karnataka,Nature,0.0776334496103643,Sep-Mar,803,0.0,"Nature, Adventure",-1.0,-0.5,-0.696969696969697,-1.0,36-45,Asthma,Family Vacation,"Nature & Relaxation, Photography",Post-Monsoon,"Curvy roads, limited medical facilities",Coorgi Cuisine,-0.3854166666666667,https://images.unsplash.com/photo-1710612198146-77512950a4b7,-1.0,0.13107170393215106,0.9393939393939394,2.4065217391304348,0,1,0,0,0,0,-0.6666666666666666,0.5,0,0,-0.8407943659717442,-0.00011058453756062935,-0.5039338332789381,-0.4556447411764609,-0.09295008523654587,0.37499999999999994,1.4216326796379979,0.6208619612742037,1.0434782608695652,0,0,-1.0,0.0,-0.3333333333333333,-1.0,0.0,0.0,0.0,0.0776334496103643,0.0,-0.8729016786570744,0.0,-1.0,0.0,-0.4701492537313433,-0.5,-0.8571428571428571,-1.2857142857142856,0.0,0,0,0,-1.0,-0.408248290463863,-0.5,-1.5,0.0,0.25,1.0,-0.8740515933232169,-0.2649351642342587,-0.75,0.0,0.06976744186046512,-0.5649429382697484,0.0,0,1,0,0,-0.25,0.1664433370053517,1,0.16666666666666652,-0.28571428571428514,0,0,0.0,1.868295025593403,-1.2145015105740182,-1.0,0.0,0,0,0,Medium,Economy,Weekend,VeryHigh,Poor,4,4,2,2,0,2,1,1,1,1,6,8,1,1,1,1,3,0,2.0
203,244,556,0.5,Coorg,Karnataka,Nature,0.5248240359594797,Sep-Mar,387,-1.0,"Beaches, Historical",-1.0,-0.5,-0.696969696969697,-0.5,26-35,Asthma,Family Vacation,"Nature & Relaxation, Photography",Post-Monsoon,"Curvy roads, limited medical facilities",Coorgi Cuisine,-0.3854166666666667,https://images.unsplash.com/photo-1710612198146-77512950a4b7,-1.0,-0.32382420971472625,0.9393939393939394,1.1239130434782612,0,1,0,0,0,0,-0.3333333333333333,1.0,1,0,0.4770230801875213,-0.8480820063507135,-0.37323122905675027,0.15772317963800558,0.5786469073433803,0.12500000000000003,0.5725841229374403,0.02040391422027893,1.0434782608695652,0,0,0.5,0.0,0.6666666666666666,0.0,0.0,-1.0,0.0,0.5248240359594797,0.0,-0.8729016786570744,0.0,-0.5,0.0,-0.4701492537313433,-0.5,-0.8571428571428571,0.0,0.0,0,0,0,0.75,0.09175170953613696,1.0,0.5,0.0,-0.75,1.0,-1.0925644916540211,0.4415586070570978,-1.0,0.5,0.689922480620155,0.8480841230121028,0.0,1,0,0,0,0.5,-1.6193434382467853,0,0.6666666666666665,-1.047619047619047,0,1,-0.8275862068965516,-0.06837784335295288,-2.664652567975831,0.5,0.0,0,0,0,Medium,Economy,Weekend,VeryHigh,Good,4,4,0,1,0,2,1,1,1,1,6,8,1,1,1,1,2,0,2.5
710,211,351,-1.0,Ellora Caves,Maharashtra,Historical,-0.3191470087053105,Nov-Feb,636,-0.5,"City, Historical",0.0,0.5,2.0757575757575757,0.0,46-60,Knee Pain,Leisure,"Cultural Exploration, Photography",Winter,"Long walking distances, crowd congestion",Maharashtrian Cuisine,-1.1041666666666667,https://indiaholidaymall.com/images/blog/Ellora-Caves-Unesco-World-Heritage-Site.jpg,2.0,1.56515034695451,1.0303030303030303,0.5315217391304349,1,0,0,1,1,0,-1.0,0.0,0,0,-0.8593614624217916,-0.47443334132377024,-0.622341741159281,-0.9224393771958281,-0.7530265490468081,-0.5624999999999999,-0.06017873717643439,-0.8831980012492193,-1.0108695652173914,1,0,-1.0,0.0,-0.3333333333333333,-1.0,0.0,-0.5,0.0,-0.3191470087053105,0.0,2.6378896882494005,0.0,0.0,0.0,-1.5,0.5,0.8571428571428571,-1.2857142857142856,0.0,0,1,1,-1.0,-0.408248290463863,-0.5,-1.5,-0.5,-0.5,0.0,2.494688922610015,-0.3826841261161515,0.0,-0.5,-1.5193798449612403,-0.5133875146349729,-0.5849625007211561,0,1,1,0,-0.375,0.3934525244337349,1,-0.3333333333333335,0.28571428571428603,0,0,0.0,0.0,0.0,-1.0,0.0,0,0,0,Near,Luxury,Week,High,Poor,3,1,1,3,2,4,0,3,3,6,10,10,2,2,0,0,3,0,1.5
664,47,220,1.0,Marina Beach,Tamil Nadu,Beach,-0.7930162987020564,Nov-Mar,606,0.5,"Beaches, Historical",0.0,-0.5,-0.5,0.0,46-60,Knee Pain,Honeymoon,"Relaxation, Nightlife, Water Sports",Winter,"Crowds, sun exposure",Seafood,-0.0625,https://encrypted-tbn0.gstatic.com/licensed-image?q=tbn:ANd9GcQct7UyX_Oev4c9kXNkRrH7cu6JRlW5Xs6MNpuB-CTQjXyNxWdF7V64hL9ANP93g9qVVT1kg12v0L1opGDTWLdmYNf-&s=19,0.0,-0.4009252120277564,-0.45454545454545453,-0.2673913043478261,0,0,1,0,0,0,1.0,0.0,1,1,0.6009826044293645,0.26259348920152553,1.1272190708290442,1.4533727111937407,0.44022160692197965,0.5624999999999999,-0.1366043887137683,-0.008744534665833855,0.2608695652173913,0,0,0.25,2.1213203435596424,0.0,0.3333333333333333,1.0,0.0,2.0,-0.7930162987020564,0.0,-0.07673860911270983,1.3902439024390245,0.75,1.4999999999999998,-0.6194029850746269,0.5,-0.42857142857142855,0.6631580367960199,-1.0504799024963116,1,0,0,0.75,0.09175170953613696,1.0,0.5,0.0,0.75,1.0,-0.37329286798179057,0.3532468856456783,-0.5,0.5,0.8527131782945736,-0.4076792630865098,0.0,1,0,0,0,0.40625,-0.5636237653133035,1,0.6666666666666665,-0.714285714285714,1,0,0.8275862068965516,-2.3525547474317743,-1.921450151057402,1.0,0.0,0,0,0,Medium,Economy,Week,High,Excellent,1,2,0,3,2,3,2,3,0,14,14,24,1,1,0,0,0,1,4.5
519,879,381,0.0,Munnar,Kerala,Nature,-0.1947237855971098,Sep-Mar,432,1.0,"City, Historical",0.0,-0.5,0.0,0.5,18-25,Asthma,Family Vacation,"Nature & Relaxation, Photography",Post-Monsoon,"Curvy roads, limited medical facilities",Kerala Cuisine,0.08333333333333333,https://images.unsplash.com/photo-1491497895121-1334fc14d8c9,0.0,-0.2621434078643023,0.5454545454545454,-0.07173913043478261,0,0,1,0,0,0,0.6666666666666666,0.5,0,0,-0.05628645361977419,0.8025993133173076,0.7488470255736602,0.8495268959530433,0.3233093776949433,0.07500000000000005,-0.31489033089092877,-0.145159275452842,0.41304347826086957,0,0,0.0,0.0,0.3333333333333333,-0.3333333333333333,0.0,1.0,0.0,-0.1947237855971098,0.0,0.009592326139088728,0.0,0.5,0.0,0.20149253731343283,0.5,-0.8571428571428571,-0.42857142857142866,0.0,0,1,0,0.0,-0.408248290463863,0.5,-0.5,-0.5,1.0,0.0,0.0,-0.3826841261161515,0.5,-0.5,0.24806201550387597,-0.3163399559700845,-0.5849625007211561,0,0,0,1,-0.375,0.3934525244337349,1,-0.3333333333333335,0.28571428571428603,0,0,0.0,0.0,0.0,0.0,0.0,0,0,0,Medium,Moderate,Week,High,Fair,4,4,1,0,0,2,1,1,1,5,7,26,1,3,0,0,1,0,4.0
966,935,454,-1.0,Leh Ladakh,Ladakh,Adventure,-0.026742525844975183,Apr-Jun,457,-0.5,"Beaches, Historical",0.0,-0.5,0.030303030303030304,0.5,18-25,Knee Pain,Adventure,"Trekking, Adventure Sports",Summer,"High altitude, physical exertion",Tibetan Cuisine,1.1458333333333333,https://encrypted-tbn0.gstatic.com/images?q=tbn:ANd9GcR6syC-08_34gV3HDUrcoT836XfFU1TJFrrucb9MfdLPiXz7ULyfUkGJEq2&s=10,0.0,-0.24363916730917506,0.6060606060606061,-0.045652173913043485,0,0,1,0,0,0,-1.0,0.0,0,0,-0.8456785752686778,-0.44549230409221324,-0.6151170241887217,-0.44842864799040827,0.32717324336911735,-0.6749999999999999,-0.29321671330291044,0.5683947532792005,1.5217391304347827,0,1,-1.0,0.0,-0.3333333333333333,-1.0,0.0,-0.5,0.0,-0.026742525844975183,0.0,0.047961630695443645,0.0,0.5,0.0,1.7238805970149254,0.5,-0.8571428571428571,-1.2857142857142856,0.0,0,1,0,0.5,0.8164965809277259,-0.5,0.5,1.5,-0.6,1.1832159566199232,-0.10197268588770864,0.43765946339539363,0.0,0.8228756555322951,0.6945736434108527,-0.3240374314843945,1.0000000000000002,1,0,0,0,0.1,-0.10122479862628636,1,0.6666666666666665,-0.5142857142857138,0,1,-4.96551724137931,0.7521393283392511,2.6537764350453172,0.0,1.0,1,0,0,Far,Moderate,Week,High,Poor,0,0,0,0,2,0,4,2,2,17,8,22,0,3,0,0,3,0,1.5
641,269,209,0.5,Spiti Valley,Himachal Pradesh,Nature,-0.9344192033610663,Sep-Mar,357,1.0,"Nature, Adventure",-1.0,0.0,-0.15151515151515152,-1.0,18-25,Asthma,Family Vacation,"Nature & Relaxation, Photography",Post-Monsoon,"Curvy roads, limited medical facilities",Himachali Cuisine,0.625,https://storage.googleapis.com/stateless-www-justwravel-com/2021/05/1550217293_shutterstock_1129297934.jpg.jpg,0.0,0.9637625289128757,0.24242424242424243,1.656521739130435,1,0,0,1,0,0,1.0,0.0,1,0,0.2038855362312753,0.6195690087191394,1.092281303973251,-0.13157655627555553,-0.6488755847289842,2.2499999999999996,1.0951849227303494,2.3173016864459717,0.9782608695652174,0,0,0.5,0.0,0.6666666666666666,0.0,0.0,1.0,0.0,-0.9344192033610663,0.0,-0.18225419664268586,0.0,-1.0,0.0,0.9776119402985075,-0.5,0.0,0.0,0.0,0,0,1,0.5,-0.408248290463863,1.0,0.0,-0.5,1.0,0.0,-0.18209408194233687,-0.3826841261161515,-1.0,-0.5,1.054263565891473,-1.487786672948642,-0.5849625007211561,1,0,0,0,-0.375,0.3934525244337349,1,-0.3333333333333335,0.28571428571428603,0,0,0.0,0.0,0.0,0.5,0.0,0,0,0,Far,Economy,Weekend,High,Good,4,4,2,0,0,2,1,1,1,3,5,33,0,1,1,0,2,1,4.5
39,84,133,-0.5,Ooty,Tamil Nadu,Nature,0.8551577259321618,Sep-Mar,242,0.0,"Beaches, Historical",0.0,0.5,0.9393939393939394,0.0,36-45,Asthma,Family Vacation,"Nature & Relaxation, Photography",Post-Monsoon,"Curvy roads, limited medical facilities",South Indian Cuisine,-0.22916666666666666,https://t3.ftcdn.net/jpg/05/09/58/00/360_F_509580096_YjyHXMHyTm9OOkjUQS4kOxDXkxbOMWYi.jpg,2.0,0.697764070932922,-0.10606060606060606,-0.0798913043478261,1,0,0,1,1,0,-0.3333333333333333,0.0,0,0,-0.35665569047603196,0.11532382403929078,-0.12048790562301857,-0.5306921103114074,-0.3682040766466853,-0.18749999999999997,0.129213161270205,-0.14865708931917554,-0.5543478260869565,0,0,0.25,2.1213203435596424,0.0,0.3333333333333333,1.0,-0.25,1.0,0.8551577259321618,0.0,1.1990407673860912,0.0,0.5,1.0,0.291044776119403,0.5,0.8571428571428571,0.6631580367960199,-1.0504799024963116,1,1,1,0.25,1.0917517095361369,0.0,0.5,0.0,0.5,2.0,1.1380880121396053,-0.3532468856456783,-0.25,0.0,-0.3333333333333333,1.4493462437877327,0.0,1,0,1,0,-0.34375,0.374139355483823,1,0.16666666666666652,-0.1587301587301586,0,1,-2.482758620689655,-0.2830242452119445,0.2719033232628399,0.25,1.0,1,0,0,Medium,Premium,Week,VeryHigh,Poor,4,4,0,2,0,2,1,1,1,15,14,27,1,4,0,1,3,0,2.5
750,646,832,-1.0,Ajanta Caves,Maharashtra,Historical,0.4140796352872241,Nov-Feb,122,-1.0,"Beaches, Historical",0.0,0.0,0.6060606060606061,0.5,18-25,Knee Pain,Leisure,"Cultural Exploration, Photography",Winter,"Long walking distances, crowd congestion",Maharashtrian Cuisine,-1.0104166666666667,https://plus.unsplash.com/premium_photo-1697729588019-20a1f5a325d1,1.0,0.10794140323824203,0.2929292929292931,-0.18043478260869575,1,0,0,1,0,0,-1.3333333333333333,-0.5,0,0,-0.8250505745405066,-0.8535625273599846,-0.7169859324670985,-0.8248293796628913,-0.02294311635730957,-0.825,-0.23634006552207576,-0.8797001873828858,-0.8840579710144927,1,0,-1.0,0.0,-0.3333333333333333,-1.0,0.0,-1.0,0.0,0.4140796352872241,0.0,0.7769784172661871,0.0,0.5,0.0,-1.3656716417910448,0.5,0.0,-1.2857142857142856,0.0,0,1,1,-1.0,-0.408248290463863,-0.5,-1.5,-0.5,-1.0,0.0,0.7283763277693475,-0.3826841261161515,0.5,-0.5,-1.37984496124031,0.6478146832950329,-0.5849625007211561,0,1,1,1,-0.375,0.3934525244337349,1,-0.3333333333333335,0.28571428571428603,0,0,0.0,0.0,0.0,-1.0,0.0,0,0,0,Near,Moderate,Week,VeryHigh,Poor,3,1,0,0,2,4,0,3,3,6,10,1,2,3,0,1,3,0,1.0
367,969,79,-0.5,Tawang,Arunachal Pradesh,Nature,0.9326708835765062,Sep-Mar,493,1.0,"Beaches, Historical",0.0,-0.5,-0.2878787878787879,1.0,46-60,Asthma,Family Vacation,"Nature & Relaxation, Photography",Post-Monsoon,"Curvy roads, limited medical facilities",North East Cuisine,1.6666666666666667,https://s7ap1.scene7.com/is/image/incredibleindia/sela-pass-tawang-arunachal-pradesh-blog-ntr-hero,0.0,-0.5705474171164225,-0.030303030303030304,-0.5065217391304347,0,0,1,0,0,0,0.3333333333333333,1.0,0,0,-0.3494013298140194,1.0815619575972608,0.36192721898115215,1.326730275778518,1.3272844569868094,-0.24999999999999992,-0.3768585525902616,0.5683947532792005,2.0652173913043477,0,1,0.16666666666666674,1.5275252316519468,0.0,0.3333333333333333,2.0,0.33333333333333326,2.160246899469287,0.9326708835765062,0.0,-0.2973621103117506,1.7097543578850618,0.3333333333333335,1.6329931618554518,1.0771144278606963,0.16666666666666674,-0.5714285714285715,1.142857142857143,-1.032412722174298,1,0,0,-0.5,-0.408248290463863,0.0,-1.0,-0.5,1.0,0.0,-0.34597875569044,-0.3826841261161515,1.0,-0.5,2.604651162790698,1.4691013922200717,-0.5849625007211561,0,1,0,1,-0.375,0.3934525244337349,1,-0.3333333333333335,0.28571428571428603,0,0,0.0,0.0,0.0,-0.5,0.0,0,0,0,Far,Economy,Week,VeryHigh,Poor,4,4,0,3,0,2,1,1,1,9,1,36,0,1,0,1,3,0,3.5
669,711,174,-0.5,Taj Mahal,Uttar Pradesh,Historical,0.14042113604771697,Nov-Feb,175,0.0,"City, Historical",-1.0,0.0,-0.24242424242424243,0.0,46-60,Knee Pain,Leisure,"Cultural Exploration, Photography",Winter,"Long walking distances, crowd congestion",Mughlai Cuisine,0.07291666666666667,https://upload.wikimedia.org/wikipedia/commons/1/1d/Taj_Mahal_%28Edited%29.jpeg,0.0,-0.20431765612952973,0.06060606060606061,0.009782608695652175,1,0,0,1,0,0,-0.3333333333333333,0.0,0,0,-0.42354700491775554,0.009211130128496727,-0.17346694534127322,0.012434210644597083,0.29927579379844166,-0.18749999999999997,0.013940425280358474,0.10493441599000626,0.40217391304347827,0,0,0.0,1.4142135623730951,0.0,0.0,1.0,-0.25,1.0,0.14042113604771697,0.0,0.47961630695443647,1.9756097560975612,0.25,0.5,-0.3582089552238806,0.0,0.0,0.32352321521291494,-1.0273550292155575,1,1,1,0.25,1.0917517095361369,0.0,0.5,0.0,0.0,0.0,-0.3095599393019727,-0.3238096451752051,0.0,-0.5,0.6821705426356589,0.6746214245583428,0.0,1,0,0,0,-0.3125,0.3199315947855867,1,-0.3333333333333335,0.28571428571428603,0,1,-2.482758620689655,-1.264512989293866,-1.0513595166163143,-0.5,0.0,0,0,0,Medium,Economy,Week,VeryHigh,Poor,3,1,1,3,2,4,0,3,3,7,16,34,1,1,0,1,3,0,2.5
492,918,82,-0.5,Mumbai,Maharashtra,City,0.8935533253153829,Oct-Mar,360,1.0,"Beaches, Historical",0.0,-0.5,-0.13636363636363635,-0.5,46-60,High Blood Pressure,Business,"Shopping, Food & Local Cuisine",All seasons,"Traffic congestion, pollution",Street Food,-1.421875,https://t4.ftcdn.net/jpg/01/46/43/87/360_F_146438747_3XYwVkfnYZuukBZYmDM8xeoqENzyhAqa.jpg,0.0,0.24672320740169615,0.2727272727272727,0.6456521739130435,0,0,1,0,0,0,0.3333333333333333,1.0,0,0,-0.353062293764753,1.0718827052567321,0.35709464452382117,0.010642221463463967,-0.07709695439423474,0.625,0.6518756822339332,-1.1397043514470124,-1.1576086956521738,1,0,-0.75,0.7071067811865476,-0.3333333333333333,-0.6666666666666666,1.0,1.0,0.0,0.8935533253153829,0.0,0.2685851318944844,1.0975609756097562,0.25,1.4999999999999998,-1.25,0.5,-0.42857142857142855,-0.6953812495363997,-0.963710722590775,1,1,0,-0.5,-0.408248290463863,0.0,-1.0,-0.5,1.0,0.0,-0.16388467374810317,-0.3826841261161515,-0.5,-0.5,-1.9922480620155039,1.4071513867168157,-0.5849625007211561,0,1,0,0,-0.375,0.3934525244337349,1,-0.3333333333333335,0.28571428571428603,0,0,0.0,0.0,0.0,-0.5,0.0,0,0,0,VeryNear,Economy,Weekend,VeryHigh,Poor,2,3,0,3,1,1,3,0,4,16,10,25,3,1,1,1,3,0,3.5
278,548,373,1.0,Jaipur,Rajasthan,City,-0.42380864221201575,Oct-Mar,867,1.0,"Beaches, Historical",0.0,0.5,0.9848484848484849,-1.0,46-60,High Blood Pressure,Business,"Shopping, Food & Local Cuisine",All seasons,"Traffic congestion, pollution",Rajasthani Cuisine,-0.2708333333333333,https://t4.ftcdn.net/jpg/05/84/76/73/360_F_584767353_EXYOkE8NcX37UwV4WfBw7AjBaEtU6mMy.jpg,2.0,2.698535080956052,-0.06060606060606061,1.3304347826086957,1,0,0,1,1,0,1.3333333333333333,-0.5,1,1,0.6873668255329745,0.7459145345852675,1.730490081966971,-0.5268103498389102,-0.9309592544036496,2.6249999999999996,1.2598874921579981,0.8132417239225485,-0.5760869565217391,0,0,1.0,0.0,1.0,0.3333333333333333,0.0,1.0,0.0,-0.42380864221201575,0.0,1.2565947242206235,0.0,-1.0,0.0,-0.30597014925373134,0.5,0.8571428571428571,0.42857142857142866,0.0,0,1,1,0.25,1.0917517095361369,0.0,0.5,0.0,1.0,0.0,1.0379362670713201,0.08831172141141956,-0.25,0.9999999999999999,-0.7596899224806202,0.425452670684006,0.0,1,0,1,0,0.125,0.07395084663240724,1,1.1666666666666665,-1.047619047619047,1,0,2.482758620689655,-3.0351613840520875,1.1238670694864048,1.0,0.0,0,0,0,Medium,Premium,Weekend,High,Excellent,2,3,0,3,1,1,3,0,4,13,13,15,1,4,1,0,0,1,5.0
853,207,538,0.5,Radhanagar Beach,Andaman,Beach,0.06251500687831461,Nov-Mar,30,0.5,"Beaches, Historical",0.0,0.0,-0.5454545454545454,0.0,36-45,Knee Pain,Honeymoon,"Relaxation, Nightlife, Water Sports",Winter,"Crowds, sun exposure",Seafood,1.1458333333333333,https://dynamic-media-cdn.tripadvisor.com/media/photo-o/05/76/7a/1d/radhanagar-beach.jpg,1.0,-0.4356206630686199,-1.2424242424242424,-0.691304347826087,1,0,0,1,0,0,0.6666666666666666,-0.5,1,0,0.390489218423103,0.43194768736811473,0.904933361526259,1.249977284617778,0.7132047578330634,0.37499999999999994,0.0013757227216335643,1.0056214865708932,0.6159420289855073,0,1,0.25,0.7071067811865476,0.3333333333333333,0.0,1.0,0.25,1.0,0.06251500687831461,0.0,-0.5755395683453237,0.2682926829268293,-0.25,0.5,0.8582089552238806,0.0,0.42857142857142855,0.6631580367960199,-0.963710722590775,1,0,1,-0.5,0.8164965809277259,-0.5,0.0,0.5,-0.5,2.449489742783178,0.09104704097116843,1.7672423165415552,0.16666666666666652,0.5801234497346432,1.069767441860465,0.21125869441836032,0.415037499278844,0,1,1,1,2.1875,-2.018044929128473,0,-4.440892098500626e-16,0.03571428571428603,1,0,3.3103448275862064,-0.33031654957869167,1.7764350453172206,-0.25,1.0,1,0,0,Far,Economy,Week,VeryHigh,Good,1,2,0,2,2,3,2,3,0,14,0,28,0,1,0,1,2,1,4.0
859,850,560,0.0,Valley of Flowers,Uttarakhand,Nature,0.1489912158906203,Apr-Jun,349,1.0,"Nature, Adventure",-1.0,0.0,-0.5757575757575758,1.0,18-25,Knee Pain,Adventure,"Trekking, Adventure Sports",Summer,"High altitude, physical exertion",North Indian Cuisine,0.5208333333333334,https://encrypted-tbn0.gstatic.com/images?q=tbn:ANd9GcSKohlQ-J1CgxwCnc1mL62LM__eo7IDPvD9Hm4v1DnS8PQfNYx8O_lBtpoE&s=10,0.0,-0.7170393215111797,-0.6060606060606061,-0.7130434782608697,1,0,0,1,0,0,0.6666666666666666,0.5,0,0,-0.008034660088599923,0.887648186010655,0.8125407379611931,2.3847556855765775,1.703514357730136,-0.12500000000000003,-0.46111980418261017,-0.07287112221528205,0.8695652173913043,0,0,0.0,0.0,0.3333333333333333,-0.3333333333333333,0.0,1.0,0.0,0.1489912158906203,0.0,-0.7194244604316546,0.0,1.0,0.0,0.8283582089552238,-0.5,0.0,-0.42857142857142866,0.0,0,0,1,-0.5,0.591751709536137,-0.5,-0.5,0.0,0.75,1.0,-0.5189681335356601,0.17662344282283912,1.0,-0.5,0.5736434108527132,0.39831949205205214,0.0,0,1,0,1,0.21875,-0.4099891383138438,1,-0.3333333333333335,0.28571428571428603,1,0,1.6551724137931032,-0.46800574449087884,0.7613293051359518,-0.5,1.0,1,0,0,Far,Economy,Week,VeryHigh,Fair,4,0,2,0,2,0,4,2,2,10,17,37,0,1,0,1,1,0,4.0
272,442,834,0.5,Gokarna Beach,Karnataka,Beach,-0.0407680677808311,Nov-Mar,245,-0.5,"City, Historical",0.0,0.0,0.18181818181818182,-1.0,46-60,Knee Pain,Honeymoon,"Relaxation, Nightlife, Water Sports",Winter,"Crowds, sun exposure",Seafood,-0.75,https://realtalktravel.com/wp-content/uploads/Om-Beach-Gokarna.webp,1.0,1.4726291441788741,-0.2727272727272727,1.1021739130434784,1,0,0,1,0,0,0.0,0.5,1,0,0.37115694770599894,-0.4468804966650072,0.027385698726300322,-0.6200046818439057,-0.7118038453382385,1.1249999999999998,1.3834410799684214,0.008744534665833855,-0.7028985507246378,0,0,0.5,0.0,0.6666666666666666,0.0,0.0,-0.5,0.0,-0.0407680677808311,0.0,0.23980815347721823,0.0,-1.0,0.0,-0.9925373134328358,0.5,0.0,0.0,0.0,0,1,1,0.25,0.09175170953613696,0.5,0.0,0.0,-0.5,0.0,0.18209408194233687,-0.2649351642342587,-0.75,0.0,-0.5116279069767442,-0.4939481897480072,0.0,1,0,1,0,-0.25,0.28093293606316183,1,0.16666666666666652,-0.28571428571428514,1,0,0.8275862068965516,1.1579810337761651,-1.1238670694864048,0.5,0.0,0,0,0,Near,Moderate,Weekend,High,Good,1,2,1,3,2,3,2,3,0,14,6,12,2,3,1,0,2,0,3.0
869,4,126,1.0,Spiti Valley,Himachal Pradesh,Nature,-0.5353278096687157,Sep-Mar,983,-0.5,"City, Historical",-1.0,-0.5,-0.9090909090909091,-0.5,26-35,Asthma,Family Vacation,"Nature & Relaxation, Photography",Post-Monsoon,"Curvy roads, limited medical facilities",Himachali Cuisine,0.625,https://storage.googleapis.com/stateless-www-justwravel-com/2021/05/1550217293_shutterstock_1129297934.jpg.jpg,-1.0,-0.5397070161912105,0.09090909090909091,0.5152173913043478,0,1,0,0,0,0,0.3333333333333333,1.0,1,1,0.6612744727620347,-0.4958300605129836,0.18057098654415868,1.2274028754528539,0.8279714404027486,0.625,0.3446090329255983,1.1513637310014575,3.152173913043478,0,0,1.0,0.0,1.0,0.3333333333333333,0.0,-0.5,0.0,-0.5353278096687157,0.0,-1.1414868105515588,0.0,-0.5,0.0,0.9776119402985075,-0.5,-0.8571428571428571,0.42857142857142866,0.0,0,0,0,0.375,0.2687549099224669,0.5,0.5,1.0,-0.25,1.414213562373095,-1.1107738998482548,-0.04790965621719187,-0.375,0.1770032003863299,0.4069767441860465,0.420487400767731,0.7369655941662062,1,0,0,0,-0.3125,0.24641400684598097,1,-0.08333333333333348,0.050420168067227156,1,0,2.068965517241379,-3.506805580452436,1.5135951661631422,1.0,0.0,0,0,0,Far,Budget,Weekend,High,Excellent,4,4,1,1,0,2,1,1,1,3,5,33,0,0,1,0,0,0,3.5
62,517,572,0.5,Baga Beach,Goa,Beach,0.22086302375639655,Nov-Mar,699,1.0,"Nature, Adventure",0.0,0.5,-0.4696969696969697,0.5,36-45,Knee Pain,Honeymoon,"Relaxation, Nightlife, Water Sports",Winter,"Crowds, sun exposure",Seafood,-0.84375,https://encrypted-tbn0.gstatic.com/images?q=tbn:ANd9GcQeseYB8OMIYAnzRmlYP6matYpojVkK9lRx0Wgn7x8BYcxvxjfwm4QrUxM&s=10,2.0,-0.5489591364687741,-1.5151515151515151,-0.9586956521739132,1,0,0,1,1,0,1.0,0.0,1,0,0.42012840896720993,0.9054321529919022,1.3777279233408386,1.9599424528546294,1.059308020810291,0.225,-0.2612696496682539,-0.7677701436602125,-0.875,0,0,0.25,0.7071067811865476,0.3333333333333333,0.0,1.0,0.5,2.0,0.22086302375639655,0.0,-0.2973621103117506,0.7317073170731707,0.5,0.0,-1.126865671641791,0.0,0.8571428571428571,0.6631580367960199,-0.963710722590775,1,0,1,0.5,-0.408248290463863,1.0,0.0,-0.5,1.0,0.0,-0.5644916540212442,-0.3826841261161515,0.5,-0.5,-1.1317829457364341,0.3418198646063801,-0.5849625007211561,1,0,0,1,-0.375,0.3934525244337349,1,-0.3333333333333335,0.28571428571428603,0,0,0.0,0.0,0.0,0.5,0.0,0,0,0,Near,Economy,Week,VeryHigh,Good,1,2,2,2,2,3,2,3,0,14,3,3,2,1,0,1,2,1,4.5
570,502,945,1.0,Tarkarli Beach,Maharashtra,Beach,0.8354718647057283,Nov-Mar,839,0.0,"City, Historical",0.0,-0.5,-0.25757575757575757,0.0,46-60,Knee Pain,Honeymoon,"Relaxation, Nightlife, Water Sports",Winter,"Crowds, sun exposure",Seafood,-0.9166666666666666,https://encrypted-tbn0.gstatic.com/images?q=tbn:ANd9GcRmtn0Vsfvni1NmF01OGM9ahIFZcrRqMoNKSjV1xzIEbR5CCG-tr4PumVg&s=10,0.0,-0.21588280647648425,0.030303030303030304,-0.006521739130434783,0,0,1,0,0,0,0.6666666666666666,0.5,1,1,0.9820030927632087,0.112401181213591,0.9397522382331632,0.7638750072664195,0.44865855105735636,0.37499999999999994,0.12603822505453663,-0.72579637726421,-0.6304347826086957,0,0,1.0,0.0,1.0,0.3333333333333333,1.0,0.0,0.0,0.8354718647057283,0.0,-0.3932853717026379,0.1951219512195122,-0.25,0.5,-0.6194029850746269,0.0,0.0,1.682062501545334,0.0,1,0,1,0.75,0.09175170953613696,1.0,0.5,0.0,0.0,0.0,-0.32776934749620634,-0.3238096451752051,-0.5,0.5,-0.09302325581395349,1.2915229802414359,0.0,1,0,0,0,-0.3125,0.3190865460551188,1,0.6666666666666665,-0.714285714285714,1,0,0.8275862068965516,0.0649723424617151,-2.682779456193354,1.0,0.0,0,0,0,Near,Economy,Week,VeryHigh,Excellent,1,2,1,3,2,3,2,3,0,14,10,35,2,1,0,1,0,0,4.0
865,741,328,0.5,Taj Mahal,Uttar Pradesh,Historical,-0.7912173453697413,Nov-Feb,292,-1.0,"Beaches, Historical",0.0,-0.5,-0.22727272727272727,0.0,18-25,Knee Pain,Leisure,"Cultural Exploration, Photography",Winter,"Long walking distances, crowd congestion",Mughlai Cuisine,0.07291666666666667,https://upload.wikimedia.org/wikipedia/commons/1/1d/Taj_Mahal_%28Edited%29.jpeg,0.0,-0.19275250578257522,0.09090909090909091,0.026086956521739132,0,0,1,0,0,0,-0.3333333333333333,1.0,1,0,0.2306897061789352,-0.9132102872900845,-0.43826461300927266,0.0,0.10891309728764687,-0.18749999999999997,-0.13631425347308118,0.10493441599000626,0.40217391304347827,0,0,0.5,0.0,0.6666666666666666,0.0,0.0,-1.0,0.0,-0.7912173453697413,0.0,-0.27817745803357313,0.0,0.0,0.0,0.1865671641791045,0.5,-0.8571428571428571,0.0,0.0,0,0,0,0.5,-0.408248290463863,1.0,0.0,-0.5,-1.0,0.0,-0.2731411229135053,-0.3826841261161515,0.0,-0.5,0.23255813953488372,-1.2609996165730963,-0.5849625007211561,1,0,0,0,-0.375,0.3934525244337349,1,-0.3333333333333335,0.28571428571428603,0,0,0.0,0.0,0.0,0.5,0.0,0,0,0,Medium,Economy,Week,High,Good,3,1,0,0,2,4,0,3,3,7,16,34,1,1,0,0,2,0,2.5
703,386,594,-0.5,Hampi Ruins,Karnataka,Historical,0.9880011631773818,Nov-Feb,277,-0.5,"City, Historical",-1.0,-0.5,-0.8787878787878788,-0.5,36-45,Knee Pain,Leisure,"Cultural Exploration, Photography",Winter,"Long walking distances, crowd congestion",South Indian Cuisine,-0.6875,https://wegobond.com/wp-content/uploads/2018/01/hampi-banner.jpg,-1.0,-0.5088666152659985,0.21212121212121213,0.6021739130434782,0,1,0,0,0,0,-0.6666666666666666,-0.5,0,0,-0.34422303730274745,-0.3450569940818983,-0.3503429092974092,0.13199031903113922,1.1383432212878122,-0.12500000000000003,0.6721857485954688,-0.3177180928586301,0.41304347826086957,0,0,-0.25,0.7071067811865476,0.0,-0.3333333333333333,1.0,-0.75,1.0,0.9880011631773818,0.0,0.60431654676259,4.341463414634147,-0.25,0.5,-0.1865671641791045,0.0,0.0,-0.01611160637019009,-0.963710722590775,1,1,1,-0.5,-0.408248290463863,0.0,-1.0,-0.5,-0.5,0.0,-1.0561456752655538,-0.3826841261161515,-0.5,-0.5,-0.8992248062015504,1.5567272890843333,-0.5849625007211561,0,1,0,0,-0.375,0.3934525244337349,1,-0.3333333333333335,0.28571428571428603,0,0,0.0,0.0,0.0,-0.5,0.0,0,0,0,Near,Budget,Weekend,VeryHigh,Poor,3,1,1,2,2,4,0,3,3,15,6,13,2,0,1,1,3,0,2.0
342,176,567,0.0,Ellora Caves,Maharashtra,Historical,-0.34289717399303554,Nov-Feb,996,1.0,"City, Historical",0.0,0.0,0.9848484848484849,0.0,26-35,Knee Pain,Leisure,"Cultural Exploration, Photography",Winter,"Long walking distances, crowd congestion",Maharashtrian Cuisine,-1.1041666666666667,https://indiaholidaymall.com/images/blog/Ellora-Caves-Unesco-World-Heritage-Site.jpg,1.0,0.7324595219737856,0.7979797979797978,0.4065217391304347,1,0,0,1,0,0,0.6666666666666666,0.5,0,0,-0.07708750016341753,0.7659352759849803,0.7213890643466953,-0.14365006050308785,-0.507761625313557,0.37499999999999994,-0.06400916445786092,-0.8831980012492193,-0.9492753623188406,1,0,-0.5,1.4142135623730951,-0.3333333333333333,-0.3333333333333333,1.0,0.25,2.9999999999999996,-0.34289717399303554,0.0,0.6330935251798561,1.5853658536585367,-0.25,0.5,-0.9328358208955224,0.0,0.42857142857142855,-0.3557464279532948,-1.0273550292155575,1,1,1,0.0,-0.408248290463863,0.5,-0.5,-0.5,1.0,0.0,1.1836115326251895,-0.3826841261161515,0.0,-0.5,-1.5193798449612403,-0.5510003651216063,-0.5849625007211561,0,0,1,0,-0.375,0.3934525244337349,1,-0.3333333333333335,0.28571428571428603,0,0,0.0,0.0,0.0,0.0,0.0,0,0,0,Near,Premium,Week,High,Fair,3,1,1,1,2,4,0,3,3,6,10,10,2,4,0,0,1,0,4.0
26,966,591,1.0,Ellora Caves,Maharashtra,Historical,0.6570753638349943,Nov-Feb,893,-1.0,"City, Historical",-1.0,0.0,0.2727272727272727,0.5,18-25,Knee Pain,Leisure,"Cultural Exploration, Photography",Winter,"Long walking distances, crowd congestion",Maharashtrian Cuisine,-1.1041666666666667,https://indiaholidaymall.com/images/blog/Ellora-Caves-Unesco-World-Heritage-Site.jpg,0.0,-0.09560524286815733,1.0909090909090908,0.16304347826086957,1,0,0,1,0,0,0.0,1.5,1,1,0.9402633224620383,-0.8415371501184711,-0.25093322270927054,0.12695983500272895,0.24076707076589934,-0.225,-0.20498777953590436,-0.9426608369768895,-0.8260869565217391,1,0,1.0,0.0,1.0,0.3333333333333333,0.0,-1.0,0.0,0.6570753638349943,0.0,0.354916067146283,0.0,0.5,0.0,-1.5,-0.5,0.0,0.42857142857142866,0.0,0,1,1,0.75,0.09175170953613696,1.0,0.5,0.0,-0.25,2.9999999999999996,-0.14567526555386948,1.1480523783484544,0.5,-0.5,-1.3255813953488371,-0.19679699044736593,0.0,1,0,0,1,1.25,-1.3407355348156091,1,-0.3333333333333335,0.28571428571428603,1,0,0.8275862068965516,3.3782189270042564,-0.4531722054380665,1.0,0.0,0,0,0,Near,Moderate,Week,VeryHigh,Excellent,3,1,1,0,2,4,0,3,3,6,10,10,2,3,0,1,0,0,3.0
592,326,647,0.0,Fatehpur Sikri,Uttar Pradesh,Historical,-0.300529452699405,Nov-Feb,366,0.0,"Nature, Adventure",0.0,0.0,0.4090909090909091,1.0,26-35,Knee Pain,Leisure,"Cultural Exploration, Photography",Winter,"Long walking distances, crowd congestion",Mughlai Cuisine,0.052083333333333336,https://images.unsplash.com/photo-1717761558642-32cbeccbee7e,1.0,-0.21588280647648425,0.030303030303030304,-0.48478260869565226,1,0,0,1,0,0,0.0,-0.5,0,0,-0.07113978612301203,-0.0562541832690903,0.10564546555015908,0.2713766473183333,0.23284636259633956,-0.37499999999999994,-0.5094522743408213,-0.3352071621902978,-0.1449275362318841,0,0,0.0,0.0,0.3333333333333333,-0.3333333333333333,0.0,0.0,0.0,-0.300529452699405,0.0,0.5275779376498801,0.0,1.0,0.0,0.15671641791044777,0.5,0.0,-0.42857142857142866,0.0,0,1,1,0.0,-0.408248290463863,0.5,-0.5,-0.5,0.0,0.0,0.4916540212443095,-0.3826841261161515,1.0,-0.5,0.20155038759689922,-0.48390311560055566,-0.5849625007211561,0,0,1,1,-0.375,0.3934525244337349,1,-0.3333333333333335,0.28571428571428603,0,0,0.0,0.0,0.0,0.0,0.0,0,0,0,Medium,Moderate,Week,High,Fair,3,1,2,1,2,4,0,3,3,7,16,11,1,3,0,0,1,0,3.0
903,391,443,1.0,Hampi Ruins,Karnataka,Historical,0.4486089489819529,Nov-Feb,67,0.0,"Nature, Adventure",0.0,0.0,0.4090909090909091,0.0,18-25,Knee Pain,Leisure,"Cultural Exploration, Photography",Winter,"Long walking distances, crowd congestion",South Indian Cuisine,-0.6875,https://wegobond.com/wp-content/uploads/2018/01/hampi-banner.jpg,1.0,0.2929838087895142,0.030303030303030304,-0.006521739130434783,1,0,0,1,0,0,0.6666666666666666,0.5,1,1,0.8914880369098879,0.05496594319356556,0.8680628002369802,0.14473421190311103,-0.1718677396576515,0.37499999999999994,0.0636449638452583,-0.5334166146158651,-0.6594202898550725,0,0,0.33333333333333326,1.1547005383792517,0.3333333333333333,0.3333333333333333,2.0,0.0,1.414213562373095,0.4486089489819529,0.0,0.572342126298961,1.915630728155813,0.16666666666666652,0.40824829046386296,-1.1019900497512438,0.16666666666666674,0.28571428571428564,1.4285714285714284,-1.0123296781699866,1,1,1,1.0,-0.408248290463863,1.5,0.5,-0.5,0.0,0.0,0.4916540212443095,-0.3826841261161515,0.0,-0.5,-0.8992248062015504,0.7024983411842326,-0.5849625007211561,1,0,1,0,-0.375,0.3934525244337349,1,-0.3333333333333335,0.28571428571428603,0,0,0.0,0.0,0.0,1.0,0.0,0,0,0,Near,Moderate,Week,VeryHigh,Excellent,3,1,2,0,2,4,0,3,3,15,6,13,2,3,0,1,0,0,4.0
78,590,340,1.0,Zanskar Valley,Ladakh,Adventure,-0.33675013868668496,Apr-Jun,645,-0.5,"Beaches, Historical",-1.0,-0.5,-0.8939393939393939,0.5,36-45,Knee Pain,Adventure,"Trekking, Adventure Sports",Summer,"High altitude, physical exertion",Tibetan Cuisine,1.0416666666666667,https://www.swantour.com/blogs/wp-content/uploads/2019/05/Zanskar-Valley-tourism.jpg,-1.0,-0.8080185042405551,0.15151515151515152,-0.24130434782608698,0,1,0,0,0,0,0.3333333333333333,1.0,1,1,0.7077360700090417,-0.4761756293872068,0.20510322790181357,2.487619267084722,2.0446592665580714,-0.07500000000000005,-0.3332151420563313,0.4984384759525297,4.021739130434782,0,1,1.0,0.0,1.0,0.3333333333333333,0.0,-0.5,0.0,-0.33675013868668496,0.0,-1.1223021582733812,0.0,0.5,0.0,1.5746268656716418,-0.5,-0.8571428571428571,0.42857142857142866,0.0,0,0,0,0.6666666666666665,0.408248290463863,0.5,0.5,0.5,-0.33333333333333326,0.816496580927726,-1.2807283763277695,0.1191898893905151,-0.5,0.7247448713915889,1.6227390180878551,-0.926800020325234,0.415037499278844,1,0,0,0,0.3333333333333335,-1.7216141152839317,0,1.6666666666666665,-1.714285714285714,1,0,1.1034482758620694,1.0593597709924343,0.12084592145015162,1.0,1.0,1,0,0,Far,Budget,Week,High,Excellent,0,0,0,2,2,0,4,2,2,17,8,39,0,0,0,0,0,0,3.5
267,592,285,-1.0,Varkala Beach,Kerala,Beach,0.685342619566245,Nov-Mar,167,0.0,"City, Historical",-1.0,-0.5,-0.9545454545454546,1.0,26-35,Knee Pain,Honeymoon,"Relaxation, Nightlife, Water Sports",Winter,"Crowds, sun exposure",Seafood,0.15625,https://encrypted-tbn0.gstatic.com/images?q=tbn:ANd9GcQhhfqvS3M6-Q5xL-XOgqAbXut9hnDO4dA-_VCx1YCE79I6gDY3_C1Zv3dOXwu2pL_OmQVlumXjSSQ8I6p748JioJniT2Wxf2InPIObpQ&s=10,-1.0,-0.9097918272937549,-0.09090909090909091,-0.5282608695652175,0,1,0,0,0,0,-0.6666666666666666,0.5,0,0,-0.8123569907541063,0.09011238438688844,-0.4814109565241288,1.4205394871972015,3.3960203249268783,-0.625,-0.4034512918675304,-0.27691026441807215,2.1739130434782608,0,0,-1.0,0.0,-0.3333333333333333,-1.0,0.0,0.0,0.0,0.685342619566245,0.0,-1.1990407673860912,0.0,1.0,0.0,0.30597014925373134,-0.5,-0.8571428571428571,-1.2857142857142856,0.0,0,0,0,-1.0,-0.408248290463863,-0.5,-1.5,-0.5,0.0,0.0,-1.1471927162367221,-0.3826841261161515,1.0,-0.5,0.35658914728682173,1.0774106017503078,-0.5849625007211561,0,1,0,1,-0.375,0.3934525244337349,1,-0.3333333333333335,0.28571428571428603,0,0,0.0,0.0,0.0,-1.0,0.0,0,0,0,Far,Budget,Week,VeryHigh,Poor,1,2,1,1,2,3,2,3,0,14,7,38,0,0,0,1,3,0,2.0
772,445,465,-0.5,Kodaikanal,Tamil Nadu,Nature,-0.6708662328962178,Apr-Jun,511,0.0,"City, Historical",-1.0,0.0,-0.5757575757575758,0.0,26-35,Knee Pain,Adventure,"Trekking, Adventure Sports",Summer,"High altitude, physical exertion",South Indian Cuisine,-0.10416666666666667,https://encrypted-tbn0.gstatic.com/images?q=tbn:ANd9GcRR1MrvitA-PthZ_UMPeUYOYvzHFu6Olty-pnoL9EqaCl31ZwvMHSvu9OQ&s=10,0.0,-0.45875096376252894,-0.6060606060606061,-0.3489130434782609,1,0,0,1,0,0,-0.3333333333333333,0.0,0,0,-0.49947438749012557,-0.11123588416016505,-0.2336027021368614,0.36987631930795056,0.5902988724730089,-0.18749999999999997,-0.11690402289220696,-0.04372267332916927,0.21739130434782608,0,0,-0.5,0.0,0.0,-0.6666666666666666,0.0,0.0,0.0,-0.6708662328962178,0.0,-0.7194244604316546,0.0,0.0,0.0,-0.06716417910447761,-0.5,0.0,-0.8571428571428572,0.0,0,0,1,-0.5,-0.408248290463863,0.0,-1.0,-0.5,0.0,0.0,-0.69195751138088,-0.3826841261161515,0.0,-0.5,-0.031007751937984496,-1.0704010104359742,-0.5849625007211561,0,1,0,0,-0.375,0.3934525244337349,1,-0.3333333333333335,0.28571428571428603,0,0,0.0,0.0,0.0,-0.5,0.0,0,0,0,Medium,Economy,Week,High,Poor,4,0,1,1,2,0,4,2,2,15,14,18,1,1,0,0,3,0,2.5
696,455,916,0.5,Coorg,Karnataka,Nature,-0.6255686630915605,Apr-Jun,753,-0.5,"Beaches, Historical",-1.0,0.5,1.0,0.5,18-25,Knee Pain,Adventure,"Trekking, Adventure Sports",Summer,"High altitude, physical exertion",Coorgi Cuisine,-0.3854166666666667,https://images.unsplash.com/photo-1710612198146-77512950a4b7,1.0,0.3484965304548958,0.8181818181818182,0.045652173913043485,1,0,0,1,0,0,0.0,0.5,1,0,0.26169541723374046,-0.5047617426581081,-0.030411209775306165,-0.22656368345790878,-0.3467252544593281,-0.225,-0.3704796694180358,-0.45996252342286076,-0.44927536231884063,0,0,0.5,0.0,0.6666666666666666,0.0,0.0,-0.5,0.0,-0.6255686630915605,0.0,1.275779376498801,0.0,0.5,0.0,-0.4701492537313433,-0.5,0.8571428571428571,0.0,0.0,0,1,1,-0.16666666666666674,0.6718751592707803,-0.5,0.0,0.5,-0.6666666666666666,0.8164965809277259,1.0925644916540211,0.47756854725665515,0.16666666666666652,-0.09175170953613696,-0.08268733850129187,0.028849812814337003,0.415037499278844,0,1,1,1,0.0,0.15818305433411153,1,0.3333333333333335,-0.21428571428571397,1,0,2.206896551724138,-2.8233690695382396,-0.8580060422960728,0.25,1.0,1,0,0,Medium,Premium,Week,High,Good,4,0,0,0,2,0,4,2,2,1,6,8,1,4,0,0,2,0,3.0
706,890,454,1.0,Bir Billing,Himachal Pradesh,Adventure,-0.7755692991632659,Apr-Jun,457,-0.5,"Beaches, Historical",0.0,-0.5,0.030303030303030304,0.5,46-60,Knee Pain,Adventure,"Trekking, Adventure Sports",Summer,"High altitude, physical exertion",Himachali Cuisine,0.4166666666666667,https://media-cdn.tripadvisor.com/media/attractions-splice-spp-674x446/0a/c6/99/67.jpg,0.0,-0.24363916730917506,0.6060606060606061,-0.045652173913043485,0,0,1,0,0,0,0.3333333333333333,1.0,1,1,0.6050647122601759,-0.5196082113265861,0.15089160630338544,0.5618243980569483,0.18126699804966412,-0.07500000000000005,-0.3898333546384868,0.0787008119925047,0.7608695652173914,0,0,1.0,0.0,1.0,0.3333333333333333,0.0,-0.5,0.0,-0.7755692991632659,0.0,0.047961630695443645,0.0,0.5,0.0,0.6791044776119403,0.5,-0.8571428571428571,0.42857142857142866,0.0,0,1,0,0.5,0.8164965809277259,-0.5,0.5,1.5,-0.6,1.1832159566199232,-0.10197268588770864,0.43765946339539363,0.0,0.8228756555322951,0.6945736434108527,-0.3240374314843945,1.0000000000000002,1,0,0,0,0.1,-0.10122479862628636,1,0.6666666666666665,-0.5142857142857138,1,0,1.6551724137931032,-2.506460612553654,0.11601208459214503,0.0,1.0,1,0,0,Far,Moderate,Week,High,Excellent,0,0,0,3,2,0,4,2,2,3,5,5,0,3,0,0,0,0,3.5
374,8,322,0.0,Jaipur,Rajasthan,City,0.9832572863948864,Oct-Mar,424,-0.5,"Beaches, Historical",0.0,-0.5,-0.25757575757575757,0.0,18-25,High Blood Pressure,Business,"Shopping, Food & Local Cuisine",All seasons,"Traffic congestion, pollution",Rajasthani Cuisine,-0.2708333333333333,https://t4.ftcdn.net/jpg/05/84/76/73/360_F_584767353_EXYOkE8NcX37UwV4WfBw7AjBaEtU6mMy.jpg,0.0,-0.21588280647648425,0.030303030303030304,-0.006521739130434783,0,0,1,0,0,0,-0.3333333333333333,0.0,0,0,0.10908223620570696,-0.34552652421098906,-0.11099267087822565,0.02512746734429015,0.47673413053839425,-0.18749999999999997,0.1498730617462984,-0.18363522798251095,0.043478260869565216,0,0,0.0,0.0,0.3333333333333333,-0.3333333333333333,0.0,-0.5,0.0,0.9832572863948864,0.0,-0.31654676258992803,0.0,0.0,0.0,-0.30597014925373134,0.5,-0.8571428571428571,-0.42857142857142866,0.0,0,0,0,-0.5,0.29885849072268444,-0.5,-0.5,0.5,0.16666666666666674,1.632993161855452,0.024279210925644827,0.36705104761766766,-0.16666666666666674,-0.09175170953613696,-0.13953488372093023,0.15928540462889693,0.415037499278844,0,1,1,0,0.770833333333333,-0.7220418136015955,1,0.0,0.0,1,0,1.6551724137931032,3.8192026827580077,-0.32628398791540786,0.0,0.0,0,0,0,Medium,Economy,Week,VeryHigh,Fair,2,3,0,0,1,1,3,0,4,13,13,15,1,1,0,1,1,0,2.5
833,436,40,-0.5,Konark Sun Temple,Odisha,Historical,-0.7908702844924284,Nov-Feb,654,1.0,"Beaches, Historical",-1.0,0.0,-0.3787878787878788,1.0,46-60,Knee Pain,Leisure,"Cultural Exploration, Photography",Winter,"Long walking distances, crowd congestion",Odia Cuisine,0.3125,https://cdn.britannica.com/19/251919-050-D3E64798/konark-sun-temple-orissa-india-unesco-heritage-site.jpg,0.0,-0.6168080185042405,-0.21212121212121213,-0.5717391304347826,1,0,0,1,0,0,0.3333333333333333,1.0,0,0,-0.5107054184226552,0.6550887668713371,0.1490013259750452,1.4919160611027211,0.9903942664054077,-0.24999999999999992,-0.5621737291614076,-0.1894649177597336,0.6521739130434783,0,0,0.25,2.1213203435596424,0.0,0.3333333333333333,1.0,0.5,2.0,-0.7908702844924284,0.0,0.5947242206235012,2.707317073170732,0.75,0.5,0.08208955223880597,0.0,0.42857142857142855,0.6631580367960199,-1.0504799024963116,1,1,1,-0.25,0.09175170953613696,0.0,-0.5,0.0,1.0,0.0,-0.6646433990895295,0.29437240470473186,0.5,0.5,0.4186046511627907,-1.3768849985246665,0.0,0,1,0,1,0.34375,-0.6927182703650729,1,0.6666666666666665,-0.3809523809523805,0,1,-0.8275862068965516,0.31993642333385375,0.3987915407854985,-0.5,0.0,0,0,0,Far,Economy,Week,High,Poor,3,1,0,3,2,4,0,3,3,11,11,20,0,1,0,0,3,0,3.5
473,796,893,-0.5,Fatehpur Sikri,Uttar Pradesh,Historical,0.7628425567811219,Nov-Feb,146,0.0,"Nature, Adventure",0.0,0.0,1.1818181818181819,-1.0,46-60,Knee Pain,Leisure,"Cultural Exploration, Photography",Winter,"Long walking distances, crowd congestion",Mughlai Cuisine,0.052083333333333336,https://images.unsplash.com/photo-1717761558642-32cbeccbee7e,1.0,2.9992289899768694,1.0606060606060606,2.5369565217391306,1,0,0,1,0,0,-0.3333333333333333,0.0,0,0,-0.36529535310813743,0.10161833949283532,-0.12733066291608114,-0.8900767042169935,-0.9032949340521889,0.7499999999999999,1.6426537652424251,1.3554028732042476,-0.1449275362318841,0,0,-0.75,0.7071067811865476,-0.3333333333333333,-0.6666666666666666,1.0,0.25,1.0,0.7628425567811219,0.0,1.0167865707434052,1.2439024390243902,-0.75,0.5,0.34328358208955223,0.5,0.0,-0.6953812495363997,-0.963710722590775,1,1,1,-0.5,-0.408248290463863,0.0,-1.0,-0.5,0.0,0.0,1.4203338391502276,-0.3826841261161515,-1.0,-0.5,0.20155038759689922,1.2001463181494363,-0.5849625007211561,0,1,1,0,-0.375,0.3934525244337349,1,-0.3333333333333335,0.28571428571428603,0,0,0.0,0.0,0.0,-0.5,0.0,0,0,0,Medium,Premium,Weekend,VeryHigh,Poor,3,1,2,3,2,4,0,3,3,7,16,11,1,4,1,1,3,0,2.5
365,195,565,0.0,Ooty,Tamil Nadu,Nature,0.6083243443412965,Apr-Jun,106,1.0,"Beaches, Historical",0.0,0.0,-0.3181818181818182,0.5,46-60,Knee Pain,Adventure,"Trekking, Adventure Sports",Summer,"High altitude, physical exertion",South Indian Cuisine,-0.22916666666666666,https://t3.ftcdn.net/jpg/05/09/58/00/360_F_509580096_YjyHXMHyTm9OOkjUQS4kOxDXkxbOMWYi.jpg,1.0,-0.45643793369313806,-0.9393939393939394,-0.7108695652173913,1,0,0,1,0,0,0.6666666666666666,0.5,0,0,0.05644796993946887,1.0013056190477552,0.8976596069281259,1.3087668097621747,0.8953289852533787,0.07500000000000005,-0.21127783209945522,-0.3550281074328545,-0.34057971014492755,0,0,0.0,0.0,0.3333333333333333,-0.3333333333333333,0.0,1.0,0.0,0.6083243443412965,0.0,-0.3932853717026379,0.0,0.5,0.0,-0.2462686567164179,0.5,0.0,-0.42857142857142866,0.0,0,0,1,-0.5,0.591751709536137,-0.5,-0.5,0.0,1.0,0.0,0.13657056145675264,1.2952385807008204,0.25,0.0,0.14728682170542637,0.03763657674489032,0.0,0,1,1,1,1.40625,-1.2455821793986035,1,0.16666666666666652,-0.07792207792207773,1,0,1.6551724137931032,2.521904574709266,-0.851963746223565,0.0,0.0,0,0,0,Medium,Economy,Week,VeryHigh,Fair,4,0,0,3,2,0,4,2,2,15,14,27,1,1,0,1,1,0,4.0
874,378,579,1.0,Ahmedabad,Gujarat,City,0.8869360339200223,Oct-Mar,211,0.0,"City, Historical",0.0,0.0,0.18181818181818182,0.0,46-60,High Blood Pressure,Business,"Shopping, Food & Local Cuisine",All seasons,"Traffic congestion, pollution",Gujarati Cuisine,-0.9166666666666666,https://encrypted-tbn0.gstatic.com/images?q=tbn:ANd9GcTjjS0tleUkYu3JCgQn5BM0ooo_ueYok5FwDld1RJJHOQ&s=10,1.0,0.11950655358519655,-0.2727272727272727,-0.16956521739130437,1,0,0,1,0,0,0.6666666666666666,0.5,1,1,0.9940442628044401,0.12004176057177467,0.9492890462805584,0.30683652923459553,0.03530752856884603,0.37499999999999994,0.13433836761717668,-0.72579637726421,-0.8188405797101449,0,0,1.0,0.0,1.0,0.3333333333333333,0.0,0.0,0.0,0.8869360339200223,0.0,0.23980815347721823,0.0,0.0,0.0,-1.2313432835820894,0.5,0.0,0.42857142857142866,0.0,0,1,1,0.30000000000000004,0.9701565847451589,-0.5,0.5,1.5,0.5,1.0,0.4916540212443095,0.7691360745647999,0.10000000000000009,0.7649110640673515,0.20155038759689922,0.3645957763051332,1.0000000000000002,1,0,1,1,0.5625,-0.34176234173075565,1,-0.1333333333333333,0.13186813186813184,1,0,2.3172413793103446,2.835905150835724,-3.371601208459215,0.0,1.0,1,0,0,Near,Moderate,Week,VeryHigh,Excellent,2,3,1,3,1,1,3,0,4,2,4,0,2,3,0,1,0,0,4.0
106,917,944,-0.5,Marina Beach,Tamil Nadu,Beach,-0.9784802385953099,Nov-Mar,749,1.0,"Nature, Adventure",0.0,-0.5,-0.5,1.0,26-35,Knee Pain,Honeymoon,"Relaxation, Nightlife, Water Sports",Winter,"Crowds, sun exposure",Seafood,-0.0625,https://encrypted-tbn0.gstatic.com/licensed-image?q=tbn:ANd9GcQct7UyX_Oev4c9kXNkRrH7cu6JRlW5Xs6MNpuB-CTQjXyNxWdF7V64hL9ANP93g9qVVT1kg12v0L1opGDTWLdmYNf-&s=19,0.0,-0.6784888203546646,-0.45454545454545453,-0.6586956521739131,0,0,1,0,0,0,0.3333333333333333,1.0,0,0,-0.5282636022485625,0.6086665419657118,0.12582403392408265,1.7488717271625924,1.1536555533248756,-0.24999999999999992,-0.5823455547117268,-0.399333749739746,0.2608695652173913,0,0,-0.25,0.7071067811865476,0.0,-0.3333333333333333,1.0,0.25,2.9999999999999996,-0.9784802385953099,0.0,-0.709832134292566,0.21951219512195122,0.5,1.0,0.22388059701492538,0.0,-0.42857142857142855,-0.01611160637019009,-0.963710722590775,1,0,0,-0.75,0.09175170953613696,-0.5,-1.0,0.0,0.75,1.0,-0.6009104704097117,-0.3826841261161515,0.5,0.5,-0.24806201550387597,-1.1571762339206269,0.0,0,1,0,1,-0.375,0.3934525244337349,1,0.6666666666666665,-0.3809523809523805,1,0,0.8275862068965516,-1.1001771194598573,0.6525679758308157,-0.5,0.0,0,0,0,Medium,Economy,Week,High,Poor,1,2,2,1,2,3,2,3,0,14,14,24,1,1,0,0,3,0,3.5
387,898,222,-0.5,Bangalore,Karnataka,City,-0.1927732822253487,Oct-Mar,223,0.0,"City, Historical",-1.0,0.0,-0.5151515151515151,-1.0,36-45,High Blood Pressure,Business,"Shopping, Food & Local Cuisine",All seasons,"Traffic congestion, pollution",Multi Cuisine,-0.4375,https://media.istockphoto.com/id/1382384282/photo/bangalore-or-bengaluru.jpg,0.0,0.4086353122590593,-0.48484848484848486,0.8739130434782609,1,0,0,1,0,0,-0.3333333333333333,0.0,0,0,-0.4547302588862339,-0.04025626502012871,-0.19816460398841687,-0.4181210566089877,-0.32941795442239363,0.7499999999999999,1.3344102700120548,0.5334166146158651,-0.13043478260869565,0,0,-0.5,0.0,0.0,-0.6666666666666666,0.0,0.0,0.0,-0.1927732822253487,0.0,-0.6426858513189448,0.0,-1.0,0.0,-0.5447761194029851,-0.5,0.0,-0.8571428571428572,0.0,0,0,1,-0.5,-0.408248290463863,0.0,-1.0,-0.5,0.0,0.0,-0.6191198786039454,-0.3826841261161515,-1.0,-0.5,-0.5271317829457365,-0.3132509672911871,-0.5849625007211561,0,1,0,0,-0.375,0.3934525244337349,1,-0.3333333333333335,0.28571428571428603,0,0,0.0,0.0,0.0,-0.5,0.0,0,0,0,Medium,Economy,Weekend,High,Poor,2,3,1,2,1,1,3,0,4,8,6,4,1,1,1,0,3,0,2.5
30,160,356,-0.5,Ooty,Tamil Nadu,Nature,-0.47453689605594623,Apr-Jun,436,-0.5,"Nature, Adventure",-1.0,0.0,-0.7272727272727273,-1.0,18-25,Knee Pain,Adventure,"Trekking, Adventure Sports",Summer,"High altitude, physical exertion",South Indian Cuisine,-0.22916666666666666,https://t3.ftcdn.net/jpg/05/09/58/00/360_F_509580096_YjyHXMHyTm9OOkjUQS4kOxDXkxbOMWYi.jpg,0.0,0.08481110254433301,-0.9090909090909091,0.4173913043478261,1,0,0,1,0,0,-0.6666666666666666,-0.5,0,0,-0.4811001674059951,-0.4898132167320766,-0.42261556006712253,-0.43103904637811774,-0.1337739420982064,0.37499999999999994,1.2435245839332416,0.8831980012492193,0.08695652173913043,0,0,-0.16666666666666674,1.1547005383792515,0.0,0.0,2.0,-0.8333333333333334,0.816496580927726,-0.47453689605594623,0.0,0.07993605115907283,1.7123039828270545,-0.16666666666666674,1.4719601443879744,-0.17164179104477612,-0.16666666666666674,0.28571428571428564,0.5714285714285714,-1.0123296781699866,1,1,1,-0.5,-0.408248290463863,0.0,-1.0,-0.5,-0.5,0.0,-0.8740515933232169,-0.3826841261161515,-1.0,-0.5,-0.21705426356589147,-0.7594766061948962,-0.5849625007211561,0,1,0,0,-0.375,0.3934525244337349,1,-0.3333333333333335,0.28571428571428603,0,0,0.0,0.0,0.0,-0.5,0.0,0,0,0,Medium,Economy,Weekend,High,Poor,4,0,2,0,2,0,4,2,2,15,14,27,1,1,1,0,3,0,2.0
932,975,220,0.5,Zanskar Valley,Ladakh,Adventure,0.28821859513473763,Apr-Jun,273,1.0,"Beaches, Historical",0.0,-0.5,-0.12121212121212122,-1.0,26-35,Knee Pain,Adventure,"Trekking, Adventure Sports",Summer,"High altitude, physical exertion",Tibetan Cuisine,1.0416666666666667,https://www.swantour.com/blogs/wp-content/uploads/2019/05/Zanskar-Valley-tourism.jpg,0.0,1.010023130300694,0.30303030303030304,1.7217391304347827,0,0,1,0,0,0,1.0,0.0,1,0,0.4327358583918966,0.9220986219867058,1.3943701079899444,-0.1528546132310085,-0.552677817826984,2.2499999999999996,1.4895590352408057,3.01686445971268,1.4130434782608696,0,1,0.5,0.0,0.6666666666666666,0.0,0.0,1.0,0.0,0.28821859513473763,0.0,-0.14388489208633093,0.0,-1.0,0.0,1.5746268656716418,0.5,-0.8571428571428571,0.0,0.0,0,0,0,0.75,0.09175170953613696,1.0,0.5,0.0,0.75,1.0,-0.37329286798179057,0.3532468856456783,-0.5,0.5,0.8527131782945736,-0.4076792630865098,0.0,1,0,0,0,0.40625,-0.5636237653133035,1,0.6666666666666665,-0.714285714285714,0,1,-0.8275862068965516,2.3525547474317743,1.921450151057402,0.5,0.0,0,0,0,Far,Economy,Weekend,VeryHigh,Good,0,0,0,1,2,0,4,2,2,17,8,39,0,1,1,1,2,1,4.5
880,497,799,0.0,Calangute Beach,Goa,Beach,0.2042650995341522,Nov-Mar,390,0.5,"Beaches, Historical",-1.0,0.5,-0.7424242424242424,-1.0,26-35,Knee Pain,Honeymoon,"Relaxation, Nightlife, Water Sports",Winter,"Crowds, sun exposure",Seafood,-0.8489583333333334,https://encrypted-tbn0.gstatic.com/images?q=tbn:ANd9GcQawETYRiYBsH6-h7nyRef7D05VLNnIS00HBpFyaZdOJDehCXzhEkUfAY5Vf_tWlUzd5qaIpJnkr2vAOF1xcvRS_dDd2Lq-Y2B30QDq-g&s=10,1.0,0.061680801850423995,-1.505050505050505,-0.2239130434782608,1,0,0,1,0,0,0.3333333333333333,0.0,0,0,-0.0002751383636539306,0.4600074125063831,0.4922774873126766,0.17287697532871604,-0.010082487678097685,1.4999999999999998,1.462478991289633,-0.1574016239850094,-0.7717391304347826,0,0,0.5,1.4142135623730951,0.3333333333333333,0.3333333333333333,1.0,0.25,1.0,0.2042650995341522,0.0,-1.1798561151079137,0.6341463414634148,-0.75,0.5,0.2947761194029851,-0.5,0.0,1.0027928583791246,-1.0273550292155575,1,0,1,0.25,0.09175170953613696,0.5,0.0,0.0,0.5,0.0,-0.1274658573596358,2.0900440734035963,-1.0,-0.5,-0.8333333333333334,0.7985643154108892,0.0,1,0,0,0,2.25,-2.3793432525672067,0,-0.3333333333333335,0.28571428571428603,0,1,-0.8275862068965516,-1.3272554576126314,-0.716012084592145,0.0,0.0,0,0,0,Near,Economy,Weekend,VeryHigh,Fair,1,2,0,1,2,3,2,3,0,14,3,6,2,1,1,1,1,0,3.5
443,94,708,-0.5,Kerala Backwaters,Kerala,Nature,-0.8415705863954566,Sep-Mar,127,1.0,"City, Historical",-1.0,0.0,0.25757575757575757,1.0,46-60,Asthma,Family Vacation,"Nature & Relaxation, Photography",Post-Monsoon,"Curvy roads, limited medical facilities",Kerala Cuisine,0.0,https://www.backpackadventures.org/wp-content/uploads/2020/08/india0898.jpg,0.0,-0.29298380878951436,1.0606060606060606,-0.11521739130434791,1,0,0,1,0,0,0.3333333333333333,1.0,0,0,-0.5154503970411894,0.6425434793412585,0.14273782194138357,0.6462634586221007,0.24166294068322508,-0.24999999999999992,-0.5676250265098178,-0.36435561107641057,0.32608695652173914,0,0,-0.75,0.7071067811865476,-0.3333333333333333,-0.6666666666666666,1.0,1.0,0.0,-0.8415705863954566,0.0,0.34532374100719426,0.024390243902439025,0.5,1.0,0.007462686567164179,0.0,-0.42857142857142855,-0.6953812495363997,-0.963710722590775,1,1,0,0.0,0.29885849072268444,0.0,0.0,0.5,-0.16666666666666674,2.943920288775949,-0.188163884673748,1.3420132870423183,0.6666666666666665,0.3164965809277261,-0.45219638242894067,-0.12348802635756465,0.415037499278844,0,0,0,1,1.333333333333333,-1.4746033820383107,1,0.3333333333333335,-0.13533834586466176,0,1,-1.6551724137931032,-3.3447355351353867,1.3474320241691846,-0.5,0.0,0,0,0,Medium,Moderate,Week,High,Poor,4,4,1,3,0,2,1,1,1,5,7,16,1,3,0,0,3,0,3.5
456,336,976,1.0,Red Fort,Delhi,Historical,0.7885673627709289,Nov-Feb,611,1.0,"Beaches, Historical",-1.0,0.0,-0.5,-1.0,46-60,Knee Pain,Leisure,"Cultural Exploration, Photography",Winter,"Long walking distances, crowd congestion",Mughlai Cuisine,0.010416666666666666,https://upload.wikimedia.org/wikipedia/commons/d/d6/Delhi%2C_India%2C_Red_Fort_Facade.jpg,0.0,0.4317656129529683,-0.45454545454545453,0.9065217391304349,1,0,0,1,0,0,1.3333333333333333,-0.5,1,1,0.9710287567908461,1.0459049686889832,2.10493173776072,0.34913954625750476,-0.22530362309571178,2.6249999999999996,1.6509515600138738,1.2854465958775767,0.33695652173913043,0,0,1.0,0.0,1.0,0.3333333333333333,0.0,1.0,0.0,0.7885673627709289,0.0,-0.6235011990407674,0.0,-1.0,0.0,0.09701492537313433,-0.5,0.0,0.42857142857142866,0.0,0,0,1,0.25,1.0917517095361369,0.0,0.5,0.0,1.0,0.0,-0.13657056145675264,1.118615137877981,0.0,1.5,0.18604651162790697,0.727267382614034,0.0,1,0,0,0,1.21875,-1.2986636957243816,1,1.6666666666666665,-1.314285714285714,1,0,2.482758620689655,1.4113058833208716,-0.10876132930513596,0.25,1.0,1,0,0,Medium,Economy,Weekend,VeryHigh,Excellent,3,1,0,3,2,4,0,3,3,7,2,29,1,1,1,1,0,1,5.0
540,351,954,0.0,Red Fort,Delhi,Historical,-0.010843308906281959,Nov-Feb,584,0.0,"City, Historical",0.0,0.5,0.5151515151515151,0.5,46-60,Knee Pain,Leisure,"Cultural Exploration, Photography",Winter,"Long walking distances, crowd congestion",Mughlai Cuisine,0.010416666666666666,https://upload.wikimedia.org/wikipedia/commons/d/d6/Delhi%2C_India%2C_Red_Fort_Facade.jpg,2.0,0.05242868157286039,-0.5303030303030303,-0.5347826086956522,1,0,0,1,1,0,0.0,-0.5,0,0,-0.030472733656153474,-0.01324620306831763,0.1378544512136576,-0.016189509161421926,-0.03389808961962182,-0.225,-0.2911653324025251,-0.19412866958151156,-0.42934782608695654,0,0,-0.5,1.0,-0.3333333333333333,-0.3333333333333333,2.0,0.16666666666666674,2.1602468994692865,-0.010843308906281959,0.0,0.6746602717825737,1.1729315375716776,0.3333333333333335,1.0801234497346432,0.27114427860696527,0.16666666666666674,0.5714285714285715,0.0,-1.0,1,1,1,0.0,-0.408248290463863,0.5,-0.5,0.0,0.5,2.0,1.2109256449165402,1.5307365044646055,0.25,0.0,1.372093023255814,0.4492424479019843,0.0,0,0,1,1,1.65625,-0.8326243589503137,1,0.16666666666666652,-0.07792207792207773,0,0,0.0,-1.3034672768415878,-2.882175226586103,0.0,0.0,0,0,0,Medium,Moderate,Week,High,Fair,3,1,1,3,2,4,0,3,3,7,2,29,1,3,0,0,1,0,3.0
115,707,2,1.0,Tarkarli Beach,Maharashtra,Beach,0.13280129917660613,Nov-Mar,385,1.0,"Nature, Adventure",0.0,0.5,0.25757575757575757,-0.5,18-25,Knee Pain,Honeymoon,"Relaxation, Nightlife, Water Sports",Winter,"Crowds, sun exposure",Seafood,-0.9166666666666666,https://encrypted-tbn0.gstatic.com/images?q=tbn:ANd9GcRmtn0Vsfvni1NmF01OGM9ahIFZcrRqMoNKSjV1xzIEbR5CCG-tr4PumVg&s=10,2.0,0.6476484194294524,-0.7878787878787878,-0.11521739130434791,1,0,0,1,1,0,1.3333333333333333,-0.5,1,1,0.8175979174406772,0.8836421514774919,1.902398753227542,0.1790332048280671,-0.42007666126299176,1.375,0.48828353989048323,-0.5742244430564231,-0.9130434782608695,0,0,1.0,0.0,1.0,0.3333333333333333,0.0,1.0,0.0,0.13280129917660613,0.0,0.33573141486810554,0.0,-0.5,0.0,-1.2313432835820894,0.5,0.8571428571428571,0.42857142857142866,0.0,0,1,1,1.0,-0.408248290463863,1.5,0.5,-0.5,1.0,0.0,0.3095599393019727,-0.3826841261161515,-0.5,-0.5,-1.2403100775193798,0.2023575728670191,-0.5849625007211561,1,0,1,0,-0.375,0.3934525244337349,1,-0.3333333333333335,0.28571428571428603,0,0,0.0,0.0,0.0,1.0,0.0,0,0,0,Near,Moderate,Weekend,VeryHigh,Excellent,1,2,2,0,2,3,2,3,0,14,10,35,2,3,1,1,0,1,5.0
668,681,426,-1.0,Konark Sun Temple,Odisha,Historical,0.25480722888111285,Nov-Feb,966,-1.0,"City, Historical",-1.0,0.0,0.2727272727272727,0.5,46-60,Knee Pain,Leisure,"Cultural Exploration, Photography",Winter,"Long walking distances, crowd congestion",Odia Cuisine,0.3125,https://cdn.britannica.com/19/251919-050-D3E64798/konark-sun-temple-orissa-india-unesco-heritage-site.jpg,0.0,-0.09560524286815733,1.0909090909090908,0.16304347826086957,1,0,0,1,0,0,-1.3333333333333333,-0.5,0,0,-0.832503628413489,-0.8614446032410863,-0.718953580237488,-0.7617590100163742,0.17181578472722026,-0.825,-0.2568900318329792,0.008744534665833855,0.6521739130434783,0,0,-1.0,0.0,-0.3333333333333333,-1.0,0.0,-1.0,0.0,0.25480722888111285,0.0,0.354916067146283,0.0,0.5,0.0,0.5298507462686567,-0.5,0.0,-1.2857142857142856,0.0,0,1,1,-1.0,-0.408248290463863,-0.5,-1.5,-0.5,-1.0,0.0,0.32776934749620634,-0.3826841261161515,0.5,-0.5,0.5891472868217055,0.39557689310602756,-0.5849625007211561,0,1,1,1,-0.375,0.3934525244337349,1,-0.3333333333333335,0.28571428571428603,0,0,0.0,0.0,0.0,-1.0,0.0,0,0,0,Far,Moderate,Week,VeryHigh,Poor,3,1,1,3,2,4,0,3,3,11,11,20,0,3,0,1,3,0,1.0
198,116,101,-1.0,Fatehpur Sikri,Uttar Pradesh,Historical,0.13993073971697845,Nov-Feb,537,0.0,"Nature, Adventure",0.0,-0.5,-0.48484848484848486,-1.0,36-45,Knee Pain,Leisure,"Cultural Exploration, Photography",Winter,"Long walking distances, crowd congestion",Mughlai Cuisine,0.052083333333333336,https://images.unsplash.com/photo-1717761558642-32cbeccbee7e,0.0,0.4548959136468773,-0.42424242424242425,0.9391304347826088,0,0,1,0,0,0,-0.6666666666666666,0.5,0,0,-0.8378792027631118,0.009138323899635389,-0.5016249752649449,-0.5920945032399999,-0.3169255082135826,0.37499999999999994,1.4417272968073906,1.3554028732042476,0.3804347826086957,0,0,-0.75,0.7071067811865476,-0.3333333333333333,-0.6666666666666666,1.0,0.5,2.0,0.13993073971697845,0.0,-0.12470023980815348,1.2195121951219514,0.0,2.0,0.17164179104477612,0.0,-0.42857142857142855,-0.6953812495363997,-0.963710722590775,1,0,0,0.25,0.8164965809277259,-0.5,0.5,1.0,0.0,0.0,-0.4825493171471927,-0.08538257061285559,-0.25,0.7247448713915889,-0.3236434108527132,-0.3839144374855786,0.7369655941662062,1,0,0,0,-0.03125,-0.05984724729093315,1,1.1666666666666665,-1.047619047619047,0,1,-4.137931034482758,1.6419640268819051,1.2280966767371602,-0.25,1.0,1,0,0,Medium,Economy,Weekend,VeryHigh,Poor,3,1,2,2,2,4,0,3,3,7,16,11,1,1,1,1,3,0,2.0
388,742,218,0.0,Gokarna Beach,Karnataka,Beach,0.03402409256323602,Nov-Mar,484,0.0,"Nature, Adventure",0.0,0.5,0.5,0.5,26-35,Knee Pain,Honeymoon,"Relaxation, Nightlife, Water Sports",Winter,"Crowds, sun exposure",Seafood,-0.75,https://realtalktravel.com/wp-content/uploads/Om-Beach-Gokarna.webp,2.0,0.04317656129529678,-0.5454545454545454,-0.541304347826087,1,0,0,1,1,0,0.0,-0.5,0,0,-0.02417410664651807,-0.00658500661344269,0.14284306914259165,-0.008149448868418542,-0.017990403574706302,-0.225,-0.2853763598525317,-0.7048094940662087,-0.8260869565217391,0,0,0.0,0.0,0.3333333333333333,-0.3333333333333333,0.0,0.0,0.0,0.03402409256323602,0.0,0.6426858513189448,0.0,0.5,0.0,-0.9925373134328358,0.5,0.8571428571428571,-0.42857142857142866,0.0,0,1,1,0.5,0.591751709536137,0.5,0.5,0.0,-0.25,1.0,1.0288315629742033,1.0008661759960884,0.5,-0.5,-0.046511627906976744,0.5514613865811483,0.0,1,0,1,1,1.09375,-0.5479893028876852,1,-0.3333333333333335,0.28571428571428603,0,1,-1.6551724137931032,-1.3890959062734736,-2.2114803625377646,0.0,0.0,0,0,0,Near,Moderate,Week,VeryHigh,Fair,1,2,2,1,2,3,2,3,0,14,6,12,2,3,0,1,1,0,3.0
134,209,764,0.0,Kerala Backwaters,Kerala,Nature,-0.8703925476045414,Sep-Mar,735,0.5,"Nature, Adventure",0.0,0.0,0.5303030303030303,0.5,36-45,Asthma,Family Vacation,"Nature & Relaxation, Photography",Post-Monsoon,"Curvy roads, limited medical facilities",Kerala Cuisine,0.0,https://www.backpackadventures.org/wp-content/uploads/2020/08/india0898.jpg,1.0,0.061680801850423995,0.19191919191919177,-0.2239130434782608,1,0,0,1,0,0,0.3333333333333333,0.0,0,0,-0.15113896066407506,0.2472767000851654,0.33296192693121707,0.17287697532871604,-0.17340921283023586,-0.07500000000000005,-0.4020678314378771,-0.20112429731417866,-0.18115942028985504,0,0,0.0,0.0,0.3333333333333333,-0.3333333333333333,0.0,0.5,0.0,-0.8703925476045414,0.0,0.6810551558752997,0.0,0.5,0.0,0.08208955223880597,0.5,0.0,-0.42857142857142866,0.0,0,1,1,0.0,-0.408248290463863,0.5,-0.5,-0.5,0.5,0.0,0.637329286798179,-0.3826841261161515,0.5,-0.5,0.12403100775193798,-1.3863884299909823,-0.5849625007211561,0,0,1,1,-0.375,0.3934525244337349,1,-0.3333333333333335,0.28571428571428603,0,0,0.0,0.0,0.0,0.0,0.0,0,0,0,Medium,Moderate,Week,High,Fair,4,4,2,2,0,2,1,1,1,5,7,16,1,3,0,0,1,0,3.5
172,596,992,-0.5,Ajanta Caves,Maharashtra,Historical,-0.6499778805253763,Nov-Feb,259,-1.0,"Nature, Adventure",-1.0,0.5,0.0,0.0,36-45,Knee Pain,Leisure,"Cultural Exploration, Photography",Winter,"Long walking distances, crowd congestion",Maharashtrian Cuisine,-1.0104166666666667,https://plus.unsplash.com/premium_photo-1697729588019-20a1f5a325d1,1.0,-0.01927525057825757,-0.5151515151515151,-0.30000000000000004,1,0,0,1,0,0,-1.0,0.0,0,0,-0.49751947239779293,-0.9062206259643748,-0.6305158956409174,-0.5785099030345592,-0.06399576652351528,-0.5624999999999999,-0.11353514887318383,-0.8044971892567147,-0.8840579710144927,1,0,-0.5,0.0,0.0,-0.6666666666666666,0.0,-1.0,0.0,-0.6499778805253763,0.0,0.009592326139088728,0.0,0.0,0.0,-1.3656716417910448,-0.5,0.8571428571428571,-0.8571428571428572,0.0,0,1,1,-0.5,-0.408248290463863,0.0,-1.0,-0.5,-1.0,0.0,0.0,-0.3826841261161515,0.0,-0.5,-1.37984496124031,-1.0373203785701135,-0.5849625007211561,0,1,0,0,-0.375,0.3934525244337349,1,-0.3333333333333335,0.28571428571428603,0,0,0.0,0.0,0.0,-0.5,0.0,0,0,0,Near,Moderate,Week,High,Poor,3,1,2,2,2,4,0,3,3,6,10,1,2,3,0,0,3,0,1.5
224,237,564,0.5,Radhanagar Beach,Andaman,Beach,-0.34735963072474163,Nov-Mar,188,-0.5,"City, Historical",0.0,-0.5,-0.8636363636363636,0.0,26-35,Knee Pain,Honeymoon,"Relaxation, Nightlife, Water Sports",Winter,"Crowds, sun exposure",Seafood,1.1458333333333333,https://dynamic-media-cdn.tripadvisor.com/media/photo-o/05/76/7a/1d/radhanagar-beach.jpg,0.0,-0.6784888203546646,-1.1818181818181819,-0.6586956521739131,0,0,1,0,0,0,0.0,0.5,1,0,0.3137698964977313,-0.47722571487521886,-0.002915304133346713,1.3267302757785182,1.3591938253782603,0.0,-0.06472886959676145,1.0056214865708932,1.5217391304347827,0,1,0.25,0.7071067811865476,0.3333333333333333,0.0,1.0,-0.25,1.0,-0.34735963072474163,0.0,-1.170263788968825,0.21951219512195122,0.25,0.5,0.8582089552238806,0.0,-0.42857142857142855,0.6631580367960199,-0.963710722590775,1,0,0,0.5,-0.408248290463863,1.0,0.0,-0.5,-0.5,0.0,-1.0379362670713201,-0.3826841261161515,0.0,-0.5,1.8294573643410852,-0.558067504058087,-0.5849625007211561,1,0,0,0,-0.375,0.3934525244337349,1,-0.3333333333333335,0.28571428571428603,0,0,0.0,0.0,0.0,0.5,0.0,0,0,0,Far,Budget,Week,High,Good,1,2,1,1,2,3,2,3,0,14,0,28,0,0,0,0,2,0,3.0
236,415,169,-1.0,Munnar,Kerala,Nature,0.15465648464099102,Apr-Jun,196,0.5,"Beaches, Historical",0.0,0.5,1.8484848484848484,-1.0,46-60,Knee Pain,Adventure,"Trekking, Adventure Sports",Summer,"High altitude, physical exertion",Kerala Cuisine,0.08333333333333333,https://images.unsplash.com/photo-1491497895121-1334fc14d8c9,2.0,4.016962220508866,0.803030303030303,2.2597826086956525,1,0,0,1,1,0,-0.3333333333333333,1.0,0,0,-0.8371901206256911,0.4501872841924494,-0.3915233958785458,-0.9502751286567901,-1.0153217783492277,0.7499999999999999,1.4464772338636536,1.4078700811992506,-0.391304347826087,0,0,-0.5,1.4142135623730951,-0.3333333333333333,-0.3333333333333333,1.0,0.0,2.0,0.15465648464099102,0.0,1.669064748201439,1.731707317073171,-0.5,1.0,0.06716417910447761,0.0,0.8571428571428571,-0.3557464279532948,-1.0273550292155575,1,1,1,-0.5,0.591751709536137,-0.5,-0.5,0.0,0.0,2.0,1.2655538694992412,2.708226123283533,0.0,1.5,-0.37209302325581395,-0.575734151611075,0.0,0,1,1,0,2.90625,-1.5530834159684257,0,1.6666666666666665,-1.314285714285714,0,1,-1.6551724137931032,2.2331207668582445,1.4501510574018128,-1.0,0.0,0,0,0,Medium,Premium,Weekend,VeryHigh,Poor,4,0,0,3,2,0,4,2,2,5,7,26,1,4,1,1,3,0,2.5
827,712,242,0.0,Kovalam Beach,Kerala,Beach,0.3187091178596898,Nov-Mar,459,1.0,"Nature, Adventure",0.0,0.0,-0.36363636363636365,-0.5,46-60,Knee Pain,Honeymoon,"Relaxation, Nightlife, Water Sports",Winter,"Crowds, sun exposure",Seafood,0.2604166666666667,https://eastindiantraveller.com/wp-content/uploads/2021/01/kovalambeach.jpg,1.0,0.015420200462605957,-1.0,-0.2673913043478261,1,0,0,1,0,0,0.6666666666666666,0.5,0,0,0.015790873067967864,0.9296431998327814,0.8439911058189932,0.4242209659229118,0.05464531429707047,0.8749999999999998,0.5282611637308374,0.7432854465958777,0.0,0,0,0.0,0.0,0.3333333333333333,-0.3333333333333333,0.0,1.0,0.0,0.3187091178596898,0.0,-0.45083932853717024,0.0,-0.5,0.0,0.4552238805970149,0.5,0.0,-0.42857142857142866,0.0,0,0,1,0.33333333333333326,0.4082482904638629,0.5,0.5,0.5,1.0,0.0,0.05462822458270106,0.9974170933902979,-0.5,0.2071067811865475,0.27906976744186046,0.29646669117587465,0.415037499278844,1,0,1,0,1.3125,-1.2240147351929498,1,-0.3333333333333335,0.28571428571428603,0,1,-1.1034482758620685,0.5504077639127223,0.5438066465256798,0.0,0.0,0,0,0,Far,Economy,Weekend,VeryHigh,Fair,1,2,2,3,2,3,2,3,0,14,7,21,0,1,1,1,1,0,4.0
11,253,386,1.0,Hyderabad,Telangana,City,-0.3839647968585649,Oct-Mar,290,0.5,"Nature, Adventure",0.0,-0.5,-0.015151515151515152,-1.0,26-35,High Blood Pressure,Business,"Shopping, Food & Local Cuisine",All seasons,"Traffic congestion, pollution",Hyderabadi Cuisine,-0.71875,https://t4.ftcdn.net/jpg/03/60/89/09/360_F_360890991_Ykybj5JO5HYBaqWeROz9cR2jWXN8HZxf.jpg,0.0,1.171935235158057,0.5151515151515151,1.9500000000000002,0,0,1,0,0,0,1.0,0.0,1,1,0.6966891661890475,0.34356608325119553,1.2282873341570386,-0.22112171262975316,-0.6621085019586382,2.2499999999999996,1.2727395250082856,0.06121174266083698,-0.42391304347826086,0,0,1.0,0.0,1.0,0.3333333333333333,0.0,0.5,0.0,-0.3839647968585649,0.0,-0.009592326139088728,0.0,-1.0,0.0,-0.9477611940298507,0.5,-0.8571428571428571,0.42857142857142866,0.0,0,0,0,0.6666666666666665,0.4082482904638629,0.5,0.5,0.5,0.5,0.0,-0.34597875569044,0.6404452698215711,-0.8333333333333333,0.5801234497346432,0.34108527131782945,-0.04500511416825828,0.415037499278844,1,0,0,0,0.75,-0.9606996966324511,1,0.0,-0.11428571428571432,1,0,1.1034482758620694,-1.5690677485921043,-3.0090634441087616,0.5,1.0,1,0,0,Near,Moderate,Weekend,High,Excellent,2,3,2,1,1,1,3,0,4,4,15,14,2,3,1,0,0,1,4.5
459,632,474,-0.5,Gokarna Beach,Karnataka,Beach,-0.6391013831743356,Nov-Mar,24,1.0,"City, Historical",0.0,0.5,-0.22727272727272727,-0.5,46-60,Knee Pain,Honeymoon,"Relaxation, Nightlife, Water Sports",Winter,"Crowds, sun exposure",Seafood,-0.75,https://realtalktravel.com/wp-content/uploads/Om-Beach-Gokarna.webp,2.0,0.15420200462606007,-1.2727272727272727,-0.4630434782608696,1,0,0,1,1,0,0.3333333333333333,1.0,0,0,-0.49650155444783783,0.6926424782634552,0.16775082232732386,0.08668976233780089,-0.21495342304783321,0.625,0.32229356004465837,-0.38767437018530093,-0.8260869565217391,0,0,0.0,1.7320508075688772,0.0,0.3333333333333333,2.0,0.5,1.414213562373095,-0.6391013831743356,0.0,-0.847322142286171,0.9709237053252753,-0.33333333333333326,1.7795130420052183,-0.5572139303482587,0.16666666666666674,0.0,0.857142857142857,-1.039957997045961,1,0,1,-0.5,0.29885849072268444,-0.5,-0.5,0.5,0.16666666666666674,2.943920288775949,0.6798179059180578,2.120116154212268,0.16666666666666652,0.5801234497346434,-0.3514211886304911,-0.8056119002890064,0.415037499278844,0,1,1,1,2.895833333333334,-1.985409247041902,0,0.9999999999999996,-0.714285714285714,0,0,0.0,-0.5893509113948124,-1.4984894259818728,-0.5,0.0,0,0,0,Near,Economy,Weekend,High,Poor,1,2,1,3,2,3,2,3,0,14,6,12,2,1,1,0,3,0,3.5
902,805,480,1.0,Rishikesh,Uttarakhand,Adventure,-0.09168462765661897,Apr-Jun,389,-1.0,"City, Historical",0.0,-0.5,-0.2727272727272727,1.0,36-45,Knee Pain,Adventure,"Trekking, Adventure Sports",Summer,"High altitude, physical exertion",North Indian Cuisine,0.20833333333333334,https://dynamic-media-cdn.tripadvisor.com/media/photo-o/2c/31/c5/45/caption.jpg,0.0,-0.5628373168851195,0.0,-0.4956521739130435,0,0,1,0,0,0,0.0,1.5,1,1,0.7650745160503453,-0.8785917988353474,-0.2971840442124853,0.9429653199748148,1.0170278979219343,-0.37499999999999994,-0.48699727509520657,-0.24776181553195917,0.5434782608695652,0,0,1.0,0.0,1.0,0.3333333333333333,0.0,-1.0,0.0,-0.09168462765661897,0.0,-0.33573141486810554,0.0,1.0,0.0,0.3805970149253731,0.5,-0.8571428571428571,0.42857142857142866,0.0,0,0,0,0.5,0.8164965809277259,0.0,0.5,0.5,-0.6666666666666666,0.8164965809277259,-0.43095599393019735,1.2330601896153326,0.8333333333333335,0.5801234497346434,-0.12403100775193798,0.22666195586089996,0.415037499278844,1,0,0,1,-0.02083333333333303,-0.05731430287886361,1,-4.440892098500626e-16,0.0857142857142863,1,0,1.6551724137931032,-1.0436573715075792,1.3051359516616314,1.0,1.0,1,0,0,Far,Economy,Week,High,Excellent,0,0,1,2,2,0,4,2,2,10,17,30,0,1,0,0,0,0,3.0
233,144,777,0.5,Tawang,Arunachal Pradesh,Nature,-0.6858663345367265,Sep-Mar,590,-1.0,"City, Historical",-1.0,0.5,0.10606060606060606,-1.0,18-25,Asthma,Family Vacation,"Nature & Relaxation, Photography",Post-Monsoon,"Curvy roads, limited medical facilities",North East Cuisine,1.6666666666666667,https://s7ap1.scene7.com/is/image/incredibleindia/sela-pass-tawang-arunachal-pradesh-blog-ntr-hero,1.0,1.356977640709329,-0.3737373737373736,0.9934782608695655,1,0,0,1,0,0,-0.3333333333333333,1.0,1,0,0.25040904807949177,-0.9079966744598789,-0.43305859681974385,-0.6966373705106641,-0.7343434243824827,0.7499999999999999,1.175358149155316,4.066208619612743,0.9782608695652174,0,1,0.5,0.0,0.6666666666666666,0.0,0.0,-1.0,0.0,-0.6858663345367265,0.0,0.14388489208633093,0.0,-1.0,0.0,2.470149253731343,-0.5,0.8571428571428571,0.0,0.0,0,1,1,0.5,-0.408248290463863,1.0,0.0,-0.5,-1.0,0.0,0.1274658573596358,-0.3826841261161515,-1.0,-0.5,2.604651162790698,-1.0941564905959527,-0.5849625007211561,1,0,1,0,-0.375,0.3934525244337349,1,-0.3333333333333335,0.28571428571428603,0,0,0.0,0.0,0.0,0.5,0.0,0,0,0,Far,Moderate,Weekend,High,Good,4,4,1,0,0,2,1,1,1,9,1,36,0,3,1,0,2,0,2.5
489,261,452,0.5,Ellora Caves,Maharashtra,Historical,-0.42635027490303556,Nov-Feb,991,-1.0,"Nature, Adventure",0.0,0.0,0.015151515151515152,-1.0,18-25,Knee Pain,Leisure,"Cultural Exploration, Photography",Winter,"Long walking distances, crowd congestion",Maharashtrian Cuisine,-1.1041666666666667,https://indiaholidaymall.com/images/blog/Ellora-Caves-Unesco-World-Heritage-Site.jpg,1.0,1.218195836545875,-0.4949494949494948,0.8630434782608698,1,0,0,1,0,0,-0.3333333333333333,1.0,1,0,0.2989846228949378,-0.8951537387590043,-0.42023437427823285,-0.6688474944007408,-0.6784091568604368,0.7499999999999999,1.2590676629836657,-0.5858838226108682,-0.9492753623188406,1,0,0.5,0.0,0.6666666666666666,0.0,0.0,-1.0,0.0,-0.42635027490303556,0.0,0.02877697841726619,0.0,-1.0,0.0,-1.5,0.5,0.0,0.0,0.0,0,1,1,-0.33333333333333326,0.6718751592707801,-0.5,0.0,0.5,-0.8333333333333334,0.8164965809277259,0.5220030349013655,1.3659639445661962,-0.16666666666666674,0.9719601443879744,-0.7286821705426356,-0.7643713616305085,0.415037499278844,0,1,1,0,1.354166666666666,-0.9457021880254207,1,1.333333333333333,-1.1428571428571428,1,0,2.7586206896551717,0.22313889777418583,-1.8489425981873113,0.5,0.0,0,0,0,Near,Moderate,Weekend,High,Good,3,1,2,0,2,4,0,3,3,6,10,10,2,3,1,0,2,0,2.5
179,886,333,0.5,Khajuraho Temples,Madhya Pradesh,Historical,-0.8062957054737068,Nov-Feb,685,1.0,"City, Historical",0.0,-0.5,0.030303030303030304,1.0,26-35,Knee Pain,Leisure,"Cultural Exploration, Photography",Winter,"Long walking distances, crowd congestion",North Indian Cuisine,-0.3125,https://st2.depositphotos.com/1000434/7761/i/450/depositphotos_77615282-stock-photo-lakshmana-temple-in-khajuraho-madhya.jpg,0.0,-0.40863531225905947,0.6060606060606061,-0.2782608695652175,0,0,1,0,0,0,1.0,0.0,1,0,0.22786737599113005,0.6512718992350698,1.1239380009041373,1.4757213762670154,0.4523420787234014,0.0,-0.5638322706954242,-0.5392463043930876,0.0,0,0,0.5,0.0,0.6666666666666666,0.0,1.0,1.0,0.0,-0.8062957054737068,0.0,0.4028776978417266,0.902439024390244,0.5,1.0,-0.13432835820895522,0.0,0.0,1.0027928583791246,0.0,1,1,1,0.5,-0.408248290463863,1.0,0.0,-0.5,1.0,0.0,0.03641881638846737,-0.3826841261161515,1.0,-0.5,-0.34108527131782945,-1.2848790337183398,-0.5849625007211561,1,0,1,1,-0.375,0.3934525244337349,1,-0.3333333333333335,0.28571428571428603,0,0,0.0,0.0,0.0,0.5,0.0,0,0,0,Medium,Moderate,Week,High,Good,3,1,1,1,2,4,0,3,3,10,9,17,1,3,0,0,2,1,4.5
931,40,252,-0.5,Ooty,Tamil Nadu,Nature,0.9758442801493444,Apr-Jun,997,0.5,"City, Historical",0.0,0.5,0.9545454545454546,0.5,18-25,Knee Pain,Adventure,"Trekking, Adventure Sports",Summer,"High altitude, physical exertion",South Indian Cuisine,-0.22916666666666666,https://t3.ftcdn.net/jpg/05/09/58/00/360_F_509580096_YjyHXMHyTm9OOkjUQS4kOxDXkxbOMWYi.jpg,2.0,0.32074016962220503,-0.09090909090909091,-0.3456521739130435,1,0,0,1,1,0,0.0,0.5,0,0,-0.3453607849663884,0.6127431132373767,0.12785934961871004,-0.21005433375451524,-0.12445858073553077,-0.225,-0.16385893217912986,-0.3550281074328545,-0.5543478260869565,0,0,-0.5,0.0,0.0,-0.6666666666666666,0.0,0.5,0.0,0.9758442801493444,0.0,1.2182254196642686,0.0,0.5,0.0,-0.2462686567164179,0.5,0.8571428571428571,-0.8571428571428572,0.0,0,1,1,-0.33333333333333326,-7.850462293418875e-17,0.0,-0.5,0.5,-0.33333333333333326,2.160246899469287,0.8072837632776936,1.0360157775006216,0.16666666666666652,0.3164965809277261,-0.36175710594315236,0.5378121297200935,0.415037499278844,0,1,1,1,0.7916666666666661,-0.41528525061881977,1,0.3333333333333335,-0.21428571428571397,0,1,-0.5517241379310347,2.74684054805005,0.3383685800604227,-0.5,1.0,1,0,0,Medium,Premium,Week,VeryHigh,Poor,4,0,1,0,2,0,4,2,2,15,14,27,1,4,0,1,3,0,3.0
771,782,869,0.0,Varkala Beach,Kerala,Beach,0.5107906628464601,Nov-Mar,217,-0.5,"Nature, Adventure",-1.0,0.0,-0.7575757575757576,-0.5,46-60,Knee Pain,Honeymoon,"Relaxation, Nightlife, Water Sports",Winter,"Crowds, sun exposure",Seafood,0.15625,https://encrypted-tbn0.gstatic.com/images?q=tbn:ANd9GcQhhfqvS3M6-Q5xL-XOgqAbXut9hnDO4dA-_VCx1YCE79I6gDY3_C1Zv3dOXwu2pL_OmQVlumXjSSQ8I6p748JioJniT2Wxf2InPIObpQ&s=10,0.0,-0.38550501156515043,-0.9696969696969697,-0.2456521739130436,1,0,0,1,0,0,-0.3333333333333333,0.0,0,0,0.04275588480657105,-0.3922893987368019,-0.14601372390500378,0.24715541650121442,0.7029781126707277,0.12500000000000003,0.5695663858917487,0.6266916510514261,0.4891304347826087,0,0,-0.5,1.4142135623730951,-0.3333333333333333,-0.3333333333333333,1.0,0.0,2.0,0.5107906628464601,0.0,-0.8249400479616307,0.3170731707317074,-0.75,0.5,0.3805970149253731,-0.5,0.42857142857142855,-0.3557464279532948,-1.0273550292155575,1,0,1,0.0,-0.408248290463863,0.5,-0.5,-0.5,-0.5,0.0,-0.9104704097116842,-0.3826841261161515,-0.5,-0.5,0.35658914728682173,0.8009747719060487,-0.5849625007211561,0,0,0,0,-0.375,0.3934525244337349,1,-0.3333333333333335,0.28571428571428603,0,0,0.0,0.0,0.0,0.0,0.0,0,0,0,Far,Economy,Weekend,VeryHigh,Fair,1,2,2,3,2,3,2,3,0,14,7,38,0,1,1,1,1,0,2.5
604,420,233,-1.0,Munnar,Kerala,Nature,0.8544031844775076,Apr-Jun,120,1.0,"Nature, Adventure",-1.0,0.0,-0.4393939393939394,0.0,36-45,Knee Pain,Adventure,"Trekking, Adventure Sports",Summer,"High altitude, physical exertion",Kerala Cuisine,0.08333333333333333,https://images.unsplash.com/photo-1491497895121-1334fc14d8c9,0.0,-0.35466461063993837,-0.3333333333333333,-0.2021739130434783,1,0,0,1,0,0,0.0,1.5,0,0,-0.8044459060501575,1.0621953906803103,-0.23874430514708336,0.4824473730103702,0.7119188776373054,0.0,0.12909146880457956,0.11367895065584012,0.41304347826086957,0,0,0.0,2.8284271247461903,-0.3333333333333333,0.3333333333333333,1.0,0.5,2.0,0.8544031844775076,0.0,-0.7290167865707434,0.4634146341463415,-0.25,0.5,-0.022388059701492536,-0.5,0.0,0.32352321521291494,-1.062437173501617,1,0,1,-1.0,-0.408248290463863,-0.5,-1.5,0.0,0.75,1.0,-0.4916540212443095,-0.2649351642342587,0.0,-0.5,0.4186046511627907,0.9238569923487248,0.0,0,1,0,0,-0.25,0.22755962807476113,1,-0.3333333333333335,0.28571428571428603,0,0,0.0,1.1576148659227952,-0.3987915407854985,-1.0,0.0,0,0,0,Medium,Economy,Week,VeryHigh,Poor,4,0,2,2,2,0,4,2,2,5,7,26,1,1,0,1,3,0,3.0
206,767,114,0.5,Gokarna Beach,Karnataka,Beach,-0.2623933124457527,Nov-Mar,485,1.0,"City, Historical",-1.0,-0.5,-0.8939393939393939,-1.0,18-25,Knee Pain,Honeymoon,"Relaxation, Nightlife, Water Sports",Winter,"Crowds, sun exposure",Seafood,-0.75,https://realtalktravel.com/wp-content/uploads/Om-Beach-Gokarna.webp,-1.0,-0.1696222050886662,0.15151515151515152,1.5586956521739133,0,1,0,0,0,0,1.0,0.0,1,0,0.32967368201366326,0.7858551591510404,1.2583251625097875,0.9214744824498072,0.17587196090131457,2.2499999999999996,1.3119536294068794,0.008744534665833855,0.2826086956521739,0,0,0.5,0.0,0.6666666666666666,0.0,0.0,1.0,0.0,-0.2623933124457527,0.0,-1.1223021582733812,0.0,-1.0,0.0,-0.9925373134328358,-0.5,-0.8571428571428571,0.0,0.0,0,0,0,0.5,-0.408248290463863,1.0,0.0,-0.5,1.0,0.0,-1.0743550834597875,-0.3826841261161515,-1.0,-0.5,-0.9922480620155039,-0.4235073699659237,-0.5849625007211561,1,0,0,0,-0.375,0.3934525244337349,1,-0.3333333333333335,0.28571428571428603,0,0,0.0,0.0,0.0,0.5,0.0,0,0,0,Near,Budget,Weekend,High,Good,1,2,1,0,2,3,2,3,0,14,6,12,2,0,1,0,2,1,4.5
487,818,60,-0.5,Hyderabad,Telangana,City,-0.11673434086293652,Oct-Mar,320,0.5,"City, Historical",0.0,0.0,0.5454545454545454,0.0,18-25,High Blood Pressure,Business,"Shopping, Food & Local Cuisine",All seasons,"Traffic congestion, pollution",Hyderabadi Cuisine,-0.71875,https://t4.ftcdn.net/jpg/03/60/89/09/360_F_360890991_Ykybj5JO5HYBaqWeROz9cR2jWXN8HZxf.jpg,1.0,0.39707016191210476,0.21212121212121213,0.09130434782608697,1,0,0,1,0,0,0.0,0.5,0,0,-0.4476138683047594,0.396464906830925,0.019877813526214955,-0.2541752938343227,-0.3131579283430428,0.0,-0.02753361679024179,-0.5596502186133667,-0.6811594202898551,0,0,-0.5,0.0,0.0,-0.6666666666666666,0.0,0.5,0.0,-0.11673434086293652,0.0,0.7002398081534772,0.0,0.0,0.0,-0.9477611940298507,0.5,0.0,-0.8571428571428572,0.0,0,1,1,-0.5,-0.408248290463863,0.0,-1.0,-0.5,0.5,0.0,0.6555386949924127,-0.3826841261161515,0.0,-0.5,-0.9457364341085271,-0.19282901241306782,-0.5849625007211561,0,1,1,0,-0.375,0.3934525244337349,1,-0.3333333333333335,0.28571428571428603,0,0,0.0,0.0,0.0,-0.5,0.0,0,0,0,Near,Moderate,Week,High,Poor,2,3,1,0,1,1,3,0,4,4,15,14,2,3,0,0,3,0,3.0
34,780,979,0.5,Valley of Flowers,Uttarakhand,Nature,0.8120369363350204,Apr-Jun,68,-0.5,"Beaches, Historical",-1.0,0.5,-0.3333333333333333,0.5,18-25,Knee Pain,Adventure,"Trekking, Adventure Sports",Summer,"High altitude, physical exertion",North Indian Cuisine,0.5208333333333334,https://encrypted-tbn0.gstatic.com/images?q=tbn:ANd9GcSKohlQ-J1CgxwCnc1mL62LM__eo7IDPvD9Hm4v1DnS8PQfNYx8O_lBtpoE&s=10,1.0,-0.4656900539707016,-0.9595959595959596,-0.7195652173913044,1,0,0,1,0,0,0.0,0.5,1,0,0.5307828812181243,-0.36247323609929366,0.11166997132764117,0.7003268317892472,0.9695737604412934,-0.225,-0.18499401434948234,0.14865708931917554,0.18115942028985516,0,0,0.75,0.7071067811865476,0.6666666666666666,0.3333333333333333,1.0,0.0,2.0,0.8120369363350204,0.0,-0.6522781774580336,0.6097560975609757,-0.5,2.0,1.2761194029850746,0.0,0.0,1.3424276799622294,-0.963710722590775,1,0,1,0.5,-0.408248290463863,1.0,0.0,-0.5,-0.5,0.0,-0.40060698027314107,-0.3826841261161515,0.5,-0.5,0.8992248062015504,1.2780548640701592,-0.5849625007211561,1,0,0,1,-0.375,0.3934525244337349,1,-0.3333333333333335,0.28571428571428603,0,0,0.0,0.0,0.0,0.5,0.0,0,0,0,Far,Economy,Week,VeryHigh,Good,4,0,0,0,2,0,4,2,2,10,17,37,0,1,0,1,2,0,3.0
175,492,326,0.0,Marina Beach,Tamil Nadu,Beach,-0.38063010344980064,Nov-Mar,986,-1.0,"Nature, Adventure",-1.0,-0.5,-1.0757575757575757,0.0,46-60,Knee Pain,Honeymoon,"Relaxation, Nightlife, Water Sports",Winter,"Crowds, sun exposure",Seafood,-0.0625,https://encrypted-tbn0.gstatic.com/licensed-image?q=tbn:ANd9GcQct7UyX_Oev4c9kXNkRrH7cu6JRlW5Xs6MNpuB-CTQjXyNxWdF7V64hL9ANP93g9qVVT1kg12v0L1opGDTWLdmYNf-&s=19,-1.0,-0.8404009252120278,-0.5757575757575758,-0.33260869565217394,0,1,0,0,0,0,-0.6666666666666666,0.5,0,0,-0.08238456754073185,-0.8928911380435198,-0.5209179665404857,1.0453026415224689,2.252942044731897,-0.37499999999999994,-0.07009473231174176,-0.008744534665833855,1.7173913043478262,0,0,0.0,0.0,0.3333333333333333,-0.3333333333333333,0.0,-1.0,0.0,-0.38063010344980064,0.0,-1.3525179856115108,0.0,0.0,0.0,-0.007462686567164179,-0.5,-0.8571428571428571,-0.42857142857142866,0.0,0,0,0,0.0,-0.408248290463863,0.5,-0.5,-0.5,-1.0,0.0,-1.2928679817905917,-0.3826841261161515,0.0,-0.5,0.031007751937984496,-0.610757550677427,-0.5849625007211561,0,0,0,0,-0.375,0.3934525244337349,1,-0.3333333333333335,0.28571428571428603,0,0,0.0,0.0,0.0,0.0,0.0,0,0,0,Medium,Budget,Week,High,Fair,1,2,2,3,2,3,2,3,0,14,14,24,1,0,0,0,1,0,2.0
338,821,297,-1.0,Ajanta Caves,Maharashtra,Historical,0.36245595978712064,Nov-Feb,659,-0.5,"City, Historical",-1.0,0.0,0.15151515151515152,0.0,26-35,Knee Pain,Leisure,"Cultural Exploration, Photography",Winter,"Long walking distances, crowd congestion",Maharashtrian Cuisine,-1.0104166666666667,https://plus.unsplash.com/premium_photo-1697729588019-20a1f5a325d1,0.0,0.09637625289128753,0.8484848484848485,0.4336956521739131,1,0,0,1,0,0,-1.0,0.0,0,0,-0.827466272546868,-0.4069709799560023,-0.6055007252983753,-0.6295349867330442,-0.019683316893019144,-0.5624999999999999,0.049750207485019904,-0.8044971892567147,-0.7282608695652174,1,0,-1.0,0.0,-0.3333333333333333,-1.0,0.0,-0.5,0.0,0.36245595978712064,0.0,0.2014388489208633,0.0,0.0,0.0,-1.3656716417910448,-0.5,0.0,-1.2857142857142856,0.0,0,1,1,-0.25,1.0917517095361369,-0.5,0.0,0.0,-0.75,1.0,0.009104704097116842,0.17662344282283912,0.25,0.0,-0.7984496124031008,-0.24907857818237752,0.0,0,1,1,1,0.21875,-0.18914206224249125,1,0.16666666666666652,-0.07792207792207773,0,1,-2.482758620689655,2.2398086985369456,-1.3595166163141994,-1.0,0.0,0,0,0,Near,Moderate,Week,VeryHigh,Poor,3,1,1,1,2,4,0,3,3,6,10,1,2,3,0,1,3,0,1.5
463,806,684,1.0,Ajanta Caves,Maharashtra,Historical,0.07912316422144519,Nov-Feb,281,-0.5,"City, Historical",-1.0,-0.5,-0.7424242424242424,-1.0,18-25,Knee Pain,Leisure,"Cultural Exploration, Photography",Winter,"Long walking distances, crowd congestion",Maharashtrian Cuisine,-1.0104166666666667,https://plus.unsplash.com/premium_photo-1697729588019-20a1f5a325d1,-1.0,0.061680801850423995,0.7575757575757576,2.2108695652173913,0,1,0,0,0,0,0.3333333333333333,1.0,1,1,0.805038741603214,-0.4350141375203957,0.2564801233538236,0.17287697532871604,-0.029101588810672055,1.4999999999999998,1.422113202061206,-0.4284821986258589,-0.2608695652173913,1,0,0.75,0.7071067811865476,0.6666666666666666,0.3333333333333333,1.0,-0.25,1.0,0.07912316422144519,0.0,-0.7769784172661871,0.3902439024390244,-0.75,0.5,-0.6343283582089553,-0.5,-0.42857142857142855,1.3424276799622294,-0.963710722590775,1,0,0,0.5,0.591751709536137,0.5,0.5,0.0,-0.5,0.0,-1.0561456752655538,0.14718620235236587,-0.25,0.9999999999999999,-1.1627906976744187,-0.44553615276729475,0.0,1,0,0,0,0.1875,-0.8454287924903761,1,1.1666666666666665,-1.047619047619047,1,0,1.6551724137931032,1.546675527416746,-0.5075528700906344,1.0,0.0,0,0,0,Near,Economy,Weekend,VeryHigh,Excellent,3,1,1,0,2,4,0,3,3,6,10,1,2,1,1,1,0,0,3.5
364,123,259,1.0,Hyderabad,Telangana,City,0.8369114593728965,Oct-Mar,336,0.0,"Beaches, Historical",-1.0,-0.5,-1.0151515151515151,0.5,36-45,High Blood Pressure,Business,"Shopping, Food & Local Cuisine",All seasons,"Traffic congestion, pollution",Hyderabadi Cuisine,-0.71875,https://t4.ftcdn.net/jpg/03/60/89/09/360_F_360890991_Ykybj5JO5HYBaqWeROz9cR2jWXN8HZxf.jpg,-1.0,-0.882035466461064,-0.3333333333333333,-0.45,0,1,0,0,0,0,0.6666666666666666,0.5,1,1,0.9823399174791709,0.11261490927849595,0.9400190090412116,3.7188651669549384,3.170417901396625,0.07500000000000005,-0.1817846033663597,-0.6838226108682075,0.34782608695652173,0,0,-0.25,1.9148542155126762,-0.3333333333333333,0.3333333333333333,3.0,0.0,2.309401076758503,0.8369114593728965,0.0,0.09592326139088729,1.7279817935160608,-0.125,1.060660171779821,-0.9981343283582089,0.25,0.0,0.7734943873793169,-1.0454054793874945,1,1,1,0.5,0.591751709536137,0.5,0.5,0.0,0.0,0.0,-1.1471927162367221,-0.14718620235236596,0.25,0.0,-0.2558139534883721,0.40304793855047333,0.0,1,0,0,1,-0.125,-0.22270754898146844,1,0.16666666666666652,-0.07792207792207773,1,0,1.6551724137931032,2.5125602314400552,-1.6132930513595167,1.0,0.0,0,0,0,Near,Budget,Week,VeryHigh,Excellent,2,3,0,2,1,1,3,0,4,4,15,14,2,0,0,1,0,0,4.0
819,317,852,-1.0,Varkala Beach,Kerala,Beach,0.12119346890865378,Nov-Mar,79,0.0,"City, Historical",0.0,0.5,-0.4696969696969697,0.0,18-25,Knee Pain,Honeymoon,"Relaxation, Nightlife, Water Sports",Winter,"Crowds, sun exposure",Seafood,0.15625,https://encrypted-tbn0.gstatic.com/images?q=tbn:ANd9GcQhhfqvS3M6-Q5xL-XOgqAbXut9hnDO4dA-_VCx1YCE79I6gDY3_C1Zv3dOXwu2pL_OmQVlumXjSSQ8I6p748JioJniT2Wxf2InPIObpQ&s=10,2.0,-0.37779491133384735,-1.5151515151515151,-0.8380434782608697,1,0,0,1,1,0,-0.6666666666666666,0.5,0,0,-0.8387560017763133,0.006356512655959082,-0.5023194147468569,-0.052951540940162585,0.5995117438855966,-0.37499999999999994,0.010839386619136132,0.1748906933166771,-0.3532608695652174,0,0,0.0,2.8284271247461903,-0.3333333333333333,0.3333333333333333,1.0,0.25,1.0,0.12119346890865378,0.0,-0.6906474820143885,0.2682926829268293,-0.5,1.0,0.30597014925373134,0.0,0.42857142857142855,0.32352321521291494,-1.062437173501617,1,0,1,-0.5,0.591751709536137,-0.5,-0.5,0.0,0.5,2.0,0.9650986342943854,4.562772272923345,0.5,0.5,-0.2713178294573643,0.010142765968638508,0.0,0,1,1,1,4.875,-3.0462448431647298,0,0.6666666666666665,-0.3809523809523805,0,1,-1.6551724137931032,0.47764898918625875,1.4682779456193356,-1.0,0.0,0,0,0,Far,Economy,Week,VeryHigh,Poor,1,2,1,0,2,3,2,3,0,14,7,38,0,1,0,1,3,0,2.0
467,491,20,1.0,Konark Sun Temple,Odisha,Historical,-0.29887854541863856,Nov-Feb,674,0.5,"Nature, Adventure",0.0,-0.5,-0.10606060606060606,0.5,36-45,Knee Pain,Leisure,"Cultural Exploration, Photography",Winter,"Long walking distances, crowd congestion",Odia Cuisine,0.3125,https://cdn.britannica.com/19/251919-050-D3E64798/konark-sun-temple-orissa-india-unesco-heritage-site.jpg,0.0,-0.32690824980724753,0.3333333333333333,-0.16304347826086957,0,0,1,0,0,0,1.0,0.0,1,1,0.7165969590748705,0.3604090833771048,1.2493104073577634,1.2563733672145059,0.4107768680123511,0.225,-0.32832879681072613,0.008744534665833855,0.6521739130434783,0,0,0.0,2.8284271247461903,-0.3333333333333333,0.3333333333333333,1.0,0.25,1.0,-0.29887854541863856,0.0,-0.2014388489208633,0.1951219512195122,0.0,1.0,0.5298507462686567,0.5,-0.8571428571428571,0.32352321521291494,-1.062437173501617,1,0,0,0.30000000000000004,0.3979774843659918,0.0,0.5,1.5,0.7000000000000002,0.7745966692414833,0.021851289833080424,0.6796699519458869,0.6000000000000001,-0.18377223398316214,0.6232558139534884,-0.20554910690815856,1.0000000000000002,1,0,1,1,0.1375,-0.10610406185795437,1,-0.1333333333333333,0.15668202764977002,1,0,2.3172413793103446,-0.7576681535490682,-0.07975830815709971,0.5,1.0,1,0,0,Far,Economy,Week,High,Excellent,3,1,2,2,2,4,0,3,3,11,11,20,0,1,0,0,0,1,4.5
633,516,365,0.5,Ellora Caves,Maharashtra,Historical,-0.6242385480556094,Nov-Feb,872,0.0,"Nature, Adventure",-1.0,0.0,-0.12121212121212122,-0.5,26-35,Knee Pain,Leisure,"Cultural Exploration, Photography",Winter,"Long walking distances, crowd congestion",Maharashtrian Cuisine,-1.1041666666666667,https://indiaholidaymall.com/images/blog/Ellora-Caves-Unesco-World-Heritage-Site.jpg,0.0,0.2621434078643021,0.30303030303030304,0.667391304347826,1,0,0,1,0,0,0.3333333333333333,0.0,1,0,0.26194438487964716,-0.10431334889432614,0.3694536994344788,-0.0011709887694425522,-0.2911648014910712,0.625,0.32548966462910595,-0.7840932750364357,-0.8260869565217391,1,0,0.5,0.0,0.6666666666666666,0.0,0.0,0.0,0.0,-0.6242385480556094,0.0,-0.14388489208633093,0.0,-0.5,0.0,-1.5,-0.5,0.0,0.0,0.0,0,0,1,0.75,0.09175170953613696,1.0,0.5,0.0,0.0,0.0,-0.3368740515933232,0.23549792376378553,-0.75,0.0,-0.9844961240310077,-0.14551981864121463,0.0,1,0,0,0,0.28125,-0.3919036862251117,1,0.16666666666666652,-0.28571428571428514,0,1,-0.8275862068965516,-2.338453628104994,-1.2507552870090635,0.5,0.0,0,0,0,Near,Economy,Weekend,High,Good,3,1,2,1,2,4,0,3,3,6,10,10,2,1,1,0,2,0,3.5
323,20,330,-0.5,Munnar,Kerala,Nature,0.44217702756773775,Apr-Jun,208,0.5,"City, Historical",0.0,0.0,0.3484848484848485,0.5,18-25,Knee Pain,Adventure,"Trekking, Adventure Sports",Summer,"High altitude, physical exertion",Kerala Cuisine,0.08333333333333333,https://images.unsplash.com/photo-1491497895121-1334fc14d8c9,1.0,-0.0493446414803393,-0.05050505050505065,-0.32826086956521733,1,0,0,1,0,0,0.0,0.5,0,0,-0.39530604382805995,0.5071025726058285,0.07511604255799495,0.07865989777342988,0.1470725797995208,-0.225,-0.23271482699006954,-0.145159275452842,-0.1231884057971015,0,0,-0.5,0.0,0.0,-0.6666666666666666,0.0,0.5,0.0,0.44217702756773775,0.0,0.45083932853717024,0.0,0.5,0.0,0.20149253731343283,0.5,0.0,-0.8571428571428572,0.0,0,1,1,-0.6666666666666666,0.0,-0.5,-1.0,0.5,0.16666666666666674,0.816496580927726,0.22458270106221537,0.09982328590714948,0.0,0.7247448713915889,-0.12403100775193798,0.15321086070391826,0.415037499278844,0,1,1,0,0.29166666666666696,-0.1947182545549271,1,0.6666666666666665,-0.5142857142857138,1,0,0.5517241379310343,1.4813253974696943,0.8700906344410877,-0.5,0.0,0,0,0,Medium,Moderate,Week,VeryHigh,Poor,4,0,1,0,2,0,4,2,2,5,7,26,1,3,0,1,3,0,3.0
225,995,474,0.0,Kodaikanal,Tamil Nadu,Nature,-0.7721577876371533,Apr-Jun,899,-1.0,"City, Historical",0.0,0.5,1.5606060606060606,1.0,26-35,Knee Pain,Adventure,"Trekking, Adventure Sports",Summer,"High altitude, physical exertion",South Indian Cuisine,-0.10416666666666667,https://encrypted-tbn0.gstatic.com/images?q=tbn:ANd9GcRR1MrvitA-PthZ_UMPeUYOYvzHFu6Olty-pnoL9EqaCl31ZwvMHSvu9OQ&s=10,2.0,0.37008481110254415,0.5151515151515151,-0.3108695652173914,1,0,0,1,1,0,-0.6666666666666666,0.5,0,0,-0.1373484559290058,-0.9122670675340806,-0.5354287394776258,-0.5613933067757036,-0.3779180887078518,-0.625,-0.5601617611718598,-0.42265250884863637,-0.4891304347826087,0,0,0.0,0.0,0.3333333333333333,-0.3333333333333333,0.0,-1.0,0.0,-0.7721577876371533,0.0,1.985611510791367,0.0,1.0,0.0,-0.06716417910447761,0.5,0.8571428571428571,-0.42857142857142866,0.0,0,1,1,-0.5,0.29885849072268444,-0.5,-0.5,0.5,0.16666666666666674,2.943920288775949,0.6798179059180578,2.120116154212268,0.16666666666666652,0.5801234497346434,-0.3514211886304911,-0.8056119002890064,0.415037499278844,0,1,1,1,3.729166666666666,-2.5914886792649923,0,1.3333333333333335,-0.964285714285714,1,0,1.6551724137931032,-1.168360112410208,0.7492447129909369,-0.5,1.0,1,0,0,Medium,Premium,Week,High,Fair,4,0,1,1,2,0,4,2,2,15,14,18,1,4,0,0,1,0,2.0
293,178,653,0.5,Ahmedabad,Gujarat,City,0.04590172682379708,Oct-Mar,756,1.0,"Nature, Adventure",0.0,0.0,0.0,-1.0,18-25,High Blood Pressure,Business,"Shopping, Food & Local Cuisine",All seasons,"Traffic congestion, pollution",Gujarati Cuisine,-0.9166666666666666,https://encrypted-tbn0.gstatic.com/images?q=tbn:ANd9GcTjjS0tleUkYu3JCgQn5BM0ooo_ueYok5FwDld1RJJHOQ&s=10,1.0,1.195065535851966,-0.5151515151515151,0.841304347826087,1,0,0,1,0,0,1.0,0.0,1,0,0.38737958571151954,0.8621397130207745,1.3344985638325653,-0.2301583797847638,-0.6325985053476615,2.2499999999999996,1.4113972934690309,-0.2710805746408495,-0.8188405797101449,0,0,0.25,0.7071067811865476,0.3333333333333333,0.0,1.0,0.25,2.9999999999999996,0.04590172682379708,0.0,-0.08633093525179857,0.24390243902439024,0.0,2.0,-1.5932835820895523,0.0,0.0,0.6631580367960199,-0.963710722590775,1,0,1,-0.25,1.0917517095361369,-0.5,0.0,0.0,0.5,2.0,0.7010622154779969,1.8839833901102838,-0.25,0.9999999999999999,-0.6356589147286822,0.1997433366473314,0.0,0,1,1,0,2.03125,-1.3423739501764387,1,1.1666666666666665,-1.047619047619047,1,0,2.482758620689655,-0.37096948560700904,-1.4138972809667674,0.5,0.0,0,0,0,Near,Moderate,Weekend,VeryHigh,Good,2,3,2,0,1,1,3,0,4,2,4,0,2,3,1,1,2,1,4.5
133,302,169,0.0,Gokarna Beach,Karnataka,Beach,-0.8716865145664011,Nov-Mar,392,-0.5,"Beaches, Historical",0.0,0.5,0.25757575757575757,1.0,26-35,Knee Pain,Honeymoon,"Relaxation, Nightlife, Water Sports",Winter,"Crowds, sun exposure",Seafood,-0.75,https://realtalktravel.com/wp-content/uploads/Om-Beach-Gokarna.webp,2.0,-0.29298380878951436,-0.7878787878787878,-0.7782608695652175,1,0,0,1,1,0,-0.3333333333333333,0.0,0,0,-0.15132061181811127,-0.5291215124988681,-0.24848827792717576,0.11701148972266447,0.23551469688884463,-0.49999999999999994,-0.5708630916341081,-0.7840932750364357,-0.8260869565217391,0,0,0.25,0.7071067811865476,0.3333333333333333,0.0,1.0,0.0,2.0,-0.8716865145664011,0.0,-0.2973621103117506,1.6097560975609757,-0.25,2.5,-0.26865671641791045,0.0,0.8571428571428571,0.6631580367960199,-0.963710722590775,1,0,1,-0.5,0.591751709536137,-0.5,-0.5,0.0,0.0,2.0,1.2655538694992412,2.708226123283533,0.0,1.5,-0.37209302325581395,-0.575734151611075,0.0,0,1,1,0,2.90625,-1.5530834159684257,0,1.6666666666666665,-1.314285714285714,1,0,1.6551724137931032,-2.2331207668582485,-1.4501510574018128,0.0,0.0,0,0,0,Near,Moderate,Week,High,Fair,1,2,0,1,2,3,2,3,0,14,6,12,2,3,0,0,1,0,2.5
777,645,859,0.0,Munnar,Kerala,Nature,0.6780936907832332,Apr-Jun,955,-0.5,"Beaches, Historical",0.0,0.0,0.3484848484848485,0.0,46-60,Knee Pain,Adventure,"Trekking, Adventure Sports",Summer,"High altitude, physical exertion",Kerala Cuisine,0.08333333333333333,https://images.unsplash.com/photo-1491497895121-1334fc14d8c9,1.0,0.24672320740169615,-0.05050505050505065,-0.050000000000000086,1,0,0,1,0,0,-0.3333333333333333,0.0,0,0,0.06624241034721905,-0.37573040787214035,-0.1336125765627646,-0.33700367967636163,-0.10599013666185461,-0.18749999999999997,0.10065626903061888,0.11367895065584012,-0.1231884057971015,0,0,0.33333333333333326,1.1547005383792515,0.3333333333333333,0.3333333333333333,2.0,-0.33333333333333326,2.160246899469287,0.6780936907832332,0.0,0.2653876898481214,2.038398005472206,0.6666666666666665,0.816496580927726,1.31592039800995,0.16666666666666674,-0.28571428571428575,1.4285714285714284,-1.0123296781699866,1,1,1,0.0,-0.408248290463863,0.5,-0.5,-0.5,-0.5,0.0,0.4188163884673748,-0.3826841261161515,0.0,-0.5,0.24806201550387597,1.065930560613727,-0.5849625007211561,0,0,1,0,-0.375,0.3934525244337349,1,-0.3333333333333335,0.28571428571428603,0,0,0.0,0.0,0.0,0.0,0.0,0,0,0,Medium,Moderate,Week,VeryHigh,Fair,4,0,0,3,2,0,4,2,2,5,7,26,1,3,0,1,1,0,2.5
70,817,989,1.0,Marina Beach,Tamil Nadu,Beach,-0.5131419289393039,Nov-Mar,779,0.5,"Nature, Adventure",0.0,0.0,-0.5454545454545454,0.5,46-60,Knee Pain,Honeymoon,"Relaxation, Nightlife, Water Sports",Winter,"Crowds, sun exposure",Seafood,-0.0625,https://encrypted-tbn0.gstatic.com/licensed-image?q=tbn:ANd9GcQct7UyX_Oev4c9kXNkRrH7cu6JRlW5Xs6MNpuB-CTQjXyNxWdF7V64hL9ANP93g9qVVT1kg12v0L1opGDTWLdmYNf-&s=19,1.0,-0.5952197378565922,-1.2424242424242424,-0.841304347826087,1,0,0,1,0,0,1.0,0.0,1,1,0.6664653456830558,0.3179952017623498,1.1963703057577966,2.1603260531951705,1.0009581768423708,0.225,-0.355973920108373,-0.24309806371018117,-0.22463768115942026,0,0,1.0,0.0,1.0,0.3333333333333333,0.0,0.5,0.0,-0.5131419289393039,0.0,-0.6810551558752997,0.0,0.5,0.0,-0.007462686567164179,0.5,0.0,0.42857142857142866,0.0,0,0,1,0.5,0.8164965809277259,0.0,0.5,0.5,0.6666666666666665,0.816496580927726,-0.29135053110773895,0.38041636334710666,0.6666666666666665,-0.09175170953613704,0.21188630490956084,-0.38817566591872904,0.415037499278844,1,0,0,1,0.875,-1.060444882567533,1,-4.440892098500626e-16,0.07518796992481258,1,0,1.6551724137931032,-1.188242800150785,-0.422960725075529,1.0,0.0,0,0,0,Medium,Economy,Week,High,Excellent,1,2,2,3,2,3,2,3,0,14,14,24,1,1,0,0,0,1,4.5
256,436,364,1.0,Khajuraho Temples,Madhya Pradesh,Historical,-0.7908702844924284,Nov-Feb,262,0.0,"Beaches, Historical",0.0,0.5,1.303030303030303,0.5,26-35,Knee Pain,Leisure,"Cultural Exploration, Photography",Winter,"Long walking distances, crowd congestion",North Indian Cuisine,-0.3125,https://st2.depositphotos.com/1000434/7761/i/450/depositphotos_77615282-stock-photo-lakshmana-temple-in-khajuraho-madhya.jpg,2.0,0.533538936006168,0.25757575757575757,-0.1956521739130435,1,0,0,1,1,0,0.6666666666666666,0.5,1,1,0.6014847114759475,-0.1290521725317211,0.6383753165207497,-0.030002946082734606,-0.46683331058689587,0.07500000000000005,-0.3918075492911134,-0.4109931292941912,-0.5978260869565217,0,0,0.25,2.1213203435596424,0.0,0.3333333333333333,1.0,0.5,2.0,-0.7908702844924284,0.0,0.5947242206235012,2.707317073170732,0.75,0.5,0.08208955223880597,0.0,0.42857142857142855,0.6631580367960199,-1.0504799024963116,1,1,1,0.75,-7.850462293418875e-17,1.0,0.5,1.0,0.25,0.8164965809277259,1.306525037936267,1.4510693050864027,-0.25,0.4128709291752768,-0.044573643410852716,-0.3390242217086835,0.7369655941662062,1,0,1,0,0.515625,-0.12816726558432948,1,1.1666666666666665,-1.047619047619047,1,0,0.8275862068965516,-2.5318642662669224,-0.6933534743202417,1.0,0.0,0,0,0,Medium,Premium,Week,High,Excellent,3,1,0,1,2,4,0,3,3,10,9,17,1,4,0,0,0,0,4.0
759,348,454,1.0,Chandigarh,Punjab,City,-0.49825049192990156,Oct-Mar,457,0.0,"Beaches, Historical",0.0,-0.5,-0.5,1.0,46-60,High Blood Pressure,Business,"Shopping, Food & Local Cuisine",All seasons,"Traffic congestion, pollution",Punjabi Cuisine,0.2604166666666667,https://s7ap1.scene7.com/is/image/incredibleindia/chandigarh-union-territory-1-city-ff,0.0,-0.6784888203546646,-0.45454545454545453,-0.6586956521739131,0,0,1,0,0,0,0.6666666666666666,0.5,1,1,0.6699495236640869,-0.08560865093245949,0.6926005927691082,2.171013178546666,1.3100529060452697,-0.12500000000000003,-0.5307112439411137,-0.21861336664584638,0.5978260869565217,0,0,0.0,2.0,-0.3333333333333333,0.3333333333333333,2.0,0.5,1.414213562373095,-0.49825049192990156,0.0,-0.6874500399680255,1.0052410742161777,0.0,1.414213562373095,0.08208955223880597,0.16666666666666674,-0.8571428571428571,0.857142857142857,-1.0476190476190474,1,0,0,0.5,0.8164965809277259,-0.5,0.5,1.5,-0.6,1.1832159566199232,-0.10197268588770864,0.43765946339539363,0.0,0.8228756555322951,0.6945736434108527,-0.3240374314843945,1.0000000000000002,1,0,0,0,1.3375,-1.3899894034405509,1,1.6666666666666665,-1.314285714285714,1,0,1.6551724137931032,-1.2996781081639184,-0.42779456193353477,0.75,1.0,1,0,0,Far,Economy,Week,High,Excellent,2,3,0,3,1,1,3,0,4,12,12,7,0,1,0,0,0,0,4.0
422,826,509,0.5,Konark Sun Temple,Odisha,Historical,-0.22801503313631205,Nov-Feb,849,-0.5,"Nature, Adventure",-1.0,-0.5,-0.7424242424242424,1.0,26-35,Knee Pain,Leisure,"Cultural Exploration, Photography",Winter,"Long walking distances, crowd congestion",Odia Cuisine,0.3125,https://cdn.britannica.com/19/251919-050-D3E64798/konark-sun-temple-orissa-india-unesco-heritage-site.jpg,-1.0,-0.8018504240555128,0.7575757575757576,-0.2239130434782608,0,1,0,0,0,0,0.0,0.5,1,0,0.33610852339103,-0.4654134594391704,0.008879739924900884,1.9226946777325054,2.0482852194031542,-0.37499999999999994,-0.501655522679621,-0.1894649177597336,2.5,0,0,0.5,0.0,0.6666666666666666,0.0,0.0,-0.5,0.0,-0.22801503313631205,0.0,-0.9304556354916067,0.0,1.0,0.0,0.5298507462686567,-0.5,-0.8571428571428571,0.0,0.0,0,0,0,0.5,-0.408248290463863,1.0,0.0,0.0,-0.75,1.0,-0.8194233687405159,-0.14718620235236596,0.25,0.9999999999999999,0.8217054263565892,0.4291398601250297,0.0,1,0,0,1,-0.125,-0.037865688352261666,1,1.1666666666666665,-0.8051948051948048,0,0,0.0,-2.1932760562356477,-0.5438066465256798,0.5,0.0,0,0,0,Far,Economy,Week,High,Good,3,1,2,1,2,4,0,3,3,11,11,20,0,1,0,0,2,0,3.0
861,946,446,-1.0,Khajuraho Temples,Madhya Pradesh,Historical,-0.49958630376536717,Nov-Feb,115,0.0,"Nature, Adventure",0.0,0.5,0.5151515151515151,-1.0,26-35,Knee Pain,Leisure,"Cultural Exploration, Photography",Winter,"Long walking distances, crowd congestion",North Indian Cuisine,-0.3125,https://st2.depositphotos.com/1000434/7761/i/450/depositphotos_77615282-stock-photo-lakshmana-temple-in-khajuraho-madhya.jpg,2.0,1.9814957594448726,-0.5303030303030303,0.8250000000000001,1,0,0,1,1,0,-0.6666666666666666,0.5,0,0,-0.8678050077742525,-0.08580697097710992,-0.5253267133084873,-0.8754901629104274,-0.8416137392679739,0.37499999999999994,1.2354446456665944,0.7432854465958777,-0.5978260869565217,0,0,-1.0,0.0,-0.3333333333333333,-1.0,0.0,0.0,0.0,-0.49958630376536717,0.0,0.6618705035971223,0.0,-1.0,0.0,-0.3656716417910448,0.5,0.8571428571428571,-1.2857142857142856,0.0,0,1,1,-1.0,-0.408248290463863,-0.5,-1.5,0.0,-0.25,1.0,0.7738998482549316,0.11774896188189272,-0.5,0.5,-0.06976744186046512,-1.0933243936394275,0.0,0,1,1,0,0.15625,0.020610764778822524,1,0.6666666666666665,-0.714285714285714,0,0,0.0,0.808331104372228,-0.6344410876132931,-1.0,1.0,1,0,0,Medium,Moderate,Weekend,High,Poor,3,1,2,1,2,4,0,3,3,10,9,17,1,3,1,0,3,0,2.0
193,237,533,0.0,Marina Beach,Tamil Nadu,Beach,-0.34735963072474163,Nov-Mar,559,0.0,"Nature, Adventure",-1.0,0.0,-1.0,0.5,26-35,Knee Pain,Honeymoon,"Relaxation, Nightlife, Water Sports",Winter,"Crowds, sun exposure",Seafood,-0.0625,https://encrypted-tbn0.gstatic.com/licensed-image?q=tbn:ANd9GcQct7UyX_Oev4c9kXNkRrH7cu6JRlW5Xs6MNpuB-CTQjXyNxWdF7V64hL9ANP93g9qVVT1kg12v0L1opGDTWLdmYNf-&s=19,0.0,-0.8727833461835004,-1.4545454545454546,-0.932608695652174,1,0,0,1,0,0,0.0,-0.5,0,0,-0.07771395388213242,-0.0632067814946742,0.10043861473953032,2.412236865051851,2.5268734091659653,-0.225,-0.33458402137998483,-0.24309806371018117,0.2608695652173913,0,0,0.25,0.7071067811865476,0.3333333333333333,0.0,1.0,-0.25,1.0,-0.34735963072474163,0.0,-1.170263788968825,0.21951219512195122,0.25,0.5,0.8582089552238806,0.0,-0.42857142857142855,0.6631580367960199,-0.963710722590775,1,0,0,0.0,-0.408248290463863,0.5,-0.5,-0.5,0.0,0.0,-1.2018209408194234,-0.3826841261161515,0.5,-0.5,0.031007751937984496,-0.558067504058087,-0.5849625007211561,0,0,0,1,-0.375,0.3934525244337349,1,-0.3333333333333335,0.28571428571428603,0,0,0.0,0.0,0.0,0.0,0.0,0,0,0,Medium,Budget,Week,High,Fair,1,2,2,1,2,3,2,3,0,14,14,24,1,0,0,0,1,0,3.0
177,118,123,-0.5,Chandigarh,Punjab,City,-0.820731501037593,Oct-Mar,49,-0.5,"City, Historical",0.0,0.0,0.18181818181818182,-0.5,26-35,High Blood Pressure,Business,"Shopping, Food & Local Cuisine",All seasons,"Traffic congestion, pollution",Punjabi Cuisine,0.2604166666666667,https://s7ap1.scene7.com/is/image/incredibleindia/chandigarh-union-territory-1-city-ff,1.0,0.5705474171164224,-0.2727272727272727,0.25434782608695655,1,0,0,1,0,0,-0.6666666666666666,-0.5,0,0,-0.5135000927877356,-0.524078187139263,-0.43972308190304205,-0.6295349867330442,-0.4876868786771311,-0.12500000000000003,0.28323581313841073,0.7432854465958777,0.0,0,0,-0.16666666666666674,1.1547005383792515,0.0,0.0,2.0,-0.33333333333333326,0.8164965809277259,-0.820731501037593,0.0,-0.2973621103117506,1.3039089175242595,-0.33333333333333326,1.0801234497346432,-0.3482587064676616,-0.16666666666666674,0.0,0.5714285714285714,-1.0123296781699866,1,0,1,-0.5,-0.408248290463863,0.0,-1.0,-0.5,-0.5,0.0,0.21851289833080423,-0.3826841261161515,-0.5,-0.5,0.5116279069767442,-1.307740829146799,-0.5849625007211561,0,1,1,0,-0.375,0.3934525244337349,1,-0.3333333333333335,0.28571428571428603,0,0,0.0,0.0,0.0,-0.5,0.0,0,0,0,Far,Moderate,Weekend,High,Poor,2,3,1,1,1,1,3,0,4,12,12,7,0,3,1,0,3,0,2.0
94,234,538,-1.0,Coorg,Karnataka,Nature,0.9445637475749842,Sep-Mar,837,-1.0,"Beaches, Historical",0.0,0.0,0.9545454545454546,-0.5,18-25,Asthma,Family Vacation,"Nature & Relaxation, Photography",Post-Monsoon,"Curvy roads, limited medical facilities",Coorgi Cuisine,-0.3854166666666667,https://images.unsplash.com/photo-1710612198146-77512950a4b7,1.0,1.356977640709329,0.7575757575757576,0.9934782608695655,1,0,0,1,0,0,-1.3333333333333333,-0.5,0,0,-0.800226898193451,-0.827309919509573,-0.7104323435289835,-1.002326007719821,-0.6061745525642795,-0.625,0.662844965223092,0.02040391422027893,-0.44927536231884063,0,0,-1.0,0.0,-0.3333333333333333,-1.0,0.0,-1.0,0.0,0.9445637475749842,0.0,1.2182254196642686,0.0,-0.5,0.0,-0.4701492537313433,0.5,0.0,-1.2857142857142856,0.0,0,1,1,-0.5,0.8164965809277259,-0.5,0.0,0.5,-0.5,2.449489742783178,0.09104704097116843,1.7672423165415552,0.16666666666666652,0.5801234497346432,1.069767441860465,0.21125869441836032,0.415037499278844,0,1,1,1,3.25,-3.017934117190852,0,0.9999999999999996,-0.714285714285714,0,1,-1.6551724137931032,3.508013057096742,-3.5528700906344413,-1.0,0.0,0,0,0,Medium,Premium,Weekend,VeryHigh,Poor,4,4,0,0,0,2,1,1,1,1,6,8,1,4,1,1,3,0,1.0
690,629,797,1.0,Kerala Backwaters,Kerala,Nature,-0.8463206889586713,Sep-Mar,546,0.0,"Nature, Adventure",-1.0,-0.5,-0.9696969696969697,-0.5,26-35,Asthma,Family Vacation,"Nature & Relaxation, Photography",Post-Monsoon,"Curvy roads, limited medical facilities",Kerala Cuisine,0.0,https://www.backpackadventures.org/wp-content/uploads/2020/08/india0898.jpg,-1.0,-0.6013878180416345,-0.15151515151515152,0.34130434782608693,0,1,0,0,0,0,0.6666666666666666,0.5,1,1,0.5885108743534074,-0.13728456454806853,0.6280998205471726,1.8117438582197953,0.924133648374643,0.8749999999999998,0.2777331132716938,0.4518009577347492,1.8478260869565217,0,0,0.0,2.8284271247461903,-0.3333333333333333,0.3333333333333333,1.0,0.5,2.0,-0.8463206889586713,0.0,-0.4028776978417266,2.073170731707317,-0.5,0.0,0.1417910447761194,-0.5,0.0,0.32352321521291494,-1.062437173501617,1,0,1,1.0,-0.408248290463863,1.5,0.5,-0.5,0.0,0.0,-1.1654021244309558,-0.3826841261161515,-0.5,-0.5,0.12403100775193798,-1.348266117610679,-0.5849625007211561,1,0,0,0,-0.375,0.3934525244337349,1,-0.3333333333333335,0.28571428571428603,0,0,0.0,0.0,0.0,1.0,0.0,0,0,0,Medium,Budget,Weekend,High,Excellent,4,4,2,1,0,2,1,1,1,5,7,16,1,0,1,0,0,0,4.0
850,103,799,0.5,Bangalore,Karnataka,City,0.8142721207831711,Oct-Mar,404,0.5,"Beaches, Historical",-1.0,0.5,0.5303030303030303,-1.0,18-25,High Blood Pressure,Business,"Shopping, Food & Local Cuisine",All seasons,"Traffic congestion, pollution",Multi Cuisine,-0.4375,https://media.istockphoto.com/id/1382384282/photo/bangalore-or-bengaluru.jpg,1.0,2.0046260601387815,0.19191919191919177,1.6021739130434782,1,0,0,1,0,0,0.6666666666666666,-0.5,1,0,0.5312012575203106,0.5807595688398514,1.0535284124759057,-0.5494539525951441,-0.7620508722860851,1.8749999999999998,1.6592428881086259,0.5334166146158651,-0.48550724637681153,0,0,0.33333333333333326,0.5773502691896258,0.3333333333333333,0.0,2.0,-0.16666666666666674,2.160246899469287,0.8142721207831711,0.0,0.11830535571542775,0.9186632124764574,-0.6666666666666667,0.8164965809277259,-0.2512437810945273,0.16666666666666674,-0.28571428571428575,1.4285714285714284,-0.9376024857396118,1,1,1,0.25,0.09175170953613696,0.5,0.0,0.0,0.5,0.0,-0.1274658573596358,2.0900440734035963,-1.0,-0.5,-0.8333333333333334,0.7985643154108892,0.0,1,0,0,0,2.25,-2.3793432525672067,0,-0.3333333333333335,0.28571428571428603,1,0,0.8275862068965516,1.3272554576126236,0.716012084592145,0.5,0.0,0,0,0,Medium,Moderate,Weekend,VeryHigh,Good,2,3,0,0,1,1,3,0,4,8,6,4,1,3,1,1,2,1,4.0
500,815,473,0.5,Spiti Valley,Himachal Pradesh,Nature,0.7393927503014756,Apr-Jun,443,1.0,"Nature, Adventure",0.0,0.5,0.07575757575757576,0.0,46-60,Knee Pain,Adventure,"Trekking, Adventure Sports",Summer,"High altitude, physical exertion",Himachali Cuisine,0.625,https://storage.googleapis.com/stateless-www-justwravel-com/2021/05/1550217293_shutterstock_1129297934.jpg.jpg,2.0,0.038550501156514975,-0.9696969696969697,-0.5445652173913044,1,0,0,1,1,0,1.0,0.0,1,0,0.5171855219696814,1.0337371978976098,1.505846017785342,0.5969264106738481,0.09559614030514829,0.5624999999999999,0.11054258295980311,0.5683947532792005,-0.10869565217391304,0,0,0.5,0.0,0.6666666666666666,0.0,0.0,1.0,0.0,0.7393927503014756,0.0,0.10551558752997602,0.0,0.0,0.0,0.9776119402985075,0.5,0.8571428571428571,0.0,0.0,0,1,1,0.75,0.09175170953613696,1.0,0.5,0.0,0.75,1.0,0.4916540212443095,0.9125544545846688,0.0,-0.5,-0.4689922480620155,1.1489134873657547,0.0,1,0,1,0,1.0,-0.6848626126075185,1,-0.3333333333333335,0.28571428571428603,0,1,-0.8275862068965516,0.03873159032681916,3.561933534743203,0.5,0.0,0,0,0,Far,Moderate,Week,VeryHigh,Good,4,0,2,3,2,0,4,2,2,3,5,33,0,3,0,1,2,1,4.5
40,711,497,0.5,Hampi Ruins,Karnataka,Historical,0.14042113604771697,Nov-Feb,369,-0.5,"Nature, Adventure",0.0,0.0,0.9848484848484849,0.5,18-25,Knee Pain,Leisure,"Cultural Exploration, Photography",Winter,"Long walking distances, crowd congestion",South Indian Cuisine,-0.6875,https://wegobond.com/wp-content/uploads/2018/01/hampi-banner.jpg,1.0,0.33924441017733226,0.7979797979797978,0.03695652173913052,1,0,0,1,0,0,0.0,0.5,1,0,0.4050714951862125,-0.42894710712643824,0.04529295791709021,-0.22112171262975316,-0.24405323539924503,-0.225,-0.27164858547828885,-0.6628357276702062,-0.6594202898550725,0,0,0.0,1.4142135623730951,0.0,0.0,1.0,-0.25,1.0,0.14042113604771697,0.0,0.47961630695443647,1.9756097560975612,0.25,0.5,-0.3582089552238806,0.0,0.0,0.32352321521291494,-1.0273550292155575,1,1,1,0.5,-0.408248290463863,1.0,0.0,-0.5,-0.5,0.0,1.1836115326251895,-0.3826841261161515,0.5,-0.5,-0.8992248062015504,0.21442501667187366,-0.5849625007211561,1,0,1,1,-0.375,0.3934525244337349,1,-0.3333333333333335,0.28571428571428603,0,0,0.0,0.0,0.0,0.5,0.0,0,0,0,Near,Premium,Week,VeryHigh,Good,3,1,2,0,2,4,0,3,3,15,6,13,2,4,0,1,2,0,3.0
130,2,528,0.5,Calangute Beach,Goa,Beach,0.10810844427660513,Nov-Mar,872,0.5,"City, Historical",0.0,0.0,-0.5454545454545454,1.0,36-45,Knee Pain,Honeymoon,"Relaxation, Nightlife, Water Sports",Winter,"Crowds, sun exposure",Seafood,-0.8489583333333334,https://encrypted-tbn0.gstatic.com/images?q=tbn:ANd9GcQawETYRiYBsH6-h7nyRef7D05VLNnIS00HBpFyaZdOJDehCXzhEkUfAY5Vf_tWlUzd5qaIpJnkr2vAOF1xcvRS_dDd2Lq-Y2B30QDq-g&s=10,1.0,-0.7016191210485736,-1.2424242424242424,-0.941304347826087,1,0,0,1,0,0,0.6666666666666666,-0.5,1,0,0.399023285380501,0.4409730029607546,0.9139455265298962,2.2960921271049104,1.613931398943878,-0.12500000000000003,-0.46551552050243417,-0.8394753279200501,-0.7717391304347826,0,0,0.5,0.0,0.6666666666666666,0.0,0.0,0.5,0.0,0.10810844427660513,0.0,-0.6810551558752997,0.0,1.0,0.0,-1.1343283582089552,0.5,0.0,0.0,0.0,0,0,1,0.5,-0.408248290463863,1.0,0.0,-0.5,0.5,0.0,-0.6555386949924127,-0.3826841261161515,1.0,-0.5,-1.1395348837209303,0.16325179620440805,-0.5849625007211561,1,0,0,1,-0.375,0.3934525244337349,1,-0.3333333333333335,0.28571428571428603,0,0,0.0,0.0,0.0,0.5,0.0,0,0,0,Near,Economy,Week,VeryHigh,Good,1,2,1,2,2,3,2,3,0,14,3,6,2,1,0,1,2,1,4.0
429,876,463,-1.0,Fatehpur Sikri,Uttar Pradesh,Historical,0.3046142701597084,Nov-Feb,10,1.0,"Beaches, Historical",-1.0,0.5,0.9696969696969697,0.0,36-45,Knee Pain,Leisure,"Cultural Exploration, Photography",Winter,"Long walking distances, crowd congestion",Mughlai Cuisine,0.052083333333333336,https://images.unsplash.com/photo-1717761558642-32cbeccbee7e,1.0,0.720894371626831,0.7777777777777779,0.3956521739130436,1,0,0,1,0,0,0.0,1.5,0,0,-0.8301729386833626,0.9261555693759226,-0.2727047053147031,-0.4047651688815819,-0.436198328906674,0.0,0.040421498262640056,0.08744534665833854,-0.1449275362318841,0,0,-1.0,0.0,-0.3333333333333333,-1.0,0.0,1.0,0.0,0.3046142701597084,0.0,1.2374100719424461,0.0,0.0,0.0,0.15671641791044777,-0.5,0.8571428571428571,-1.2857142857142856,0.0,0,1,1,-1.0,-0.408248290463863,-0.5,-1.5,-0.5,1.0,0.0,1.1654021244309558,-0.3826841261161515,0.0,-0.5,0.20155038759689922,0.47445570401525644,-0.5849625007211561,0,1,1,0,-0.375,0.3934525244337349,1,-0.3333333333333335,0.28571428571428603,0,0,0.0,0.0,0.0,-1.0,0.0,0,0,0,Medium,Premium,Week,VeryHigh,Poor,3,1,0,2,2,4,0,3,3,7,16,11,1,4,0,1,3,0,3.0
628,11,468,0.5,Fatehpur Sikri,Uttar Pradesh,Historical,-0.32996444366468375,Nov-Feb,159,1.0,"City, Historical",-1.0,-0.5,-0.6212121212121212,-1.0,26-35,Knee Pain,Leisure,"Cultural Exploration, Photography",Winter,"Long walking distances, crowd congestion",Mughlai Cuisine,0.052083333333333336,https://images.unsplash.com/photo-1717761558642-32cbeccbee7e,-1.0,0.24672320740169615,1.2424242424242424,2.732608695652174,0,1,0,0,0,0,1.0,0.0,1,0,0.3170258846306323,0.7691353520087575,1.2416297174310447,0.35828812260328974,-0.2411709443254571,2.2499999999999996,1.2901578817712522,1.3554028732042476,1.9565217391304348,0,0,0.5,0.0,0.6666666666666666,0.0,0.0,1.0,0.0,-0.32996444366468375,0.0,-0.7769784172661871,0.0,-1.0,0.0,0.15671641791044777,-0.5,-0.8571428571428571,0.0,0.0,0,0,0,-0.16666666666666674,0.6718751592707803,-0.5,0.0,0.5,1.0,0.0,-1.0257966616084977,0.20801990604431192,-0.16666666666666674,1.541241452319315,0.24806201550387597,-0.3112242387280061,0.415037499278844,0,1,0,0,0.5833333333333335,-1.6449533434157488,0,1.333333333333333,-1.1428571428571428,1,0,2.206896551724138,-0.6025710190430235,-0.10876132930513596,0.5,0.0,0,0,0,Medium,Economy,Weekend,High,Good,3,1,1,1,2,4,0,3,3,7,16,11,1,1,1,0,2,1,4.5
226,369,128,0.0,Munnar,Kerala,Nature,-0.9973743031230375,Sep-Mar,330,-0.5,"Nature, Adventure",0.0,0.5,0.9393939393939394,-1.0,46-60,Asthma,Family Vacation,"Nature & Relaxation, Photography",Post-Monsoon,"Curvy roads, limited medical facilities",Kerala Cuisine,0.08333333333333333,https://images.unsplash.com/photo-1491497895121-1334fc14d8c9,2.0,2.629144178874325,-0.10606060606060606,1.281521739130435,1,0,0,1,1,0,-0.3333333333333333,0.0,0,0,-0.16896505909732368,-0.5415615918457607,-0.2578047428126774,-0.8605055483518301,-0.9539238210560249,0.7499999999999999,1.0748781224439685,1.4078700811992506,-0.391304347826087,0,0,0.0,0.0,0.3333333333333333,-0.3333333333333333,0.0,-0.5,0.0,-0.9973743031230375,0.0,1.1990407673860912,0.0,-1.0,0.0,0.20149253731343283,0.5,0.8571428571428571,-0.42857142857142866,0.0,0,1,1,0.16666666666666674,0.6718751592707803,0.0,0.5,0.5,0.0,1.414213562373095,1.3232169954476476,1.4889935582436746,0.3333333333333335,1.1329931618554523,-0.025839793281653863,0.16839339683410304,0.415037499278844,1,0,1,1,0.2916666666666661,0.005014789720274549,1,2.3333333333333335,-1.596638655462185,0,1,-0.5517241379310347,-4.82475455376952,0.6404833836858009,-0.25,1.0,1,0,0,Medium,Premium,Weekend,High,Fair,4,4,2,3,0,2,1,1,1,5,7,26,1,4,1,0,1,0,2.5
611,757,821,0.0,Radhanagar Beach,Andaman,Beach,-0.8766253598785144,Nov-Mar,469,0.0,"Nature, Adventure",-1.0,0.5,-0.015151515151515152,0.5,36-45,Knee Pain,Honeymoon,"Relaxation, Nightlife, Water Sports",Winter,"Crowds, sun exposure",Seafood,1.1458333333333333,https://dynamic-media-cdn.tripadvisor.com/media/photo-o/05/76/7a/1d/radhanagar-beach.jpg,1.0,-0.2713955281418659,-0.5353535353535355,-0.5369565217391306,1,0,0,1,0,0,0.0,-0.5,0,0,-0.15201394246487082,-0.14178371894270295,0.04159178120002594,0.34913954625750476,0.20175996277144015,-0.225,-0.40287201393968314,0.5683947532792005,0.6159420289855073,0,1,0.0,0.0,0.3333333333333333,-0.3333333333333333,0.0,0.0,0.0,-0.8766253598785144,0.0,-0.009592326139088728,0.0,0.5,0.0,1.7238805970149254,-0.5,0.8571428571428571,-0.42857142857142866,0.0,0,0,1,0.25,0.09175170953613696,0.5,0.0,0.0,-0.25,1.0,0.34597875569044,0.7948054927027761,0.75,0.0,0.15503875968992248,-0.27982840065705206,0.0,1,0,1,1,0.875,-0.6500772332953894,1,0.16666666666666652,-0.021978021978021456,0,1,-0.8275862068965516,-3.067693051629243,3.9154078549848945,0.0,0.0,0,0,0,Far,Moderate,Week,High,Fair,1,2,2,2,2,3,2,3,0,14,0,28,0,3,0,0,1,0,3.0
59,916,135,0.5,Konark Sun Temple,Odisha,Historical,0.9197559212757247,Nov-Feb,818,0.5,"City, Historical",-1.0,0.5,0.7727272727272727,-1.0,46-60,Knee Pain,Leisure,"Cultural Exploration, Photography",Winter,"Long walking distances, crowd congestion",Odia Cuisine,0.3125,https://cdn.britannica.com/19/251919-050-D3E64798/konark-sun-temple-orissa-india-unesco-heritage-site.jpg,1.0,2.3747108712413256,0.5151515151515151,1.9500000000000002,1,0,0,1,0,0,0.6666666666666666,-0.5,1,0,0.5509454546612355,0.6016403061494724,1.0743787249220835,-0.6151204005882221,-0.8163731771498023,1.8749999999999998,1.6932677483367824,1.7926296064959402,0.03623188405797093,0,0,0.5,0.0,0.6666666666666666,0.0,0.0,0.5,0.0,0.9197559212757247,0.0,0.988009592326139,0.0,-1.0,0.0,0.5298507462686567,-0.5,0.8571428571428571,0.0,0.0,0,1,1,-0.25,1.0917517095361369,-0.5,0.0,0.0,0.5,0.0,0.5644916540212442,0.7948054927027761,-0.75,0.0,-0.7015503875968992,0.7362530713751134,0.0,0,1,1,0,0.875,-0.5580024322428345,1,0.16666666666666652,-0.28571428571428514,1,0,2.482758620689655,1.9574963639671181,3.0181268882175227,0.5,0.0,0,0,0,Far,Moderate,Weekend,VeryHigh,Good,3,1,1,3,2,4,0,3,3,11,11,20,0,3,1,1,2,1,4.0
638,873,121,-1.0,Kolkata,West Bengal,City,0.7508164438526009,Oct-Mar,945,1.0,"Beaches, Historical",0.0,0.5,0.25757575757575757,0.0,18-25,High Blood Pressure,Business,"Shopping, Food & Local Cuisine",All seasons,"Traffic congestion, pollution",Bengali Cuisine,0.6770833333333334,https://encrypted-tbn0.gstatic.com/images?q=tbn:ANd9GcR7RyEWQTvFgkgjKGGCyk4MsFgdUZhpvExLEydL8FmtvfqAtgLceIK1K2mg&s=10,2.0,0.1773323053199691,-0.7878787878787878,-0.44673913043478264,1,0,0,1,1,0,0.0,1.5,0,0,-0.8092931835907227,1.0365638777175539,-0.24514284660921232,-0.11504514279478059,-0.03766166773478223,0.0,0.11238499655578356,0.6121174266083699,-0.08152173913043478,0,1,-1.0,0.0,-0.3333333333333333,-1.0,0.0,1.0,0.0,0.7508164438526009,0.0,0.33573141486810554,0.0,0.0,0.0,1.0522388059701493,0.5,0.8571428571428571,-1.2857142857142856,0.0,0,1,1,-1.0,-0.408248290463863,-0.5,-1.5,-0.5,1.0,0.0,0.3095599393019727,-0.3826841261161515,0.0,-0.5,1.1317829457364341,1.1811007080647937,-0.5849625007211561,0,1,1,0,-0.375,0.3934525244337349,1,-0.3333333333333335,0.28571428571428603,0,0,0.0,0.0,0.0,-1.0,0.0,0,0,0,Far,Moderate,Week,VeryHigh,Poor,2,3,0,0,1,1,3,0,4,0,18,19,0,3,0,1,3,0,3.0
448,794,306,0.5,Coorg,Karnataka,Nature,0.03237794713846273,Sep-Mar,223,-0.5,"City, Historical",0.0,0.0,0.12121212121212122,1.0,46-60,Asthma,Family Vacation,"Nature & Relaxation, Photography",Post-Monsoon,"Curvy roads, limited medical facilities",Coorgi Cuisine,-0.3854166666666667,https://images.unsplash.com/photo-1710612198146-77512950a4b7,1.0,-0.3623747108712414,-0.3535353535353537,-0.6224637681159422,1,0,0,1,0,0,0.0,0.5,1,0,0.3848482380453295,-0.4396407939066522,0.03461485267287122,0.4959558994546609,0.5486358720841094,-0.37499999999999994,-0.4736580648808195,-0.5800541328336457,-0.44927536231884063,0,0,0.5,0.0,0.6666666666666666,0.0,0.0,-0.5,0.0,0.03237794713846273,0.0,0.1630695443645084,0.0,1.0,0.0,-0.4701492537313433,0.5,0.0,0.0,0.0,0,1,1,0.5,-0.408248290463863,1.0,0.0,-0.5,-0.5,0.0,0.14567526555386948,-0.3826841261161515,1.0,-0.5,-0.4496124031007752,0.043318320726342466,-0.5849625007211561,1,0,1,1,-0.375,0.3934525244337349,1,-0.3333333333333335,0.28571428571428603,0,0,0.0,0.0,0.0,0.5,0.0,0,0,0,Medium,Moderate,Week,VeryHigh,Good,4,4,1,3,0,2,1,1,1,1,6,8,1,3,0,1,2,0,3.0
431,414,431,0.0,Munnar,Kerala,Nature,-0.08308599513059288,Sep-Mar,97,1.0,"Nature, Adventure",-1.0,0.0,-0.15151515151515152,0.0,36-45,Asthma,Family Vacation,"Nature & Relaxation, Photography",Post-Monsoon,"Curvy roads, limited medical facilities",Kerala Cuisine,0.08333333333333333,https://images.unsplash.com/photo-1491497895121-1334fc14d8c9,0.0,-0.13492675404780266,0.24242424242424243,0.10760869565217392,1,0,0,1,0,0,0.6666666666666666,0.5,0,0,-0.040614389285802424,0.8302229788194149,0.7695345873232973,0.6299919579601436,0.16272971586863708,0.37499999999999994,-0.022106810706721394,0.11367895065584012,0.41304347826086957,0,0,0.0,0.0,0.3333333333333333,-0.3333333333333333,0.0,1.0,0.0,-0.08308599513059288,0.0,-0.18225419664268586,0.0,0.0,0.0,0.20149253731343283,-0.5,0.0,-0.42857142857142866,0.0,0,0,1,0.0,-0.408248290463863,0.5,-0.5,-0.5,1.0,0.0,-0.18209408194233687,-0.3826841261161515,0.0,-0.5,0.24806201550387597,-0.13954053286689358,-0.5849625007211561,0,0,0,0,-0.375,0.3934525244337349,1,-0.3333333333333335,0.28571428571428603,0,0,0.0,0.0,0.0,0.0,0.0,0,0,0,Medium,Economy,Week,High,Fair,4,4,2,2,0,2,1,1,1,5,7,26,1,1,0,0,1,0,4.0
883,976,423,-0.5,Ajanta Caves,Maharashtra,Historical,-0.5033936213766698,Nov-Feb,901,0.5,"City, Historical",-1.0,0.5,0.3939393939393939,0.0,26-35,Knee Pain,Leisure,"Cultural Exploration, Photography",Winter,"Long walking distances, crowd congestion",Maharashtrian Cuisine,-1.0104166666666667,https://plus.unsplash.com/premium_photo-1697729588019-20a1f5a325d1,1.0,0.2814186584425597,0.010101010101009954,-0.017391304347826167,1,0,0,1,0,0,0.0,0.5,0,0,-0.48380083267835655,0.3199248994835001,-0.018336427766195026,-0.18569017594284035,-0.28818964724129187,0.0,-0.08989403570749582,-0.8044971892567147,-0.8840579710144927,1,0,-0.5,0.0,0.0,-0.6666666666666666,0.0,0.5,0.0,-0.5033936213766698,0.0,0.5083932853717026,0.0,0.0,0.0,-1.3656716417910448,-0.5,0.8571428571428571,-0.8571428571428572,0.0,0,1,1,-0.5,-0.408248290463863,0.0,-1.0,-0.5,0.5,0.0,0.47344461305007585,-0.3826841261161515,0.0,-0.5,-1.37984496124031,-0.8051766542523804,-0.5849625007211561,0,1,1,0,-0.375,0.3934525244337349,1,-0.3333333333333335,0.28571428571428603,0,0,0.0,0.0,0.0,-0.5,0.0,0,0,0,Near,Moderate,Week,High,Poor,3,1,1,1,2,4,0,3,3,6,10,1,2,3,0,0,3,0,3.0
359,827,659,0.5,Calangute Beach,Goa,Beach,-0.12515184448386424,Nov-Mar,969,0.5,"Nature, Adventure",0.0,0.0,0.18181818181818182,1.0,18-25,Knee Pain,Honeymoon,"Relaxation, Nightlife, Water Sports",Winter,"Crowds, sun exposure",Seafood,-0.8489583333333334,https://encrypted-tbn0.gstatic.com/images?q=tbn:ANd9GcQawETYRiYBsH6-h7nyRef7D05VLNnIS00HBpFyaZdOJDehCXzhEkUfAY5Vf_tWlUzd5qaIpJnkr2vAOF1xcvRS_dDd2Lq-Y2B30QDq-g&s=10,1.0,-0.33153430994602934,-0.2727272727272727,-0.5934782608695652,1,0,0,1,0,0,0.6666666666666666,-0.5,1,0,0.3553622008828781,0.3947986445130084,0.8678384477250817,0.9929440118934366,0.45587954872380015,-0.12500000000000003,-0.49059567083450567,-0.8394753279200501,-0.7717391304347826,0,0,0.5,0.0,0.6666666666666666,0.0,0.0,0.5,0.0,-0.12515184448386424,0.0,0.23980815347721823,0.0,1.0,0.0,-1.1343283582089552,0.5,0.0,0.0,0.0,0,1,1,0.5,-0.408248290463863,1.0,0.0,-0.5,0.5,0.0,0.21851289833080423,-0.3826841261161515,1.0,-0.5,-1.1395348837209303,-0.20615971143469877,-0.5849625007211561,1,0,1,1,-0.375,0.3934525244337349,1,-0.3333333333333335,0.28571428571428603,0,0,0.0,0.0,0.0,0.5,0.0,0,0,0,Near,Moderate,Week,High,Good,1,2,2,0,2,3,2,3,0,14,3,6,2,3,0,0,2,1,4.0
922,942,461,0.5,Gokarna Beach,Karnataka,Beach,0.20818491996576138,Nov-Mar,329,-1.0,"Nature, Adventure",-1.0,-0.5,-0.8939393939393939,-0.5,18-25,Knee Pain,Honeymoon,"Relaxation, Nightlife, Water Sports",Winter,"Crowds, sun exposure",Seafood,-0.75,https://realtalktravel.com/wp-content/uploads/Om-Beach-Gokarna.webp,-1.0,-0.5242868157286045,0.15151515151515152,0.5586956521739131,0,1,0,0,0,0,-0.3333333333333333,1.0,1,0,0.41775535282544646,-0.8637518489524744,-0.3888782394752285,0.4986835826789884,0.9813669874157757,0.12500000000000003,0.5044940363450199,-0.38767437018530093,0.2826086956521739,0,0,0.25,0.7071067811865476,0.3333333333333333,0.0,1.0,-1.0,0.0,0.20818491996576138,0.0,-1.314148681055156,0.4878048780487805,-0.75,0.5,-1.1119402985074627,-0.5,-0.8571428571428571,0.6631580367960199,-0.963710722590775,1,0,0,0.75,0.09175170953613696,1.0,0.5,0.0,0.0,4.0,-1.1836115326251895,-0.029437240470473237,-0.75,0.0,0.06976744186046512,-0.5142401297557126,0.0,1,0,0,0,0.0,-0.576997280710459,1,0.16666666666666652,-0.28571428571428514,0,1,-0.8275862068965516,2.297084179828323,-2.483383685800604,0.5,0.0,0,0,0,Near,Budget,Weekend,VeryHigh,Good,1,2,2,0,2,3,2,3,0,14,6,12,2,0,1,1,2,0,2.5
1,178,327,0.0,Mumbai,Maharashtra,City,0.04590172682379708,Oct-Mar,175,-0.5,"City, Historical",-1.0,0.0,-0.15151515151515152,1.0,46-60,High Blood Pressure,Business,"Shopping, Food & Local Cuisine",All seasons,"Traffic congestion, pollution",Street Food,-1.421875,https://t4.ftcdn.net/jpg/01/46/43/87/360_F_146438747_3XYwVkfnYZuukBZYmDM8xeoqENzyhAqa.jpg,0.0,-0.5011565150346955,0.24242424242424243,-0.408695652173913,1,0,0,1,0,0,-0.3333333333333333,0.0,0,0,-0.02250668697179126,-0.4383022637734751,-0.18047308943168505,0.45088539533679456,0.8740794409263511,-0.49999999999999994,-0.4722039878522419,-1.1601082656672914,-1.1576086956521738,1,0,0.25,0.7071067811865476,0.3333333333333333,0.0,1.0,0.25,2.9999999999999996,0.04590172682379708,0.0,-0.08633093525179857,0.24390243902439024,0.0,2.0,-1.5932835820895523,0.0,0.0,0.6631580367960199,-0.963710722590775,1,0,1,-0.25,0.09175170953613696,0.0,-0.5,0.0,-0.25,1.0,-0.3186646433990895,0.05887448094094632,0.0,1.5,-1.755813953488372,0.024530577435519018,0.0,0,1,0,0,0.09375,-0.16110527289344084,1,1.6666666666666665,-1.314285714285714,1,0,0.8275862068965516,0.11047453724163082,-0.5528700906344411,0.0,0.0,0,0,0,VeryNear,Economy,Week,VeryHigh,Fair,2,3,1,3,1,1,3,0,4,16,10,25,3,1,0,1,1,0,2.5
377,718,174,1.0,Kolkata,West Bengal,City,0.7215916993372546,Oct-Mar,175,0.0,"City, Historical",-1.0,0.0,-0.2727272727272727,0.0,36-45,High Blood Pressure,Business,"Shopping, Food & Local Cuisine",All seasons,"Traffic congestion, pollution",Bengali Cuisine,0.6770833333333334,https://encrypted-tbn0.gstatic.com/images?q=tbn:ANd9GcR7RyEWQTvFgkgjKGGCyk4MsFgdUZhpvExLEydL8FmtvfqAtgLceIK1K2mg&s=10,0.0,-0.22744795682343874,0.0,-0.022826086956521743,1,0,0,1,0,0,0.6666666666666666,0.5,1,1,0.9553583327979688,0.09549406983678403,0.918649142737684,0.7846117803168654,0.44589166961168886,0.37499999999999994,0.10767162899273088,0.6121174266083699,1.0326086956521738,0,1,1.0,0.0,1.0,0.3333333333333333,1.0,0.25,1.0,0.7215916993372546,0.0,0.3069544364508393,1.6341463414634148,0.0,0.0,-0.45149253731343286,0.0,0.42857142857142855,1.682062501545334,0.0,1,1,1,0.25,1.0917517095361369,0.0,0.5,0.0,0.0,0.0,-0.3095599393019727,-0.3238096451752051,0.0,-0.5,0.6821705426356589,0.6746214245583428,0.0,1,0,0,0,-0.3125,0.3199315947855867,1,-0.3333333333333335,0.28571428571428603,1,0,2.482758620689655,1.264512989293866,1.0513595166163143,1.0,0.0,0,0,0,Far,Economy,Week,VeryHigh,Excellent,2,3,1,2,1,1,3,0,4,0,18,19,0,1,0,1,0,0,4.0
201,486,363,1.0,Hampi Ruins,Karnataka,Historical,0.7693334565241012,Nov-Feb,152,-1.0,"City, Historical",-1.0,-0.5,-0.7424242424242424,-0.5,18-25,Knee Pain,Leisure,"Cultural Exploration, Photography",Winter,"Long walking distances, crowd congestion",South Indian Cuisine,-0.6875,https://wegobond.com/wp-content/uploads/2018/01/hampi-banner.jpg,-1.0,-0.3700848111025443,0.7575757575757576,0.9934782608695655,0,1,0,0,0,0,0.0,1.5,1,1,0.9665285629820081,-0.8359817194898463,-0.24399905279333783,0.5096823053577297,0.7266561062091786,0.37499999999999994,0.6251634372987078,-0.3177180928586301,0.41304347826086957,0,0,1.0,0.0,1.0,0.3333333333333333,1.0,-0.25,2.9999999999999996,0.7693334565241012,0.0,-0.21103117505995203,1.829268292682927,-0.75,0.5,-0.9029850746268657,-0.5,0.0,1.682062501545334,0.0,1,0,1,0.0,1.591751709536137,-0.5,0.5,0.0,-0.75,1.0,-0.8194233687405159,-0.14718620235236596,0.5,1.5,-0.8992248062015504,0.5685902562646779,0.0,0,0,0,1,-0.125,-0.037865688352261666,1,1.6666666666666665,-1.047619047619047,1,0,3.3103448275862064,1.7636154184501243,0.0,0.0,1.0,1,0,0,Near,Economy,Weekend,VeryHigh,Excellent,3,1,1,0,2,4,0,3,3,15,6,13,2,1,1,1,0,0,3.0
472,587,399,-0.5,Tarkarli Beach,Maharashtra,Beach,-0.7494441394901677,Nov-Mar,953,0.0,"City, Historical",-1.0,0.0,-0.6363636363636364,-0.5,26-35,Knee Pain,Honeymoon,"Relaxation, Nightlife, Water Sports",Winter,"Crowds, sun exposure",Seafood,-0.9166666666666666,https://encrypted-tbn0.gstatic.com/images?q=tbn:ANd9GcRmtn0Vsfvni1NmF01OGM9ahIFZcrRqMoNKSjV1xzIEbR5CCG-tr4PumVg&s=10,0.0,-0.2621434078643023,-0.7272727272727273,-0.07173913043478261,1,0,0,1,0,0,-0.3333333333333333,0.0,0,0,-0.5068283966909111,-0.12290187897358693,-0.23942720041124138,0.07865989777342988,0.21334433661238766,0.12500000000000003,0.2985654498621491,-0.5742244430564231,-0.6304347826086957,0,0,-0.5,0.0,0.0,-0.6666666666666666,1.0,0.5,2.0,-0.7494441394901677,0.0,-0.28776978417266186,1.2926829268292683,0.0,1.0,-1.1828358208955223,-0.5,0.42857142857142855,-0.3557464279532948,0.0,1,0,1,0.0,0.591751709536137,0.0,0.5,1.0,-0.25,0.8164965809277259,-0.3414264036418816,0.7565915921952288,-0.625,0.38975652100260916,-0.5852713178294574,-0.5596691892491039,0.7369655941662062,0,0,0,0,1.078125,-1.350590985088826,1,-0.08333333333333348,0.019047619047619424,0,1,-1.6551724137931032,-1.7453127638486203,-1.5317220543806647,-0.5,0.0,0,0,0,Near,Economy,Weekend,High,Poor,1,2,1,1,2,3,2,3,0,14,10,35,2,1,1,0,3,0,2.5
202,70,71,-1.0,Munnar,Kerala,Nature,-0.20234208678247792,Apr-Jun,840,0.0,"Nature, Adventure",0.0,0.5,0.9545454545454546,0.0,26-35,Knee Pain,Adventure,"Trekking, Adventure Sports",Summer,"High altitude, physical exertion",Kerala Cuisine,0.08333333333333333,https://images.unsplash.com/photo-1491497895121-1334fc14d8c9,2.0,0.7093292212798765,-0.09090909090909091,-0.07173913043478261,1,0,0,1,1,0,-0.6666666666666666,0.5,0,0,-0.8538956482524453,-0.04167688856652785,-0.5143102679491529,-0.6688474944007408,-0.4834511027846845,-0.37499999999999994,-0.041340436300719915,0.11367895065584012,-0.391304347826087,0,0,-1.0,0.0,-0.3333333333333333,-1.0,0.0,0.0,0.0,-0.20234208678247792,0.0,1.2182254196642686,0.0,0.0,0.0,0.20149253731343283,0.5,0.8571428571428571,-1.2857142857142856,0.0,0,1,1,-1.0,-0.408248290463863,-0.5,-1.5,0.0,0.5,2.0,1.0197268588770865,0.02943724047047316,0.5,0.5,0.1937984496124031,0.23667040913863924,0.0,0,1,1,1,0.0625,0.112152155765803,1,0.6666666666666665,-0.3809523809523805,0,0,0.0,-1.5526960700531889,0.1268882175226586,-1.0,0.0,0,0,0,Medium,Premium,Week,High,Poor,4,0,2,1,2,0,4,2,2,5,7,26,1,4,0,0,3,0,2.0
475,611,388,0.0,Taj Mahal,Uttar Pradesh,Historical,0.8637438136074261,Nov-Feb,852,0.5,"Beaches, Historical",-1.0,0.0,-0.3787878787878788,-0.5,26-35,Knee Pain,Leisure,"Cultural Exploration, Photography",Winter,"Long walking distances, crowd congestion",Mughlai Cuisine,0.07291666666666667,https://upload.wikimedia.org/wikipedia/commons/1/1d/Taj_Mahal_%28Edited%29.jpeg,0.0,0.0,-0.21212121212121213,0.29782608695652185,1,0,0,1,0,0,0.3333333333333333,0.0,0,0,0.09230455880386677,0.5905525931459717,0.5900437119070553,0.2370162966242807,0.1578446450211468,0.625,0.6454654437922845,0.5334166146158651,0.40217391304347827,0,0,0.0,0.0,0.3333333333333333,-0.3333333333333333,0.0,0.5,0.0,0.8637438136074261,0.0,-0.47002398081534774,0.0,-0.5,0.0,0.1865671641791045,-0.5,0.0,-0.42857142857142866,0.0,0,0,1,0.0,-0.408248290463863,0.5,-0.5,-0.5,0.5,0.0,-0.4552352048558421,-0.3826841261161515,-0.5,-0.5,0.23255813953488372,1.3599424223425587,-0.5849625007211561,0,0,0,0,-0.375,0.3934525244337349,1,-0.3333333333333335,0.28571428571428603,0,0,0.0,0.0,0.0,0.0,0.0,0,0,0,Medium,Economy,Weekend,VeryHigh,Fair,3,1,0,1,2,4,0,3,3,7,16,34,1,1,1,1,1,0,3.5
921,660,674,0.5,Valley of Flowers,Uttarakhand,Nature,-0.5906838186693114,Apr-Jun,295,-0.5,"Nature, Adventure",-1.0,0.0,-0.4393939393939394,-0.5,26-35,Knee Pain,Adventure,"Trekking, Adventure Sports",Summer,"High altitude, physical exertion",North Indian Cuisine,0.5208333333333334,https://encrypted-tbn0.gstatic.com/images?q=tbn:ANd9GcSKohlQ-J1CgxwCnc1mL62LM__eo7IDPvD9Hm4v1DnS8PQfNYx8O_lBtpoE&s=10,0.0,-0.06168080185042416,-0.3333333333333333,0.21086956521739125,1,0,0,1,0,0,0.0,0.5,1,0,0.2682250762172732,-0.5013089789680124,-0.02696347703130261,0.09119432050805779,-0.010460686124517223,0.37499999999999994,0.3327052748114675,1.0347699354570064,0.8695652173913043,0,0,0.5,0.0,0.6666666666666666,0.0,0.0,-0.5,0.0,-0.5906838186693114,0.0,-0.5467625899280576,0.0,-0.5,0.0,0.8283582089552238,-0.5,0.0,0.0,0.0,0,0,1,-0.25,1.0917517095361369,-0.5,0.0,0.0,-0.75,1.0,-0.10925644916540211,0.971428935525615,0.25,0.9999999999999999,0.34108527131782945,-0.9007633674787593,0.0,0,1,0,1,1.0625,-1.109645832878399,1,1.1666666666666665,-0.8051948051948048,1,0,2.482758620689655,-0.1172025294380404,1.3051359516616314,-0.25,1.0,1,0,0,Far,Economy,Weekend,High,Good,4,0,2,1,2,0,4,2,2,10,17,37,0,1,1,0,2,0,3.0
123,709,218,1.0,Valley of Flowers,Uttarakhand,Nature,0.6724530032563257,Sep-Mar,484,-0.5,"Nature, Adventure",0.0,0.5,1.2121212121212122,0.5,36-45,Asthma,Family Vacation,"Nature & Relaxation, Photography",Post-Monsoon,"Curvy roads, limited medical facilities",North Indian Cuisine,0.5208333333333334,https://encrypted-tbn0.gstatic.com/images?q=tbn:ANd9GcSKohlQ-J1CgxwCnc1mL62LM__eo7IDPvD9Hm4v1DnS8PQfNYx8O_lBtpoE&s=10,2.0,0.47802621434078635,0.16666666666666666,-0.2347826086956522,1,0,0,1,1,0,0.3333333333333333,1.0,1,1,0.9438612581507301,-0.37628870077562426,0.3297799598556801,-0.14535273417620134,-0.26811133815760724,-0.07500000000000005,-0.20300369466407892,0.14865708931917554,-0.16304347826086957,0,0,0.75,0.7071067811865476,0.6666666666666666,0.3333333333333333,1.0,0.0,2.0,0.6724530032563257,0.0,0.38369304556354916,2.951219512195122,0.75,0.5,0.9029850746268657,0.0,0.0,1.3424276799622294,-0.963710722590775,1,1,1,0.5,0.591751709536137,0.5,0.5,0.0,-0.25,1.0,1.0288315629742033,1.0008661759960884,0.5,-0.5,-0.046511627906976744,0.5514613865811483,0.0,1,0,1,1,1.09375,-0.5479893028876852,1,-0.3333333333333335,0.28571428571428603,1,0,1.6551724137931032,1.3890959062734736,2.2114803625377646,1.0,0.0,0,0,0,Far,Premium,Week,VeryHigh,Excellent,4,4,2,2,0,2,1,1,1,10,17,37,0,4,0,1,0,0,3.5
135,700,919,-1.0,Munnar,Kerala,Nature,0.3886130715651867,Apr-Jun,413,0.0,"Beaches, Historical",-1.0,0.0,-0.5757575757575758,-1.0,18-25,Knee Pain,Adventure,"Trekking, Adventure Sports",Summer,"High altitude, physical exertion",Kerala Cuisine,0.08333333333333333,https://images.unsplash.com/photo-1491497895121-1334fc14d8c9,0.0,0.3161141094834232,-0.6060606060606061,0.7434782608695653,1,0,0,1,0,0,-0.6666666666666666,0.5,0,0,-0.8262422666588268,0.04605871182142592,-0.49240832725595984,-0.5402051571031612,-0.19638344944317637,0.37499999999999994,1.5219422828321374,1.4078700811992506,0.41304347826086957,0,0,-1.0,0.0,-0.3333333333333333,-1.0,0.0,0.0,0.0,0.3886130715651867,0.0,-0.7194244604316546,0.0,-1.0,0.0,0.20149253731343283,-0.5,0.0,-1.2857142857142856,0.0,0,0,1,-0.75,0.09175170953613696,-0.5,-1.0,0.0,-0.5,2.0,-0.4279210925644916,0.47099584752757095,-1.0,-0.5,0.6511627906976745,-0.21548671477583264,0.0,0,1,0,0,0.53125,-0.7576215392456469,1,-0.3333333333333335,0.28571428571428603,0,1,-0.8275862068965516,2.2613315239481686,-0.9425981873111783,-0.75,1.0,1,0,0,Medium,Economy,Weekend,VeryHigh,Poor,4,0,0,0,2,0,4,2,2,5,7,26,1,1,1,1,3,0,2.0
526,194,522,0.0,Ooty,Tamil Nadu,Nature,-0.7530616471637487,Sep-Mar,97,0.0,"City, Historical",0.0,-0.5,-0.42424242424242425,-0.5,18-25,Asthma,Family Vacation,"Nature & Relaxation, Photography",Post-Monsoon,"Curvy roads, limited medical facilities",South Indian Cuisine,-0.22916666666666666,https://t3.ftcdn.net/jpg/05/09/58/00/360_F_509580096_YjyHXMHyTm9OOkjUQS4kOxDXkxbOMWYi.jpg,0.0,-0.04626060138781804,-0.30303030303030304,0.232608695652174,0,0,1,0,0,0,0.0,-0.5,0,0,-0.13466767963650542,-0.12343894883949198,0.05533031145641503,0.07556404637511824,-0.053544675018245835,0.37499999999999994,0.2977875408853321,0.19529460753695602,0.08695652173913043,0,0,0.0,0.0,0.3333333333333333,-0.3333333333333333,0.0,0.0,0.0,-0.7530616471637487,0.0,-0.5275779376498801,0.0,-0.5,0.0,-0.2462686567164179,0.5,-0.8571428571428571,-0.42857142857142866,0.0,0,0,0,0.0,-0.408248290463863,0.5,-0.5,-0.5,0.0,0.0,-0.5098634294385432,-0.3826841261161515,-0.5,-0.5,-0.21705426356589147,-1.2005728972450902,-0.5849625007211561,0,0,0,0,-0.375,0.3934525244337349,1,-0.3333333333333335,0.28571428571428603,0,0,0.0,0.0,0.0,0.0,0.0,0,0,0,Medium,Economy,Weekend,High,Fair,4,4,1,0,0,2,1,1,1,15,14,27,1,1,1,0,1,0,3.0
660,408,92,0.0,Bangalore,Karnataka,City,-0.7276800618117395,Oct-Mar,477,-1.0,"Nature, Adventure",0.0,-0.5,0.10606060606060606,-0.5,36-45,High Blood Pressure,Business,"Shopping, Food & Local Cuisine",All seasons,"Traffic congestion, pollution",Multi Cuisine,-0.4375,https://media.istockphoto.com/id/1382384282/photo/bangalore-or-bengaluru.jpg,0.0,0.49344641480339246,0.7575757575757576,0.9934782608695655,0,0,1,0,0,0,-0.6666666666666666,0.5,0,0,-0.1311045328125435,-0.9100659529914847,-0.5337803089673988,-0.605103484792668,-0.4397097333571017,-0.12500000000000003,0.3032455978883257,-0.03789298355194664,-0.13043478260869565,0,0,0.0,0.0,0.3333333333333333,-0.3333333333333333,0.0,-1.0,0.0,-0.7276800618117395,0.0,0.14388489208633093,0.0,-0.5,0.0,-0.5447761194029851,0.5,-0.8571428571428571,-0.42857142857142866,0.0,0,1,0,0.0,-0.408248290463863,0.5,-0.5,-0.5,-1.0,0.0,0.1274658573596358,-0.3826841261161515,-0.5,-0.5,-0.5271317829457365,-1.160376386467447,-0.5849625007211561,0,0,1,0,-0.375,0.3934525244337349,1,-0.3333333333333335,0.28571428571428603,0,0,0.0,0.0,0.0,0.0,0.0,0,0,0,Medium,Moderate,Weekend,High,Fair,2,3,2,2,1,1,3,0,4,8,6,4,1,3,1,0,1,0,2.0
647,334,653,-1.0,Kodaikanal,Tamil Nadu,Nature,0.21639941782327615,Sep-Mar,756,0.0,"Nature, Adventure",0.0,0.0,1.1666666666666667,0.5,46-60,Asthma,Family Vacation,"Nature & Relaxation, Photography",Post-Monsoon,"Curvy roads, limited medical facilities",South Indian Cuisine,-0.10416666666666667,https://encrypted-tbn0.gstatic.com/images?q=tbn:ANd9GcRR1MrvitA-PthZ_UMPeUYOYvzHFu6Olty-pnoL9EqaCl31ZwvMHSvu9OQ&s=10,1.0,0.4502698535080955,1.0404040404040402,0.14130434782608706,1,0,0,1,0,0,-0.6666666666666666,0.5,0,0,-0.8343008982068988,0.02049117409437424,-0.4987908982133901,-0.5904954825908179,-0.305115652132813,-0.5249999999999999,-0.26184556205396164,-0.2710805746408495,-0.2536231884057971,0,0,-0.5,1.4142135623730951,-0.3333333333333333,-0.3333333333333333,1.0,0.0,0.0,0.21639941782327615,0.0,1.4772182254196642,0.024390243902439025,0.75,0.5,1.2014925373134329,0.0,0.42857142857142855,-0.3557464279532948,-1.0273550292155575,1,1,1,-0.25,1.0917517095361369,-0.5,0.0,0.0,0.5,2.0,0.7010622154779969,1.8839833901102838,-0.25,0.9999999999999999,-0.6356589147286822,0.1997433366473314,0.0,0,1,1,0,2.03125,-1.3423739501764387,1,1.1666666666666665,-1.047619047619047,0,1,-2.482758620689655,0.3709694856070011,1.4138972809667674,-1.0,0.0,0,0,0,Medium,Premium,Week,VeryHigh,Poor,4,4,2,3,0,2,1,1,1,15,14,18,1,4,0,1,3,0,2.0
187,448,91,-0.5,Delhi,Delhi,City,0.032493862707660484,Oct-Mar,153,1.0,"Beaches, Historical",0.0,0.0,0.9090909090909091,-0.5,36-45,High Blood Pressure,Business,"Shopping, Food & Local Cuisine",All seasons,"Traffic congestion, pollution",Street Food,0.010416666666666666,https://encrypted-tbn0.gstatic.com/images?q=tbn:ANd9GcTFxblF-zkMM4NsiVuRyJ1Yx76TMcpdDWzU6zEf57y1aQ&s=10,1.0,1.310717039321511,0.696969696969697,0.95,1,0,0,1,0,0,0.3333333333333333,1.0,0,0,-0.43364778509328117,0.8588220698473102,0.250719549803847,-0.4803313757603249,-0.6658110548808941,0.625,0.4667134252392989,0.4634603372891943,-0.17391304347826086,0,0,-0.16666666666666674,2.0816659994661326,-0.3333333333333333,0.3333333333333333,2.0,1.0,0.0,0.032493862707660484,0.0,0.8792965627498004,0.846544105446837,-0.33333333333333326,1.7795130420052183,-0.4800995024875621,0.16666666666666674,0.5714285714285715,0.5714285714285714,-1.0495798165131978,1,1,1,-0.5,-0.408248290463863,0.0,-1.0,-0.5,1.0,0.0,1.0925644916540211,-0.3826841261161515,-0.5,-0.5,0.13953488372093023,0.043501894816058866,-0.5849625007211561,0,1,1,0,-0.375,0.3934525244337349,1,-0.3333333333333335,0.28571428571428603,0,0,0.0,0.0,0.0,-0.5,0.0,0,0,0,Medium,Premium,Weekend,VeryHigh,Poor,2,3,0,2,1,1,3,0,4,16,2,9,1,4,1,1,3,0,3.5
816,164,709,0.0,Coorg,Karnataka,Nature,-0.698346901778526,Sep-Mar,984,0.5,"Beaches, Historical",0.0,0.0,0.3333333333333333,1.0,46-60,Asthma,Family Vacation,"Nature & Relaxation, Photography",Post-Monsoon,"Curvy roads, limited medical facilities",Coorgi Cuisine,-0.3854166666666667,https://images.unsplash.com/photo-1710612198146-77512950a4b7,1.0,-0.2544333076329992,-0.07070707070707057,-0.5210144927536232,1,0,0,1,0,0,0.3333333333333333,0.0,0,0,-0.12698665149978966,0.2813334928721368,0.35846730396821164,0.5796310164944738,0.2120429154431015,-0.24999999999999992,-0.5522256134318616,-0.5800541328336457,-0.44927536231884063,0,0,0.0,0.0,0.3333333333333333,-0.3333333333333333,0.0,0.5,0.0,-0.698346901778526,0.0,0.4316546762589928,0.0,1.0,0.0,-0.4701492537313433,0.5,0.0,-0.42857142857142866,0.0,0,1,1,0.0,-0.408248290463863,0.5,-0.5,-0.5,0.5,0.0,0.40060698027314107,-0.3826841261161515,1.0,-0.5,-0.4496124031007752,-1.1139218144986371,-0.5849625007211561,0,0,1,1,-0.375,0.3934525244337349,1,-0.3333333333333335,0.28571428571428603,0,0,0.0,0.0,0.0,0.0,0.0,0,0,0,Medium,Moderate,Week,High,Fair,4,4,0,3,0,2,1,1,1,1,6,8,1,3,0,0,1,0,3.5
156,702,708,0.5,Calangute Beach,Goa,Beach,0.6275934708947937,Nov-Mar,395,-0.5,"City, Historical",-1.0,0.0,-0.8787878787878788,0.0,26-35,Knee Pain,Honeymoon,"Relaxation, Nightlife, Water Sports",Winter,"Crowds, sun exposure",Seafood,-0.8489583333333334,https://encrypted-tbn0.gstatic.com/images?q=tbn:ANd9GcQawETYRiYBsH6-h7nyRef7D05VLNnIS00HBpFyaZdOJDehCXzhEkUfAY5Vf_tWlUzd5qaIpJnkr2vAOF1xcvRS_dDd2Lq-Y2B30QDq-g&s=10,0.0,-0.6900539707016191,-1.2121212121212122,-0.675,1,0,0,1,0,0,0.0,0.5,1,0,0.4962592090902483,-0.38072871955907583,0.09344108753161193,1.3727820704749627,1.7320196116497155,0.0,0.0925115922405717,-0.6689569019362899,-0.5597826086956522,0,0,0.5,0.0,0.6666666666666666,0.0,0.0,-0.5,0.0,0.6275934708947937,0.0,-1.1031175059952039,0.0,0.0,0.0,-1.1343283582089552,-0.5,0.0,0.0,0.0,0,0,1,0.0,0.29885849072268444,0.0,0.0,0.5,-0.16666666666666674,2.943920288775949,-0.188163884673748,1.3420132870423183,0.6666666666666665,0.3164965809277261,-0.45219638242894067,-0.12348802635756465,0.415037499278844,0,0,0,1,2.604166666666667,-2.864254727096785,0,0.9999999999999996,-0.5563909774436087,1,0,1.6551724137931032,3.048489281110715,-1.607250755287009,0.5,0.0,0,0,0,Near,Budget,Week,VeryHigh,Good,1,2,1,1,2,3,2,3,0,14,3,6,2,0,0,1,2,0,3.0
81,507,359,0.0,Kovalam Beach,Kerala,Beach,-0.26554538124481486,Nov-Mar,864,0.0,"Nature, Adventure",0.0,0.0,-0.7272727272727273,0.5,26-35,Knee Pain,Honeymoon,"Relaxation, Nightlife, Water Sports",Winter,"Crowds, sun exposure",Seafood,0.2604166666666667,https://eastindiantraveller.com/wp-content/uploads/2021/01/kovalambeach.jpg,1.0,-0.7062451811873555,-1.4848484848484849,-0.9456521739130436,1,0,0,1,0,0,0.0,-0.5,0,0,-0.06622861208230903,-0.051060306086148755,0.10953519752414116,1.4401414119712548,1.5090278470892264,-0.225,-0.3240280179359392,-0.026233603997501565,0.0,0,0,0.25,0.7071067811865476,0.3333333333333333,0.0,1.0,0.0,0.0,-0.26554538124481486,0.0,-0.6139088729016786,0.7560975609756099,0.5,0.0,-0.33955223880597013,0.5,-0.42857142857142855,0.6631580367960199,-0.963710722590775,1,0,0,0.0,-0.408248290463863,0.5,-0.5,0.0,0.0,0.0,0.17298937784522,3.002598527988265,0.5,-0.5,0.3178294573643411,-0.49302983954649043,0.0,0,0,1,1,3.21875,-2.8556117620113888,0,-0.3333333333333335,0.28571428571428603,0,0,0.0,0.17731505599723674,0.4531722054380665,0.0,0.0,0,0,0,Far,Economy,Week,High,Fair,1,2,2,1,2,3,2,3,0,14,7,21,0,1,0,0,1,0,3.0
875,900,180,-0.5,Kerala Backwaters,Kerala,Nature,0.3205780217801187,Apr-Jun,960,-0.5,"City, Historical",-1.0,0.5,-0.3333333333333333,0.0,26-35,Knee Pain,Adventure,"Trekking, Adventure Sports",Summer,"High altitude, physical exertion",Kerala Cuisine,0.0,https://www.backpackadventures.org/wp-content/uploads/2020/08/india0898.jpg,1.0,-0.2737085582112568,-0.9595959595959596,-0.5391304347826087,1,0,0,1,0,0,-0.6666666666666666,-0.5,0,0,-0.4066863445529125,-0.41111589234306845,-0.38332423194354615,-0.1670010137343589,0.44513997348539247,-0.37499999999999994,0.042996132543284,0.04372267332916927,-0.18115942028985504,0,0,0.25,2.1213203435596424,0.0,0.3333333333333333,1.0,-0.75,1.0,0.3205780217801187,0.0,0.9688249400479616,3.5121951219512195,0.75,1.4999999999999998,0.4552238805970149,0.0,0.8571428571428571,0.6631580367960199,-1.0504799024963116,1,1,1,0.0,0.8164965809277259,0.0,0.5,0.5,-0.16666666666666674,0.8164965809277259,-0.15174506828528062,0.7127082510025675,-0.16666666666666674,-0.09175170953613696,-0.02067183462532288,0.3808219984008859,0.415037499278844,0,0,0,0,0.47916666666666696,-0.5212511123418838,1,0.0,0.0,0,1,-1.6551724137931032,0.32675168098873103,0.3383685800604227,-0.5,1.0,1,0,0,Medium,Economy,Week,VeryHigh,Poor,4,0,1,1,2,0,4,2,2,5,7,16,1,1,0,1,3,0,2.0
223,182,814,-1.0,Calangute Beach,Goa,Beach,-0.17119243810010268,Nov-Mar,853,0.5,"Beaches, Historical",-1.0,0.5,-0.7424242424242424,-0.5,26-35,Knee Pain,Honeymoon,"Relaxation, Nightlife, Water Sports",Winter,"Crowds, sun exposure",Seafood,-0.8489583333333334,https://encrypted-tbn0.gstatic.com/images?q=tbn:ANd9GcQawETYRiYBsH6-h7nyRef7D05VLNnIS00HBpFyaZdOJDehCXzhEkUfAY5Vf_tWlUzd5qaIpJnkr2vAOF1xcvRS_dDd2Lq-Y2B30QDq-g&s=10,1.0,-0.3700848111025443,-1.505050505050505,-0.6297101449275362,1,0,0,1,0,0,-0.3333333333333333,1.0,0,0,-0.852438019683927,0.3856848134186542,-0.4076255172888422,0.22371551571045384,0.5191605989282055,0.12500000000000003,0.4229127159802271,-0.4984384759525297,-0.7717391304347826,0,0,-1.0,0.0,-0.3333333333333333,-1.0,0.0,0.5,0.0,-0.17119243810010268,0.0,-0.9304556354916067,0.0,-0.5,0.0,-1.1343283582089552,-0.5,0.8571428571428571,-1.2857142857142856,0.0,0,0,1,-0.16666666666666674,0.6718751592707801,-0.5,0.0,0.5,0.33333333333333326,2.160246899469287,0.2670713201820942,1.9709455179536737,0.3333333333333335,0.5801234497346434,-0.8036175710594315,-0.024530569317868598,0.415037499278844,0,1,1,1,3.604166666666667,-3.0487402815951374,0,1.3333333333333335,-0.8907563025210083,0,1,-2.7586206896551717,-0.6994253312044024,-0.7854984894259818,-1.0,0.0,0,0,0,Near,Economy,Weekend,High,Poor,1,2,0,1,2,3,2,3,0,14,3,6,2,1,1,0,3,0,2.5
215,641,330,-1.0,Khajuraho Temples,Madhya Pradesh,Historical,0.06168677506145313,Nov-Feb,208,0.0,"City, Historical",0.0,0.0,0.21212121212121213,0.5,36-45,Knee Pain,Leisure,"Cultural Exploration, Photography",Winter,"Long walking distances, crowd congestion",North Indian Cuisine,-0.3125,https://st2.depositphotos.com/1000434/7761/i/450/depositphotos_77615282-stock-photo-lakshmana-temple-in-khajuraho-madhya.jpg,1.0,-0.13261372397841176,-0.23232323232323246,-0.4065217391304349,1,0,0,1,0,0,-0.6666666666666666,0.5,0,0,-0.8415405807567766,-0.002478092538763283,-0.5045248478682692,-0.2898424140178582,0.1853526586393528,-0.5249999999999999,-0.28180720932461106,-0.4109931292941912,-0.3985507246376811,0,0,-1.0,0.0,-0.3333333333333333,-1.0,0.0,0.0,0.0,0.06168677506145313,0.0,0.27817745803357313,0.0,0.5,0.0,-0.3656716417910448,0.5,0.0,-1.2857142857142856,0.0,0,1,1,-0.6666666666666666,0.0,-0.5,-1.0,0.5,0.16666666666666674,0.816496580927726,0.22458270106221537,0.09982328590714948,0.0,0.7247448713915889,-0.12403100775193798,0.15321086070391826,0.415037499278844,0,1,1,0,-0.27083333333333304,0.3015508402167562,1,0.6666666666666665,-0.5142857142857138,0,1,-1.103448275862069,-0.17441870584683827,-0.5075528700906344,-1.0,0.0,0,0,0,Medium,Moderate,Week,VeryHigh,Poor,3,1,1,2,2,4,0,3,3,10,9,17,1,3,0,1,3,0,2.0
731,618,303,-1.0,Jaipur,Rajasthan,City,-0.11012520356931112,Oct-Mar,849,-1.0,"City, Historical",0.0,0.5,0.7424242424242424,0.0,46-60,High Blood Pressure,Business,"Shopping, Food & Local Cuisine",All seasons,"Traffic congestion, pollution",Rajasthani Cuisine,-0.2708333333333333,https://t4.ftcdn.net/jpg/05/84/76/73/360_F_584767353_EXYOkE8NcX37UwV4WfBw7AjBaEtU6mMy.jpg,2.0,0.5474171164225135,-0.30303030303030304,-0.1858695652173913,1,0,0,1,1,0,-1.3333333333333333,-0.5,0,0,-0.8495804161661429,-0.8795043864072614,-0.7234619474007428,-0.9142675525566895,-0.396852411380041,-0.7499999999999999,-0.026467694953930174,-0.18363522798251095,-0.5760869565217391,0,0,-1.0,0.0,-0.3333333333333333,-1.0,0.0,-1.0,0.0,-0.11012520356931112,0.0,0.9496402877697842,0.0,0.0,0.0,-0.30597014925373134,0.5,0.8571428571428571,-1.2857142857142856,0.0,0,1,1,-0.75,0.09175170953613696,-0.5,-1.0,0.0,-0.75,1.0,1.0106221547799696,0.0,-0.5,0.5,0.31007751937984496,-0.3662264206330982,0.0,0,1,1,0,0.03125,0.13143131889843812,1,0.6666666666666665,-0.714285714285714,0,1,-0.8275862068965516,0.5052162284844922,-1.3776435045317221,-1.0,0.0,0,0,0,Medium,Moderate,Week,High,Poor,2,3,1,3,1,1,3,0,4,13,13,15,1,3,0,0,3,0,1.0
232,13,554,0.5,Bangalore,Karnataka,City,0.6306206847523729,Oct-Mar,529,0.5,"Nature, Adventure",-1.0,0.5,0.7121212121212122,0.0,26-35,High Blood Pressure,Business,"Shopping, Food & Local Cuisine",All seasons,"Traffic congestion, pollution",Multi Cuisine,-0.4375,https://media.istockphoto.com/id/1382384282/photo/bangalore-or-bengaluru.jpg,1.0,0.5242868157286044,0.4343434343434342,0.21086956521739125,1,0,0,1,0,0,0.6666666666666666,-0.5,1,0,0.49682583550030074,0.5444053857862697,1.0172272003035043,-0.024122368650518478,-0.3003116157535749,0.37499999999999994,0.09299982137103495,-0.32354778263585265,-0.48550724637681153,0,0,-0.25,2.1213203435596424,-0.3333333333333333,0.0,1.0,0.75,1.0,0.6306206847523729,0.0,-0.22062350119904076,2.878048780487805,-0.25,0.5,-1.25,-0.5,0.0,-0.01611160637019009,-1.0504799024963116,1,0,1,0.375,0.48150823053874614,0.0,0.5,1.0,0.625,0.7071067811865474,0.4188163884673748,0.9143373027523014,-0.625,0.5606601717798212,0.04263565891472868,0.04788548541098368,0.7369655941662062,1,0,1,0,1.125,-0.8196514303600355,1,0.9166666666666665,-1.047619047619047,1,0,0.4137931034482758,2.59076786521483,-1.3323262839879155,0.0,1.0,1,0,0,Medium,Moderate,Week,VeryHigh,Good,2,3,2,1,1,1,3,0,4,8,6,4,1,3,0,1,2,1,4.0
634,293,672,-0.5,Hyderabad,Telangana,City,-0.9894978806384706,Oct-Mar,21,-0.5,"City, Historical",0.0,-0.5,0.10606060606060606,-1.0,26-35,High Blood Pressure,Business,"Shopping, Food & Local Cuisine",All seasons,"Traffic congestion, pollution",Hyderabadi Cuisine,-0.71875,https://t4.ftcdn.net/jpg/03/60/89/09/360_F_360890991_Ykybj5JO5HYBaqWeROz9cR2jWXN8HZxf.jpg,0.0,1.356977640709329,0.7575757575757576,2.2108695652173913,0,0,1,0,0,0,-0.6666666666666666,-0.5,0,0,-0.5292947297558789,-0.5407820147539615,-0.44806282632033045,-0.7985335829137165,-0.7582120423252244,0.37499999999999994,1.0774187416943548,0.06121174266083698,-0.42391304347826086,0,0,0.0,1.4142135623730951,0.0,0.0,1.0,-0.25,1.0,-0.9894978806384706,0.0,-0.60431654676259,1.902439024390244,0.0,2.0,-0.6268656716417911,0.0,-0.8571428571428571,0.32352321521291494,-1.0273550292155575,1,0,0,0.25,1.0917517095361369,0.0,0.5,0.0,-0.75,1.0,-0.07283763277693474,0.26493516423425867,-1.0,-0.5,-0.6434108527131783,-0.8522091012073385,0.0,1,0,0,0,0.3125,-0.31118577342036435,1,-0.3333333333333335,0.28571428571428603,0,1,-2.482758620689655,-1.9861005148947644,-0.7069486404833837,-0.5,0.0,0,0,0,Near,Moderate,Weekend,High,Poor,2,3,1,1,1,1,3,0,4,4,15,14,2,3,1,0,3,0,2.0
501,501,53,1.0,Khajuraho Temples,Madhya Pradesh,Historical,-0.06333259961196977,Nov-Feb,938,0.5,"Nature, Adventure",0.0,0.5,2.0757575757575757,-1.0,18-25,Knee Pain,Leisure,"Cultural Exploration, Photography",Winter,"Long walking distances, crowd congestion",North Indian Cuisine,-0.3125,https://st2.depositphotos.com/1000434/7761/i/450/depositphotos_77615282-stock-photo-lakshmana-temple-in-khajuraho-madhya.jpg,2.0,4.363916730917501,1.0303030303030303,2.5043478260869567,1,0,0,1,1,0,1.0,0.0,1,1,0.7717080942448724,0.40703589238255483,1.3075089949912064,-0.7736808481812646,-1.0447480114919692,2.2499999999999996,1.3761626633956086,0.7432854465958777,-0.5978260869565217,0,0,0.0,2.8284271247461903,-0.3333333333333333,0.3333333333333333,1.0,0.0,2.0,-0.06333259961196977,0.0,1.5827338129496402,2.6829268292682924,-0.75,0.5,-0.08955223880597014,0.5,0.42857142857142855,0.32352321521291494,-1.062437173501617,1,1,1,1.0,-0.408248290463863,1.5,0.5,-0.5,0.5,0.0,2.494688922610015,-0.3826841261161515,-1.0,-0.5,-0.34108527131782945,-0.10825731848735799,-0.5849625007211561,1,0,1,0,-0.375,0.3934525244337349,1,-0.3333333333333335,0.28571428571428603,0,0,0.0,0.0,0.0,1.0,0.0,0,0,0,Medium,Luxury,Weekend,High,Excellent,3,1,2,0,2,4,0,3,3,10,9,17,1,2,1,0,0,1,4.5
418,106,708,0.0,Khajuraho Temples,Madhya Pradesh,Historical,-0.004872404862839787,Nov-Feb,395,-1.0,"City, Historical",-1.0,0.0,0.15151515151515152,1.0,36-45,Knee Pain,Leisure,"Cultural Exploration, Photography",Winter,"Long walking distances, crowd congestion",North Indian Cuisine,-0.3125,https://st2.depositphotos.com/1000434/7761/i/450/depositphotos_77615282-stock-photo-lakshmana-temple-in-khajuraho-madhya.jpg,0.0,-0.3469545104086353,0.8484848484848485,-0.19130434782608688,1,0,0,1,0,0,-0.6666666666666666,0.5,0,0,-0.029634519356947477,-0.8742956339006445,-0.5069916597586425,-0.08927175799798195,0.5104697885346254,-0.625,-0.4776632233802786,-0.5392463043930876,0.0,0,0,-0.25,0.7071067811865476,0.0,-0.3333333333333333,1.0,-0.5,2.0,-0.004872404862839787,0.0,-0.1342925659472422,0.8536585365853658,0.0,2.0,-0.9328358208955224,-0.5,0.0,-0.01611160637019009,-0.963710722590775,1,0,1,0.0,0.29885849072268444,0.0,0.0,0.5,-0.16666666666666674,2.943920288775949,-0.188163884673748,1.3420132870423183,0.6666666666666665,0.3164965809277261,-0.45219638242894067,-0.12348802635756465,0.415037499278844,0,0,0,1,0.895833333333333,-0.9961988206247381,1,0.3333333333333335,-0.13533834586466176,0,0,0.0,0.2962462540246755,0.25981873111782505,0.0,0.0,0,0,0,Medium,Moderate,Week,High,Fair,3,1,1,2,2,4,0,3,3,10,9,17,1,3,0,0,1,0,2.0
390,479,378,-1.0,Kerala Backwaters,Kerala,Nature,-0.06874114127716806,Sep-Mar,881,0.0,"City, Historical",0.0,0.0,0.9545454545454546,0.0,18-25,Asthma,Family Vacation,"Nature & Relaxation, Photography",Post-Monsoon,"Curvy roads, limited medical facilities",Kerala Cuisine,0.0,https://www.backpackadventures.org/wp-content/uploads/2020/08/india0898.jpg,1.0,0.7093292212798765,0.7575757575757576,0.38478260869565223,1,0,0,1,0,0,-0.6666666666666666,0.5,0,0,-0.8476438745346956,-0.02184195016091246,-0.5093587586109599,-0.6688474944007408,-0.46960698675088436,-0.37499999999999994,-0.019793272300458867,0.04372267332916927,-0.18115942028985504,0,0,-0.25,2.1213203435596424,-0.3333333333333333,0.0,1.0,-0.25,1.0,-0.06874114127716806,0.0,0.42206235011990406,2.024390243902439,-0.5,1.0,0.08208955223880597,0.0,0.0,-0.01611160637019009,-1.0504799024963116,1,1,1,-1.0,-0.408248290463863,-0.5,-1.5,-0.5,0.0,0.0,1.1471927162367221,-0.3826841261161515,0.0,-0.5,0.12403100775193798,-0.11682276072909982,-0.5849625007211561,0,1,1,0,-0.375,0.3934525244337349,1,-0.3333333333333335,0.28571428571428603,0,0,0.0,0.0,0.0,-1.0,0.0,0,0,0,Medium,Premium,Week,High,Poor,4,4,1,0,0,2,1,1,1,5,7,16,1,4,0,0,3,0,2.0
50,152,480,-0.5,Tarkarli Beach,Maharashtra,Beach,0.5132675127676766,Nov-Mar,490,-0.5,"City, Historical",0.0,-0.5,-0.9848484848484849,0.0,36-45,Knee Pain,Honeymoon,"Relaxation, Nightlife, Water Sports",Winter,"Crowds, sun exposure",Seafood,-0.9166666666666666,https://encrypted-tbn0.gstatic.com/images?q=tbn:ANd9GcRmtn0Vsfvni1NmF01OGM9ahIFZcrRqMoNKSjV1xzIEbR5CCG-tr4PumVg&s=10,0.0,-0.7710100231303008,-1.4242424242424243,-0.7891304347826088,0,0,1,0,0,0,-0.6666666666666666,-0.5,0,0,-0.3886527731453702,-0.3920442499446709,-0.3738023051798503,0.7638750072664195,2.140287236882114,-0.37499999999999994,0.07407309871094274,-0.72579637726421,-0.6304347826086957,0,0,-0.5,0.0,0.0,-0.6666666666666666,0.0,-0.5,0.0,0.5132675127676766,0.0,-1.2374100719424461,0.0,0.0,0.0,-1.2313432835820894,0.5,-0.8571428571428571,-0.8571428571428572,0.0,0,0,0,0.5,0.8164965809277259,0.0,0.5,0.5,-0.6666666666666666,0.8164965809277259,-0.43095599393019735,1.2330601896153326,0.8333333333333335,0.5801234497346434,-0.12403100775193798,0.22666195586089996,0.415037499278844,1,0,0,1,2.208333333333333,-2.8944937453758035,0,1.3333333333333335,-0.714285714285714,0,1,-3.3103448275862064,1.588856688178347,-2.610271903323263,-0.5,0.0,0,0,0,Near,Budget,Week,VeryHigh,Poor,1,2,1,2,2,3,2,3,0,14,10,35,2,0,0,1,3,0,2.0
235,180,711,0.0,Spiti Valley,Himachal Pradesh,Nature,-0.41848283484736143,Apr-Jun,831,-0.5,"City, Historical",0.0,0.0,0.12121212121212122,1.0,18-25,Knee Pain,Adventure,"Trekking, Adventure Sports",Summer,"High altitude, physical exertion",Himachali Cuisine,0.625,https://storage.googleapis.com/stateless-www-justwravel-com/2021/05/1550217293_shutterstock_1129297934.jpg.jpg,1.0,-0.3623747108712414,-0.3535353535353537,-0.6224637681159422,1,0,0,1,0,0,-0.3333333333333333,0.0,0,0,-0.08769845309149468,-0.48426520783512517,-0.21489506878116568,0.21227684412456305,0.4499642942909692,-0.49999999999999994,-0.5221346240548134,-0.014574224443056491,0.253623188405797,0,0,0.5,1.4142135623730951,0.3333333333333333,0.3333333333333333,1.0,0.0,2.0,-0.41848283484736143,0.0,-0.37410071942446044,1.3658536585365855,0.75,0.5,0.9776119402985075,0.0,0.0,1.0027928583791246,-1.0273550292155575,1,0,1,0.0,-0.408248290463863,0.5,-0.5,-0.5,-0.5,0.0,0.14567526555386948,-0.3826841261161515,1.0,-0.5,1.054263565891473,-0.670704465122818,-0.5849625007211561,0,0,1,1,-0.375,0.3934525244337349,1,-0.3333333333333335,0.28571428571428603,0,0,0.0,0.0,0.0,0.0,0.0,0,0,0,Far,Moderate,Week,High,Fair,4,0,1,0,2,0,4,2,2,3,5,33,0,3,0,0,1,0,2.5
300,878,989,-0.5,Bangalore,Karnataka,City,-0.9206869753518302,Oct-Mar,779,1.0,"Nature, Adventure",0.0,0.0,-0.18181818181818182,0.5,26-35,High Blood Pressure,Business,"Shopping, Food & Local Cuisine",All seasons,"Traffic congestion, pollution",Multi Cuisine,-0.4375,https://media.istockphoto.com/id/1382384282/photo/bangalore-or-bengaluru.jpg,1.0,-0.3731688511950656,-0.7575757575757576,-0.6326086956521739,1,0,0,1,0,0,0.3333333333333333,1.0,0,0,-0.5228548021410181,0.622966912525195,0.132963800825991,0.8021273070682126,0.35937351558577624,-0.07500000000000005,-0.40855702074037076,-0.4949406620861962,-0.48550724637681153,0,0,0.33333333333333326,1.5275252316519465,0.0,0.3333333333333333,2.0,0.16666666666666674,2.1602468994692865,-0.9206869753518311,0.0,-0.003197442046363003,1.0887632950240889,0.0,1.224744871391589,-1.1492537313432836,0.16666666666666674,0.0,1.4285714285714284,-1.032412722174298,1,0,1,0.5,0.8164965809277259,0.0,0.5,0.5,0.6666666666666665,0.816496580927726,-0.29135053110773895,0.38041636334710666,0.6666666666666665,-0.09175170953613704,0.21188630490956084,-0.38817566591872904,0.415037499278844,1,0,0,1,-0.125,0.1026730430334813,1,-4.440892098500626e-16,0.07518796992481258,0,1,-3.3103448275862064,-2.961718738071842,-1.7280966767371606,0.25,1.0,1,0,0,Medium,Economy,Week,High,Poor,2,3,2,1,1,1,3,0,4,8,6,4,1,1,0,0,3,0,3.5
495,348,386,0.0,Delhi,Delhi,City,-0.49825049192990156,Oct-Mar,290,0.5,"Nature, Adventure",0.0,-0.5,-0.13636363636363635,0.0,46-60,High Blood Pressure,Business,"Shopping, Food & Local Cuisine",All seasons,"Traffic congestion, pollution",Street Food,0.010416666666666666,https://encrypted-tbn0.gstatic.com/images?q=tbn:ANd9GcTFxblF-zkMM4NsiVuRyJ1Yx76TMcpdDWzU6zEf57y1aQ&s=10,0.0,-0.12336160370084816,0.2727272727272727,0.12391304347826088,0,0,1,0,0,0,0.3333333333333333,0.0,0,0,-0.09889648781023731,0.3209429926354901,0.3881311431920139,0.38503011499866086,0.07523224011989005,0.18749999999999997,-0.08906455165523154,0.05246720799500313,0.33695652173913043,0,0,0.0,2.0,-0.3333333333333333,0.3333333333333333,2.0,0.5,1.414213562373095,-0.49825049192990156,0.0,-0.6874500399680255,1.0052410742161777,0.0,1.414213562373095,0.08208955223880597,0.16666666666666674,-0.8571428571428571,0.857142857142857,-1.0476190476190474,1,0,0,0.6666666666666665,0.4082482904638629,0.5,0.5,0.5,0.5,0.0,-0.34597875569044,0.6404452698215711,-0.8333333333333333,0.5801234497346432,0.34108527131782945,-0.04500511416825828,0.415037499278844,1,0,0,0,0.25,-0.35885426504747936,1,1.333333333333333,-1.714285714285714,0,1,-2.206896551724137,-2.0663941964087185,-0.47129909365558914,0.5,1.0,1,0,0,Medium,Economy,Week,High,Fair,2,3,2,3,1,1,3,0,4,16,2,9,1,1,0,0,1,0,3.5
151,434,943,0.0,Tawang,Arunachal Pradesh,Nature,0.21290196940499165,Sep-Mar,990,0.5,"Beaches, Historical",0.0,0.0,0.7424242424242424,0.5,18-25,Asthma,Family Vacation,"Nature & Relaxation, Photography",Post-Monsoon,"Curvy roads, limited medical facilities",North East Cuisine,1.6666666666666667,https://s7ap1.scene7.com/is/image/incredibleindia/sela-pass-tawang-arunachal-pradesh-blog-ntr-hero,1.0,0.1912104857363145,0.4747474747474749,-0.10217391304347835,1,0,0,1,0,0,0.3333333333333333,0.0,0,0,0.000937332607818179,0.461717098828911,0.4935578836947972,0.05515785514600281,-0.12457905062497292,-0.07500000000000005,-0.2622968169121737,0.9181761399125548,0.9782608695652174,0,1,0.25,0.7071067811865476,0.3333333333333333,0.0,1.0,0.75,1.0,0.21290196940499165,0.0,0.7386091127098321,0.5365853658536586,0.5,0.0,2.470149253731343,0.5,-0.42857142857142855,0.6631580367960199,-0.963710722590775,1,1,0,0.0,-0.408248290463863,0.5,-0.5,-0.5,0.5,0.0,0.8922610015174506,-0.3826841261161515,0.5,-0.5,2.604651162790698,0.3292120387909481,-0.5849625007211561,0,0,1,1,-0.375,0.3934525244337349,1,-0.3333333333333335,0.28571428571428603,0,0,0.0,0.0,0.0,0.0,0.0,0,0,0,Far,Moderate,Week,VeryHigh,Fair,4,4,0,0,0,2,1,1,1,9,1,36,0,3,0,1,1,0,3.5
399,538,184,0.5,Kolkata,West Bengal,City,0.11618434700838275,Oct-Mar,878,0.5,"Beaches, Historical",-1.0,0.5,0.3484848484848485,-0.5,46-60,High Blood Pressure,Business,"Shopping, Food & Local Cuisine",All seasons,"Traffic congestion, pollution",Bengali Cuisine,0.6770833333333334,https://encrypted-tbn0.gstatic.com/images?q=tbn:ANd9GcR7RyEWQTvFgkgjKGGCyk4MsFgdUZhpvExLEydL8FmtvfqAtgLceIK1K2mg&s=10,1.0,0.7401696222050884,-0.05050505050505065,0.41376811594202884,1,0,0,1,0,0,0.6666666666666666,-0.5,1,0,0.4005349128994432,0.442571644673443,0.9155418388968779,-0.14761449472705354,-0.46410040458016716,0.8749999999999998,0.4847102299142805,1.2096606287736833,0.2898550724637682,0,1,0.5,0.0,0.6666666666666666,0.0,0.0,0.5,0.0,0.11618434700838275,0.0,0.45083932853717024,0.0,-0.5,0.0,1.0522388059701493,-0.5,0.8571428571428571,0.0,0.0,0,1,1,0.25,0.09175170953613696,0.5,0.0,0.0,0.75,1.0,0.6737481031866464,0.4415586070570978,-0.5,-0.5,0.3953488372093023,0.6976017571133717,0.0,1,0,1,0,0.5,-0.24442471611603728,1,-0.3333333333333335,0.28571428571428603,1,0,0.8275862068965516,-1.4331265974926106,1.7220543806646527,0.5,0.0,0,0,0,Far,Moderate,Weekend,VeryHigh,Good,2,3,0,3,1,1,3,0,4,0,18,19,0,3,1,1,2,1,4.0
483,123,798,-1.0,Bangalore,Karnataka,City,0.8369114593728965,Oct-Mar,975,1.0,"City, Historical",0.0,0.0,0.36363636363636365,0.5,36-45,High Blood Pressure,Business,"Shopping, Food & Local Cuisine",All seasons,"Traffic congestion, pollution",Multi Cuisine,-0.4375,https://media.istockphoto.com/id/1382384282/photo/bangalore-or-bengaluru.jpg,1.0,-0.04009252120277569,-0.030303030303030304,-0.3195652173913044,1,0,0,1,0,0,0.0,1.5,0,0,-0.8052644205215448,1.0578672365550321,-0.2398247670638386,0.0694168882029309,0.20093092867292697,-0.225,-0.1817846033663597,-0.4949406620861962,-0.48550724637681153,0,0,-0.25,1.9148542155126762,-0.3333333333333333,0.3333333333333333,3.0,0.0,2.309401076758503,0.8369114593728965,0.0,0.09592326139088729,1.7279817935160608,-0.125,1.060660171779821,-0.9981343283582089,0.25,0.0,0.7734943873793169,-1.0454054793874945,1,1,1,-0.75,0.29885849072268444,-0.5,-0.5,1.0,0.5,1.1547005383792515,0.36418816388467373,1.374696940956292,0.375,0.38975652100260916,0.44573643410852715,0.04404156085018127,0.7369655941662062,0,1,1,1,-0.125,0.18641619378634242,1,-0.08333333333333348,0.11180124223602528,0,1,-0.8275862068965516,3.4990264881548474,-2.274924471299094,-1.0,0.0,0,0,0,Medium,Moderate,Week,VeryHigh,Poor,2,3,1,2,1,1,3,0,4,8,6,4,1,3,0,1,3,0,3.0
541,996,878,0.5,Konark Sun Temple,Odisha,Historical,-0.3749597201893026,Nov-Feb,732,-1.0,"Nature, Adventure",-1.0,0.5,0.7727272727272727,-1.0,36-45,Knee Pain,Leisure,"Cultural Exploration, Photography",Winter,"Long walking distances, crowd congestion",Odia Cuisine,0.3125,https://cdn.britannica.com/19/251919-050-D3E64798/konark-sun-temple-orissa-india-unesco-heritage-site.jpg,1.0,2.3747108712413256,0.5151515151515151,1.9500000000000002,1,0,0,1,0,0,-0.3333333333333333,1.0,1,0,0.3086037799475988,-0.8926105220087486,-0.41769486319321225,-0.8367446625648611,-0.8901623739768414,0.7499999999999999,1.2756442030117776,1.7926296064959402,0.03623188405797093,0,0,0.5,0.0,0.6666666666666666,0.0,0.0,-1.0,0.0,-0.3749597201893026,0.0,0.988009592326139,0.0,-1.0,0.0,0.5298507462686567,-0.5,0.8571428571428571,0.0,0.0,0,1,1,0.25,0.09175170953613696,0.5,0.0,0.0,-0.75,1.0,0.928679817905918,-0.3826841261161515,-0.5,0.5,0.27906976744186046,-0.18240403320413637,0.0,1,0,1,0,-0.375,0.3934525244337349,1,0.6666666666666665,-0.714285714285714,1,0,0.8275862068965516,-1.1523408318510808,0.7250755287009064,0.5,0.0,0,0,0,Far,Moderate,Weekend,High,Good,3,1,2,2,2,4,0,3,3,11,11,20,0,3,1,0,2,0,2.5
262,528,256,1.0,Kolkata,West Bengal,City,0.0662202065134877,Oct-Mar,242,0.5,"Beaches, Historical",0.0,0.0,0.36363636363636365,-0.5,36-45,High Blood Pressure,Business,"Shopping, Food & Local Cuisine",All seasons,"Traffic congestion, pollution",Bengali Cuisine,0.6770833333333334,https://encrypted-tbn0.gstatic.com/images?q=tbn:ANd9GcR7RyEWQTvFgkgjKGGCyk4MsFgdUZhpvExLEydL8FmtvfqAtgLceIK1K2mg&s=10,1.0,0.7555898226676946,-0.030303030303030304,0.42826086956521753,1,0,0,1,0,0,1.0,0.0,1,1,0.8020198119251812,0.43268113932851515,1.3395188447664996,-0.024122368650518478,-0.47583901230618875,1.1249999999999998,0.47396593939244613,1.2096606287736833,0.2898550724637682,0,1,1.0,0.0,1.0,0.3333333333333333,0.0,0.5,0.0,0.0662202065134877,0.0,0.47002398081534774,0.0,-0.5,0.0,1.0522388059701493,0.5,0.0,0.42857142857142866,0.0,0,1,1,1.0,-0.408248290463863,1.5,0.5,0.0,0.25,1.0,0.6555386949924127,0.323809645175205,0.25,0.9999999999999999,-0.43023255813953487,0.3524289585403077,0.0,1,0,1,1,0.375,-0.15717701423065367,1,1.1666666666666665,-0.8051948051948048,0,0,0.0,-0.7020961186321317,3.652567975830816,1.0,1.0,1,0,0,Far,Moderate,Weekend,VeryHigh,Excellent,2,3,0,2,1,1,3,0,4,0,18,19,0,3,1,1,0,1,4.5
632,371,706,1.0,Ajanta Caves,Maharashtra,Historical,-0.18317503719881564,Nov-Feb,484,-1.0,"Beaches, Historical",0.0,-0.5,-0.22727272727272727,0.5,18-25,Knee Pain,Leisure,"Cultural Exploration, Photography",Winter,"Long walking distances, crowd congestion",Maharashtrian Cuisine,-1.0104166666666667,https://plus.unsplash.com/premium_photo-1697729588019-20a1f5a325d1,0.0,-0.4009252120277564,0.09090909090909091,-0.2673913043478261,0,0,1,0,0,0,0.0,1.5,1,1,0.7436683300522333,-0.8831194779649381,-0.30283539664727877,0.5668756632871851,0.5792473371661689,-0.225,-0.3134002649349156,-0.8797001873828858,-0.7282608695652174,1,0,1.0,0.0,1.0,0.3333333333333333,0.0,-1.0,0.0,-0.18317503719881564,0.0,-0.27817745803357313,0.0,0.5,0.0,-1.3656716417910448,0.5,-0.8571428571428571,0.42857142857142866,0.0,0,0,0,1.0,-0.408248290463863,1.5,0.5,-0.5,-1.0,0.0,-0.2731411229135053,-0.3826841261161515,0.5,-0.5,-1.37984496124031,-0.2980503423379095,-0.5849625007211561,1,0,0,1,-0.375,0.3934525244337349,1,-0.3333333333333335,0.28571428571428603,0,0,0.0,0.0,0.0,1.0,0.0,0,0,0,Near,Economy,Week,High,Excellent,3,1,0,0,2,4,0,3,3,6,10,1,2,1,0,0,0,0,3.0
444,115,548,-1.0,Auli,Uttarakhand,Adventure,0.22324892786652176,Apr-Jun,880,0.5,"Nature, Adventure",-1.0,-0.5,-1.121212121212121,0.5,18-25,Knee Pain,Adventure,"Trekking, Adventure Sports",Summer,"High altitude, physical exertion",North Indian Cuisine,0.3125,https://encrypted-tbn0.gstatic.com/images?q=tbn:ANd9GcQF-TkMBCYdtCTzI4rau2709Tbi2zVPKRaXu7qTOHjiZS7J37ZNbGLQxYMv&s=10,-1.0,-0.9468003084040093,-0.7575757575757576,-0.6326086956521739,0,1,0,0,0,0,-0.3333333333333333,1.0,0,0,-0.8339803796154632,0.4637653007383978,-0.3881338377994358,2.397528103679585,3.6036125781641832,-0.37499999999999994,-0.26096181072621455,0.008744534665833855,2.5,0,0,-1.0,0.0,-0.3333333333333333,-1.0,0.0,0.5,0.0,0.22324892786652176,0.0,-1.410071942446043,0.0,0.5,0.0,0.5298507462686567,-0.5,-0.8571428571428571,-1.2857142857142856,0.0,0,0,0,0.0,1.591751709536137,-0.5,0.5,0.0,0.25,1.0,-1.0834597875569043,0.47099584752757095,0.25,0.0,0.8217054263565892,0.500207863915608,0.0,0,0,0,1,0.53125,-1.6683214269969047,0,0.16666666666666652,-0.07792207792207773,0,1,-3.3103448275862064,-0.4248309676456316,-0.5438066465256798,0.0,1.0,1,0,0,Far,Budget,Week,VeryHigh,Poor,0,0,2,0,2,0,4,2,2,10,17,2,0,0,0,1,3,0,2.5
939,279,798,0.0,Valley of Flowers,Uttarakhand,Nature,-0.6749322910017721,Sep-Mar,394,0.5,"City, Historical",0.0,0.0,1.1666666666666667,-0.5,36-45,Asthma,Family Vacation,"Nature & Relaxation, Photography",Post-Monsoon,"Curvy roads, limited medical facilities",North Indian Cuisine,0.5208333333333334,https://encrypted-tbn0.gstatic.com/images?q=tbn:ANd9GcSKohlQ-J1CgxwCnc1mL62LM__eo7IDPvD9Hm4v1DnS8PQfNYx8O_lBtpoE&s=10,1.0,1.5728604471858134,1.0404040404040402,1.196376811594203,1,0,0,1,0,0,0.3333333333333333,0.0,0,0,-0.12369963475649202,0.28596846368806733,0.3619384669445739,-0.5459610564252994,-0.7805408710408369,0.625,0.3145884803705996,1.0347699354570064,0.18115942028985516,0,0,0.0,0.0,0.3333333333333333,-0.3333333333333333,0.0,0.5,0.0,-0.6749322910017721,0.0,1.486810551558753,0.0,-0.5,0.0,0.8283582089552238,0.5,0.0,-0.42857142857142866,0.0,0,1,1,-0.75,0.29885849072268444,-0.5,-0.5,1.0,0.5,1.1547005383792515,0.36418816388467373,1.374696940956292,0.375,0.38975652100260916,0.44573643410852715,0.04404156085018127,0.7369655941662062,0,1,1,1,3.1875,-2.5568151872916096,0,1.4166666666666665,-0.9316770186335401,1,0,2.482758620689655,-3.0799235856777623,1.0604229607250757,-0.5,1.0,1,0,0,Far,Premium,Weekend,High,Fair,4,4,1,2,0,2,1,1,1,10,17,37,0,4,1,0,1,0,3.5
16,434,20,0.5,Tawang,Arunachal Pradesh,Nature,0.21290196940499165,Sep-Mar,311,1.0,"Nature, Adventure",0.0,-0.5,0.4090909090909091,0.5,36-45,Asthma,Family Vacation,"Nature & Relaxation, Photography",Post-Monsoon,"Curvy roads, limited medical facilities",North East Cuisine,1.6666666666666667,https://s7ap1.scene7.com/is/image/incredibleindia/sela-pass-tawang-arunachal-pradesh-blog-ntr-hero,0.0,-0.012336160370084866,1.3636363636363635,0.2804347826086957,0,0,1,0,0,0,1.0,0.0,1,0,0.4186382784843321,0.903462268945216,1.375760909568905,0.6667626546005999,0.06765955521327427,0.225,-0.2622968169121737,0.9181761399125548,2.0652173913043477,0,1,0.25,0.7071067811865476,0.3333333333333333,0.0,1.0,0.75,1.0,0.21290196940499165,0.0,0.7386091127098321,0.5365853658536586,0.5,0.0,2.470149253731343,0.5,-0.42857142857142855,0.6631580367960199,-0.963710722590775,1,1,0,0.30000000000000004,0.3979774843659918,0.0,0.5,1.5,0.7000000000000002,0.7745966692414833,0.021851289833080424,0.6796699519458869,0.6000000000000001,-0.18377223398316214,0.6232558139534884,-0.20554910690815856,1.0000000000000002,1,0,1,1,1.2375,-1.178323076337678,1,-0.1333333333333333,0.15668202764977002,1,0,0.6620689655172411,1.4693995939946847,4.633232628398792,0.5,1.0,1,0,0,Far,Moderate,Week,VeryHigh,Good,4,4,2,2,0,2,1,1,1,9,1,36,0,3,0,1,2,1,4.5
326,1000,365,1.0,Coorg,Karnataka,Nature,0.4505154669515143,Apr-Jun,872,0.0,"Nature, Adventure",-1.0,0.0,-0.4393939393939394,-1.0,26-35,Knee Pain,Adventure,"Trekking, Adventure Sports",Summer,"High altitude, physical exertion",Coorgi Cuisine,-0.3854166666666667,https://images.unsplash.com/photo-1710612198146-77512950a4b7,0.0,0.5242868157286044,-0.3333333333333333,1.0369565217391306,1,0,0,1,0,0,0.6666666666666666,0.5,1,1,0.891934108563402,0.055248992586310657,0.8684160964465995,-0.024122368650518478,-0.32084094117494116,1.8749999999999998,1.5419095227398099,0.6208619612742037,-0.07608695652173914,0,0,1.0,0.0,1.0,0.3333333333333333,0.0,0.0,0.0,0.4505154669515143,0.0,-0.5467625899280576,0.0,-1.0,0.0,-0.4701492537313433,-0.5,0.0,0.42857142857142866,0.0,0,0,1,0.75,0.09175170953613696,1.0,0.5,0.0,0.0,0.0,-0.3368740515933232,0.23549792376378553,-0.75,0.0,-0.9844961240310077,-0.14551981864121463,0.0,1,0,0,0,0.28125,-0.3919036862251117,1,0.16666666666666652,-0.28571428571428514,1,0,0.8275862068965516,2.338453628104994,1.2507552870090635,1.0,0.0,0,0,0,Medium,Economy,Weekend,VeryHigh,Excellent,4,0,2,1,2,0,4,2,2,1,6,8,1,1,1,1,0,0,4.0
707,940,635,-1.0,Auli,Uttarakhand,Adventure,-0.7810355254086226,Apr-Jun,803,0.5,"Nature, Adventure",-1.0,-0.5,-0.7575757575757576,-0.5,18-25,Knee Pain,Adventure,"Trekking, Adventure Sports",Summer,"High altitude, physical exertion",North Indian Cuisine,0.3125,https://encrypted-tbn0.gstatic.com/images?q=tbn:ANd9GcQF-TkMBCYdtCTzI4rau2709Tbi2zVPKRaXu7qTOHjiZS7J37ZNbGLQxYMv&s=10,-1.0,-0.38550501156515043,0.696969696969697,0.95,0,1,0,0,0,0,-0.3333333333333333,1.0,0,0,-0.8809752502459309,0.26496510814906216,-0.43776146909886,0.24715541650121442,0.4133078723812273,0.12500000000000003,0.29177203712787125,0.8015823443681033,2.5,0,0,-1.0,0.0,-0.3333333333333333,-1.0,0.0,0.5,0.0,-0.7810355254086226,0.0,-0.9496402877697842,0.0,-0.5,0.0,0.5298507462686567,-0.5,-0.8571428571428571,-1.2857142857142856,0.0,0,0,0,-1.0,-0.408248290463863,-0.5,-1.5,0.0,0.25,1.0,-0.8740515933232169,-0.2649351642342587,-0.75,0.0,0.06976744186046512,-0.5649429382697484,0.0,0,1,0,0,-0.25,0.1664433370053517,1,0.16666666666666652,-0.28571428571428514,0,0,0.0,-1.868295025593403,1.2145015105740182,-1.0,0.0,0,0,0,Far,Economy,Weekend,High,Poor,0,0,2,0,2,0,4,2,2,10,17,2,0,1,1,0,3,0,2.5
755,110,182,1.0,Valley of Flowers,Uttarakhand,Nature,0.39612456570460436,Apr-Jun,7,0.5,"Nature, Adventure",-1.0,0.0,0.015151515151515152,0.5,36-45,Knee Pain,Adventure,"Trekking, Adventure Sports",Summer,"High altitude, physical exertion",North Indian Cuisine,0.5208333333333334,https://encrypted-tbn0.gstatic.com/images?q=tbn:ANd9GcSKohlQ-J1CgxwCnc1mL62LM__eo7IDPvD9Hm4v1DnS8PQfNYx8O_lBtpoE&s=10,0.0,-0.2528912875867387,0.5757575757575758,-0.05869565217391305,1,0,0,1,0,0,1.0,0.0,1,1,0.8792081654342555,0.49798639216736096,1.4210314672541646,1.086546346542752,0.4248687718693564,0.225,-0.2386567007971902,0.14865708931917554,0.8695652173913043,0,0,1.0,0.0,1.0,0.3333333333333333,0.0,0.5,0.0,0.39612456570460436,0.0,0.02877697841726619,0.0,0.5,0.0,0.8283582089552238,-0.5,0.0,0.42857142857142866,0.0,0,1,1,0.5,0.591751709536137,0.5,0.5,0.0,0.75,1.0,0.0,-0.3238096451752051,0.25,0.0,0.5116279069767442,0.23195999112213947,0.0,1,0,0,1,-0.3125,0.331834756668394,1,0.16666666666666652,-0.07792207792207773,1,0,1.6551724137931032,1.0645388301122087,0.906344410876133,0.5,1.0,1,0,0,Far,Moderate,Week,VeryHigh,Excellent,4,0,2,2,2,0,4,2,2,10,17,37,0,3,0,1,0,1,4.5
956,346,682,0.0,Konark Sun Temple,Odisha,Historical,0.48220759918553635,Nov-Feb,335,-0.5,"Beaches, Historical",0.0,-0.5,0.030303030303030304,0.0,36-45,Knee Pain,Leisure,"Cultural Exploration, Photography",Winter,"Long walking distances, crowd congestion",Odia Cuisine,0.3125,https://cdn.britannica.com/19/251919-050-D3E64798/konark-sun-temple-orissa-india-unesco-heritage-site.jpg,0.0,0.0038550501156514472,0.6060606060606061,0.3032608695652174,0,0,1,0,0,0,-0.3333333333333333,0.0,0,0,0.03874330438300596,-0.3951184371342668,-0.1481324111058455,-0.17829576828644128,0.09292237308054012,-0.18749999999999997,0.06906375503259495,0.30605871330418494,0.6521739130434783,0,0,0.16666666666666674,1.5275252316519468,0.0,0.3333333333333333,2.0,-0.8333333333333334,0.8164965809277259,0.48220759918553635,0.0,-0.1886490807354116,0.47084332473399215,-0.33333333333333326,0.8164965809277259,0.27114427860696527,-0.16666666666666674,-0.28571428571428575,1.142857142857143,-1.032412722174298,1,0,1,0.5,0.591751709536137,0.5,0.5,0.0,-0.75,1.0,-0.13657056145675264,0.17662344282283912,-0.5,0.5,-0.17829457364341086,0.714204966950678,0.0,1,0,0,0,0.21875,-0.23694371444870058,1,0.6666666666666665,-0.714285714285714,0,1,-1.6551724137931032,0.114041034126576,1.7945619335347434,0.0,0.0,0,0,0,Far,Moderate,Week,VeryHigh,Fair,3,1,0,2,2,4,0,3,3,11,11,20,0,3,0,1,1,0,2.5
354,346,496,-0.5,Red Fort,Delhi,Historical,0.48220759918553635,Nov-Feb,333,-1.0,"Beaches, Historical",-1.0,0.0,-0.12121212121212122,0.0,18-25,Knee Pain,Leisure,"Cultural Exploration, Photography",Winter,"Long walking distances, crowd congestion",Mughlai Cuisine,0.010416666666666666,https://upload.wikimedia.org/wikipedia/commons/d/d6/Delhi%2C_India%2C_Red_Fort_Facade.jpg,0.0,-0.11179645335389365,0.30303030303030304,0.14021739130434785,1,0,0,1,0,0,-1.0,0.0,0,0,-0.3915596320852373,-0.8501910093852876,-0.6025419071128577,-0.5306921103114074,0.23180944386215196,-0.5624999999999999,0.06906375503259495,0.05246720799500313,0.33695652173913043,0,0,0.16666666666666674,1.5275252316519468,0.0,0.3333333333333333,2.0,-0.8333333333333334,0.8164965809277259,0.48220759918553635,0.0,-0.1886490807354116,0.47084332473399215,-0.33333333333333326,0.8164965809277259,0.27114427860696527,-0.16666666666666674,-0.28571428571428575,1.142857142857143,-1.032412722174298,1,0,1,-0.5,-0.408248290463863,0.0,-1.0,-0.5,-1.0,0.0,-0.14567526555386948,-0.3826841261161515,0.0,-0.5,0.13953488372093023,0.7557081185205289,-0.5849625007211561,0,1,0,0,-0.375,0.3934525244337349,1,-0.3333333333333335,0.28571428571428603,0,0,0.0,0.0,0.0,-0.5,0.0,0,0,0,Medium,Economy,Week,VeryHigh,Poor,3,1,0,0,2,4,0,3,3,7,2,29,1,1,0,1,3,0,1.5
959,113,16,-1.0,Chandigarh,Punjab,City,-0.9462631909315238,Oct-Mar,40,0.5,"Beaches, Historical",-1.0,0.5,0.8939393939393939,1.0,18-25,High Blood Pressure,Business,"Shopping, Food & Local Cuisine",All seasons,"Traffic congestion, pollution",Punjabi Cuisine,0.2604166666666667,https://s7ap1.scene7.com/is/image/incredibleindia/chandigarh-union-territory-1-city-ff,1.0,0.030840400925211914,0.6767676767676766,-0.2528985507246377,1,0,0,1,0,0,-0.3333333333333333,1.0,0,0,-0.8887069767906369,0.23225794871836658,-0.44592634473573156,-0.19873542354120363,-0.1581116008438901,-0.49999999999999994,-0.5788815771827742,-0.21861336664584638,0.0,0,0,0.0,2.8284271247461903,-0.3333333333333333,0.3333333333333333,1.0,0.5,0.0,-0.9462631909315238,0.0,0.5563549160671463,1.4878048780487805,1.0,0.0,0.07462686567164178,-0.5,0.42857142857142855,0.32352321521291494,-1.062437173501617,1,1,1,-1.0,-0.408248290463863,-0.5,-1.5,-0.5,0.5,0.0,1.0743550834597875,-0.3826841261161515,1.0,-0.5,0.5116279069767442,-1.5065438532990207,-0.5849625007211561,0,1,1,1,-0.375,0.3934525244337349,1,-0.3333333333333335,0.28571428571428603,0,0,0.0,0.0,0.0,-1.0,0.0,0,0,0,Far,Premium,Week,High,Poor,2,3,0,0,1,1,3,0,4,12,12,7,0,4,0,0,3,0,2.5
393,351,283,-0.5,Konark Sun Temple,Odisha,Historical,-0.010843308906281959,Nov-Feb,227,1.0,"Beaches, Historical",-1.0,0.0,0.015151515151515152,1.0,18-25,Knee Pain,Leisure,"Cultural Exploration, Photography",Winter,"Long walking distances, crowd congestion",Odia Cuisine,0.3125,https://cdn.britannica.com/19/251919-050-D3E64798/konark-sun-temple-orissa-india-unesco-heritage-site.jpg,0.0,-0.41634541249036233,0.5757575757575758,-0.28913043478260864,1,0,0,1,0,0,0.3333333333333333,1.0,0,0,-0.4377036574446769,0.8480987159770094,0.24536568525032665,0.897433884540477,0.6521597227092869,-0.24999999999999992,-0.478305215087584,-0.1894649177597336,0.6521739130434783,0,0,-0.5,1.0,-0.3333333333333333,-0.3333333333333333,2.0,0.16666666666666674,2.1602468994692865,-0.010843308906281959,0.0,0.6746602717825737,1.1729315375716776,0.3333333333333335,1.0801234497346432,0.27114427860696527,0.16666666666666674,0.5714285714285715,0.0,-1.0,1,1,1,-0.5,-0.408248290463863,0.0,-1.0,-0.5,1.0,0.0,0.018209408194233685,-0.3826841261161515,1.0,-0.5,0.5891472868217055,-0.02513066149171791,-0.5849625007211561,0,1,1,1,-0.375,0.3934525244337349,1,-0.3333333333333335,0.28571428571428603,0,0,0.0,0.0,0.0,-0.5,0.0,0,0,0,Far,Moderate,Week,High,Poor,3,1,0,0,2,4,0,3,3,11,11,20,0,3,0,0,3,0,3.5
645,124,102,1.0,Coorg,Karnataka,Nature,-0.5928038031081091,Sep-Mar,511,0.0,"City, Historical",-1.0,0.5,1.1515151515151516,-1.0,18-25,Asthma,Family Vacation,"Nature & Relaxation, Photography",Post-Monsoon,"Curvy roads, limited medical facilities",Coorgi Cuisine,-0.3854166666666667,https://images.unsplash.com/photo-1710612198146-77512950a4b7,1.0,2.9529683885890514,1.0202020202020203,2.4934782608695656,1,0,0,1,0,0,0.6666666666666666,0.5,1,1,0.6478267047156749,-0.09964641912469292,0.6750789501832272,-0.6949849994987227,-0.9651203044630995,1.8749999999999998,1.2053764041816948,0.6208619612742037,-0.44927536231884063,0,0,1.0,0.0,1.0,0.3333333333333333,0.0,0.0,0.0,-0.5928038031081091,0.0,1.4676258992805755,0.0,-1.0,0.0,-0.4701492537313433,-0.5,0.8571428571428571,0.42857142857142866,0.0,0,1,1,1.0,-0.408248290463863,1.5,0.5,-0.5,0.0,0.0,1.38391502276176,-0.3826841261161515,-1.0,-0.5,-0.4496124031007752,-0.9467744813287866,-0.5849625007211561,1,0,1,0,-0.375,0.3934525244337349,1,-0.3333333333333335,0.28571428571428603,0,0,0.0,0.0,0.0,1.0,0.0,0,0,0,Medium,Premium,Weekend,High,Excellent,4,4,1,0,0,2,1,1,1,1,6,8,1,4,1,0,0,0,4.0
368,608,367,0.5,Delhi,Delhi,City,-0.05717655727294923,Oct-Mar,660,1.0,"Beaches, Historical",-1.0,-0.5,-1.0151515151515151,0.0,46-60,High Blood Pressure,Business,"Shopping, Food & Local Cuisine",All seasons,"Traffic congestion, pollution",Street Food,0.010416666666666666,https://encrypted-tbn0.gstatic.com/images?q=tbn:ANd9GcTFxblF-zkMM4NsiVuRyJ1Yx76TMcpdDWzU6zEf57y1aQ&s=10,-1.0,-0.7941403238242097,-0.3333333333333333,-0.2021739130434783,0,1,0,0,0,0,1.0,0.0,1,0,0.36808564718587744,0.8366340125897567,1.309030027197113,3.419083556551755,2.0665440007829528,0.5624999999999999,-0.017928135888502898,0.05246720799500313,1.8695652173913044,0,0,-0.25,2.1213203435596424,-0.3333333333333333,0.0,1.0,0.75,1.0,-0.05717655727294923,0.0,-0.05755395683453238,3.097560975609756,-0.25,0.5,0.09701492537313433,0.0,-0.42857142857142855,-0.01611160637019009,-1.0504799024963116,1,0,0,0.5,-0.408248290463863,1.0,0.0,-0.5,1.0,0.0,-1.220030349013657,-0.3826841261161515,0.0,-0.5,0.13953488372093023,-0.09850806843870098,-0.5849625007211561,1,0,0,0,-0.375,0.3934525244337349,1,-0.3333333333333335,0.28571428571428603,0,0,0.0,0.0,0.0,0.5,0.0,0,0,0,Medium,Budget,Week,High,Good,2,3,0,3,1,1,3,0,4,16,2,9,1,0,0,0,2,1,4.5
10,919,109,0.5,Coorg,Karnataka,Nature,0.7714926593833182,Sep-Mar,405,0.5,"Beaches, Historical",0.0,-0.5,0.0,-1.0,18-25,Asthma,Family Vacation,"Nature & Relaxation, Photography",Post-Monsoon,"Curvy roads, limited medical facilities",Coorgi Cuisine,-0.3854166666666667,https://images.unsplash.com/photo-1710612198146-77512950a4b7,0.0,1.195065535851966,0.5454545454545454,1.982608695652174,0,0,1,0,0,0,0.6666666666666666,-0.5,1,0,0.5231939036373708,0.5722912856383898,1.0450724682237915,-0.3385983856448929,-0.5718964047585873,1.8749999999999998,1.6454439427921972,0.6208619612742037,-0.07608695652173914,0,0,0.5,0.0,0.6666666666666666,0.0,0.0,0.5,0.0,0.7714926593833182,0.0,0.009592326139088728,0.0,-1.0,0.0,-0.4701492537313433,0.5,-0.8571428571428571,0.0,0.0,0,1,0,0.5,0.29885849072268444,0.5,0.5,0.5,0.8333333333333335,0.816496580927726,-0.23065250379362678,1.2638727737492956,-0.16666666666666674,1.541241452319315,-0.5374677002583979,0.4383955466914052,0.415037499278844,1,0,0,0,0.41666666666666696,-0.4941079483865689,1,1.333333333333333,-1.1428571428571428,0,0,0.0,2.130756285137785,0.20543806646525667,0.5,0.0,0,0,0,Medium,Moderate,Weekend,VeryHigh,Good,4,4,0,0,0,2,1,1,1,1,6,8,1,3,1,1,2,1,4.0
128,983,851,-0.5,Chandigarh,Punjab,City,0.5952472985090724,Oct-Mar,266,1.0,"Nature, Adventure",0.0,-0.5,-0.3787878787878788,-0.5,26-35,High Blood Pressure,Business,"Shopping, Food & Local Cuisine",All seasons,"Traffic congestion, pollution",Punjabi Cuisine,0.2604166666666667,https://s7ap1.scene7.com/is/image/incredibleindia/chandigarh-union-territory-1-city-ff,0.0,0.0,-0.21212121212121213,0.29782608695652185,0,0,1,0,0,0,0.3333333333333333,1.0,0,0,-0.3809803862779518,0.9980698335819596,0.32024198424300987,0.2370162966242807,0.11514051958080347,0.625,0.5877279437824228,0.7432854465958777,0.5978260869565217,0,0,-0.25,0.7071067811865476,0.0,-0.3333333333333333,1.0,0.75,1.0,0.5952472985090724,0.0,-0.6330935251798561,0.41463414634146345,-0.75,0.5,-0.3880597014925373,0.0,-0.42857142857142855,-0.01611160637019009,-0.963710722590775,1,0,0,-0.75,0.09175170953613696,-0.5,-1.0,0.0,0.5,2.0,-0.2094081942336874,0.4121213665866246,0.25,0.9999999999999999,1.1705426356589148,0.7708863127919926,0.0,0,1,0,1,0.46875,-0.540697006989129,1,1.1666666666666665,-0.8051948051948048,1,0,0.8275862068965516,0.45019820643753644,-1.540785498489426,-0.5,0.0,0,0,0,Far,Economy,Weekend,VeryHigh,Poor,2,3,2,1,1,1,3,0,4,12,12,7,0,1,1,1,3,0,3.5
346,276,904,-0.5,Red Fort,Delhi,Historical,-0.931361335247751,Nov-Feb,169,1.0,"Beaches, Historical",-1.0,-0.5,-0.8181818181818182,-0.5,36-45,Knee Pain,Leisure,"Cultural Exploration, Photography",Winter,"Long walking distances, crowd congestion",Mughlai Cuisine,0.010416666666666666,https://upload.wikimedia.org/wikipedia/commons/d/d6/Delhi%2C_India%2C_Red_Fort_Facade.jpg,-1.0,-0.44718581341557445,0.45454545454545453,0.7760869565217392,0,1,0,0,0,0,0.3333333333333333,1.0,0,0,-0.5238538022962748,0.6203256478962389,0.1316450927758351,0.971242737770877,0.50205540318388,0.625,0.25944596971545136,0.4634603372891943,1.8695652173913044,0,0,-0.5,0.0,0.0,-0.6666666666666666,0.0,1.0,0.0,-0.931361335247751,0.0,-1.026378896882494,0.0,-0.5,0.0,0.09701492537313433,-0.5,-0.8571428571428571,-0.8571428571428572,0.0,0,0,0,-0.5,-0.408248290463863,0.0,-1.0,-0.5,1.0,0.0,-0.983308042488619,-0.3826841261161515,-0.5,-0.5,0.13953488372093023,-1.4829439640764888,-0.5849625007211561,0,1,0,0,-0.375,0.3934525244337349,1,-0.3333333333333335,0.28571428571428603,0,0,0.0,0.0,0.0,-0.5,0.0,0,0,0,Medium,Economy,Weekend,High,Poor,3,1,0,2,2,4,0,3,3,7,2,29,1,1,1,0,3,0,3.5
651,372,828,-1.0,Baga Beach,Goa,Beach,-0.691945843752149,Nov-Mar,434,-0.5,"City, Historical",0.0,0.5,0.7424242424242424,0.0,26-35,Knee Pain,Honeymoon,"Relaxation, Nightlife, Water Sports",Winter,"Crowds, sun exposure",Seafood,-0.84375,https://encrypted-tbn0.gstatic.com/images?q=tbn:ANd9GcQeseYB8OMIYAnzRmlYP6matYpojVkK9lRx0Wgn7x8BYcxvxjfwm4QrUxM&s=10,2.0,0.5474171164225135,-0.30303030303030304,-0.1858695652173913,1,0,0,1,1,0,-1.0,0.0,0,0,-0.8768063536247577,-0.5113314930190882,-0.631552838211627,-0.7683421125720713,-0.46235258875866275,-0.5624999999999999,-0.12030374308472895,-0.6645846346033729,-0.875,0,0,-1.0,0.0,-0.3333333333333333,-1.0,0.0,-0.5,0.0,-0.691945843752149,0.0,0.9496402877697842,0.0,0.0,0.0,-1.126865671641791,0.5,0.8571428571428571,-1.2857142857142856,0.0,0,1,1,-1.0,-0.408248290463863,-0.5,-1.5,0.0,-0.5,0.0,1.0379362670713201,0.08831172141141956,-0.5,0.5,-1.186046511627907,-0.43740730355038093,0.0,0,1,1,0,0.125,0.07395084663240724,1,0.6666666666666665,-0.714285714285714,0,0,0.0,-1.8310500730485586,0.1268882175226586,-1.0,1.0,1,0,0,Near,Moderate,Week,High,Poor,1,2,1,1,2,3,2,3,0,14,3,3,2,3,0,0,3,0,1.5
93,304,225,0.0,Munnar,Kerala,Nature,0.11444025804829773,Sep-Mar,64,0.5,"City, Historical",0.0,-0.5,0.4090909090909091,0.0,18-25,Asthma,Family Vacation,"Nature & Relaxation, Photography",Post-Monsoon,"Curvy roads, limited medical facilities",Kerala Cuisine,0.08333333333333333,https://images.unsplash.com/photo-1491497895121-1334fc14d8c9,0.0,0.2929838087895142,1.3636363636363635,0.7108695652173913,0,0,1,0,0,0,0.3333333333333333,0.0,0,0,-0.01288503227746565,0.442226398642772,0.4789611581583671,-0.024122368650518478,-0.21539948585785218,0.18749999999999997,0.009750228594197961,0.11367895065584012,0.41304347826086957,0,0,0.0,0.0,0.3333333333333333,-0.3333333333333333,0.0,0.5,0.0,0.11444025804829773,0.0,0.5275779376498801,0.0,0.0,0.0,0.20149253731343283,0.5,-0.8571428571428571,-0.42857142857142866,0.0,0,1,0,-0.6666666666666666,0.408248290463863,-0.5,-0.5,0.5,0.8333333333333335,0.8164965809277259,0.1274658573596358,0.7505540525106544,0.16666666666666652,-0.09175170953613696,0.13953488372093023,-0.6797437149296713,0.415037499278844,0,1,1,1,0.875,-0.7618819965384513,1,-4.440892098500626e-16,0.03571428571428603,1,0,2.2068965517241375,2.343909703325446,0.2537764350453172,-0.5,1.0,1,0,0,Medium,Moderate,Week,VeryHigh,Fair,4,4,1,0,0,2,1,1,1,5,7,26,1,3,0,1,1,0,3.5
624,829,954,0.0,Tawang,Arunachal Pradesh,Nature,0.5882306570594881,Sep-Mar,518,1.0,"City, Historical",0.0,0.5,1.5,0.0,18-25,Asthma,Family Vacation,"Nature & Relaxation, Photography",Post-Monsoon,"Curvy roads, limited medical facilities",North East Cuisine,1.6666666666666667,https://s7ap1.scene7.com/is/image/incredibleindia/sela-pass-tawang-arunachal-pradesh-blog-ntr-hero,2.0,1.1256746337702388,0.45454545454545453,0.22173913043478263,1,0,0,1,1,0,0.6666666666666666,0.5,0,0,0.053627154886866764,0.9963336351536175,0.8939360524338708,-0.3140459314878826,-0.5652043837154088,0.37499999999999994,0.0861631565913093,1.442848219862586,0.43478260869565216,0,1,0.0,0.0,0.3333333333333333,-0.3333333333333333,0.0,1.0,0.0,0.5882306570594881,0.0,1.908872901678657,0.0,0.0,0.0,2.470149253731343,0.5,0.8571428571428571,-0.42857142857142866,0.0,0,1,1,0.0,-0.408248290463863,0.5,-0.5,0.0,0.5,2.0,1.2109256449165402,1.5307365044646055,0.25,0.0,1.372093023255814,0.4492424479019843,0.0,0,0,1,1,1.65625,-0.8326243589503137,1,0.16666666666666652,-0.07792207792207773,0,0,0.0,1.3034672768415956,2.882175226586103,0.0,0.0,0,0,0,Far,Premium,Week,VeryHigh,Fair,4,4,1,0,0,2,1,1,1,9,1,36,0,4,0,1,1,0,4.0
677,109,677,-0.5,Kerala Backwaters,Kerala,Nature,-0.48746347954069735,Sep-Mar,954,0.0,"Nature, Adventure",0.0,-0.5,-0.42424242424242425,-0.5,36-45,Asthma,Family Vacation,"Nature & Relaxation, Photography",Post-Monsoon,"Curvy roads, limited medical facilities",Kerala Cuisine,0.0,https://www.backpackadventures.org/wp-content/uploads/2020/08/india0898.jpg,0.0,-0.04626060138781804,-0.30303030303030304,0.232608695652174,0,0,1,0,0,0,-0.3333333333333333,0.0,0,0,-0.48230995038447044,-0.08400716730888767,-0.22000818089368532,-0.13804970010838913,-0.00977466840006959,0.12500000000000003,0.354901780152601,0.4518009577347492,0.32608695652173914,0,0,-0.5,0.0,0.0,-0.6666666666666666,0.0,0.0,0.0,-0.48746347954069735,0.0,-0.5275779376498801,0.0,-0.5,0.0,0.08208955223880597,0.5,-0.8571428571428571,-0.8571428571428572,0.0,0,0,0,-0.5,-0.408248290463863,0.0,-1.0,-0.5,0.0,0.0,-0.5098634294385432,-0.3826841261161515,-0.5,-0.5,0.12403100775193798,-0.7799482806453566,-0.5849625007211561,0,1,0,0,-0.375,0.3934525244337349,1,-0.3333333333333335,0.28571428571428603,0,0,0.0,0.0,0.0,-0.5,0.0,0,0,0,Medium,Economy,Weekend,High,Poor,4,4,2,2,0,2,1,1,1,5,7,16,1,1,1,0,3,0,2.5
309,166,225,-1.0,Fatehpur Sikri,Uttar Pradesh,Historical,-0.5454413408218195,Nov-Feb,64,1.0,"City, Historical",0.0,-0.5,-0.36363636363636365,0.5,26-35,Knee Pain,Leisure,"Cultural Exploration, Photography",Winter,"Long walking distances, crowd congestion",Mughlai Cuisine,0.052083333333333336,https://images.unsplash.com/photo-1717761558642-32cbeccbee7e,0.0,-0.48419429452582885,-0.18181818181818182,-0.38478260869565223,0,0,1,0,0,0,0.0,1.5,0,0,-0.869950765908012,0.7158177280605664,-0.3252125459820328,0.742226727708262,0.6808204690382736,-0.225,-0.3601413201058042,-0.16614615865084323,0.3804347826086957,0,0,-1.0,0.0,-0.3333333333333333,-1.0,1.0,0.25,2.9999999999999996,-0.5454413408218195,0.0,1.0935251798561152,3.9268292682926833,-0.25,1.4999999999999998,-0.373134328358209,0.5,0.0,-1.0350160711195047,0.0,1,1,1,-0.6666666666666666,0.408248290463863,-0.5,-0.5,0.5,0.8333333333333335,0.8164965809277259,0.1274658573596358,0.7505540525106544,0.16666666666666652,-0.09175170953613696,0.13953488372093023,-0.6797437149296713,0.415037499278844,0,1,1,1,1.5625,-1.3973159830731539,1,0.3333333333333335,-0.21428571428571397,0,1,-1.103448275862069,-0.5276357804796499,0.14501510574018128,-1.0,0.0,0,0,0,Medium,Economy,Week,High,Poor,3,1,1,1,2,4,0,3,3,7,16,11,1,1,0,0,3,0,3.0
190,750,364,0.5,Tawang,Arunachal Pradesh,Nature,0.4683765214018723,Apr-Jun,262,0.0,"Beaches, Historical",0.0,0.5,1.8484848484848484,-0.5,18-25,Knee Pain,Adventure,"Trekking, Adventure Sports",Summer,"High altitude, physical exertion",North East Cuisine,1.6666666666666667,https://s7ap1.scene7.com/is/image/incredibleindia/sela-pass-tawang-arunachal-pradesh-blog-ntr-hero,2.0,2.266769468003084,0.803030303030303,1.0260869565217394,1,0,0,1,1,0,0.3333333333333333,0.0,1,0,0.46645737388630304,0.05790071719456289,0.5314314069726086,-0.6734592621099699,-0.8263771965985037,0.625,0.5604456474301037,2.3173016864459717,0.43478260869565216,0,1,0.5,0.0,0.6666666666666666,0.0,0.0,0.0,0.0,0.4683765214018723,0.0,2.3501199040767387,0.0,-0.5,0.0,2.470149253731343,0.5,0.8571428571428571,0.0,0.0,0,1,1,0.75,-7.850462293418875e-17,1.0,0.5,1.0,0.25,0.8164965809277259,1.306525037936267,1.4510693050864027,-0.25,0.4128709291752768,-0.044573643410852716,-0.3390242217086835,0.7369655941662062,1,0,1,0,2.765625,-1.445943577208912,1,0.16666666666666652,-0.1587301587301586,0,1,-0.8275862068965516,2.947883137893526,6.194864048338369,0.5,1.0,1,0,0,Far,Premium,Weekend,VeryHigh,Good,4,0,0,0,2,0,4,2,2,9,1,36,0,4,1,1,2,0,3.5
510,740,679,1.0,Valley of Flowers,Uttarakhand,Nature,0.7835435083340655,Apr-Jun,447,0.5,"Beaches, Historical",0.0,0.0,0.3484848484848485,0.0,36-45,Knee Pain,Adventure,"Trekking, Adventure Sports",Summer,"High altitude, physical exertion",North Indian Cuisine,0.5208333333333334,https://encrypted-tbn0.gstatic.com/images?q=tbn:ANd9GcSKohlQ-J1CgxwCnc1mL62LM__eo7IDPvD9Hm4v1DnS8PQfNYx8O_lBtpoE&s=10,1.0,0.24672320740169615,-0.05050505050505065,-0.050000000000000086,1,0,0,1,0,0,1.0,0.0,1,1,0.9698533159655065,0.5746767762077806,1.5167547674632147,0.35828812260328974,-0.09184929396897974,0.5624999999999999,0.11766321837496378,0.480949406620862,0.18115942028985516,0,0,1.0,0.0,1.0,0.3333333333333333,0.0,0.5,0.0,0.7835435083340655,0.0,0.45083932853717024,0.0,0.0,0.0,0.8283582089552238,0.5,0.0,0.42857142857142866,0.0,0,1,1,1.0,-0.408248290463863,1.5,0.5,-0.5,0.5,0.0,0.4188163884673748,-0.3826841261161515,0.0,-0.5,0.8992248062015504,1.2329301655988827,-0.5849625007211561,1,0,1,0,-0.375,0.3934525244337349,1,-0.3333333333333335,0.28571428571428603,0,0,0.0,0.0,0.0,1.0,0.0,0,0,0,Far,Moderate,Week,VeryHigh,Excellent,4,0,0,2,2,0,4,2,2,10,17,37,0,3,0,1,0,1,4.5
855,791,961,0.5,Ajanta Caves,Maharashtra,Historical,0.9453096090221715,Nov-Feb,355,-1.0,"Beaches, Historical",-1.0,0.5,0.9696969696969697,-1.0,36-45,Knee Pain,Leisure,"Cultural Exploration, Photography",Winter,"Long walking distances, crowd congestion",Maharashtrian Cuisine,-1.0104166666666667,https://plus.unsplash.com/premium_photo-1697729588019-20a1f5a325d1,1.0,2.6754047802621432,0.7777777777777779,2.2326086956521745,1,0,0,1,0,0,-0.3333333333333333,1.0,1,0,0.5557285307941351,-0.8272730083040718,-0.3524525513438481,-0.8645010730243631,-0.8562819845239178,0.7499999999999999,1.7015103471986635,-0.4284821986258589,-0.8840579710144927,1,0,0.5,0.0,0.6666666666666666,0.0,0.0,-1.0,0.0,0.9453096090221715,0.0,1.2374100719424461,0.0,-1.0,0.0,-1.3656716417910448,-0.5,0.8571428571428571,0.0,0.0,0,1,1,-0.125,0.6524118813159581,-0.5,0.0,1.0,-0.75,0.8164965809277259,1.0333839150227617,0.22477480641201647,0.25,1.1832508230603462,-0.5736434108527132,-0.08194228257697016,0.7369655941662062,0,1,1,1,0.078125,0.10345660989172914,1,2.1666666666666665,-1.5324675324675323,1,0,2.068965517241379,4.316907031817562,-1.8851963746223566,0.5,0.0,0,0,0,Near,Premium,Weekend,VeryHigh,Good,3,1,0,2,2,4,0,3,3,6,10,1,2,4,1,1,2,0,2.5
44,57,539,-1.0,Marina Beach,Tamil Nadu,Beach,-0.44927532997809627,Nov-Mar,282,0.0,"Nature, Adventure",-1.0,0.5,-0.19696969696969696,0.0,26-35,Knee Pain,Honeymoon,"Relaxation, Nightlife, Water Sports",Winter,"Crowds, sun exposure",Seafood,-0.0625,https://encrypted-tbn0.gstatic.com/licensed-image?q=tbn:ANd9GcQct7UyX_Oev4c9kXNkRrH7cu6JRlW5Xs6MNpuB-CTQjXyNxWdF7V64hL9ANP93g9qVVT1kg12v0L1opGDTWLdmYNf-&s=19,1.0,-0.1696222050886662,-0.7777777777777777,-0.44130434782608696,1,0,0,1,0,0,-0.6666666666666666,0.5,0,0,-0.8654507368336688,-0.07833759969068148,-0.5234620913510675,-0.2605215814256,0.14178911266254743,-0.37499999999999994,-0.08116583624926195,-0.008744534665833855,-0.22463768115942026,0,0,-1.0,0.0,-0.3333333333333333,-1.0,0.0,0.0,0.0,-0.44927532997809627,0.0,-0.23980815347721823,0.0,0.0,0.0,-0.007462686567164179,-0.5,0.8571428571428571,-1.2857142857142856,0.0,0,0,1,-1.0,-0.408248290463863,-0.5,-1.5,-0.5,0.0,0.0,-0.23672230652503792,-0.3826841261161515,0.0,-0.5,0.031007751937984496,-0.7194701684950517,-0.5849625007211561,0,1,0,0,-0.375,0.3934525244337349,1,-0.3333333333333335,0.28571428571428603,0,0,0.0,0.0,0.0,-1.0,0.0,0,0,0,Medium,Economy,Week,High,Poor,1,2,2,1,2,3,2,3,0,14,14,24,1,1,0,0,3,0,2.0
680,645,936,0.0,Sandakphu,West Bengal,Adventure,0.6780936907832332,Apr-Jun,350,-1.0,"City, Historical",-1.0,-0.5,-0.7575757575757576,1.0,36-45,Knee Pain,Adventure,"Trekking, Adventure Sports",Summer,"High altitude, physical exertion",North East Cuisine,0.8333333333333334,https://aquaterra.in/wp-content/uploads/2020/01/Sandakphu-Trek-03.jpg,-1.0,-0.8095605242868157,0.696969696969697,-0.2456521739130436,0,1,0,0,0,0,-0.6666666666666666,0.5,0,0,0.06624241034721905,-0.8404969947542242,-0.4816796158395642,0.9108894430718188,2.4692044526611423,-0.625,-0.40423069681721346,0.10201957110139503,3.5869565217391304,0,1,0.33333333333333326,1.1547005383792515,0.3333333333333333,0.3333333333333333,2.0,-0.33333333333333326,2.160246899469287,0.6780936907832332,0.0,0.2653876898481214,2.038398005472206,0.6666666666666665,0.816496580927726,1.31592039800995,0.16666666666666674,-0.28571428571428575,1.4285714285714284,-1.0123296781699866,1,1,1,0.0,-0.408248290463863,0.5,-0.5,0.0,-0.25,2.9999999999999996,-0.8285280728376327,-0.1177489618818928,1.25,0.0,0.751937984496124,-0.022454682449982572,0.0,0,0,0,1,-0.09375,-0.09585791603941801,1,0.16666666666666652,0.019047619047619424,0,0,0.0,2.9906302040266057,1.43202416918429,0.0,0.0,0,0,0,Far,Economy,Week,VeryHigh,Fair,0,0,1,2,2,0,4,2,2,9,18,31,0,1,0,1,1,0,2.0
468,93,686,-1.0,Ahmedabad,Gujarat,City,0.6322371344435557,Oct-Mar,544,-0.5,"Nature, Adventure",0.0,0.5,0.5,1.0,18-25,High Blood Pressure,Business,"Shopping, Food & Local Cuisine",All seasons,"Traffic congestion, pollution",Gujarati Cuisine,-0.9166666666666666,https://encrypted-tbn0.gstatic.com/images?q=tbn:ANd9GcTjjS0tleUkYu3JCgQn5BM0ooo_ueYok5FwDld1RJJHOQ&s=10,2.0,-0.1696222050886662,-0.5454545454545454,-0.691304347826087,1,0,0,1,1,0,-1.0,0.0,0,0,-0.8148420291264222,-0.38026910813882364,-0.5988349840217317,-0.4969207942006815,0.33903133896095833,-0.7499999999999999,-0.409161194557835,-0.8773683114719967,-0.9130434782608695,0,0,-1.0,0.0,-0.3333333333333333,-1.0,1.0,-0.25,1.0,0.6322371344435557,0.0,0.4316546762589928,0.5365853658536586,0.25,1.4999999999999998,-0.08955223880597014,0.0,0.8571428571428571,-1.0350160711195047,0.0,1,1,1,-1.0,-0.408248290463863,-0.5,-1.5,-0.5,-0.5,0.0,0.6009104704097117,-0.3826841261161515,1.0,-0.5,-1.2403100775193798,0.9933080850839414,-0.5849625007211561,0,1,1,1,-0.375,0.3934525244337349,1,-0.3333333333333335,0.28571428571428603,0,0,0.0,0.0,0.0,-1.0,0.0,0,0,0,Near,Moderate,Week,VeryHigh,Poor,2,3,2,0,1,1,3,0,4,2,4,0,2,3,0,1,3,0,1.5
949,166,990,-1.0,Hampi Ruins,Karnataka,Historical,-0.5454413408218195,Nov-Feb,81,-0.5,"City, Historical",0.0,0.5,2.0757575757575757,-1.0,36-45,Knee Pain,Leisure,"Cultural Exploration, Photography",Winter,"Long walking distances, crowd congestion",South Indian Cuisine,-0.6875,https://wegobond.com/wp-content/uploads/2018/01/hampi-banner.jpg,2.0,4.363916730917501,1.0303030303030303,2.5043478260869567,1,0,0,1,1,0,-1.0,0.0,0,0,-0.869950765908012,-0.4968310577575583,-0.6279330114626314,-1.0619725710777055,-1.0626189874207208,0.0,1.220653642504807,0.11367895065584012,-0.7934782608695652,0,0,-1.0,0.0,-0.3333333333333333,-1.0,1.0,0.25,2.9999999999999996,-0.5454413408218195,0.0,1.0935251798561152,3.9268292682926833,-0.25,1.4999999999999998,-0.373134328358209,0.5,0.0,-1.0350160711195047,0.0,1,1,1,-1.0,-0.408248290463863,-0.5,-1.5,-0.5,-0.5,0.0,2.494688922610015,-0.3826841261161515,-1.0,-0.5,-0.8992248062015504,-0.8717671207032275,-0.5849625007211561,0,1,1,0,-0.375,0.3934525244337349,1,-0.3333333333333335,0.28571428571428603,0,0,0.0,0.0,0.0,-1.0,0.0,0,0,0,Near,Luxury,Weekend,High,Poor,3,1,1,2,2,4,0,3,3,15,6,13,2,2,1,0,3,0,1.5
153,356,490,-0.5,Khajuraho Temples,Madhya Pradesh,Historical,0.10928237863726052,Nov-Feb,4,-0.5,"Beaches, Historical",0.0,0.0,0.21212121212121213,-1.0,26-35,Knee Pain,Leisure,"Cultural Exploration, Photography",Winter,"Long walking distances, crowd congestion",North Indian Cuisine,-0.3125,https://st2.depositphotos.com/1000434/7761/i/450/depositphotos_77615282-stock-photo-lakshmana-temple-in-khajuraho-madhya.jpg,1.0,1.518889745566692,-0.23232323232323246,1.1456521739130434,1,0,0,1,0,0,-0.6666666666666666,-0.5,0,0,-0.4264612427541089,-0.4320290979657883,-0.3937655986687518,-0.8217294686640046,-0.7113070477335396,0.37499999999999994,1.4318413598474962,0.7432854465958777,-0.3985507246376811,0,0,-0.5,0.0,0.0,-0.6666666666666666,0.0,-0.5,0.0,0.10928237863726052,0.0,0.27817745803357313,0.0,-1.0,0.0,-0.3656716417910448,0.5,0.0,-0.8571428571428572,0.0,0,1,1,-0.5,-0.408248290463863,0.0,-1.0,-0.5,-0.5,0.0,0.2549317147192716,-0.3826841261161515,-1.0,-0.5,-0.34108527131782945,0.16511094190101816,-0.5849625007211561,0,1,1,0,-0.375,0.3934525244337349,1,-0.3333333333333335,0.28571428571428603,0,0,0.0,0.0,0.0,-0.5,0.0,0,0,0,Medium,Moderate,Weekend,VeryHigh,Poor,3,1,0,1,2,4,0,3,3,10,9,17,1,3,1,1,3,0,2.0
214,636,76,1.0,Ajanta Caves,Maharashtra,Historical,0.09382929993524627,Nov-Feb,310,-0.5,"Beaches, Historical",0.0,-0.5,0.2878787878787879,-0.5,46-60,Knee Pain,Leisure,"Cultural Exploration, Photography",Winter,"Long walking distances, crowd congestion",Maharashtrian Cuisine,-1.0104166666666667,https://plus.unsplash.com/premium_photo-1697729588019-20a1f5a325d1,0.0,0.6784888203546646,1.121212121212121,1.2543478260869567,0,0,1,0,0,0,0.3333333333333333,1.0,1,1,0.8084795642859229,-0.43355858247191603,0.25829691609283234,-0.2514293040111739,-0.438720492440606,0.625,0.47990299980876916,-0.6791588590464294,-0.7282608695652174,1,0,1.0,0.0,1.0,0.3333333333333333,0.0,-0.5,0.0,0.09382929993524627,0.0,0.37410071942446044,0.0,-0.5,0.0,-1.3656716417910448,0.5,-0.8571428571428571,0.42857142857142866,0.0,0,1,0,0.33333333333333326,0.6718751592707803,0.0,0.5,0.5,0.33333333333333326,2.1602468994692865,0.07890743550834588,0.34475926544504376,0.0,0.2071067811865475,-0.18087855297157635,-0.7984967974242664,0.415037499278844,1,0,1,0,0.541666666666667,-0.47445693283058094,1,0.6666666666666665,-0.5142857142857138,1,0,2.206896551724138,2.580524837318378,-2.8036253776435043,0.75,1.0,1,0,0,Near,Moderate,Weekend,VeryHigh,Excellent,3,1,0,3,2,4,0,3,3,6,10,1,2,3,1,1,0,0,3.5
916,704,444,-0.5,Ooty,Tamil Nadu,Nature,-0.5967086398395709,Sep-Mar,327,-1.0,"City, Historical",-1.0,-0.5,-0.9090909090909091,0.5,36-45,Asthma,Family Vacation,"Nature & Relaxation, Photography",Post-Monsoon,"Curvy roads, limited medical facilities",South Indian Cuisine,-0.22916666666666666,https://t3.ftcdn.net/jpg/05/09/58/00/360_F_509580096_YjyHXMHyTm9OOkjUQS4kOxDXkxbOMWYi.jpg,-1.0,-0.8172706245181187,0.09090909090909091,-0.2673913043478261,0,1,0,0,0,0,-1.0,0.0,0,0,-0.4925340699723173,-0.9035844367669592,-0.6291997216088818,0.40569438184962947,1.9989095919973716,-0.6749999999999999,-0.3667560331715407,-0.3550281074328545,1.3695652173913044,0,0,-0.5,0.0,0.0,-0.6666666666666666,0.0,-1.0,0.0,-0.5967086398395709,0.0,-1.1414868105515588,0.0,0.5,0.0,-0.2462686567164179,-0.5,-0.8571428571428571,-0.8571428571428572,0.0,0,0,0,-0.5,-0.408248290463863,0.0,-1.0,-0.5,-1.0,0.0,-1.0925644916540211,-0.3826841261161515,0.5,-0.5,-0.21705426356589147,-0.9529585241923156,-0.5849625007211561,0,1,0,1,-0.375,0.3934525244337349,1,-0.3333333333333335,0.28571428571428603,0,0,0.0,0.0,0.0,-0.5,0.0,0,0,0,Medium,Budget,Week,High,Poor,4,4,1,2,0,2,1,1,1,15,14,27,1,0,0,0,3,0,1.5
701,61,184,0.0,Khajuraho Temples,Madhya Pradesh,Historical,0.7748497770844353,Nov-Feb,532,1.0,"Beaches, Historical",-1.0,0.5,0.7727272727272727,-0.5,26-35,Knee Pain,Leisure,"Cultural Exploration, Photography",Winter,"Long walking distances, crowd congestion",North Indian Cuisine,-0.3125,https://st2.depositphotos.com/1000434/7761/i/450/depositphotos_77615282-stock-photo-lakshmana-temple-in-khajuraho-madhya.jpg,1.0,1.171935235158057,0.5151515151515151,0.8195652173913043,1,0,0,1,0,0,0.6666666666666666,0.5,0,0,0.07982533421985295,1.042510687980661,0.9285183793775138,-0.3305657926182168,-0.5642657714416194,0.8749999999999998,0.6263496670651911,0.10201957110139503,-0.3985507246376811,0,0,0.0,0.0,0.3333333333333333,-0.3333333333333333,0.0,1.0,0.0,0.7748497770844353,0.0,0.988009592326139,0.0,-0.5,0.0,-0.3656716417910448,-0.5,0.8571428571428571,-0.42857142857142866,0.0,0,1,1,0.25,0.09175170953613696,0.5,0.0,0.0,0.75,1.0,0.6737481031866464,0.4415586070570978,-0.5,-0.5,0.3953488372093023,0.6976017571133717,0.0,1,0,1,0,0.5,-0.24442471611603728,1,-0.3333333333333335,0.28571428571428603,0,1,-0.8275862068965516,1.4331265974926106,-1.7220543806646527,0.0,0.0,0,0,0,Medium,Moderate,Weekend,VeryHigh,Fair,3,1,0,1,2,4,0,3,3,10,9,17,1,3,1,1,1,0,4.0
436,640,554,1.0,Tawang,Arunachal Pradesh,Nature,-0.5021853134893348,Apr-Jun,529,0.5,"Nature, Adventure",-1.0,0.5,0.10606060606060606,-1.0,18-25,Knee Pain,Adventure,"Trekking, Adventure Sports",Summer,"High altitude, physical exertion",North East Cuisine,1.6666666666666667,https://s7ap1.scene7.com/is/image/incredibleindia/sela-pass-tawang-arunachal-pradesh-blog-ntr-hero,1.0,1.356977640709329,-0.3737373737373736,0.9934782608695655,1,0,0,1,0,0,1.0,0.0,1,1,0.6690288859426899,0.3201640865384486,1.1990774614349926,-0.2890525208984546,-0.719904173352737,2.2499999999999996,1.2346063089535002,4.066208619612743,0.9782608695652174,0,1,0.33333333333333326,2.3094010767585034,-0.3333333333333333,0.3333333333333333,2.0,0.5,0.0,-0.5021853134893348,0.0,-0.27817745803357313,0.928112077582461,-0.6666666666666667,0.8164965809277259,1.3258706467661694,-0.16666666666666674,0.0,1.4285714285714284,-1.0543455006054911,1,0,1,0.375,0.48150823053874614,0.0,0.5,1.0,0.625,0.7071067811865474,0.4188163884673748,0.9143373027523014,-0.625,0.5606601717798212,0.04263565891472868,0.04788548541098368,0.7369655941662062,1,0,1,0,0.625,-0.4152834454287785,1,0.4166666666666665,-0.5142857142857138,1,0,2.068965517241379,-2.338758816311199,5.990936555891239,1.0,0.0,0,0,0,Far,Moderate,Weekend,High,Excellent,4,0,2,0,2,0,4,2,2,9,1,36,0,3,1,0,0,1,4.5
705,810,359,0.0,Kerala Backwaters,Kerala,Nature,-0.3470394361466735,Apr-Jun,678,0.0,"Nature, Adventure",0.0,0.0,1.0151515151515151,0.5,18-25,Knee Pain,Adventure,"Trekking, Adventure Sports",Summer,"High altitude, physical exertion",Kerala Cuisine,0.0,https://www.backpackadventures.org/wp-content/uploads/2020/08/india0898.jpg,1.0,0.35774865073245943,0.8383838383838386,0.054347826086956444,1,0,0,1,0,0,0.0,-0.5,0,0,-0.07766900395965633,-0.06315924410854439,0.10047421582986737,-0.23194585240883195,-0.31743418785957234,-0.225,-0.334542708588016,-0.20112429731417866,-0.18115942028985504,0,0,0.0,0.0,0.3333333333333333,-0.3333333333333333,0.0,0.0,0.0,-0.3470394361466735,0.0,1.2949640287769784,0.0,0.5,0.0,0.08208955223880597,0.5,0.0,-0.42857142857142866,0.0,0,1,1,0.0,-0.408248290463863,0.5,-0.5,0.0,0.0,0.0,0.17298937784522,3.002598527988265,0.5,-0.5,0.3178294573643411,-0.49302983954649043,0.0,0,0,1,1,3.21875,-2.8556117620113888,0,-0.3333333333333335,0.28571428571428603,0,0,0.0,-0.17731505599722883,-0.4531722054380665,0.0,0.0,0,0,0,Medium,Premium,Week,High,Fair,4,0,2,0,2,0,4,2,2,5,7,16,1,4,0,0,1,0,3.0
717,500,934,0.5,Ooty,Tamil Nadu,Nature,0.4516140143145135,Apr-Jun,791,-0.5,"Beaches, Historical",0.0,0.5,1.5606060606060606,0.0,46-60,Knee Pain,Adventure,"Trekking, Adventure Sports",Summer,"High altitude, physical exertion",South Indian Cuisine,-0.22916666666666666,https://t3.ftcdn.net/jpg/05/09/58/00/360_F_509580096_YjyHXMHyTm9OOkjUQS4kOxDXkxbOMWYi.jpg,2.0,1.171935235158057,0.5151515151515151,0.25434782608695655,1,0,0,1,1,0,0.0,0.5,1,0,0.4633198092274308,-0.39814646895559147,0.07604871715495634,-0.5494539525951441,-0.5915576871124316,0.0,0.06412962086102476,-0.14865708931917554,-0.5543478260869565,0,0,0.5,0.0,0.6666666666666666,0.0,1.0,-0.5,0.0,0.4516140143145135,0.0,0.565947242206235,3.609756097560976,0.75,1.4999999999999998,0.21641791044776118,0.0,0.0,1.0027928583791246,0.0,1,1,1,0.5,-0.408248290463863,1.0,0.0,-0.5,-0.5,0.0,1.8755690440060697,-0.3826841261161515,0.0,-0.5,-0.21705426356589147,0.7072574269289783,-0.5849625007211561,1,0,1,0,-0.375,0.3934525244337349,1,-0.3333333333333335,0.28571428571428603,0,0,0.0,0.0,0.0,0.5,0.0,0,0,0,Medium,Premium,Week,VeryHigh,Good,4,0,0,3,2,0,4,2,2,15,14,27,1,4,0,1,2,0,3.0
913,649,803,1.0,Coorg,Karnataka,Nature,-0.3402429400666024,Sep-Mar,161,-1.0,"Nature, Adventure",0.0,0.0,0.5303030303030303,1.0,26-35,Asthma,Family Vacation,"Nature & Relaxation, Photography",Post-Monsoon,"Curvy roads, limited medical facilities",Coorgi Cuisine,-0.3854166666666667,https://images.unsplash.com/photo-1710612198146-77512950a4b7,1.0,-0.15420200462606024,0.19191919191919177,-0.42681159420289866,1,0,0,1,0,0,0.0,1.5,1,1,0.7069188525939368,-0.890892457332957,-0.31253746356053697,0.19361374837916184,0.1415810625301538,-0.37499999999999994,-0.5137222691979525,-0.5800541328336457,-0.44927536231884063,0,0,1.0,0.0,1.0,0.3333333333333333,0.0,-1.0,0.0,-0.3402429400666024,0.0,0.6810551558752997,0.0,1.0,0.0,-0.4701492537313433,0.5,0.0,0.42857142857142866,0.0,0,1,1,1.0,-0.408248290463863,1.5,0.5,0.0,-1.0,0.0,0.7921092564491653,0.11774896188189272,1.0,-0.5,-0.4496124031007752,0.1946256124523611,0.0,1,0,1,1,0.15625,0.023121449885116822,1,-0.3333333333333335,0.28571428571428603,0,0,0.0,-2.037257059921815,0.0,1.0,1.0,1,0,0,Medium,Moderate,Week,High,Excellent,4,4,2,1,0,2,1,1,1,1,6,8,1,3,0,0,0,0,3.0
895,398,165,1.0,Bangalore,Karnataka,City,-0.17081824335747048,Oct-Mar,519,0.5,"City, Historical",0.0,-0.5,-0.25757575757575757,1.0,46-60,High Blood Pressure,Business,"Shopping, Food & Local Cuisine",All seasons,"Traffic congestion, pollution",Multi Cuisine,-0.4375,https://media.istockphoto.com/id/1382384282/photo/bangalore-or-bengaluru.jpg,0.0,-0.5551272166538166,0.030303030303030304,-0.48478260869565226,0,0,1,0,0,0,1.0,0.0,1,1,0.7465594727264406,0.3857588860448495,1.2809514898919934,1.9852709399376742,0.9715555578722939,0.0,-0.4955057228410453,-0.6092025817197585,-0.13043478260869565,0,0,1.0,0.0,1.0,0.3333333333333333,0.0,0.5,0.0,-0.17081824335747048,0.0,-0.31654676258992803,0.0,1.0,0.0,-0.5447761194029851,0.5,-0.8571428571428571,0.42857142857142866,0.0,0,0,0,0.3999999999999999,0.5137061552654256,0.0,0.5,1.5,0.19999999999999996,1.2649110640673515,-0.10561456752655538,-0.0029551340015912925,0.20000000000000018,1.1278820596099706,-0.15193798449612403,-0.3402901752312759,1.0000000000000002,1,0,0,1,0.325,-0.3370153605891381,1,1.2666666666666662,-0.8994708994708991,1,0,1.986206896551724,0.16983717596636405,-0.8773413897280967,0.5,2.0,1,0,0,Medium,Economy,Week,High,Excellent,2,3,1,3,1,1,3,0,4,8,6,4,1,1,0,0,0,1,4.5
530,988,565,-1.0,Chandigarh,Punjab,City,-0.5507437827996541,Oct-Mar,106,1.0,"Beaches, Historical",0.0,0.0,0.5454545454545454,0.0,18-25,High Blood Pressure,Business,"Shopping, Food & Local Cuisine",All seasons,"Traffic congestion, pollution",Punjabi Cuisine,0.2604166666666667,https://s7ap1.scene7.com/is/image/incredibleindia/chandigarh-union-territory-1-city-ff,1.0,0.39707016191210476,0.21212121212121213,0.09130434782608697,1,0,0,1,0,0,0.0,1.5,0,0,-0.8701988904049722,0.7145056913127238,-0.32554007723401573,-0.2541752938343227,-0.36628076728186937,0.0,-0.09753067098549488,0.26233603997501564,0.0,0,0,-1.0,0.0,-0.3333333333333333,-1.0,0.0,1.0,0.0,-0.5507437827996541,0.0,0.7002398081534772,0.0,0.0,0.0,0.4552238805970149,0.5,0.0,-1.2857142857142856,0.0,0,1,1,-0.5,0.591751709536137,-0.5,-0.5,0.0,1.0,0.0,0.13657056145675264,1.2952385807008204,0.25,0.0,0.14728682170542637,0.03763657674489032,0.0,0,1,1,1,1.40625,-1.2455821793986035,1,0.16666666666666652,-0.07792207792207773,0,1,-1.6551724137931032,-2.521904574709266,0.851963746223565,-1.0,0.0,0,0,0,Far,Moderate,Week,High,Poor,2,3,0,0,1,1,3,0,4,12,12,7,0,3,0,0,3,0,3.0
518,753,126,0.0,Kolkata,West Bengal,City,0.09756621691434882,Oct-Mar,983,-0.5,"City, Historical",-1.0,-0.5,-1.0151515151515151,-1.0,46-60,High Blood Pressure,Business,"Shopping, Food & Local Cuisine",All seasons,"Traffic congestion, pollution",Bengali Cuisine,0.6770833333333334,https://encrypted-tbn0.gstatic.com/images?q=tbn:ANd9GcR7RyEWQTvFgkgjKGGCyk4MsFgdUZhpvExLEydL8FmtvfqAtgLceIK1K2mg&s=10,-1.0,-0.35466461063993837,-0.3333333333333333,1.0369565217391306,0,1,0,0,0,0,-0.3333333333333333,0.0,0,0,-0.01525386327206186,-0.4331887172346751,-0.17664351765479702,0.20101973875432086,0.5475985025255724,0.7499999999999999,1.42806219410668,2.40474703310431,3.260869565217391,0,1,0.0,0.0,0.3333333333333333,-0.3333333333333333,0.0,-0.5,0.0,0.09756621691434882,0.0,-1.275779376498801,0.0,-1.0,0.0,1.0522388059701493,-0.5,-0.8571428571428571,-0.42857142857142866,0.0,0,0,0,0.375,0.2687549099224669,0.5,0.5,1.0,-0.25,1.414213562373095,-1.1107738998482548,-0.04790965621719187,-0.375,0.1770032003863299,0.4069767441860465,0.420487400767731,0.7369655941662062,1,0,0,0,0.0,-0.4887785810927878,1,0.9166666666666665,-0.8907563025210083,0,1,-1.2413793103448274,-0.7526994091731665,1.6948640483383688,0.0,0.0,0,0,0,Far,Budget,Weekend,VeryHigh,Fair,2,3,1,3,1,1,3,0,4,0,18,19,0,0,1,1,1,0,2.5
257,429,20,0.5,Coorg,Karnataka,Nature,-0.3209683627513594,Sep-Mar,311,1.0,"Nature, Adventure",0.0,-0.5,0.4090909090909091,0.5,36-45,Asthma,Family Vacation,"Nature & Relaxation, Photography",Post-Monsoon,"Curvy roads, limited medical facilities",Coorgi Cuisine,-0.3854166666666667,https://images.unsplash.com/photo-1710612198146-77512950a4b7,0.0,-0.012336160370084866,1.3636363636363635,0.2804347826086957,0,0,1,0,0,0,1.0,0.0,1,0,0.3187097488279687,0.7713613431264705,1.2438524651060203,0.6667626546005999,-0.018049325308679046,0.225,-0.33117891386643233,-0.45996252342286076,-0.07608695652173914,0,0,0.0,1.4142135623730951,0.0,0.0,1.0,0.5,2.0,-0.3209683627513594,0.0,-0.34532374100719426,2.2195121951219514,0.75,0.5,-0.4701492537313433,0.0,-0.8571428571428571,0.32352321521291494,-1.0273550292155575,1,0,0,0.30000000000000004,0.3979774843659918,0.0,0.5,1.5,0.7000000000000002,0.7745966692414833,0.021851289833080424,0.6796699519458869,0.6000000000000001,-0.18377223398316214,0.6232558139534884,-0.20554910690815856,1.0000000000000002,1,0,1,1,1.2375,-1.178323076337678,1,-0.1333333333333333,0.15668202764977002,1,0,0.6620689655172411,-0.8537943605966136,-2.5087613293051363,0.5,1.0,1,0,0,Medium,Moderate,Week,High,Good,4,4,2,2,0,2,1,1,1,1,6,8,1,3,0,0,2,1,4.5
380,913,288,1.0,Ahmedabad,Gujarat,City,-0.9344942889624567,Oct-Mar,958,0.0,"City, Historical",-1.0,0.0,0.09090909090909091,0.5,18-25,High Blood Pressure,Business,"Shopping, Food & Local Cuisine",All seasons,"Traffic congestion, pollution",Gujarati Cuisine,-0.9166666666666666,https://encrypted-tbn0.gstatic.com/images?q=tbn:ANd9GcTjjS0tleUkYu3JCgQn5BM0ooo_ueYok5FwDld1RJJHOQ&s=10,0.0,-0.20663068619892064,0.7272727272727273,0.006521739130434783,1,0,0,1,0,0,0.6666666666666666,0.5,1,1,0.567880728622847,-0.1503751749360539,0.6117604001130749,0.7475940697474748,0.10019547621014031,0.07500000000000005,-0.41033849586179877,-0.8167395377888821,-0.6304347826086957,0,0,1.0,0.0,1.0,0.3333333333333333,0.0,0.0,0.0,-0.9344942889624567,0.0,0.12470023980815348,0.0,0.5,0.0,-1.2313432835820894,-0.5,0.0,0.42857142857142866,0.0,0,1,1,1.0,-0.408248290463863,1.5,0.5,-0.5,0.0,0.0,0.10925644916540211,-0.3826841261161515,0.5,-0.5,-1.2403100775193798,-1.4879055851104976,-0.5849625007211561,1,0,1,1,-0.375,0.3934525244337349,1,-0.3333333333333335,0.28571428571428603,0,0,0.0,0.0,0.0,1.0,0.0,0,0,0,Near,Moderate,Week,High,Excellent,2,3,1,0,1,1,3,0,4,2,4,0,2,3,0,0,0,0,4.0
565,150,636,0.0,Valley of Flowers,Uttarakhand,Nature,0.37346066229393327,Apr-Jun,115,-0.5,"City, Historical",0.0,0.5,0.9545454545454546,0.0,36-45,Knee Pain,Adventure,"Trekking, Adventure Sports",Summer,"High altitude, physical exertion",North Indian Cuisine,0.5208333333333334,https://encrypted-tbn0.gstatic.com/images?q=tbn:ANd9GcSKohlQ-J1CgxwCnc1mL62LM__eo7IDPvD9Hm4v1DnS8PQfNYx8O_lBtpoE&s=10,2.0,0.7093292212798765,-0.09090909090909091,-0.07173913043478261,1,0,0,1,1,0,-0.3333333333333333,0.0,0,0,0.023477067170986507,-0.4058817781015834,-0.15619315456064786,-0.5345297598694445,-0.4237847580545258,-0.18749999999999997,0.05152504619436834,0.480949406620862,-0.16304347826086957,0,0,0.0,0.0,0.3333333333333333,-0.3333333333333333,0.0,-0.5,0.0,0.37346066229393327,0.0,1.2182254196642686,0.0,0.0,0.0,0.8283582089552238,0.5,0.8571428571428571,-0.42857142857142866,0.0,0,1,1,0.0,-0.408248290463863,0.5,-0.5,-0.5,-0.5,0.0,1.1471927162367221,-0.3826841261161515,0.0,-0.5,0.8992248062015504,0.5834869053781832,-0.5849625007211561,0,0,1,0,-0.375,0.3934525244337349,1,-0.3333333333333335,0.28571428571428603,0,0,0.0,0.0,0.0,0.0,0.0,0,0,0,Far,Premium,Week,VeryHigh,Fair,4,0,1,2,2,0,4,2,2,10,17,37,0,4,0,1,1,0,2.5
871,118,21,-0.5,Chandigarh,Punjab,City,-0.820731501037593,Oct-Mar,489,0.0,"City, Historical",-1.0,-0.5,-0.8939393939393939,0.5,46-60,High Blood Pressure,Business,"Shopping, Food & Local Cuisine",All seasons,"Traffic congestion, pollution",Punjabi Cuisine,0.2604166666666667,https://s7ap1.scene7.com/is/image/incredibleindia/chandigarh-union-territory-1-city-ff,-1.0,-0.8080185042405551,0.15151515151515152,-0.24130434782608698,0,1,0,0,0,0,-0.3333333333333333,0.0,0,0,-0.5135000927877356,-0.1334854898907404,-0.24471129529638114,1.4322656386245372,1.8476353307146363,-0.37499999999999994,-0.39566036352210493,-0.026233603997501565,2.391304347826087,0,0,-0.16666666666666674,1.1547005383792515,0.0,0.0,2.0,-0.33333333333333326,0.8164965809277259,-0.820731501037593,0.0,-0.2973621103117506,1.3039089175242595,-0.33333333333333326,1.0801234497346432,-0.3482587064676616,-0.16666666666666674,0.0,0.5714285714285714,-1.0123296781699866,1,0,1,-0.25,0.09175170953613696,0.0,-0.5,0.0,0.0,0.0,-1.1836115326251895,-0.029437240470473237,0.25,0.0,0.2713178294573643,-1.127549952219022,0.0,0,1,0,1,0.0,-0.576997280710459,1,0.16666666666666652,-0.07792207792207773,0,1,-0.8275862068965516,-0.4951227356899272,0.5619335347432024,-0.5,0.0,0,0,0,Far,Budget,Week,High,Poor,2,3,1,3,1,1,3,0,4,12,12,7,0,0,0,0,3,0,2.5
259,875,733,0.0,Valley of Flowers,Uttarakhand,Nature,0.49555453409843064,Apr-Jun,676,0.5,"Beaches, Historical",-1.0,0.0,0.015151515151515152,0.5,46-60,Knee Pain,Adventure,"Trekking, Adventure Sports",Summer,"High altitude, physical exertion",North Indian Cuisine,0.5208333333333334,https://encrypted-tbn0.gstatic.com/images?q=tbn:ANd9GcSKohlQ-J1CgxwCnc1mL62LM__eo7IDPvD9Hm4v1DnS8PQfNYx8O_lBtpoE&s=10,0.0,-0.2528912875867387,0.5757575757575758,-0.05869565217391305,1,0,0,1,0,0,0.3333333333333333,0.0,0,0,0.04061698910698785,0.5176687608442648,0.5354604857534976,0.5770652845274903,0.44440936274438925,-0.07500000000000005,-0.22582784646584178,0.14865708931917554,0.8695652173913043,0,0,0.5,1.4142135623730951,0.3333333333333333,0.3333333333333333,1.0,0.25,1.0,0.49555453409843064,0.0,0.1342925659472422,0.2682926829268293,1.0,1.0,1.2761194029850746,0.0,-0.42857142857142855,1.0027928583791246,-1.0273550292155575,1,1,0,0.5,0.591751709536137,0.5,0.5,0.0,0.75,1.0,0.16388467374810317,0.08831172141141956,0.25,0.0,0.8992248062015504,1.0333860879585415,0.0,1,0,1,1,0.125,-0.06057381551793934,1,0.16666666666666652,-0.07792207792207773,0,1,-1.6551724137931032,-0.7049140370102339,0.0,0.5,1.0,1,0,0,Far,Moderate,Week,VeryHigh,Fair,4,0,0,3,2,0,4,2,2,10,17,37,0,3,0,1,1,0,3.5
685,609,846,0.0,Valley of Flowers,Uttarakhand,Nature,-0.20901931502874277,Sep-Mar,974,-0.5,"City, Historical",-1.0,0.5,0.10606060606060606,0.5,46-60,Asthma,Family Vacation,"Nature & Relaxation, Photography",Post-Monsoon,"Curvy roads, limited medical facilities",North Indian Cuisine,0.5208333333333334,https://encrypted-tbn0.gstatic.com/images?q=tbn:ANd9GcSKohlQ-J1CgxwCnc1mL62LM__eo7IDPvD9Hm4v1DnS8PQfNYx8O_lBtpoE&s=10,1.0,-0.19737856592135702,-0.3737373737373736,-0.4673913043478261,1,0,0,1,0,0,-0.3333333333333333,0.0,0,0,-0.05829330502738893,-0.4635333385203201,-0.1993688227584314,0.004943108330024292,0.22374540695810075,-0.37499999999999994,-0.31673479758070494,0.14865708931917554,0.18115942028985516,0,0,-0.25,0.7071067811865476,0.0,-0.3333333333333333,1.0,0.0,2.0,-0.20901931502874277,0.0,0.5371702637889688,1.0,0.25,0.5,0.9029850746268657,-0.5,0.8571428571428571,-0.01611160637019009,-0.963710722590775,1,1,1,0.0,-0.408248290463863,0.5,-0.5,-0.5,-0.5,0.0,0.1274658573596358,-0.3826841261161515,0.5,-0.5,0.8992248062015504,-0.33897961361563284,-0.5849625007211561,0,0,1,1,-0.375,0.3934525244337349,1,-0.3333333333333335,0.28571428571428603,0,0,0.0,0.0,0.0,0.0,0.0,0,0,0,Far,Moderate,Week,High,Fair,4,4,1,3,0,2,1,1,1,10,17,37,0,3,0,0,1,0,2.5
804,643,197,-1.0,Delhi,Delhi,City,0.820890067254092,Oct-Mar,396,0.0,"Nature, Adventure",-1.0,0.0,-0.6363636363636364,0.0,46-60,High Blood Pressure,Business,"Shopping, Food & Local Cuisine",All seasons,"Traffic congestion, pollution",Street Food,0.010416666666666666,https://encrypted-tbn0.gstatic.com/images?q=tbn:ANd9GcTFxblF-zkMM4NsiVuRyJ1Yx76TMcpdDWzU6zEf57y1aQ&s=10,0.0,-0.505011565150347,-0.7272727272727273,-0.41413043478260875,1,0,0,1,0,0,-0.6666666666666666,0.5,0,0,-0.8060141316691064,0.1102363084037284,-0.47638730605177537,0.12570811831960355,1.0836631020947403,-0.37499999999999994,0.12368647237853099,0.05246720799500313,0.33695652173913043,0,0,-1.0,0.0,-0.3333333333333333,-1.0,0.0,0.0,0.0,0.820890067254092,0.0,-0.7961630695443646,0.0,0.0,0.0,0.09701492537313433,-0.5,0.0,-1.2857142857142856,0.0,0,0,1,-1.0,-0.408248290463863,-0.5,-1.5,-0.5,0.0,0.0,-0.7647951441578148,-0.3826841261161515,0.0,-0.5,0.13953488372093023,1.2920754607929,-0.5849625007211561,0,1,0,0,-0.375,0.3934525244337349,1,-0.3333333333333335,0.28571428571428603,0,0,0.0,0.0,0.0,-1.0,0.0,0,0,0,Medium,Economy,Week,VeryHigh,Poor,2,3,2,3,1,1,3,0,4,16,2,9,1,1,0,1,3,0,2.0
912,193,461,1.0,Kolkata,West Bengal,City,-0.8475556837427125,Oct-Mar,788,1.0,"Nature, Adventure",-1.0,-0.5,-1.0757575757575757,-1.0,46-60,High Blood Pressure,Business,"Shopping, Food & Local Cuisine",All seasons,"Traffic congestion, pollution",Bengali Cuisine,0.6770833333333334,https://encrypted-tbn0.gstatic.com/images?q=tbn:ANd9GcR7RyEWQTvFgkgjKGGCyk4MsFgdUZhpvExLEydL8FmtvfqAtgLceIK1K2mg&s=10,-1.0,-0.44718581341557445,-0.5757575757575758,0.7760869565217392,0,1,0,0,0,0,1.3333333333333333,-0.5,1,1,0.588221920263179,0.6410625262838104,1.5996160435363864,1.9043975250409353,0.5221661445652273,2.6249999999999996,1.1232036241815628,2.40474703310431,3.260869565217391,0,1,1.0,0.0,1.0,0.3333333333333333,0.0,1.0,0.0,-0.8475556837427125,0.0,-1.3525179856115108,0.0,-1.0,0.0,1.0522388059701493,-0.5,-0.8571428571428571,0.42857142857142866,0.0,0,0,0,0.75,0.09175170953613696,1.0,0.5,0.0,0.0,4.0,-1.1836115326251895,-0.029437240470473237,-0.75,0.0,0.06976744186046512,-0.5142401297557126,0.0,1,0,0,0,0.0,-0.576997280710459,1,0.16666666666666652,-0.28571428571428514,1,0,0.8275862068965516,-2.2970841798283264,2.483383685800604,1.0,0.0,0,0,0,Far,Budget,Weekend,High,Excellent,2,3,2,3,1,1,3,0,4,0,18,19,0,0,1,0,0,1,5.0
427,718,473,1.0,Mumbai,Maharashtra,City,0.7215916993372546,Oct-Mar,443,0.5,"Nature, Adventure",0.0,0.5,0.7424242424242424,0.0,18-25,High Blood Pressure,Business,"Shopping, Food & Local Cuisine",All seasons,"Traffic congestion, pollution",Street Food,-1.421875,https://t4.ftcdn.net/jpg/01/46/43/87/360_F_146438747_3XYwVkfnYZuukBZYmDM8xeoqENzyhAqa.jpg,2.0,0.5474171164225135,-0.30303030303030304,-0.1858695652173913,1,0,0,1,1,0,1.0,0.0,1,1,0.9553583327979688,0.5624132869944815,1.5014477420223666,0.10721052733563775,-0.30321942398368773,0.5624999999999999,0.10767162899273088,-1.149906308557152,-1.1766304347826086,1,0,1.0,0.0,1.0,0.3333333333333333,1.0,0.25,1.0,0.7215916993372546,0.0,0.3069544364508393,1.6341463414634148,0.0,0.0,-0.45149253731343286,0.0,0.42857142857142855,1.682062501545334,0.0,1,1,1,0.75,0.09175170953613696,1.0,0.5,0.0,0.75,1.0,0.4916540212443095,0.9125544545846688,0.0,-0.5,-0.4689922480620155,1.1489134873657547,0.0,1,0,1,0,1.0,-0.6848626126075185,1,-0.3333333333333335,0.28571428571428603,1,0,0.8275862068965516,-0.03873159032682708,-3.561933534743203,1.0,0.0,0,0,0,VeryNear,Moderate,Week,VeryHigh,Excellent,2,3,2,0,1,1,3,0,4,16,10,25,3,3,0,1,0,1,4.5
814,633,944,-1.0,Bangalore,Karnataka,City,-0.47283849220898216,Oct-Mar,391,0.5,"Nature, Adventure",0.0,-0.5,-0.5,0.0,26-35,High Blood Pressure,Business,"Shopping, Food & Local Cuisine",All seasons,"Traffic congestion, pollution",Multi Cuisine,-0.4375,https://media.istockphoto.com/id/1382384282/photo/bangalore-or-bengaluru.jpg,0.0,-0.4009252120277564,-0.45454545454545453,-0.2673913043478261,0,0,1,0,0,0,-0.3333333333333333,1.0,0,0,-0.8665533604549684,0.3259733507398337,-0.42253163189354603,0.2713766473183333,0.5132126558483172,-0.18749999999999997,-0.08496610367276963,-0.32354778263585265,-0.13043478260869565,0,0,-1.0,0.0,-0.3333333333333333,-1.0,0.0,0.5,0.0,-0.47283849220898216,0.0,-0.6235011990407674,0.0,0.0,0.0,-0.5447761194029851,0.5,-0.8571428571428571,-1.2857142857142856,0.0,0,0,0,-0.75,0.09175170953613696,-0.5,-1.0,0.0,0.75,1.0,-0.6009104704097117,-0.3826841261161515,0.5,0.5,-0.24806201550387597,-1.1571762339206269,0.0,0,1,0,1,-0.375,0.3934525244337349,1,0.6666666666666665,-0.3809523809523805,0,1,-0.8275862068965516,1.1001771194598573,-0.6525679758308157,-1.0,0.0,0,0,0,Medium,Economy,Week,High,Poor,2,3,2,1,1,1,3,0,4,8,6,4,1,1,0,0,3,0,2.5
774,997,187,1.0,Radhanagar Beach,Andaman,Beach,-0.3035055973173468,Nov-Mar,717,0.0,"Beaches, Historical",-1.0,-0.5,-1.196969696969697,0.5,26-35,Knee Pain,Honeymoon,"Relaxation, Nightlife, Water Sports",Winter,"Crowds, sun exposure",Seafood,1.1458333333333333,https://dynamic-media-cdn.tripadvisor.com/media/photo-o/05/76/7a/1d/radhanagar-beach.jpg,-1.0,-0.9930609097918273,-1.0606060606060606,-0.7630434782608696,0,1,0,0,0,0,0.6666666666666666,0.5,1,1,0.7155143588978438,-0.05669603377366417,0.7286887042937816,5.360526366781893,3.960184259083398,0.07500000000000005,-0.3289257976521324,0.5683947532792005,4.239130434782608,0,1,1.0,0.0,1.0,0.3333333333333333,0.0,0.0,0.0,-0.3035055973173468,0.0,-1.5059952038369304,0.0,0.5,0.0,1.7238805970149254,-0.5,-0.8571428571428571,0.42857142857142866,0.0,0,0,0,1.0,-0.408248290463863,1.5,0.5,-0.5,0.0,0.0,-1.4385432473444613,-0.3826841261161515,0.5,-0.5,1.8294573643410852,-0.48861639995816386,-0.5849625007211561,1,0,0,1,-0.375,0.3934525244337349,1,-0.3333333333333335,0.28571428571428603,0,0,0.0,0.0,0.0,1.0,0.0,0,0,0,Far,Budget,Week,High,Excellent,1,2,0,1,2,3,2,3,0,14,0,28,0,0,0,0,0,0,4.0
247,257,800,1.0,Calangute Beach,Goa,Beach,-0.22088060930595416,Nov-Mar,269,-0.5,"Nature, Adventure",-1.0,0.5,-0.015151515151515152,-0.5,18-25,Knee Pain,Honeymoon,"Relaxation, Nightlife, Water Sports",Winter,"Crowds, sun exposure",Seafood,-0.8489583333333334,https://encrypted-tbn0.gstatic.com/images?q=tbn:ANd9GcQawETYRiYBsH6-h7nyRef7D05VLNnIS00HBpFyaZdOJDehCXzhEkUfAY5Vf_tWlUzd5qaIpJnkr2vAOF1xcvRS_dDd2Lq-Y2B30QDq-g&s=10,1.0,0.37008481110254415,-0.5353535353535355,0.06594202898550715,1,0,0,1,0,0,0.3333333333333333,1.0,1,1,0.7348462852747596,-0.4647073224344285,0.21941772382025557,-0.077849462463037,-0.3093681676449077,0.625,0.41222776990397364,-0.4984384759525297,-0.7717391304347826,0,0,1.0,0.0,1.0,0.3333333333333333,0.0,-0.5,0.0,-0.22088060930595416,0.0,-0.009592326139088728,0.0,-0.5,0.0,-1.1343283582089552,-0.5,0.8571428571428571,0.42857142857142866,0.0,0,0,1,1.0,-0.408248290463863,1.5,0.5,-0.5,-0.5,0.0,-0.018209408194233685,-0.3826841261161515,-0.5,-0.5,-1.1395348837209303,-0.3577642023888863,-0.5849625007211561,1,0,0,0,-0.375,0.3934525244337349,1,-0.3333333333333335,0.28571428571428603,0,0,0.0,0.0,0.0,1.0,0.0,0,0,0,Near,Moderate,Weekend,High,Excellent,1,2,2,0,2,3,2,3,0,14,3,6,2,3,1,0,0,0,3.5
255,151,871,-1.0,Ellora Caves,Maharashtra,Historical,0.9745132475975452,Nov-Feb,970,1.0,"Beaches, Historical",-1.0,0.0,0.2727272727272727,0.5,18-25,Knee Pain,Leisure,"Cultural Exploration, Photography",Winter,"Long walking distances, crowd congestion",Maharashtrian Cuisine,-1.1041666666666667,https://indiaholidaymall.com/images/blog/Ellora-Caves-Unesco-World-Heritage-Site.jpg,0.0,-0.09560524286815733,1.0909090909090908,0.16304347826086957,1,0,0,1,0,0,0.0,1.5,0,0,-0.7988254298401202,1.0919154361344525,-0.23132511988981813,0.12695983500272895,0.295177918707743,-0.225,-0.1640306673510619,-0.9426608369768895,-0.8260869565217391,1,0,-1.0,0.0,-0.3333333333333333,-1.0,0.0,1.0,0.0,0.9745132475975452,0.0,0.354916067146283,0.0,0.5,0.0,-1.5,-0.5,0.0,-1.2857142857142856,0.0,0,1,1,-1.0,-0.408248290463863,-0.5,-1.5,0.0,1.0,0.0,0.07283763277693474,0.4415586070570978,0.0,0.5,-0.6356589147286822,0.650962843125452,0.0,0,1,1,0,0.5,-0.4375399703145154,1,0.6666666666666665,-0.5142857142857138,0,0,0.0,2.430136501418412,-2.066465256797583,-1.0,0.0,0,0,0,Near,Moderate,Week,VeryHigh,Poor,3,1,0,0,2,4,0,3,3,6,10,10,2,3,0,1,3,0,3.0
6,473,408,0.0,Bangalore,Karnataka,City,-0.370100942743406,Oct-Mar,403,-1.0,"City, Historical",0.0,-0.5,-0.25757575757575757,0.0,18-25,High Blood Pressure,Business,"Shopping, Food & Local Cuisine",All seasons,"Traffic congestion, pollution",Multi Cuisine,-0.4375,https://media.istockphoto.com/id/1382384282/photo/bangalore-or-bengaluru.jpg,0.0,-0.21588280647648425,0.030303030303030304,-0.006521739130434783,0,0,1,0,0,0,-0.6666666666666666,0.5,0,0,-0.0809064508269939,-0.8923700707379847,-0.5205277354881241,-0.22112171262975316,0.2196294980638355,-0.37499999999999994,-0.06839658899645533,-0.32354778263585265,-0.13043478260869565,0,0,0.0,0.0,0.3333333333333333,-0.3333333333333333,0.0,-1.0,0.0,-0.370100942743406,0.0,-0.31654676258992803,0.0,0.0,0.0,-0.5447761194029851,0.5,-0.8571428571428571,-0.42857142857142866,0.0,0,0,0,-0.25,0.09175170953613696,0.0,-0.5,0.0,-0.75,1.0,-0.15477996965098634,0.11774896188189272,0.0,-0.5,0.26356589147286824,0.33689741852437444,0.0,0,1,0,0,0.15625,-0.17643105551920793,1,-0.3333333333333335,0.28571428571428603,1,0,0.8275862068965516,-2.5581172819166356,-1.8489425981873113,0.0,0.0,0,0,0,Medium,Economy,Week,High,Fair,2,3,1,0,1,1,3,0,4,8,6,4,1,1,0,0,1,0,2.0
125,280,940,-1.0,Kodaikanal,Tamil Nadu,Nature,-0.8818759083901837,Apr-Jun,411,1.0,"Beaches, Historical",-1.0,0.0,0.015151515151515152,-0.5,26-35,Knee Pain,Adventure,"Trekking, Adventure Sports",Summer,"High altitude, physical exertion",South Indian Cuisine,-0.10416666666666667,https://encrypted-tbn0.gstatic.com/images?q=tbn:ANd9GcRR1MrvitA-PthZ_UMPeUYOYvzHFu6Olty-pnoL9EqaCl31ZwvMHSvu9OQ&s=10,0.0,0.4009252120277564,0.5757575757575758,0.8630434782608698,1,0,0,1,0,0,0.0,1.5,0,0,-0.885694013677039,0.6325703266293998,-0.34599407185004505,-0.2563001669117594,-0.40895109151016423,0.37499999999999994,0.27008731763994936,0.3352071621902977,0.21739130434782608,0,0,-1.0,0.0,-0.3333333333333333,-1.0,0.0,1.0,0.0,-0.8818759083901837,0.0,0.02877697841726619,0.0,-0.5,0.0,-0.06716417910447761,-0.5,0.0,-1.2857142857142856,0.0,0,1,1,-1.0,-0.408248290463863,-0.5,-1.5,-0.5,1.0,0.0,0.018209408194233685,-0.3826841261161515,-0.5,-0.5,-0.031007751937984496,-1.404574490049169,-0.5849625007211561,0,1,1,0,-0.375,0.3934525244337349,1,-0.3333333333333335,0.28571428571428603,0,0,0.0,0.0,0.0,-1.0,0.0,0,0,0,Medium,Moderate,Weekend,High,Poor,4,0,0,1,2,0,4,2,2,15,14,18,1,3,1,0,3,0,3.0
775,122,252,0.0,Gokarna Beach,Karnataka,Beach,-0.7261942776540227,Nov-Mar,997,-0.5,"City, Historical",0.0,0.5,0.9848484848484849,0.5,46-60,Knee Pain,Honeymoon,"Relaxation, Nightlife, Water Sports",Winter,"Crowds, sun exposure",Seafood,-0.75,https://realtalktravel.com/wp-content/uploads/Om-Beach-Gokarna.webp,2.0,0.33924441017733226,-0.06060606060606061,-0.33260869565217394,1,0,0,1,1,0,-0.3333333333333333,0.0,0,0,-0.13089595375693147,-0.5147212673172821,-0.23770383075157386,-0.38528783261244853,-0.3538102495385297,-0.37499999999999994,-0.3834627908257701,-0.7048094940662087,-0.8260869565217391,0,0,0.0,0.0,0.3333333333333333,-0.3333333333333333,0.0,-0.5,0.0,-0.7261942776540227,0.0,1.2565947242206235,0.0,0.5,0.0,-0.9925373134328358,0.5,0.8571428571428571,-0.42857142857142866,0.0,0,1,1,-0.33333333333333326,-7.850462293418875e-17,0.0,-0.5,0.5,-0.33333333333333326,2.160246899469287,0.8072837632776936,1.0360157775006216,0.16666666666666652,0.3164965809277261,-0.36175710594315236,0.5378121297200935,0.415037499278844,0,1,1,1,0.9166666666666661,-0.5019357265173077,1,0.3333333333333335,-0.21428571428571397,1,0,1.1034482758620685,-4.659762609684596,-1.4743202416918433,0.0,0.0,0,0,0,Near,Premium,Week,High,Fair,1,2,1,3,2,3,2,3,0,14,6,12,2,4,0,0,1,0,2.5
369,354,165,0.5,Valley of Flowers,Uttarakhand,Nature,-0.7574700145421964,Sep-Mar,519,0.5,"City, Historical",0.0,-0.5,-0.13636363636363635,0.5,46-60,Asthma,Family Vacation,"Nature & Relaxation, Photography",Post-Monsoon,"Curvy roads, limited medical facilities",North Indian Cuisine,0.5208333333333334,https://encrypted-tbn0.gstatic.com/images?q=tbn:ANd9GcSKohlQ-J1CgxwCnc1mL62LM__eo7IDPvD9Hm4v1DnS8PQfNYx8O_lBtpoE&s=10,0.0,-0.34541249036237476,0.2727272727272727,-0.18913043478260871,0,0,1,0,0,0,0.6666666666666666,-0.5,1,0,0.2370064481784434,0.26962994995103723,0.7428521337171549,1.0240628200691824,0.34566188095551986,0.07500000000000005,-0.38749811215922103,0.14865708931917554,0.8695652173913043,0,0,0.5,0.0,0.6666666666666666,0.0,0.0,0.5,0.0,-0.7574700145421964,0.0,-0.1630695443645084,0.0,0.5,0.0,0.8283582089552238,0.5,-0.8571428571428571,0.0,0.0,0,0,0,0.3999999999999999,0.5137061552654256,0.0,0.5,1.5,0.19999999999999996,1.2649110640673515,-0.10561456752655538,-0.0029551340015912925,0.20000000000000018,1.1278820596099706,-0.15193798449612403,-0.3402901752312759,1.0000000000000002,1,0,0,1,-0.175,0.18474741442719964,1,0.26666666666666616,-0.15873015873015817,1,0,0.33103448275862096,-2.3830408660887765,2.4580060422960726,0.25,1.0,1,0,0,Far,Economy,Week,High,Good,4,4,1,3,0,2,1,1,1,10,17,37,0,1,0,0,2,1,4.0
63,305,103,0.0,Auli,Uttarakhand,Adventure,-0.3974575132503744,Apr-Jun,828,-0.5,"Beaches, Historical",-1.0,-0.5,-0.8333333333333334,-0.5,46-60,Knee Pain,Adventure,"Trekking, Adventure Sports",Summer,"High altitude, physical exertion",North Indian Cuisine,0.3125,https://encrypted-tbn0.gstatic.com/images?q=tbn:ANd9GcQF-TkMBCYdtCTzI4rau2709Tbi2zVPKRaXu7qTOHjiZS7J37ZNbGLQxYMv&s=10,-1.0,-0.4626060138781804,0.3939393939393939,0.7326086956521741,0,1,0,0,0,0,-0.3333333333333333,0.0,0,0,-0.08474685228200675,-0.48218420480401053,-0.21333659064566698,0.3769120101643518,0.6658107955989162,0.12500000000000003,0.3742566662958029,0.8015823443681033,2.5,0,0,-0.25,0.7071067811865476,0.0,-0.3333333333333333,1.0,-0.5,0.0,-0.3974575132503744,0.0,-0.45083932853717024,1.5121951219512197,-0.5,0.0,0.1417910447761194,-0.5,0.0,-0.01611160637019009,-0.963710722590775,1,0,1,0.25,0.09175170953613696,0.5,0.0,0.0,-0.25,1.0,-1.1471927162367221,0.08831172141141956,0.25,0.9999999999999999,0.15503875968992248,-1.1062105134952465,0.0,1,0,0,1,0.125,-0.8388676223966718,1,1.1666666666666665,-0.8051948051948048,0,1,-0.8275862068965516,1.2881635479111289,1.0151057401812689,0.0,0.0,0,0,0,Far,Budget,Weekend,High,Fair,0,0,0,3,2,0,4,2,2,10,17,2,0,0,1,0,1,0,2.5
154,884,478,0.5,Kodaikanal,Tamil Nadu,Nature,0.760531866417059,Sep-Mar,539,-0.5,"Beaches, Historical",0.0,-0.5,-0.13636363636363635,0.5,46-60,Asthma,Family Vacation,"Nature & Relaxation, Photography",Post-Monsoon,"Curvy roads, limited medical facilities",South Indian Cuisine,-0.10416666666666667,https://encrypted-tbn0.gstatic.com/images?q=tbn:ANd9GcRR1MrvitA-PthZ_UMPeUYOYvzHFu6Olty-pnoL9EqaCl31ZwvMHSvu9OQ&s=10,0.0,-0.34541249036237476,0.2727272727272727,-0.18913043478260871,0,0,1,0,0,0,0.0,0.5,1,0,0.5211422894924864,-0.36757100386102,0.10657963141128801,0.4665175069204052,0.6721330423633373,-0.225,-0.19163940557284376,-0.2710805746408495,0.21739130434782608,0,0,0.5,0.0,0.6666666666666666,0.0,0.0,-0.5,0.0,0.760531866417059,0.0,-0.1630695443645084,0.0,0.5,0.0,-0.06716417910447761,0.5,-0.8571428571428571,0.0,0.0,0,0,0,0.5,-0.408248290463863,1.0,0.0,0.0,-0.5,0.0,-0.018209408194233685,0.08831172141141956,1.0,0.5,-0.6356589147286822,0.9022154618910156,0.0,1,0,0,1,0.125,-0.10422935482984418,1,0.6666666666666665,-0.28571428571428514,0,0,0.0,0.8085896731546907,1.4138972809667674,0.5,0.0,0,0,0,Medium,Economy,Week,VeryHigh,Good,4,4,0,3,0,2,1,1,1,15,14,18,1,1,0,1,2,0,3.0
228,962,260,-0.5,Tarkarli Beach,Maharashtra,Beach,0.7291684027119413,Nov-Mar,7,-1.0,"Nature, Adventure",-1.0,-0.5,-1.0757575757575757,-0.5,36-45,Knee Pain,Honeymoon,"Relaxation, Nightlife, Water Sports",Winter,"Crowds, sun exposure",Seafood,-0.9166666666666666,https://encrypted-tbn0.gstatic.com/images?q=tbn:ANd9GcRmtn0Vsfvni1NmF01OGM9ahIFZcrRqMoNKSjV1xzIEbR5CCG-tr4PumVg&s=10,-1.0,-0.7093292212798766,-0.5757575757575758,0.03695652173913052,0,1,0,0,0,0,-1.0,0.0,0,0,-0.36844687558548084,-0.837969408437728,-0.5964400105521528,0.12362713933390725,1.8635478306945954,-0.37499999999999994,0.6165263427203063,-0.5742244430564231,-0.06521739130434782,0,0,-0.5,0.0,0.0,-0.6666666666666666,0.0,-1.0,0.0,0.7291684027119413,0.0,-1.3525179856115108,0.0,-0.5,0.0,-1.2313432835820894,-0.5,-0.8571428571428571,-0.8571428571428572,0.0,0,0,0,-0.5,-0.408248290463863,0.0,-1.0,-0.5,-1.0,0.0,-1.2928679817905917,-0.3826841261161515,-0.5,-0.5,-1.2403100775193798,1.1468169662513017,-0.5849625007211561,0,1,0,0,-0.375,0.3934525244337349,1,-0.3333333333333335,0.28571428571428603,0,0,0.0,0.0,0.0,-0.5,0.0,0,0,0,Near,Budget,Weekend,VeryHigh,Poor,1,2,2,2,2,3,2,3,0,14,10,35,2,0,1,1,3,0,1.5
240,379,29,1.0,Ooty,Tamil Nadu,Nature,-0.8085155525424158,Sep-Mar,505,-0.5,"Nature, Adventure",0.0,-0.5,-0.2878787878787879,1.0,26-35,Asthma,Family Vacation,"Nature & Relaxation, Photography",Post-Monsoon,"Curvy roads, limited medical facilities",South Indian Cuisine,-0.22916666666666666,https://t3.ftcdn.net/jpg/05/09/58/00/360_F_509580096_YjyHXMHyTm9OOkjUQS4kOxDXkxbOMWYi.jpg,0.0,-0.5705474171164225,-0.030303030303030304,-0.5065217391304347,0,0,1,0,0,0,0.3333333333333333,1.0,1,1,0.597356214382595,-0.5228691009557704,0.14682143348017357,1.326730275778518,0.8412368318492488,-0.24999999999999992,-0.5640709486911228,-0.4926087861753072,0.08695652173913043,0,0,1.0,0.0,1.0,0.3333333333333333,0.0,-0.5,0.0,-0.8085155525424158,0.0,-0.354916067146283,0.0,1.0,0.0,-0.2462686567164179,0.5,-0.8571428571428571,0.42857142857142866,0.0,0,0,0,1.0,-0.408248290463863,1.5,0.5,-0.5,-0.5,0.0,-0.34597875569044,-0.3826841261161515,1.0,-0.5,-0.21705426356589147,-1.288394578763481,-0.5849625007211561,1,0,0,1,-0.375,0.3934525244337349,1,-0.3333333333333335,0.28571428571428603,0,0,0.0,0.0,0.0,1.0,0.0,0,0,0,Medium,Economy,Week,High,Excellent,4,4,2,1,0,2,1,1,1,15,14,27,1,1,0,0,0,0,3.5
189,872,124,-1.0,Baga Beach,Goa,Beach,0.9367395455817856,Nov-Mar,881,-0.5,"Beaches, Historical",0.0,-0.5,-0.6212121212121212,1.0,36-45,Knee Pain,Honeymoon,"Relaxation, Nightlife, Water Sports",Winter,"Crowds, sun exposure",Seafood,-0.84375,https://encrypted-tbn0.gstatic.com/images?q=tbn:ANd9GcQeseYB8OMIYAnzRmlYP6matYpojVkK9lRx0Wgn7x8BYcxvxjfwm4QrUxM&s=10,0.0,-0.7401696222050888,-0.696969696969697,-0.7456521739130436,0,0,1,0,0,0,-1.0,0.0,0,0,-0.8005930268926038,-0.3501306658972945,-0.5913113519768107,0.19361374837916184,2.1082079216735186,-0.7499999999999999,-0.37642108998020896,-0.8365604830314388,-0.5543478260869565,0,0,-1.0,0.0,-0.3333333333333333,-1.0,0.0,-0.5,0.0,0.9367395455817856,0.0,-0.7769784172661871,0.0,1.0,0.0,-1.126865671641791,0.5,-0.8571428571428571,-1.2857142857142856,0.0,0,0,0,-1.0,-0.408248290463863,-0.5,-1.5,-0.5,-0.5,0.0,-0.7465857359635811,-0.3826841261161515,1.0,-0.5,-1.1317829457364341,1.47554488319503,-0.5849625007211561,0,1,0,1,-0.375,0.3934525244337349,1,-0.3333333333333335,0.28571428571428603,0,0,0.0,0.0,0.0,-1.0,0.0,0,0,0,Near,Economy,Week,VeryHigh,Poor,1,2,0,2,2,3,2,3,0,14,3,3,2,1,0,1,3,0,1.5
748,53,862,-0.5,Jaipur,Rajasthan,City,-0.10252402353721277,Oct-Mar,103,-0.5,"Beaches, Historical",-1.0,0.0,-0.5151515151515151,0.5,26-35,High Blood Pressure,Business,"Shopping, Food & Local Cuisine",All seasons,"Traffic congestion, pollution",Rajasthani Cuisine,-0.2708333333333333,https://t4.ftcdn.net/jpg/05/84/76/73/360_F_584767353_EXYOkE8NcX37UwV4WfBw7AjBaEtU6mMy.jpg,0.0,-0.576715497301465,-0.48484848484848486,-0.5152173913043478,1,0,0,1,0,0,-0.6666666666666666,-0.5,0,0,-0.44628394226206813,-0.4529928564938731,-0.4042322050168763,0.2531359673202561,1.058096089983128,-0.5249999999999999,-0.3029943468535361,-0.38301061836352285,0.043478260869565216,0,0,-0.5,0.0,0.0,-0.6666666666666666,0.0,-0.5,0.0,-0.10252402353721277,0.0,-0.6426858513189448,0.0,0.5,0.0,-0.30597014925373134,-0.5,0.0,-0.8571428571428572,0.0,0,0,1,0.25,0.5046226387114138,0.0,0.5,1.0,-0.25,1.414213562373095,-0.3869499241274658,0.45502822743402954,0.125,0.5606601717798212,-0.8585271317829457,-0.508324249297519,0.7369655941662062,1,0,0,1,0.421875,-0.5915073314375082,1,0.4166666666666665,-0.28571428571428514,0,1,-2.482758620689655,0.9287454523589153,1.3549848942598188,0.0,1.0,1,0,0,Medium,Economy,Week,High,Poor,2,3,0,1,1,1,3,0,4,13,13,15,1,1,0,0,3,0,2.0
838,13,644,-1.0,Mumbai,Maharashtra,City,0.6306206847523729,Oct-Mar,545,1.0,"Nature, Adventure",-1.0,-0.5,-1.0757575757575757,-0.5,46-60,High Blood Pressure,Business,"Shopping, Food & Local Cuisine",All seasons,"Traffic congestion, pollution",Street Food,-1.421875,https://t4.ftcdn.net/jpg/01/46/43/87/360_F_146438747_3XYwVkfnYZuukBZYmDM8xeoqENzyhAqa.jpg,-1.0,-0.7093292212798766,-0.5757575757575758,0.03695652173913052,0,1,0,0,0,0,0.0,1.5,0,0,-0.8149176698912175,1.0068226276419139,-0.252567325297655,1.4533727111937405,1.8298488929920473,0.37499999999999994,0.5953346379990059,-1.1397043514470124,-1.1195652173913044,1,0,-0.25,2.1213203435596424,-0.3333333333333333,0.0,1.0,0.75,1.0,0.6306206847523729,0.0,-0.22062350119904076,2.878048780487805,-0.25,0.5,-1.25,-0.5,0.0,-0.01611160637019009,-1.0504799024963116,1,0,1,-1.0,-0.408248290463863,-0.5,-1.5,-0.5,1.0,0.0,-1.2928679817905917,-0.3826841261161515,-0.5,-0.5,-1.9922480620155039,0.9907481331923625,-0.5849625007211561,0,1,0,0,-0.375,0.3934525244337349,1,-0.3333333333333335,0.28571428571428603,0,0,0.0,0.0,0.0,-1.0,0.0,0,0,0,VeryNear,Budget,Weekend,VeryHigh,Poor,2,3,2,3,1,1,3,0,4,16,10,25,3,0,1,1,3,0,3.0
283,870,999,0.5,Kodaikanal,Tamil Nadu,Nature,-0.1875553716489303,Apr-Jun,11,-0.5,"City, Historical",0.0,0.5,0.36363636363636365,-1.0,46-60,Knee Pain,Adventure,"Trekking, Adventure Sports",Summer,"High altitude, physical exertion",South Indian Cuisine,-0.10416666666666667,https://encrypted-tbn0.gstatic.com/images?q=tbn:ANd9GcRR1MrvitA-PthZ_UMPeUYOYvzHFu6Olty-pnoL9EqaCl31ZwvMHSvu9OQ&s=10,2.0,1.7501927525057823,-0.6818181818181818,0.6619565217391304,1,0,0,1,1,0,0.0,0.5,1,0,0.3436816628582446,-0.461408922442924,0.012878441998296797,-0.672887125514464,-0.7808382999359694,1.1249999999999998,1.3360933595216917,1.093066833229232,-0.4891304347826087,0,0,0.5,0.0,0.6666666666666666,0.0,0.0,-0.5,0.0,-0.1875553716489303,0.0,0.47002398081534774,0.0,-1.0,0.0,-0.06716417910447761,0.5,0.8571428571428571,0.0,0.0,0,1,1,0.5,-0.408248290463863,1.0,0.0,-0.5,-0.5,0.0,0.43702579666160846,-0.3826841261161515,-1.0,-0.5,-0.031007751937984496,-0.3049874252069186,-0.5849625007211561,1,0,1,0,-0.375,0.3934525244337349,1,-0.3333333333333335,0.28571428571428603,0,0,0.0,0.0,0.0,0.5,0.0,0,0,0,Medium,Moderate,Weekend,High,Good,4,0,1,3,2,0,4,2,2,15,14,18,1,3,1,0,2,0,3.0
